ISO-10303-21;
HEADER;
FILE_DESCRIPTION(('KiCad electronic assembly'),'2;1');
FILE_NAME('Calc.step','2026-06-21T11:23:08',('Pcbnew'),('Kicad'),
  'Open CASCADE STEP processor 7.9','KiCad to STEP converter','Unknown'
  );
FILE_SCHEMA(('AUTOMOTIVE_DESIGN { 1 0 10303 214 1 1 1 1 }'));
ENDSEC;
DATA;
#1 = APPLICATION_PROTOCOL_DEFINITION('international standard',
  'automotive_design',2000,#2);
#2 = APPLICATION_CONTEXT(
  'core data for automotive mechanical design processes');
#3 = SHAPE_DEFINITION_REPRESENTATION(#4,#10);
#4 = PRODUCT_DEFINITION_SHAPE('','',#5);
#5 = PRODUCT_DEFINITION('design','',#6,#9);
#6 = PRODUCT_DEFINITION_FORMATION('','',#7);
#7 = PRODUCT('Calc 1','Calc 1','',(#8));
#8 = PRODUCT_CONTEXT('',#2,'mechanical');
#9 = PRODUCT_DEFINITION_CONTEXT('part definition',#2,'design');
#10 = SHAPE_REPRESENTATION('',(#11,#15,#19,#23,#27,#31,#35,#39,#43,#47,
    #51,#55,#59,#63,#67,#71,#75,#79,#83,#87,#91,#95,#99),#103);
#11 = AXIS2_PLACEMENT_3D('',#12,#13,#14);
#12 = CARTESIAN_POINT('',(0.,0.,0.));
#13 = DIRECTION('',(0.,0.,1.));
#14 = DIRECTION('',(1.,0.,-0.));
#15 = AXIS2_PLACEMENT_3D('',#16,#17,#18);
#16 = CARTESIAN_POINT('',(-45.289399,-23.789401,1.595));
#17 = DIRECTION('',(0.,0.,1.));
#18 = DIRECTION('',(1.,0.,0.));
#19 = AXIS2_PLACEMENT_3D('',#20,#21,#22);
#20 = CARTESIAN_POINT('',(-45.389399,16.260599,1.595));
#21 = DIRECTION('',(0.,0.,1.));
#22 = DIRECTION('',(1.,0.,0.));
#23 = AXIS2_PLACEMENT_3D('',#24,#25,#26);
#24 = CARTESIAN_POINT('',(-45.389399,33.260599,1.595));
#25 = DIRECTION('',(0.,0.,1.));
#26 = DIRECTION('',(1.,0.,0.));
#27 = AXIS2_PLACEMENT_3D('',#28,#29,#30);
#28 = CARTESIAN_POINT('',(-45.389399,20.510599,1.595));
#29 = DIRECTION('',(0.,0.,1.));
#30 = DIRECTION('',(1.,0.,0.));
#31 = AXIS2_PLACEMENT_3D('',#32,#33,#34);
#32 = CARTESIAN_POINT('',(-45.389399,-10.689401,1.595));
#33 = DIRECTION('',(0.,0.,1.));
#34 = DIRECTION('',(1.,0.,0.));
#35 = AXIS2_PLACEMENT_3D('',#36,#37,#38);
#36 = CARTESIAN_POINT('',(-45.389399,12.010599,1.595));
#37 = DIRECTION('',(0.,0.,1.));
#38 = DIRECTION('',(1.,0.,0.));
#39 = AXIS2_PLACEMENT_3D('',#40,#41,#42);
#40 = CARTESIAN_POINT('',(-45.409399,-29.819401,1.595));
#41 = DIRECTION('',(0.,0.,1.));
#42 = DIRECTION('',(1.,0.,0.));
#43 = AXIS2_PLACEMENT_3D('',#44,#45,#46);
#44 = CARTESIAN_POINT('',(-14.449999,52.999999,1.595));
#45 = DIRECTION('',(0.,-0.,1.));
#46 = DIRECTION('',(1.110223024625E-16,1.,0.));
#47 = AXIS2_PLACEMENT_3D('',#48,#49,#50);
#48 = CARTESIAN_POINT('',(-45.389399,-18.989401,1.595));
#49 = DIRECTION('',(0.,0.,1.));
#50 = DIRECTION('',(1.,0.,0.));
#51 = AXIS2_PLACEMENT_3D('',#52,#53,#54);
#52 = CARTESIAN_POINT('',(-45.409399,-42.569401,1.595));
#53 = DIRECTION('',(0.,0.,1.));
#54 = DIRECTION('',(1.,0.,0.));
#55 = AXIS2_PLACEMENT_3D('',#56,#57,#58);
#56 = CARTESIAN_POINT('',(-45.389399,29.010599,1.595));
#57 = DIRECTION('',(0.,0.,1.));
#58 = DIRECTION('',(1.,0.,0.));
#59 = AXIS2_PLACEMENT_3D('',#60,#61,#62);
#60 = CARTESIAN_POINT('',(-45.409399,-51.069401,1.595));
#61 = DIRECTION('',(0.,0.,1.));
#62 = DIRECTION('',(1.,0.,0.));
#63 = AXIS2_PLACEMENT_3D('',#64,#65,#66);
#64 = CARTESIAN_POINT('',(-45.389399,24.760599,1.595));
#65 = DIRECTION('',(0.,0.,1.));
#66 = DIRECTION('',(1.,0.,0.));
#67 = AXIS2_PLACEMENT_3D('',#68,#69,#70);
#68 = CARTESIAN_POINT('',(-45.389399,6.310599,1.595));
#69 = DIRECTION('',(0.,0.,1.));
#70 = DIRECTION('',(1.,0.,0.));
#71 = AXIS2_PLACEMENT_3D('',#72,#73,#74);
#72 = CARTESIAN_POINT('',(-45.409399,-38.319401,1.595));
#73 = DIRECTION('',(0.,0.,1.));
#74 = DIRECTION('',(1.,0.,0.));
#75 = AXIS2_PLACEMENT_3D('',#76,#77,#78);
#76 = CARTESIAN_POINT('',(-45.409399,-46.819401,1.595));
#77 = DIRECTION('',(0.,0.,1.));
#78 = DIRECTION('',(1.,0.,0.));
#79 = AXIS2_PLACEMENT_3D('',#80,#81,#82);
#80 = CARTESIAN_POINT('',(-45.389399,-14.939401,1.595));
#81 = DIRECTION('',(0.,0.,1.));
#82 = DIRECTION('',(1.,0.,0.));
#83 = AXIS2_PLACEMENT_3D('',#84,#85,#86);
#84 = CARTESIAN_POINT('',(-45.389399,-6.439401,1.595));
#85 = DIRECTION('',(0.,0.,1.));
#86 = DIRECTION('',(1.,0.,0.));
#87 = AXIS2_PLACEMENT_3D('',#88,#89,#90);
#88 = CARTESIAN_POINT('',(-45.409399,-34.069401,1.595));
#89 = DIRECTION('',(0.,0.,1.));
#90 = DIRECTION('',(1.,0.,0.));
#91 = AXIS2_PLACEMENT_3D('',#92,#93,#94);
#92 = CARTESIAN_POINT('',(-45.389399,2.060599,1.595));
#93 = DIRECTION('',(0.,0.,1.));
#94 = DIRECTION('',(1.,0.,0.));
#95 = AXIS2_PLACEMENT_3D('',#96,#97,#98);
#96 = CARTESIAN_POINT('',(-45.389399,-2.189401,1.595));
#97 = DIRECTION('',(0.,0.,1.));
#98 = DIRECTION('',(1.,0.,0.));
#99 = AXIS2_PLACEMENT_3D('',#100,#101,#102);
#100 = CARTESIAN_POINT('',(0.,0.,0.));
#101 = DIRECTION('',(0.,0.,1.));
#102 = DIRECTION('',(1.,0.,-0.));
#103 = ( GEOMETRIC_REPRESENTATION_CONTEXT(3) 
GLOBAL_UNCERTAINTY_ASSIGNED_CONTEXT((#107)) GLOBAL_UNIT_ASSIGNED_CONTEXT
((#104,#105,#106)) REPRESENTATION_CONTEXT('Context #1',
  '3D Context with UNIT and UNCERTAINTY') );
#104 = ( LENGTH_UNIT() NAMED_UNIT(*) SI_UNIT(.MILLI.,.METRE.) );
#105 = ( NAMED_UNIT(*) PLANE_ANGLE_UNIT() SI_UNIT($,.RADIAN.) );
#106 = ( NAMED_UNIT(*) SI_UNIT($,.STERADIAN.) SOLID_ANGLE_UNIT() );
#107 = UNCERTAINTY_MEASURE_WITH_UNIT(LENGTH_MEASURE(1.E-07),#104,
  'distance_accuracy_value','confusion accuracy');
#108 = PRODUCT_RELATED_PRODUCT_CATEGORY('part',$,(#7));
#109 = SHAPE_DEFINITION_REPRESENTATION(#110,#116);
#110 = PRODUCT_DEFINITION_SHAPE('','',#111);
#111 = PRODUCT_DEFINITION('design','',#112,#115);
#112 = PRODUCT_DEFINITION_FORMATION('','',#113);
#113 = PRODUCT('D_A-405_P12.70mm_Horizontal',
  'D_A-405_P12.70mm_Horizontal','',(#114));
#114 = PRODUCT_CONTEXT('',#2,'mechanical');
#115 = PRODUCT_DEFINITION_CONTEXT('part definition',#2,'design');
#116 = SHAPE_REPRESENTATION('',(#11,#117),#121);
#117 = AXIS2_PLACEMENT_3D('',#118,#119,#120);
#118 = CARTESIAN_POINT('',(0.,0.,0.));
#119 = DIRECTION('',(0.,0.,1.));
#120 = DIRECTION('',(1.,0.,-0.));
#121 = ( GEOMETRIC_REPRESENTATION_CONTEXT(3) 
GLOBAL_UNCERTAINTY_ASSIGNED_CONTEXT((#125)) GLOBAL_UNIT_ASSIGNED_CONTEXT
((#122,#123,#124)) REPRESENTATION_CONTEXT('Context #1',
  '3D Context with UNIT and UNCERTAINTY') );
#122 = ( LENGTH_UNIT() NAMED_UNIT(*) SI_UNIT(.MILLI.,.METRE.) );
#123 = ( NAMED_UNIT(*) PLANE_ANGLE_UNIT() SI_UNIT($,.RADIAN.) );
#124 = ( NAMED_UNIT(*) SI_UNIT($,.STERADIAN.) SOLID_ANGLE_UNIT() );
#125 = UNCERTAINTY_MEASURE_WITH_UNIT(LENGTH_MEASURE(1.E-07),#122,
  'distance_accuracy_value','confusion accuracy');
#126 = CONTEXT_DEPENDENT_SHAPE_REPRESENTATION(#127,#129);
#127 = ( REPRESENTATION_RELATIONSHIP('','',#116,#10) 
REPRESENTATION_RELATIONSHIP_WITH_TRANSFORMATION(#128) 
SHAPE_REPRESENTATION_RELATIONSHIP() );
#128 = ITEM_DEFINED_TRANSFORMATION('','',#11,#15);
#129 = PRODUCT_DEFINITION_SHAPE('Placement','Placement of an item',#130
  );
#130 = NEXT_ASSEMBLY_USAGE_OCCURRENCE('2','D20','',#5,#111,$);
#131 = PRODUCT_RELATED_PRODUCT_CATEGORY('part',$,(#113));
#132 = SHAPE_DEFINITION_REPRESENTATION(#133,#139);
#133 = PRODUCT_DEFINITION_SHAPE('','',#134);
#134 = PRODUCT_DEFINITION('design','',#135,#138);
#135 = PRODUCT_DEFINITION_FORMATION('','',#136);
#136 = PRODUCT('D_A-405_P12.70mm_Horizontal',
  'D_A-405_P12.70mm_Horizontal','',(#137));
#137 = PRODUCT_CONTEXT('',#2,'mechanical');
#138 = PRODUCT_DEFINITION_CONTEXT('part definition',#2,'design');
#139 = ADVANCED_BREP_SHAPE_REPRESENTATION('',(#11,#140),#475);
#140 = MANIFOLD_SOLID_BREP('',#141);
#141 = CLOSED_SHELL('',(#142,#175,#184,#210,#235,#255,#280,#300,#325,
    #345,#370,#390,#415,#441,#466));
#142 = ADVANCED_FACE('',(#143),#170,.T.);
#143 = FACE_BOUND('',#144,.T.);
#144 = EDGE_LOOP('',(#145,#155,#162,#163));
#145 = ORIENTED_EDGE('',*,*,#146,.T.);
#146 = EDGE_CURVE('',#147,#149,#151,.T.);
#147 = VERTEX_POINT('',#148);
#148 = CARTESIAN_POINT('',(0.3,-1.845011104114E-16,-2.5));
#149 = VERTEX_POINT('',#150);
#150 = CARTESIAN_POINT('',(0.3,7.216449660064E-16,1.25));
#151 = LINE('',#152,#153);
#152 = CARTESIAN_POINT('',(0.3,7.216449660064E-16,1.25));
#153 = VECTOR('',#154,1.);
#154 = DIRECTION('',(0.,2.22044604925E-16,1.));
#155 = ORIENTED_EDGE('',*,*,#156,.F.);
#156 = EDGE_CURVE('',#149,#149,#157,.T.);
#157 = CIRCLE('',#158,0.3);
#158 = AXIS2_PLACEMENT_3D('',#159,#160,#161);
#159 = CARTESIAN_POINT('',(0.,7.216449660064E-16,1.25));
#160 = DIRECTION('',(-0.,2.22044604925E-16,1.));
#161 = DIRECTION('',(1.,0.,0.));
#162 = ORIENTED_EDGE('',*,*,#146,.F.);
#163 = ORIENTED_EDGE('',*,*,#164,.T.);
#164 = EDGE_CURVE('',#147,#147,#165,.T.);
#165 = CIRCLE('',#166,0.3);
#166 = AXIS2_PLACEMENT_3D('',#167,#168,#169);
#167 = CARTESIAN_POINT('',(0.,-1.110223024625E-16,-2.5));
#168 = DIRECTION('',(-0.,2.22044604925E-16,1.));
#169 = DIRECTION('',(1.,0.,0.));
#170 = CYLINDRICAL_SURFACE('',#171,0.3);
#171 = AXIS2_PLACEMENT_3D('',#172,#173,#174);
#172 = CARTESIAN_POINT('',(0.,7.216449660064E-16,1.25));
#173 = DIRECTION('',(0.,2.22044604925E-16,1.));
#174 = DIRECTION('',(1.,0.,-0.));
#175 = ADVANCED_FACE('',(#176),#179,.T.);
#176 = FACE_BOUND('',#177,.F.);
#177 = EDGE_LOOP('',(#178));
#178 = ORIENTED_EDGE('',*,*,#164,.T.);
#179 = PLANE('',#180);
#180 = AXIS2_PLACEMENT_3D('',#181,#182,#183);
#181 = CARTESIAN_POINT('',(0.3,-1.110223024625E-16,-2.5));
#182 = DIRECTION('',(0.,0.,-1.));
#183 = DIRECTION('',(-1.,0.,0.));
#184 = ADVANCED_FACE('',(#185),#205,.T.);
#185 = FACE_BOUND('',#186,.T.);
#186 = EDGE_LOOP('',(#187,#196,#203,#204));
#187 = ORIENTED_EDGE('',*,*,#188,.T.);
#188 = EDGE_CURVE('',#149,#189,#191,.T.);
#189 = VERTEX_POINT('',#190);
#190 = CARTESIAN_POINT('',(0.6,7.882583474839E-16,1.55));
#191 = CIRCLE('',#192,0.3);
#192 = AXIS2_PLACEMENT_3D('',#193,#194,#195);
#193 = CARTESIAN_POINT('',(0.6,8.318631779296E-16,1.25));
#194 = DIRECTION('',(0.,1.,-2.22044604925E-16));
#195 = DIRECTION('',(1.,0.,0.));
#196 = ORIENTED_EDGE('',*,*,#197,.T.);
#197 = EDGE_CURVE('',#189,#189,#198,.T.);
#198 = CIRCLE('',#199,0.3);
#199 = AXIS2_PLACEMENT_3D('',#200,#201,#202);
#200 = CARTESIAN_POINT('',(0.6,8.548717289614E-16,1.85));
#201 = DIRECTION('',(-1.,-4.078893220341E-32,-1.836970198721E-16));
#202 = DIRECTION('',(-1.836970198721E-16,2.22044604925E-16,1.));
#203 = ORIENTED_EDGE('',*,*,#188,.F.);
#204 = ORIENTED_EDGE('',*,*,#156,.T.);
#205 = TOROIDAL_SURFACE('',#206,0.6,0.3);
#206 = AXIS2_PLACEMENT_3D('',#207,#208,#209);
#207 = CARTESIAN_POINT('',(0.6,7.216449660064E-16,1.25));
#208 = DIRECTION('',(0.,1.,-2.22044604925E-16));
#209 = DIRECTION('',(1.,0.,0.));
#210 = ADVANCED_FACE('',(#211),#230,.T.);
#211 = FACE_BOUND('',#212,.T.);
#212 = EDGE_LOOP('',(#213,#214,#222,#229));
#213 = ORIENTED_EDGE('',*,*,#197,.F.);
#214 = ORIENTED_EDGE('',*,*,#215,.T.);
#215 = EDGE_CURVE('',#189,#216,#218,.T.);
#216 = VERTEX_POINT('',#217);
#217 = CARTESIAN_POINT('',(3.75,7.882583474839E-16,1.55));
#218 = LINE('',#219,#220);
#219 = CARTESIAN_POINT('',(0.6,7.882583474839E-16,1.55));
#220 = VECTOR('',#221,1.);
#221 = DIRECTION('',(1.,0.,0.));
#222 = ORIENTED_EDGE('',*,*,#223,.F.);
#223 = EDGE_CURVE('',#216,#216,#224,.T.);
#224 = CIRCLE('',#225,0.3);
#225 = AXIS2_PLACEMENT_3D('',#226,#227,#228);
#226 = CARTESIAN_POINT('',(3.75,8.548717289614E-16,1.85));
#227 = DIRECTION('',(1.,0.,0.));
#228 = DIRECTION('',(0.,-2.22044604925E-16,-1.));
#229 = ORIENTED_EDGE('',*,*,#215,.F.);
#230 = CYLINDRICAL_SURFACE('',#231,0.3);
#231 = AXIS2_PLACEMENT_3D('',#232,#233,#234);
#232 = CARTESIAN_POINT('',(0.6,8.548717289614E-16,1.85));
#233 = DIRECTION('',(1.,0.,0.));
#234 = DIRECTION('',(0.,-2.22044604925E-16,-1.));
#235 = ADVANCED_FACE('',(#236,#247),#250,.F.);
#236 = FACE_BOUND('',#237,.T.);
#237 = EDGE_LOOP('',(#238));
#238 = ORIENTED_EDGE('',*,*,#239,.F.);
#239 = EDGE_CURVE('',#240,#240,#242,.T.);
#240 = VERTEX_POINT('',#241);
#241 = CARTESIAN_POINT('',(3.75,2.13162820728E-15,3.2));
#242 = CIRCLE('',#243,1.35);
#243 = AXIS2_PLACEMENT_3D('',#244,#245,#246);
#244 = CARTESIAN_POINT('',(3.75,8.215650382226E-16,1.85));
#245 = DIRECTION('',(1.,0.,-0.));
#246 = DIRECTION('',(0.,9.70417162265E-16,1.));
#247 = FACE_BOUND('',#248,.T.);
#248 = EDGE_LOOP('',(#249));
#249 = ORIENTED_EDGE('',*,*,#223,.T.);
#250 = PLANE('',#251);
#251 = AXIS2_PLACEMENT_3D('',#252,#253,#254);
#252 = CARTESIAN_POINT('',(3.75,8.215650382226E-16,1.85));
#253 = DIRECTION('',(1.,0.,0.));
#254 = DIRECTION('',(-0.,9.70417162265E-16,1.));
#255 = ADVANCED_FACE('',(#256),#275,.T.);
#256 = FACE_BOUND('',#257,.T.);
#257 = EDGE_LOOP('',(#258,#266,#267,#268));
#258 = ORIENTED_EDGE('',*,*,#259,.F.);
#259 = EDGE_CURVE('',#240,#260,#262,.T.);
#260 = VERTEX_POINT('',#261);
#261 = CARTESIAN_POINT('',(4.53,2.13162820728E-15,3.2));
#262 = LINE('',#263,#264);
#263 = CARTESIAN_POINT('',(3.75,2.13162820728E-15,3.2));
#264 = VECTOR('',#265,1.);
#265 = DIRECTION('',(1.,0.,0.));
#266 = ORIENTED_EDGE('',*,*,#239,.T.);
#267 = ORIENTED_EDGE('',*,*,#259,.T.);
#268 = ORIENTED_EDGE('',*,*,#269,.F.);
#269 = EDGE_CURVE('',#260,#260,#270,.T.);
#270 = CIRCLE('',#271,1.35);
#271 = AXIS2_PLACEMENT_3D('',#272,#273,#274);
#272 = CARTESIAN_POINT('',(4.53,8.215650382226E-16,1.85));
#273 = DIRECTION('',(1.,0.,-0.));
#274 = DIRECTION('',(0.,9.70417162265E-16,1.));
#275 = CYLINDRICAL_SURFACE('',#276,1.35);
#276 = AXIS2_PLACEMENT_3D('',#277,#278,#279);
#277 = CARTESIAN_POINT('',(3.75,8.215650382226E-16,1.85));
#278 = DIRECTION('',(1.,0.,0.));
#279 = DIRECTION('',(-0.,9.70417162265E-16,1.));
#280 = ADVANCED_FACE('',(#281,#292),#295,.F.);
#281 = FACE_BOUND('',#282,.T.);
#282 = EDGE_LOOP('',(#283));
#283 = ORIENTED_EDGE('',*,*,#284,.F.);
#284 = EDGE_CURVE('',#285,#285,#287,.T.);
#285 = VERTEX_POINT('',#286);
#286 = CARTESIAN_POINT('',(4.53,2.138289545428E-15,3.21));
#287 = CIRCLE('',#288,1.36);
#288 = AXIS2_PLACEMENT_3D('',#289,#290,#291);
#289 = CARTESIAN_POINT('',(4.53,8.215650382226E-16,1.85));
#290 = DIRECTION('',(1.,0.,-0.));
#291 = DIRECTION('',(0.,9.681797847099E-16,1.));
#292 = FACE_BOUND('',#293,.T.);
#293 = EDGE_LOOP('',(#294));
#294 = ORIENTED_EDGE('',*,*,#269,.T.);
#295 = PLANE('',#296);
#296 = AXIS2_PLACEMENT_3D('',#297,#298,#299);
#297 = CARTESIAN_POINT('',(4.53,8.215650382226E-16,1.85));
#298 = DIRECTION('',(1.,0.,0.));
#299 = DIRECTION('',(-0.,9.726879335149E-16,1.));
#300 = ADVANCED_FACE('',(#301),#320,.T.);
#301 = FACE_BOUND('',#302,.T.);
#302 = EDGE_LOOP('',(#303,#304,#312,#319));
#303 = ORIENTED_EDGE('',*,*,#284,.T.);
#304 = ORIENTED_EDGE('',*,*,#305,.T.);
#305 = EDGE_CURVE('',#285,#306,#308,.T.);
#306 = VERTEX_POINT('',#307);
#307 = CARTESIAN_POINT('',(5.83,2.138289545428E-15,3.21));
#308 = LINE('',#309,#310);
#309 = CARTESIAN_POINT('',(4.53,2.138289545428E-15,3.21));
#310 = VECTOR('',#311,1.);
#311 = DIRECTION('',(1.,0.,0.));
#312 = ORIENTED_EDGE('',*,*,#313,.F.);
#313 = EDGE_CURVE('',#306,#306,#314,.T.);
#314 = CIRCLE('',#315,1.36);
#315 = AXIS2_PLACEMENT_3D('',#316,#317,#318);
#316 = CARTESIAN_POINT('',(5.83,8.215650382226E-16,1.85));
#317 = DIRECTION('',(1.,0.,-0.));
#318 = DIRECTION('',(0.,9.681797847099E-16,1.));
#319 = ORIENTED_EDGE('',*,*,#305,.F.);
#320 = CYLINDRICAL_SURFACE('',#321,1.36);
#321 = AXIS2_PLACEMENT_3D('',#322,#323,#324);
#322 = CARTESIAN_POINT('',(4.53,8.215650382226E-16,1.85));
#323 = DIRECTION('',(1.,0.,0.));
#324 = DIRECTION('',(-0.,9.681797847099E-16,1.));
#325 = ADVANCED_FACE('',(#326,#329),#340,.T.);
#326 = FACE_BOUND('',#327,.T.);
#327 = EDGE_LOOP('',(#328));
#328 = ORIENTED_EDGE('',*,*,#313,.T.);
#329 = FACE_BOUND('',#330,.T.);
#330 = EDGE_LOOP('',(#331));
#331 = ORIENTED_EDGE('',*,*,#332,.F.);
#332 = EDGE_CURVE('',#333,#333,#335,.T.);
#333 = VERTEX_POINT('',#334);
#334 = CARTESIAN_POINT('',(5.83,2.13162820728E-15,3.2));
#335 = CIRCLE('',#336,1.35);
#336 = AXIS2_PLACEMENT_3D('',#337,#338,#339);
#337 = CARTESIAN_POINT('',(5.83,8.215650382226E-16,1.85));
#338 = DIRECTION('',(1.,0.,-0.));
#339 = DIRECTION('',(0.,9.70417162265E-16,1.));
#340 = PLANE('',#341);
#341 = AXIS2_PLACEMENT_3D('',#342,#343,#344);
#342 = CARTESIAN_POINT('',(5.83,8.215650382226E-16,1.85));
#343 = DIRECTION('',(1.,0.,0.));
#344 = DIRECTION('',(-0.,9.681797847099E-16,1.));
#345 = ADVANCED_FACE('',(#346),#365,.T.);
#346 = FACE_BOUND('',#347,.T.);
#347 = EDGE_LOOP('',(#348,#349,#357,#364));
#348 = ORIENTED_EDGE('',*,*,#332,.T.);
#349 = ORIENTED_EDGE('',*,*,#350,.T.);
#350 = EDGE_CURVE('',#333,#351,#353,.T.);
#351 = VERTEX_POINT('',#352);
#352 = CARTESIAN_POINT('',(8.95,2.13162820728E-15,3.2));
#353 = LINE('',#354,#355);
#354 = CARTESIAN_POINT('',(3.75,2.13162820728E-15,3.2));
#355 = VECTOR('',#356,1.);
#356 = DIRECTION('',(1.,0.,0.));
#357 = ORIENTED_EDGE('',*,*,#358,.F.);
#358 = EDGE_CURVE('',#351,#351,#359,.T.);
#359 = CIRCLE('',#360,1.35);
#360 = AXIS2_PLACEMENT_3D('',#361,#362,#363);
#361 = CARTESIAN_POINT('',(8.95,8.215650382226E-16,1.85));
#362 = DIRECTION('',(1.,0.,-0.));
#363 = DIRECTION('',(0.,9.70417162265E-16,1.));
#364 = ORIENTED_EDGE('',*,*,#350,.F.);
#365 = CYLINDRICAL_SURFACE('',#366,1.35);
#366 = AXIS2_PLACEMENT_3D('',#367,#368,#369);
#367 = CARTESIAN_POINT('',(3.75,8.215650382226E-16,1.85));
#368 = DIRECTION('',(1.,0.,0.));
#369 = DIRECTION('',(-0.,9.70417162265E-16,1.));
#370 = ADVANCED_FACE('',(#371,#374),#385,.T.);
#371 = FACE_BOUND('',#372,.F.);
#372 = EDGE_LOOP('',(#373));
#373 = ORIENTED_EDGE('',*,*,#358,.F.);
#374 = FACE_BOUND('',#375,.F.);
#375 = EDGE_LOOP('',(#376));
#376 = ORIENTED_EDGE('',*,*,#377,.T.);
#377 = EDGE_CURVE('',#378,#378,#380,.T.);
#378 = VERTEX_POINT('',#379);
#379 = CARTESIAN_POINT('',(8.95,7.882583474839E-16,1.55));
#380 = CIRCLE('',#381,0.3);
#381 = AXIS2_PLACEMENT_3D('',#382,#383,#384);
#382 = CARTESIAN_POINT('',(8.95,8.548717289614E-16,1.85));
#383 = DIRECTION('',(1.,0.,0.));
#384 = DIRECTION('',(0.,-2.22044604925E-16,-1.));
#385 = PLANE('',#386);
#386 = AXIS2_PLACEMENT_3D('',#387,#388,#389);
#387 = CARTESIAN_POINT('',(8.95,8.215650382226E-16,1.85));
#388 = DIRECTION('',(1.,0.,0.));
#389 = DIRECTION('',(-0.,9.70417162265E-16,1.));
#390 = ADVANCED_FACE('',(#391),#410,.T.);
#391 = FACE_BOUND('',#392,.T.);
#392 = EDGE_LOOP('',(#393,#394,#402,#409));
#393 = ORIENTED_EDGE('',*,*,#377,.T.);
#394 = ORIENTED_EDGE('',*,*,#395,.T.);
#395 = EDGE_CURVE('',#378,#396,#398,.T.);
#396 = VERTEX_POINT('',#397);
#397 = CARTESIAN_POINT('',(12.1,7.882583474839E-16,1.55));
#398 = LINE('',#399,#400);
#399 = CARTESIAN_POINT('',(0.6,7.882583474839E-16,1.55));
#400 = VECTOR('',#401,1.);
#401 = DIRECTION('',(1.,0.,0.));
#402 = ORIENTED_EDGE('',*,*,#403,.F.);
#403 = EDGE_CURVE('',#396,#396,#404,.T.);
#404 = CIRCLE('',#405,0.3);
#405 = AXIS2_PLACEMENT_3D('',#406,#407,#408);
#406 = CARTESIAN_POINT('',(12.1,8.548717289614E-16,1.85));
#407 = DIRECTION('',(1.,0.,0.));
#408 = DIRECTION('',(0.,-2.22044604925E-16,-1.));
#409 = ORIENTED_EDGE('',*,*,#395,.F.);
#410 = CYLINDRICAL_SURFACE('',#411,0.3);
#411 = AXIS2_PLACEMENT_3D('',#412,#413,#414);
#412 = CARTESIAN_POINT('',(0.6,8.548717289614E-16,1.85));
#413 = DIRECTION('',(1.,0.,0.));
#414 = DIRECTION('',(0.,-2.22044604925E-16,-1.));
#415 = ADVANCED_FACE('',(#416),#436,.T.);
#416 = FACE_BOUND('',#417,.T.);
#417 = EDGE_LOOP('',(#418,#427,#434,#435));
#418 = ORIENTED_EDGE('',*,*,#419,.T.);
#419 = EDGE_CURVE('',#396,#420,#422,.T.);
#420 = VERTEX_POINT('',#421);
#421 = CARTESIAN_POINT('',(12.4,7.216449660064E-16,1.25));
#422 = CIRCLE('',#423,0.3);
#423 = AXIS2_PLACEMENT_3D('',#424,#425,#426);
#424 = CARTESIAN_POINT('',(12.1,8.318631779296E-16,1.25));
#425 = DIRECTION('',(0.,1.,-2.22044604925E-16));
#426 = DIRECTION('',(1.,0.,0.));
#427 = ORIENTED_EDGE('',*,*,#428,.T.);
#428 = EDGE_CURVE('',#420,#420,#429,.T.);
#429 = CIRCLE('',#430,0.3);
#430 = AXIS2_PLACEMENT_3D('',#431,#432,#433);
#431 = CARTESIAN_POINT('',(12.7,7.216449660064E-16,1.25));
#432 = DIRECTION('',(-2.449293598295E-16,2.22044604925E-16,1.));
#433 = DIRECTION('',(1.,5.438524293788E-32,2.449293598295E-16));
#434 = ORIENTED_EDGE('',*,*,#419,.F.);
#435 = ORIENTED_EDGE('',*,*,#403,.T.);
#436 = TOROIDAL_SURFACE('',#437,0.6,0.3);
#437 = AXIS2_PLACEMENT_3D('',#438,#439,#440);
#438 = CARTESIAN_POINT('',(12.1,7.216449660064E-16,1.25));
#439 = DIRECTION('',(0.,1.,-2.22044604925E-16));
#440 = DIRECTION('',(1.,0.,0.));
#441 = ADVANCED_FACE('',(#442),#461,.T.);
#442 = FACE_BOUND('',#443,.T.);
#443 = EDGE_LOOP('',(#444,#452,#459,#460));
#444 = ORIENTED_EDGE('',*,*,#445,.T.);
#445 = EDGE_CURVE('',#420,#446,#448,.T.);
#446 = VERTEX_POINT('',#447);
#447 = CARTESIAN_POINT('',(12.4,-1.845011104114E-16,-2.5));
#448 = LINE('',#449,#450);
#449 = CARTESIAN_POINT('',(12.4,7.216449660064E-16,1.25));
#450 = VECTOR('',#451,1.);
#451 = DIRECTION('',(0.,-2.22044604925E-16,-1.));
#452 = ORIENTED_EDGE('',*,*,#453,.F.);
#453 = EDGE_CURVE('',#446,#446,#454,.T.);
#454 = CIRCLE('',#455,0.3);
#455 = AXIS2_PLACEMENT_3D('',#456,#457,#458);
#456 = CARTESIAN_POINT('',(12.7,-1.110223024625E-16,-2.5));
#457 = DIRECTION('',(-0.,-2.22044604925E-16,-1.));
#458 = DIRECTION('',(-1.,0.,0.));
#459 = ORIENTED_EDGE('',*,*,#445,.F.);
#460 = ORIENTED_EDGE('',*,*,#428,.F.);
#461 = CYLINDRICAL_SURFACE('',#462,0.3);
#462 = AXIS2_PLACEMENT_3D('',#463,#464,#465);
#463 = CARTESIAN_POINT('',(12.7,7.216449660064E-16,1.25));
#464 = DIRECTION('',(0.,-2.22044604925E-16,-1.));
#465 = DIRECTION('',(-1.,-0.,0.));
#466 = ADVANCED_FACE('',(#467),#470,.F.);
#467 = FACE_BOUND('',#468,.T.);
#468 = EDGE_LOOP('',(#469));
#469 = ORIENTED_EDGE('',*,*,#453,.T.);
#470 = PLANE('',#471);
#471 = AXIS2_PLACEMENT_3D('',#472,#473,#474);
#472 = CARTESIAN_POINT('',(12.4,-1.110223024625E-16,-2.5));
#473 = DIRECTION('',(0.,0.,1.));
#474 = DIRECTION('',(1.,0.,-0.));
#475 = ( GEOMETRIC_REPRESENTATION_CONTEXT(3) 
GLOBAL_UNCERTAINTY_ASSIGNED_CONTEXT((#479)) GLOBAL_UNIT_ASSIGNED_CONTEXT
((#476,#477,#478)) REPRESENTATION_CONTEXT('Context #1',
  '3D Context with UNIT and UNCERTAINTY') );
#476 = ( LENGTH_UNIT() NAMED_UNIT(*) SI_UNIT(.MILLI.,.METRE.) );
#477 = ( NAMED_UNIT(*) PLANE_ANGLE_UNIT() SI_UNIT($,.RADIAN.) );
#478 = ( NAMED_UNIT(*) SI_UNIT($,.STERADIAN.) SOLID_ANGLE_UNIT() );
#479 = UNCERTAINTY_MEASURE_WITH_UNIT(LENGTH_MEASURE(1.E-07),#476,
  'distance_accuracy_value','confusion accuracy');
#480 = CONTEXT_DEPENDENT_SHAPE_REPRESENTATION(#481,#483);
#481 = ( REPRESENTATION_RELATIONSHIP('','',#139,#116) 
REPRESENTATION_RELATIONSHIP_WITH_TRANSFORMATION(#482) 
SHAPE_REPRESENTATION_RELATIONSHIP() );
#482 = ITEM_DEFINED_TRANSFORMATION('','',#11,#117);
#483 = PRODUCT_DEFINITION_SHAPE('Placement','Placement of an item',#484
  );
#484 = NEXT_ASSEMBLY_USAGE_OCCURRENCE('1','=>[0:1:1:3]','',#111,#134,$);
#485 = PRODUCT_RELATED_PRODUCT_CATEGORY('part',$,(#136));
#486 = CONTEXT_DEPENDENT_SHAPE_REPRESENTATION(#487,#489);
#487 = ( REPRESENTATION_RELATIONSHIP('','',#116,#10) 
REPRESENTATION_RELATIONSHIP_WITH_TRANSFORMATION(#488) 
SHAPE_REPRESENTATION_RELATIONSHIP() );
#488 = ITEM_DEFINED_TRANSFORMATION('','',#11,#19);
#489 = PRODUCT_DEFINITION_SHAPE('Placement','Placement of an item',#490
  );
#490 = NEXT_ASSEMBLY_USAGE_OCCURRENCE('3','D11','',#5,#111,$);
#491 = CONTEXT_DEPENDENT_SHAPE_REPRESENTATION(#492,#494);
#492 = ( REPRESENTATION_RELATIONSHIP('','',#116,#10) 
REPRESENTATION_RELATIONSHIP_WITH_TRANSFORMATION(#493) 
SHAPE_REPRESENTATION_RELATIONSHIP() );
#493 = ITEM_DEFINED_TRANSFORMATION('','',#11,#23);
#494 = PRODUCT_DEFINITION_SHAPE('Placement','Placement of an item',#495
  );
#495 = NEXT_ASSEMBLY_USAGE_OCCURRENCE('4','D7','',#5,#111,$);
#496 = CONTEXT_DEPENDENT_SHAPE_REPRESENTATION(#497,#499);
#497 = ( REPRESENTATION_RELATIONSHIP('','',#116,#10) 
REPRESENTATION_RELATIONSHIP_WITH_TRANSFORMATION(#498) 
SHAPE_REPRESENTATION_RELATIONSHIP() );
#498 = ITEM_DEFINED_TRANSFORMATION('','',#11,#27);
#499 = PRODUCT_DEFINITION_SHAPE('Placement','Placement of an item',#500
  );
#500 = NEXT_ASSEMBLY_USAGE_OCCURRENCE('5','D10','',#5,#111,$);
#501 = CONTEXT_DEPENDENT_SHAPE_REPRESENTATION(#502,#504);
#502 = ( REPRESENTATION_RELATIONSHIP('','',#116,#10) 
REPRESENTATION_RELATIONSHIP_WITH_TRANSFORMATION(#503) 
SHAPE_REPRESENTATION_RELATIONSHIP() );
#503 = ITEM_DEFINED_TRANSFORMATION('','',#11,#31);
#504 = PRODUCT_DEFINITION_SHAPE('Placement','Placement of an item',#505
  );
#505 = NEXT_ASSEMBLY_USAGE_OCCURRENCE('6','D17','',#5,#111,$);
#506 = CONTEXT_DEPENDENT_SHAPE_REPRESENTATION(#507,#509);
#507 = ( REPRESENTATION_RELATIONSHIP('','',#116,#10) 
REPRESENTATION_RELATIONSHIP_WITH_TRANSFORMATION(#508) 
SHAPE_REPRESENTATION_RELATIONSHIP() );
#508 = ITEM_DEFINED_TRANSFORMATION('','',#11,#35);
#509 = PRODUCT_DEFINITION_SHAPE('Placement','Placement of an item',#510
  );
#510 = NEXT_ASSEMBLY_USAGE_OCCURRENCE('7','D12','',#5,#111,$);
#511 = CONTEXT_DEPENDENT_SHAPE_REPRESENTATION(#512,#514);
#512 = ( REPRESENTATION_RELATIONSHIP('','',#116,#10) 
REPRESENTATION_RELATIONSHIP_WITH_TRANSFORMATION(#513) 
SHAPE_REPRESENTATION_RELATIONSHIP() );
#513 = ITEM_DEFINED_TRANSFORMATION('','',#11,#39);
#514 = PRODUCT_DEFINITION_SHAPE('Placement','Placement of an item',#515
  );
#515 = NEXT_ASSEMBLY_USAGE_OCCURRENCE('8','D1','',#5,#111,$);
#516 = SHAPE_DEFINITION_REPRESENTATION(#517,#523);
#517 = PRODUCT_DEFINITION_SHAPE('','',#518);
#518 = PRODUCT_DEFINITION('design','',#519,#522);
#519 = PRODUCT_DEFINITION_FORMATION('','',#520);
#520 = PRODUCT('PinHeader_1x03_P1.00mm_Vertical',
  'PinHeader_1x03_P1.00mm_Vertical','',(#521));
#521 = PRODUCT_CONTEXT('',#2,'mechanical');
#522 = PRODUCT_DEFINITION_CONTEXT('part definition',#2,'design');
#523 = SHAPE_REPRESENTATION('',(#11,#524),#528);
#524 = AXIS2_PLACEMENT_3D('',#525,#526,#527);
#525 = CARTESIAN_POINT('',(0.,0.,0.));
#526 = DIRECTION('',(0.,0.,1.));
#527 = DIRECTION('',(1.,0.,-0.));
#528 = ( GEOMETRIC_REPRESENTATION_CONTEXT(3) 
GLOBAL_UNCERTAINTY_ASSIGNED_CONTEXT((#532)) GLOBAL_UNIT_ASSIGNED_CONTEXT
((#529,#530,#531)) REPRESENTATION_CONTEXT('Context #1',
  '3D Context with UNIT and UNCERTAINTY') );
#529 = ( LENGTH_UNIT() NAMED_UNIT(*) SI_UNIT(.MILLI.,.METRE.) );
#530 = ( NAMED_UNIT(*) PLANE_ANGLE_UNIT() SI_UNIT($,.RADIAN.) );
#531 = ( NAMED_UNIT(*) SI_UNIT($,.STERADIAN.) SOLID_ANGLE_UNIT() );
#532 = UNCERTAINTY_MEASURE_WITH_UNIT(LENGTH_MEASURE(1.E-07),#529,
  'distance_accuracy_value','confusion accuracy');
#533 = CONTEXT_DEPENDENT_SHAPE_REPRESENTATION(#534,#536);
#534 = ( REPRESENTATION_RELATIONSHIP('','',#523,#10) 
REPRESENTATION_RELATIONSHIP_WITH_TRANSFORMATION(#535) 
SHAPE_REPRESENTATION_RELATIONSHIP() );
#535 = ITEM_DEFINED_TRANSFORMATION('','',#11,#43);
#536 = PRODUCT_DEFINITION_SHAPE('Placement','Placement of an item',#537
  );
#537 = NEXT_ASSEMBLY_USAGE_OCCURRENCE('10','REF**','',#5,#518,$);
#538 = PRODUCT_RELATED_PRODUCT_CATEGORY('part',$,(#520));
#539 = SHAPE_DEFINITION_REPRESENTATION(#540,#546);
#540 = PRODUCT_DEFINITION_SHAPE('','',#541);
#541 = PRODUCT_DEFINITION('design','',#542,#545);
#542 = PRODUCT_DEFINITION_FORMATION('','',#543);
#543 = PRODUCT('PinHeader_1x03_P100mm_Vertical',
  'PinHeader_1x03_P100mm_Vertical','',(#544));
#544 = PRODUCT_CONTEXT('',#2,'mechanical');
#545 = PRODUCT_DEFINITION_CONTEXT('part definition',#2,'design');
#546 = ADVANCED_BREP_SHAPE_REPRESENTATION('',(#11,#547),#2653);
#547 = MANIFOLD_SOLID_BREP('',#548);
#548 = CLOSED_SHELL('',(#549,#589,#620,#651,#898,#1145,#1162,#1179,#1196
    ,#1213,#1230,#1247,#1264,#1281,#1298,#1315,#1332,#1349,#1366,#1383,
    #1400,#1417,#1429,#1460,#1484,#1508,#1525,#1556,#1580,#1604,#1621,
    #1652,#1676,#1700,#1717,#1748,#1772,#1796,#1813,#1844,#1868,#1892,
    #1909,#1940,#1964,#1988,#2005,#2036,#2060,#2084,#2101,#2132,#2156,
    #2180,#2197,#2228,#2252,#2276,#2293,#2324,#2348,#2372,#2389,#2420,
    #2444,#2468,#2485,#2516,#2540,#2564,#2581,#2593,#2605,#2617,#2629,
    #2641));
#549 = ADVANCED_FACE('',(#550),#584,.F.);
#550 = FACE_BOUND('',#551,.F.);
#551 = EDGE_LOOP('',(#552,#562,#570,#578));
#552 = ORIENTED_EDGE('',*,*,#553,.T.);
#553 = EDGE_CURVE('',#554,#556,#558,.T.);
#554 = VERTEX_POINT('',#555);
#555 = CARTESIAN_POINT('',(-0.535,0.5,0.));
#556 = VERTEX_POINT('',#557);
#557 = CARTESIAN_POINT('',(-0.535,0.5,1.));
#558 = LINE('',#559,#560);
#559 = CARTESIAN_POINT('',(-0.535,0.5,0.));
#560 = VECTOR('',#561,1.);
#561 = DIRECTION('',(0.,0.,1.));
#562 = ORIENTED_EDGE('',*,*,#563,.T.);
#563 = EDGE_CURVE('',#556,#564,#566,.T.);
#564 = VERTEX_POINT('',#565);
#565 = CARTESIAN_POINT('',(-0.635,0.4,1.));
#566 = LINE('',#567,#568);
#567 = CARTESIAN_POINT('',(-0.535,0.5,1.));
#568 = VECTOR('',#569,1.);
#569 = DIRECTION('',(-0.707106781187,-0.707106781187,0.));
#570 = ORIENTED_EDGE('',*,*,#571,.F.);
#571 = EDGE_CURVE('',#572,#564,#574,.T.);
#572 = VERTEX_POINT('',#573);
#573 = CARTESIAN_POINT('',(-0.635,0.4,0.));
#574 = LINE('',#575,#576);
#575 = CARTESIAN_POINT('',(-0.635,0.4,0.));
#576 = VECTOR('',#577,1.);
#577 = DIRECTION('',(0.,0.,1.));
#578 = ORIENTED_EDGE('',*,*,#579,.F.);
#579 = EDGE_CURVE('',#554,#572,#580,.T.);
#580 = LINE('',#581,#582);
#581 = CARTESIAN_POINT('',(-0.535,0.5,0.));
#582 = VECTOR('',#583,1.);
#583 = DIRECTION('',(-0.707106781187,-0.707106781187,0.));
#584 = PLANE('',#585);
#585 = AXIS2_PLACEMENT_3D('',#586,#587,#588);
#586 = CARTESIAN_POINT('',(-0.535,0.5,0.));
#587 = DIRECTION('',(0.707106781187,-0.707106781187,0.));
#588 = DIRECTION('',(-0.707106781187,-0.707106781187,0.));
#589 = ADVANCED_FACE('',(#590),#615,.F.);
#590 = FACE_BOUND('',#591,.F.);
#591 = EDGE_LOOP('',(#592,#602,#608,#609));
#592 = ORIENTED_EDGE('',*,*,#593,.T.);
#593 = EDGE_CURVE('',#594,#596,#598,.T.);
#594 = VERTEX_POINT('',#595);
#595 = CARTESIAN_POINT('',(0.535,0.5,0.));
#596 = VERTEX_POINT('',#597);
#597 = CARTESIAN_POINT('',(0.535,0.5,1.));
#598 = LINE('',#599,#600);
#599 = CARTESIAN_POINT('',(0.535,0.5,0.));
#600 = VECTOR('',#601,1.);
#601 = DIRECTION('',(0.,0.,1.));
#602 = ORIENTED_EDGE('',*,*,#603,.T.);
#603 = EDGE_CURVE('',#596,#556,#604,.T.);
#604 = LINE('',#605,#606);
#605 = CARTESIAN_POINT('',(0.535,0.5,1.));
#606 = VECTOR('',#607,1.);
#607 = DIRECTION('',(-1.,1.037591611799E-16,0.));
#608 = ORIENTED_EDGE('',*,*,#553,.F.);
#609 = ORIENTED_EDGE('',*,*,#610,.F.);
#610 = EDGE_CURVE('',#594,#554,#611,.T.);
#611 = LINE('',#612,#613);
#612 = CARTESIAN_POINT('',(0.535,0.5,0.));
#613 = VECTOR('',#614,1.);
#614 = DIRECTION('',(-1.,1.037591611799E-16,0.));
#615 = PLANE('',#616);
#616 = AXIS2_PLACEMENT_3D('',#617,#618,#619);
#617 = CARTESIAN_POINT('',(0.535,0.5,0.));
#618 = DIRECTION('',(-1.037591611799E-16,-1.,0.));
#619 = DIRECTION('',(-1.,1.037591611799E-16,0.));
#620 = ADVANCED_FACE('',(#621),#646,.F.);
#621 = FACE_BOUND('',#622,.F.);
#622 = EDGE_LOOP('',(#623,#624,#632,#640));
#623 = ORIENTED_EDGE('',*,*,#571,.T.);
#624 = ORIENTED_EDGE('',*,*,#625,.T.);
#625 = EDGE_CURVE('',#564,#626,#628,.T.);
#626 = VERTEX_POINT('',#627);
#627 = CARTESIAN_POINT('',(-0.635,-0.4,1.));
#628 = LINE('',#629,#630);
#629 = CARTESIAN_POINT('',(-0.635,0.4,1.));
#630 = VECTOR('',#631,1.);
#631 = DIRECTION('',(0.,-1.,0.));
#632 = ORIENTED_EDGE('',*,*,#633,.F.);
#633 = EDGE_CURVE('',#634,#626,#636,.T.);
#634 = VERTEX_POINT('',#635);
#635 = CARTESIAN_POINT('',(-0.635,-0.4,0.));
#636 = LINE('',#637,#638);
#637 = CARTESIAN_POINT('',(-0.635,-0.4,0.));
#638 = VECTOR('',#639,1.);
#639 = DIRECTION('',(0.,0.,1.));
#640 = ORIENTED_EDGE('',*,*,#641,.F.);
#641 = EDGE_CURVE('',#572,#634,#642,.T.);
#642 = LINE('',#643,#644);
#643 = CARTESIAN_POINT('',(-0.635,0.4,0.));
#644 = VECTOR('',#645,1.);
#645 = DIRECTION('',(0.,-1.,0.));
#646 = PLANE('',#647);
#647 = AXIS2_PLACEMENT_3D('',#648,#649,#650);
#648 = CARTESIAN_POINT('',(-0.635,0.4,0.));
#649 = DIRECTION('',(1.,0.,0.));
#650 = DIRECTION('',(0.,-1.,0.));
#651 = ADVANCED_FACE('',(#652,#791,#825,#859),#893,.F.);
#652 = FACE_BOUND('',#653,.F.);
#653 = EDGE_LOOP('',(#654,#655,#656,#664,#672,#680,#688,#696,#704,#712,
    #720,#728,#736,#744,#752,#760,#768,#776,#784,#790));
#654 = ORIENTED_EDGE('',*,*,#579,.T.);
#655 = ORIENTED_EDGE('',*,*,#641,.T.);
#656 = ORIENTED_EDGE('',*,*,#657,.T.);
#657 = EDGE_CURVE('',#634,#658,#660,.T.);
#658 = VERTEX_POINT('',#659);
#659 = CARTESIAN_POINT('',(-0.535,-0.5,0.));
#660 = LINE('',#661,#662);
#661 = CARTESIAN_POINT('',(-0.635,-0.4,0.));
#662 = VECTOR('',#663,1.);
#663 = DIRECTION('',(0.707106781187,-0.707106781187,0.));
#664 = ORIENTED_EDGE('',*,*,#665,.T.);
#665 = EDGE_CURVE('',#658,#666,#668,.T.);
#666 = VERTEX_POINT('',#667);
#667 = CARTESIAN_POINT('',(-0.635,-0.6,0.));
#668 = LINE('',#669,#670);
#669 = CARTESIAN_POINT('',(-0.535,-0.5,0.));
#670 = VECTOR('',#671,1.);
#671 = DIRECTION('',(-0.707106781187,-0.707106781187,0.));
#672 = ORIENTED_EDGE('',*,*,#673,.T.);
#673 = EDGE_CURVE('',#666,#674,#676,.T.);
#674 = VERTEX_POINT('',#675);
#675 = CARTESIAN_POINT('',(-0.635,-1.4,0.));
#676 = LINE('',#677,#678);
#677 = CARTESIAN_POINT('',(-0.635,-0.6,0.));
#678 = VECTOR('',#679,1.);
#679 = DIRECTION('',(0.,-1.,0.));
#680 = ORIENTED_EDGE('',*,*,#681,.T.);
#681 = EDGE_CURVE('',#674,#682,#684,.T.);
#682 = VERTEX_POINT('',#683);
#683 = CARTESIAN_POINT('',(-0.535,-1.5,0.));
#684 = LINE('',#685,#686);
#685 = CARTESIAN_POINT('',(-0.635,-1.4,0.));
#686 = VECTOR('',#687,1.);
#687 = DIRECTION('',(0.707106781187,-0.707106781187,0.));
#688 = ORIENTED_EDGE('',*,*,#689,.T.);
#689 = EDGE_CURVE('',#682,#690,#692,.T.);
#690 = VERTEX_POINT('',#691);
#691 = CARTESIAN_POINT('',(-0.635,-1.6,0.));
#692 = LINE('',#693,#694);
#693 = CARTESIAN_POINT('',(-0.535,-1.5,0.));
#694 = VECTOR('',#695,1.);
#695 = DIRECTION('',(-0.707106781187,-0.707106781187,0.));
#696 = ORIENTED_EDGE('',*,*,#697,.T.);
#697 = EDGE_CURVE('',#690,#698,#700,.T.);
#698 = VERTEX_POINT('',#699);
#699 = CARTESIAN_POINT('',(-0.635,-2.4,0.));
#700 = LINE('',#701,#702);
#701 = CARTESIAN_POINT('',(-0.635,-1.6,0.));
#702 = VECTOR('',#703,1.);
#703 = DIRECTION('',(0.,-1.,0.));
#704 = ORIENTED_EDGE('',*,*,#705,.T.);
#705 = EDGE_CURVE('',#698,#706,#708,.T.);
#706 = VERTEX_POINT('',#707);
#707 = CARTESIAN_POINT('',(-0.535,-2.5,0.));
#708 = LINE('',#709,#710);
#709 = CARTESIAN_POINT('',(-0.635,-2.4,0.));
#710 = VECTOR('',#711,1.);
#711 = DIRECTION('',(0.707106781187,-0.707106781187,0.));
#712 = ORIENTED_EDGE('',*,*,#713,.T.);
#713 = EDGE_CURVE('',#706,#714,#716,.T.);
#714 = VERTEX_POINT('',#715);
#715 = CARTESIAN_POINT('',(0.535,-2.5,0.));
#716 = LINE('',#717,#718);
#717 = CARTESIAN_POINT('',(-0.535,-2.5,0.));
#718 = VECTOR('',#719,1.);
#719 = DIRECTION('',(1.,0.,0.));
#720 = ORIENTED_EDGE('',*,*,#721,.T.);
#721 = EDGE_CURVE('',#714,#722,#724,.T.);
#722 = VERTEX_POINT('',#723);
#723 = CARTESIAN_POINT('',(0.635,-2.4,0.));
#724 = LINE('',#725,#726);
#725 = CARTESIAN_POINT('',(0.535,-2.5,0.));
#726 = VECTOR('',#727,1.);
#727 = DIRECTION('',(0.707106781187,0.707106781187,0.));
#728 = ORIENTED_EDGE('',*,*,#729,.T.);
#729 = EDGE_CURVE('',#722,#730,#732,.T.);
#730 = VERTEX_POINT('',#731);
#731 = CARTESIAN_POINT('',(0.635,-1.6,0.));
#732 = LINE('',#733,#734);
#733 = CARTESIAN_POINT('',(0.635,-2.4,0.));
#734 = VECTOR('',#735,1.);
#735 = DIRECTION('',(0.,1.,0.));
#736 = ORIENTED_EDGE('',*,*,#737,.T.);
#737 = EDGE_CURVE('',#730,#738,#740,.T.);
#738 = VERTEX_POINT('',#739);
#739 = CARTESIAN_POINT('',(0.535,-1.5,0.));
#740 = LINE('',#741,#742);
#741 = CARTESIAN_POINT('',(0.635,-1.6,0.));
#742 = VECTOR('',#743,1.);
#743 = DIRECTION('',(-0.707106781187,0.707106781187,0.));
#744 = ORIENTED_EDGE('',*,*,#745,.T.);
#745 = EDGE_CURVE('',#738,#746,#748,.T.);
#746 = VERTEX_POINT('',#747);
#747 = CARTESIAN_POINT('',(0.635,-1.4,0.));
#748 = LINE('',#749,#750);
#749 = CARTESIAN_POINT('',(0.535,-1.5,0.));
#750 = VECTOR('',#751,1.);
#751 = DIRECTION('',(0.707106781187,0.707106781187,0.));
#752 = ORIENTED_EDGE('',*,*,#753,.T.);
#753 = EDGE_CURVE('',#746,#754,#756,.T.);
#754 = VERTEX_POINT('',#755);
#755 = CARTESIAN_POINT('',(0.635,-0.6,0.));
#756 = LINE('',#757,#758);
#757 = CARTESIAN_POINT('',(0.635,-1.4,0.));
#758 = VECTOR('',#759,1.);
#759 = DIRECTION('',(0.,1.,0.));
#760 = ORIENTED_EDGE('',*,*,#761,.T.);
#761 = EDGE_CURVE('',#754,#762,#764,.T.);
#762 = VERTEX_POINT('',#763);
#763 = CARTESIAN_POINT('',(0.535,-0.5,0.));
#764 = LINE('',#765,#766);
#765 = CARTESIAN_POINT('',(0.635,-0.6,0.));
#766 = VECTOR('',#767,1.);
#767 = DIRECTION('',(-0.707106781187,0.707106781187,0.));
#768 = ORIENTED_EDGE('',*,*,#769,.T.);
#769 = EDGE_CURVE('',#762,#770,#772,.T.);
#770 = VERTEX_POINT('',#771);
#771 = CARTESIAN_POINT('',(0.635,-0.4,0.));
#772 = LINE('',#773,#774);
#773 = CARTESIAN_POINT('',(0.535,-0.5,0.));
#774 = VECTOR('',#775,1.);
#775 = DIRECTION('',(0.707106781187,0.707106781187,0.));
#776 = ORIENTED_EDGE('',*,*,#777,.T.);
#777 = EDGE_CURVE('',#770,#778,#780,.T.);
#778 = VERTEX_POINT('',#779);
#779 = CARTESIAN_POINT('',(0.635,0.4,0.));
#780 = LINE('',#781,#782);
#781 = CARTESIAN_POINT('',(0.635,-0.4,0.));
#782 = VECTOR('',#783,1.);
#783 = DIRECTION('',(0.,1.,0.));
#784 = ORIENTED_EDGE('',*,*,#785,.T.);
#785 = EDGE_CURVE('',#778,#594,#786,.T.);
#786 = LINE('',#787,#788);
#787 = CARTESIAN_POINT('',(0.635,0.4,0.));
#788 = VECTOR('',#789,1.);
#789 = DIRECTION('',(-0.707106781187,0.707106781187,0.));
#790 = ORIENTED_EDGE('',*,*,#610,.T.);
#791 = FACE_BOUND('',#792,.F.);
#792 = EDGE_LOOP('',(#793,#803,#811,#819));
#793 = ORIENTED_EDGE('',*,*,#794,.F.);
#794 = EDGE_CURVE('',#795,#797,#799,.T.);
#795 = VERTEX_POINT('',#796);
#796 = CARTESIAN_POINT('',(0.15,-0.15,0.));
#797 = VERTEX_POINT('',#798);
#798 = CARTESIAN_POINT('',(0.15,0.15,0.));
#799 = LINE('',#800,#801);
#800 = CARTESIAN_POINT('',(0.15,-0.575,0.));
#801 = VECTOR('',#802,1.);
#802 = DIRECTION('',(0.,1.,0.));
#803 = ORIENTED_EDGE('',*,*,#804,.T.);
#804 = EDGE_CURVE('',#795,#805,#807,.T.);
#805 = VERTEX_POINT('',#806);
#806 = CARTESIAN_POINT('',(-0.15,-0.15,0.));
#807 = LINE('',#808,#809);
#808 = CARTESIAN_POINT('',(-7.5E-02,-0.15,0.));
#809 = VECTOR('',#810,1.);
#810 = DIRECTION('',(-1.,0.,0.));
#811 = ORIENTED_EDGE('',*,*,#812,.T.);
#812 = EDGE_CURVE('',#805,#813,#815,.T.);
#813 = VERTEX_POINT('',#814);
#814 = CARTESIAN_POINT('',(-0.15,0.15,0.));
#815 = LINE('',#816,#817);
#816 = CARTESIAN_POINT('',(-0.15,-0.575,0.));
#817 = VECTOR('',#818,1.);
#818 = DIRECTION('',(0.,1.,0.));
#819 = ORIENTED_EDGE('',*,*,#820,.F.);
#820 = EDGE_CURVE('',#797,#813,#821,.T.);
#821 = LINE('',#822,#823);
#822 = CARTESIAN_POINT('',(-7.5E-02,0.15,0.));
#823 = VECTOR('',#824,1.);
#824 = DIRECTION('',(-1.,0.,0.));
#825 = FACE_BOUND('',#826,.F.);
#826 = EDGE_LOOP('',(#827,#837,#845,#853));
#827 = ORIENTED_EDGE('',*,*,#828,.T.);
#828 = EDGE_CURVE('',#829,#831,#833,.T.);
#829 = VERTEX_POINT('',#830);
#830 = CARTESIAN_POINT('',(0.15,-1.15,0.));
#831 = VERTEX_POINT('',#832);
#832 = CARTESIAN_POINT('',(-0.15,-1.15,0.));
#833 = LINE('',#834,#835);
#834 = CARTESIAN_POINT('',(-7.5E-02,-1.15,0.));
#835 = VECTOR('',#836,1.);
#836 = DIRECTION('',(-1.,0.,0.));
#837 = ORIENTED_EDGE('',*,*,#838,.T.);
#838 = EDGE_CURVE('',#831,#839,#841,.T.);
#839 = VERTEX_POINT('',#840);
#840 = CARTESIAN_POINT('',(-0.15,-0.85,0.));
#841 = LINE('',#842,#843);
#842 = CARTESIAN_POINT('',(-0.15,-1.075,0.));
#843 = VECTOR('',#844,1.);
#844 = DIRECTION('',(0.,1.,0.));
#845 = ORIENTED_EDGE('',*,*,#846,.F.);
#846 = EDGE_CURVE('',#847,#839,#849,.T.);
#847 = VERTEX_POINT('',#848);
#848 = CARTESIAN_POINT('',(0.15,-0.85,0.));
#849 = LINE('',#850,#851);
#850 = CARTESIAN_POINT('',(-7.5E-02,-0.85,0.));
#851 = VECTOR('',#852,1.);
#852 = DIRECTION('',(-1.,0.,0.));
#853 = ORIENTED_EDGE('',*,*,#854,.F.);
#854 = EDGE_CURVE('',#829,#847,#855,.T.);
#855 = LINE('',#856,#857);
#856 = CARTESIAN_POINT('',(0.15,-1.075,0.));
#857 = VECTOR('',#858,1.);
#858 = DIRECTION('',(0.,1.,0.));
#859 = FACE_BOUND('',#860,.F.);
#860 = EDGE_LOOP('',(#861,#871,#879,#887));
#861 = ORIENTED_EDGE('',*,*,#862,.F.);
#862 = EDGE_CURVE('',#863,#865,#867,.T.);
#863 = VERTEX_POINT('',#864);
#864 = CARTESIAN_POINT('',(0.15,-1.85,0.));
#865 = VERTEX_POINT('',#866);
#866 = CARTESIAN_POINT('',(-0.15,-1.85,0.));
#867 = LINE('',#868,#869);
#868 = CARTESIAN_POINT('',(-7.5E-02,-1.85,0.));
#869 = VECTOR('',#870,1.);
#870 = DIRECTION('',(-1.,0.,0.));
#871 = ORIENTED_EDGE('',*,*,#872,.F.);
#872 = EDGE_CURVE('',#873,#863,#875,.T.);
#873 = VERTEX_POINT('',#874);
#874 = CARTESIAN_POINT('',(0.15,-2.15,0.));
#875 = LINE('',#876,#877);
#876 = CARTESIAN_POINT('',(0.15,-1.575,0.));
#877 = VECTOR('',#878,1.);
#878 = DIRECTION('',(0.,1.,0.));
#879 = ORIENTED_EDGE('',*,*,#880,.T.);
#880 = EDGE_CURVE('',#873,#881,#883,.T.);
#881 = VERTEX_POINT('',#882);
#882 = CARTESIAN_POINT('',(-0.15,-2.15,0.));
#883 = LINE('',#884,#885);
#884 = CARTESIAN_POINT('',(-7.5E-02,-2.15,0.));
#885 = VECTOR('',#886,1.);
#886 = DIRECTION('',(-1.,0.,0.));
#887 = ORIENTED_EDGE('',*,*,#888,.T.);
#888 = EDGE_CURVE('',#881,#865,#889,.T.);
#889 = LINE('',#890,#891);
#890 = CARTESIAN_POINT('',(-0.15,-1.575,0.));
#891 = VECTOR('',#892,1.);
#892 = DIRECTION('',(0.,1.,0.));
#893 = PLANE('',#894);
#894 = AXIS2_PLACEMENT_3D('',#895,#896,#897);
#895 = CARTESIAN_POINT('',(-5.784382377318E-17,-1.,0.));
#896 = DIRECTION('',(0.,0.,1.));
#897 = DIRECTION('',(1.,0.,-0.));
#898 = ADVANCED_FACE('',(#899,#1038,#1072,#1106),#1140,.T.);
#899 = FACE_BOUND('',#900,.T.);
#900 = EDGE_LOOP('',(#901,#902,#903,#911,#919,#927,#935,#943,#951,#959,
    #967,#975,#983,#991,#999,#1007,#1015,#1023,#1031,#1037));
#901 = ORIENTED_EDGE('',*,*,#563,.T.);
#902 = ORIENTED_EDGE('',*,*,#625,.T.);
#903 = ORIENTED_EDGE('',*,*,#904,.T.);
#904 = EDGE_CURVE('',#626,#905,#907,.T.);
#905 = VERTEX_POINT('',#906);
#906 = CARTESIAN_POINT('',(-0.535,-0.5,1.));
#907 = LINE('',#908,#909);
#908 = CARTESIAN_POINT('',(-0.635,-0.4,1.));
#909 = VECTOR('',#910,1.);
#910 = DIRECTION('',(0.707106781187,-0.707106781187,0.));
#911 = ORIENTED_EDGE('',*,*,#912,.T.);
#912 = EDGE_CURVE('',#905,#913,#915,.T.);
#913 = VERTEX_POINT('',#914);
#914 = CARTESIAN_POINT('',(-0.635,-0.6,1.));
#915 = LINE('',#916,#917);
#916 = CARTESIAN_POINT('',(-0.535,-0.5,1.));
#917 = VECTOR('',#918,1.);
#918 = DIRECTION('',(-0.707106781187,-0.707106781187,0.));
#919 = ORIENTED_EDGE('',*,*,#920,.T.);
#920 = EDGE_CURVE('',#913,#921,#923,.T.);
#921 = VERTEX_POINT('',#922);
#922 = CARTESIAN_POINT('',(-0.635,-1.4,1.));
#923 = LINE('',#924,#925);
#924 = CARTESIAN_POINT('',(-0.635,-0.6,1.));
#925 = VECTOR('',#926,1.);
#926 = DIRECTION('',(0.,-1.,0.));
#927 = ORIENTED_EDGE('',*,*,#928,.T.);
#928 = EDGE_CURVE('',#921,#929,#931,.T.);
#929 = VERTEX_POINT('',#930);
#930 = CARTESIAN_POINT('',(-0.535,-1.5,1.));
#931 = LINE('',#932,#933);
#932 = CARTESIAN_POINT('',(-0.635,-1.4,1.));
#933 = VECTOR('',#934,1.);
#934 = DIRECTION('',(0.707106781187,-0.707106781187,0.));
#935 = ORIENTED_EDGE('',*,*,#936,.T.);
#936 = EDGE_CURVE('',#929,#937,#939,.T.);
#937 = VERTEX_POINT('',#938);
#938 = CARTESIAN_POINT('',(-0.635,-1.6,1.));
#939 = LINE('',#940,#941);
#940 = CARTESIAN_POINT('',(-0.535,-1.5,1.));
#941 = VECTOR('',#942,1.);
#942 = DIRECTION('',(-0.707106781187,-0.707106781187,0.));
#943 = ORIENTED_EDGE('',*,*,#944,.T.);
#944 = EDGE_CURVE('',#937,#945,#947,.T.);
#945 = VERTEX_POINT('',#946);
#946 = CARTESIAN_POINT('',(-0.635,-2.4,1.));
#947 = LINE('',#948,#949);
#948 = CARTESIAN_POINT('',(-0.635,-1.6,1.));
#949 = VECTOR('',#950,1.);
#950 = DIRECTION('',(0.,-1.,0.));
#951 = ORIENTED_EDGE('',*,*,#952,.T.);
#952 = EDGE_CURVE('',#945,#953,#955,.T.);
#953 = VERTEX_POINT('',#954);
#954 = CARTESIAN_POINT('',(-0.535,-2.5,1.));
#955 = LINE('',#956,#957);
#956 = CARTESIAN_POINT('',(-0.635,-2.4,1.));
#957 = VECTOR('',#958,1.);
#958 = DIRECTION('',(0.707106781187,-0.707106781187,0.));
#959 = ORIENTED_EDGE('',*,*,#960,.T.);
#960 = EDGE_CURVE('',#953,#961,#963,.T.);
#961 = VERTEX_POINT('',#962);
#962 = CARTESIAN_POINT('',(0.535,-2.5,1.));
#963 = LINE('',#964,#965);
#964 = CARTESIAN_POINT('',(-0.535,-2.5,1.));
#965 = VECTOR('',#966,1.);
#966 = DIRECTION('',(1.,0.,0.));
#967 = ORIENTED_EDGE('',*,*,#968,.T.);
#968 = EDGE_CURVE('',#961,#969,#971,.T.);
#969 = VERTEX_POINT('',#970);
#970 = CARTESIAN_POINT('',(0.635,-2.4,1.));
#971 = LINE('',#972,#973);
#972 = CARTESIAN_POINT('',(0.535,-2.5,1.));
#973 = VECTOR('',#974,1.);
#974 = DIRECTION('',(0.707106781187,0.707106781187,0.));
#975 = ORIENTED_EDGE('',*,*,#976,.T.);
#976 = EDGE_CURVE('',#969,#977,#979,.T.);
#977 = VERTEX_POINT('',#978);
#978 = CARTESIAN_POINT('',(0.635,-1.6,1.));
#979 = LINE('',#980,#981);
#980 = CARTESIAN_POINT('',(0.635,-2.4,1.));
#981 = VECTOR('',#982,1.);
#982 = DIRECTION('',(0.,1.,0.));
#983 = ORIENTED_EDGE('',*,*,#984,.T.);
#984 = EDGE_CURVE('',#977,#985,#987,.T.);
#985 = VERTEX_POINT('',#986);
#986 = CARTESIAN_POINT('',(0.535,-1.5,1.));
#987 = LINE('',#988,#989);
#988 = CARTESIAN_POINT('',(0.635,-1.6,1.));
#989 = VECTOR('',#990,1.);
#990 = DIRECTION('',(-0.707106781187,0.707106781187,0.));
#991 = ORIENTED_EDGE('',*,*,#992,.T.);
#992 = EDGE_CURVE('',#985,#993,#995,.T.);
#993 = VERTEX_POINT('',#994);
#994 = CARTESIAN_POINT('',(0.635,-1.4,1.));
#995 = LINE('',#996,#997);
#996 = CARTESIAN_POINT('',(0.535,-1.5,1.));
#997 = VECTOR('',#998,1.);
#998 = DIRECTION('',(0.707106781187,0.707106781187,0.));
#999 = ORIENTED_EDGE('',*,*,#1000,.T.);
#1000 = EDGE_CURVE('',#993,#1001,#1003,.T.);
#1001 = VERTEX_POINT('',#1002);
#1002 = CARTESIAN_POINT('',(0.635,-0.6,1.));
#1003 = LINE('',#1004,#1005);
#1004 = CARTESIAN_POINT('',(0.635,-1.4,1.));
#1005 = VECTOR('',#1006,1.);
#1006 = DIRECTION('',(0.,1.,0.));
#1007 = ORIENTED_EDGE('',*,*,#1008,.T.);
#1008 = EDGE_CURVE('',#1001,#1009,#1011,.T.);
#1009 = VERTEX_POINT('',#1010);
#1010 = CARTESIAN_POINT('',(0.535,-0.5,1.));
#1011 = LINE('',#1012,#1013);
#1012 = CARTESIAN_POINT('',(0.635,-0.6,1.));
#1013 = VECTOR('',#1014,1.);
#1014 = DIRECTION('',(-0.707106781187,0.707106781187,0.));
#1015 = ORIENTED_EDGE('',*,*,#1016,.T.);
#1016 = EDGE_CURVE('',#1009,#1017,#1019,.T.);
#1017 = VERTEX_POINT('',#1018);
#1018 = CARTESIAN_POINT('',(0.635,-0.4,1.));
#1019 = LINE('',#1020,#1021);
#1020 = CARTESIAN_POINT('',(0.535,-0.5,1.));
#1021 = VECTOR('',#1022,1.);
#1022 = DIRECTION('',(0.707106781187,0.707106781187,0.));
#1023 = ORIENTED_EDGE('',*,*,#1024,.T.);
#1024 = EDGE_CURVE('',#1017,#1025,#1027,.T.);
#1025 = VERTEX_POINT('',#1026);
#1026 = CARTESIAN_POINT('',(0.635,0.4,1.));
#1027 = LINE('',#1028,#1029);
#1028 = CARTESIAN_POINT('',(0.635,-0.4,1.));
#1029 = VECTOR('',#1030,1.);
#1030 = DIRECTION('',(0.,1.,0.));
#1031 = ORIENTED_EDGE('',*,*,#1032,.T.);
#1032 = EDGE_CURVE('',#1025,#596,#1033,.T.);
#1033 = LINE('',#1034,#1035);
#1034 = CARTESIAN_POINT('',(0.635,0.4,1.));
#1035 = VECTOR('',#1036,1.);
#1036 = DIRECTION('',(-0.707106781187,0.707106781187,0.));
#1037 = ORIENTED_EDGE('',*,*,#603,.T.);
#1038 = FACE_BOUND('',#1039,.T.);
#1039 = EDGE_LOOP('',(#1040,#1050,#1058,#1066));
#1040 = ORIENTED_EDGE('',*,*,#1041,.F.);
#1041 = EDGE_CURVE('',#1042,#1044,#1046,.T.);
#1042 = VERTEX_POINT('',#1043);
#1043 = CARTESIAN_POINT('',(0.15,-0.15,1.));
#1044 = VERTEX_POINT('',#1045);
#1045 = CARTESIAN_POINT('',(0.15,0.15,1.));
#1046 = LINE('',#1047,#1048);
#1047 = CARTESIAN_POINT('',(0.15,-0.575,1.));
#1048 = VECTOR('',#1049,1.);
#1049 = DIRECTION('',(0.,1.,0.));
#1050 = ORIENTED_EDGE('',*,*,#1051,.T.);
#1051 = EDGE_CURVE('',#1042,#1052,#1054,.T.);
#1052 = VERTEX_POINT('',#1053);
#1053 = CARTESIAN_POINT('',(-0.15,-0.15,1.));
#1054 = LINE('',#1055,#1056);
#1055 = CARTESIAN_POINT('',(-7.5E-02,-0.15,1.));
#1056 = VECTOR('',#1057,1.);
#1057 = DIRECTION('',(-1.,0.,0.));
#1058 = ORIENTED_EDGE('',*,*,#1059,.T.);
#1059 = EDGE_CURVE('',#1052,#1060,#1062,.T.);
#1060 = VERTEX_POINT('',#1061);
#1061 = CARTESIAN_POINT('',(-0.15,0.15,1.));
#1062 = LINE('',#1063,#1064);
#1063 = CARTESIAN_POINT('',(-0.15,-0.575,1.));
#1064 = VECTOR('',#1065,1.);
#1065 = DIRECTION('',(0.,1.,0.));
#1066 = ORIENTED_EDGE('',*,*,#1067,.F.);
#1067 = EDGE_CURVE('',#1044,#1060,#1068,.T.);
#1068 = LINE('',#1069,#1070);
#1069 = CARTESIAN_POINT('',(-7.5E-02,0.15,1.));
#1070 = VECTOR('',#1071,1.);
#1071 = DIRECTION('',(-1.,0.,0.));
#1072 = FACE_BOUND('',#1073,.T.);
#1073 = EDGE_LOOP('',(#1074,#1084,#1092,#1100));
#1074 = ORIENTED_EDGE('',*,*,#1075,.T.);
#1075 = EDGE_CURVE('',#1076,#1078,#1080,.T.);
#1076 = VERTEX_POINT('',#1077);
#1077 = CARTESIAN_POINT('',(0.15,-1.15,1.));
#1078 = VERTEX_POINT('',#1079);
#1079 = CARTESIAN_POINT('',(-0.15,-1.15,1.));
#1080 = LINE('',#1081,#1082);
#1081 = CARTESIAN_POINT('',(-7.5E-02,-1.15,1.));
#1082 = VECTOR('',#1083,1.);
#1083 = DIRECTION('',(-1.,0.,0.));
#1084 = ORIENTED_EDGE('',*,*,#1085,.T.);
#1085 = EDGE_CURVE('',#1078,#1086,#1088,.T.);
#1086 = VERTEX_POINT('',#1087);
#1087 = CARTESIAN_POINT('',(-0.15,-0.85,1.));
#1088 = LINE('',#1089,#1090);
#1089 = CARTESIAN_POINT('',(-0.15,-1.075,1.));
#1090 = VECTOR('',#1091,1.);
#1091 = DIRECTION('',(0.,1.,0.));
#1092 = ORIENTED_EDGE('',*,*,#1093,.F.);
#1093 = EDGE_CURVE('',#1094,#1086,#1096,.T.);
#1094 = VERTEX_POINT('',#1095);
#1095 = CARTESIAN_POINT('',(0.15,-0.85,1.));
#1096 = LINE('',#1097,#1098);
#1097 = CARTESIAN_POINT('',(-7.5E-02,-0.85,1.));
#1098 = VECTOR('',#1099,1.);
#1099 = DIRECTION('',(-1.,0.,0.));
#1100 = ORIENTED_EDGE('',*,*,#1101,.F.);
#1101 = EDGE_CURVE('',#1076,#1094,#1102,.T.);
#1102 = LINE('',#1103,#1104);
#1103 = CARTESIAN_POINT('',(0.15,-1.075,1.));
#1104 = VECTOR('',#1105,1.);
#1105 = DIRECTION('',(0.,1.,0.));
#1106 = FACE_BOUND('',#1107,.T.);
#1107 = EDGE_LOOP('',(#1108,#1118,#1126,#1134));
#1108 = ORIENTED_EDGE('',*,*,#1109,.F.);
#1109 = EDGE_CURVE('',#1110,#1112,#1114,.T.);
#1110 = VERTEX_POINT('',#1111);
#1111 = CARTESIAN_POINT('',(0.15,-1.85,1.));
#1112 = VERTEX_POINT('',#1113);
#1113 = CARTESIAN_POINT('',(-0.15,-1.85,1.));
#1114 = LINE('',#1115,#1116);
#1115 = CARTESIAN_POINT('',(-7.5E-02,-1.85,1.));
#1116 = VECTOR('',#1117,1.);
#1117 = DIRECTION('',(-1.,0.,0.));
#1118 = ORIENTED_EDGE('',*,*,#1119,.F.);
#1119 = EDGE_CURVE('',#1120,#1110,#1122,.T.);
#1120 = VERTEX_POINT('',#1121);
#1121 = CARTESIAN_POINT('',(0.15,-2.15,1.));
#1122 = LINE('',#1123,#1124);
#1123 = CARTESIAN_POINT('',(0.15,-1.575,1.));
#1124 = VECTOR('',#1125,1.);
#1125 = DIRECTION('',(0.,1.,0.));
#1126 = ORIENTED_EDGE('',*,*,#1127,.T.);
#1127 = EDGE_CURVE('',#1120,#1128,#1130,.T.);
#1128 = VERTEX_POINT('',#1129);
#1129 = CARTESIAN_POINT('',(-0.15,-2.15,1.));
#1130 = LINE('',#1131,#1132);
#1131 = CARTESIAN_POINT('',(-7.5E-02,-2.15,1.));
#1132 = VECTOR('',#1133,1.);
#1133 = DIRECTION('',(-1.,0.,0.));
#1134 = ORIENTED_EDGE('',*,*,#1135,.T.);
#1135 = EDGE_CURVE('',#1128,#1112,#1136,.T.);
#1136 = LINE('',#1137,#1138);
#1137 = CARTESIAN_POINT('',(-0.15,-1.575,1.));
#1138 = VECTOR('',#1139,1.);
#1139 = DIRECTION('',(0.,1.,0.));
#1140 = PLANE('',#1141);
#1141 = AXIS2_PLACEMENT_3D('',#1142,#1143,#1144);
#1142 = CARTESIAN_POINT('',(-5.784382377318E-17,-1.,1.));
#1143 = DIRECTION('',(0.,0.,1.));
#1144 = DIRECTION('',(1.,0.,-0.));
#1145 = ADVANCED_FACE('',(#1146),#1157,.F.);
#1146 = FACE_BOUND('',#1147,.F.);
#1147 = EDGE_LOOP('',(#1148,#1154,#1155,#1156));
#1148 = ORIENTED_EDGE('',*,*,#1149,.T.);
#1149 = EDGE_CURVE('',#778,#1025,#1150,.T.);
#1150 = LINE('',#1151,#1152);
#1151 = CARTESIAN_POINT('',(0.635,0.4,0.));
#1152 = VECTOR('',#1153,1.);
#1153 = DIRECTION('',(0.,0.,1.));
#1154 = ORIENTED_EDGE('',*,*,#1032,.T.);
#1155 = ORIENTED_EDGE('',*,*,#593,.F.);
#1156 = ORIENTED_EDGE('',*,*,#785,.F.);
#1157 = PLANE('',#1158);
#1158 = AXIS2_PLACEMENT_3D('',#1159,#1160,#1161);
#1159 = CARTESIAN_POINT('',(0.635,0.4,0.));
#1160 = DIRECTION('',(-0.707106781187,-0.707106781187,0.));
#1161 = DIRECTION('',(-0.707106781187,0.707106781187,0.));
#1162 = ADVANCED_FACE('',(#1163),#1174,.F.);
#1163 = FACE_BOUND('',#1164,.F.);
#1164 = EDGE_LOOP('',(#1165,#1166,#1167,#1173));
#1165 = ORIENTED_EDGE('',*,*,#633,.T.);
#1166 = ORIENTED_EDGE('',*,*,#904,.T.);
#1167 = ORIENTED_EDGE('',*,*,#1168,.F.);
#1168 = EDGE_CURVE('',#658,#905,#1169,.T.);
#1169 = LINE('',#1170,#1171);
#1170 = CARTESIAN_POINT('',(-0.535,-0.5,0.));
#1171 = VECTOR('',#1172,1.);
#1172 = DIRECTION('',(0.,0.,1.));
#1173 = ORIENTED_EDGE('',*,*,#657,.F.);
#1174 = PLANE('',#1175);
#1175 = AXIS2_PLACEMENT_3D('',#1176,#1177,#1178);
#1176 = CARTESIAN_POINT('',(-0.635,-0.4,0.));
#1177 = DIRECTION('',(0.707106781187,0.707106781187,0.));
#1178 = DIRECTION('',(0.707106781187,-0.707106781187,0.));
#1179 = ADVANCED_FACE('',(#1180),#1191,.F.);
#1180 = FACE_BOUND('',#1181,.F.);
#1181 = EDGE_LOOP('',(#1182,#1188,#1189,#1190));
#1182 = ORIENTED_EDGE('',*,*,#1183,.T.);
#1183 = EDGE_CURVE('',#770,#1017,#1184,.T.);
#1184 = LINE('',#1185,#1186);
#1185 = CARTESIAN_POINT('',(0.635,-0.4,0.));
#1186 = VECTOR('',#1187,1.);
#1187 = DIRECTION('',(0.,0.,1.));
#1188 = ORIENTED_EDGE('',*,*,#1024,.T.);
#1189 = ORIENTED_EDGE('',*,*,#1149,.F.);
#1190 = ORIENTED_EDGE('',*,*,#777,.F.);
#1191 = PLANE('',#1192);
#1192 = AXIS2_PLACEMENT_3D('',#1193,#1194,#1195);
#1193 = CARTESIAN_POINT('',(0.635,-0.4,0.));
#1194 = DIRECTION('',(-1.,0.,0.));
#1195 = DIRECTION('',(0.,1.,0.));
#1196 = ADVANCED_FACE('',(#1197),#1208,.F.);
#1197 = FACE_BOUND('',#1198,.F.);
#1198 = EDGE_LOOP('',(#1199,#1200,#1201,#1207));
#1199 = ORIENTED_EDGE('',*,*,#1168,.T.);
#1200 = ORIENTED_EDGE('',*,*,#912,.T.);
#1201 = ORIENTED_EDGE('',*,*,#1202,.F.);
#1202 = EDGE_CURVE('',#666,#913,#1203,.T.);
#1203 = LINE('',#1204,#1205);
#1204 = CARTESIAN_POINT('',(-0.635,-0.6,0.));
#1205 = VECTOR('',#1206,1.);
#1206 = DIRECTION('',(0.,0.,1.));
#1207 = ORIENTED_EDGE('',*,*,#665,.F.);
#1208 = PLANE('',#1209);
#1209 = AXIS2_PLACEMENT_3D('',#1210,#1211,#1212);
#1210 = CARTESIAN_POINT('',(-0.535,-0.5,0.));
#1211 = DIRECTION('',(0.707106781187,-0.707106781187,0.));
#1212 = DIRECTION('',(-0.707106781187,-0.707106781187,0.));
#1213 = ADVANCED_FACE('',(#1214),#1225,.F.);
#1214 = FACE_BOUND('',#1215,.F.);
#1215 = EDGE_LOOP('',(#1216,#1222,#1223,#1224));
#1216 = ORIENTED_EDGE('',*,*,#1217,.T.);
#1217 = EDGE_CURVE('',#762,#1009,#1218,.T.);
#1218 = LINE('',#1219,#1220);
#1219 = CARTESIAN_POINT('',(0.535,-0.5,0.));
#1220 = VECTOR('',#1221,1.);
#1221 = DIRECTION('',(0.,0.,1.));
#1222 = ORIENTED_EDGE('',*,*,#1016,.T.);
#1223 = ORIENTED_EDGE('',*,*,#1183,.F.);
#1224 = ORIENTED_EDGE('',*,*,#769,.F.);
#1225 = PLANE('',#1226);
#1226 = AXIS2_PLACEMENT_3D('',#1227,#1228,#1229);
#1227 = CARTESIAN_POINT('',(0.535,-0.5,0.));
#1228 = DIRECTION('',(-0.707106781187,0.707106781187,0.));
#1229 = DIRECTION('',(0.707106781187,0.707106781187,0.));
#1230 = ADVANCED_FACE('',(#1231),#1242,.F.);
#1231 = FACE_BOUND('',#1232,.F.);
#1232 = EDGE_LOOP('',(#1233,#1234,#1235,#1241));
#1233 = ORIENTED_EDGE('',*,*,#1202,.T.);
#1234 = ORIENTED_EDGE('',*,*,#920,.T.);
#1235 = ORIENTED_EDGE('',*,*,#1236,.F.);
#1236 = EDGE_CURVE('',#674,#921,#1237,.T.);
#1237 = LINE('',#1238,#1239);
#1238 = CARTESIAN_POINT('',(-0.635,-1.4,0.));
#1239 = VECTOR('',#1240,1.);
#1240 = DIRECTION('',(0.,0.,1.));
#1241 = ORIENTED_EDGE('',*,*,#673,.F.);
#1242 = PLANE('',#1243);
#1243 = AXIS2_PLACEMENT_3D('',#1244,#1245,#1246);
#1244 = CARTESIAN_POINT('',(-0.635,-0.6,0.));
#1245 = DIRECTION('',(1.,0.,0.));
#1246 = DIRECTION('',(0.,-1.,0.));
#1247 = ADVANCED_FACE('',(#1248),#1259,.F.);
#1248 = FACE_BOUND('',#1249,.F.);
#1249 = EDGE_LOOP('',(#1250,#1256,#1257,#1258));
#1250 = ORIENTED_EDGE('',*,*,#1251,.T.);
#1251 = EDGE_CURVE('',#754,#1001,#1252,.T.);
#1252 = LINE('',#1253,#1254);
#1253 = CARTESIAN_POINT('',(0.635,-0.6,0.));
#1254 = VECTOR('',#1255,1.);
#1255 = DIRECTION('',(0.,0.,1.));
#1256 = ORIENTED_EDGE('',*,*,#1008,.T.);
#1257 = ORIENTED_EDGE('',*,*,#1217,.F.);
#1258 = ORIENTED_EDGE('',*,*,#761,.F.);
#1259 = PLANE('',#1260);
#1260 = AXIS2_PLACEMENT_3D('',#1261,#1262,#1263);
#1261 = CARTESIAN_POINT('',(0.635,-0.6,0.));
#1262 = DIRECTION('',(-0.707106781187,-0.707106781187,0.));
#1263 = DIRECTION('',(-0.707106781187,0.707106781187,0.));
#1264 = ADVANCED_FACE('',(#1265),#1276,.F.);
#1265 = FACE_BOUND('',#1266,.F.);
#1266 = EDGE_LOOP('',(#1267,#1268,#1269,#1275));
#1267 = ORIENTED_EDGE('',*,*,#1236,.T.);
#1268 = ORIENTED_EDGE('',*,*,#928,.T.);
#1269 = ORIENTED_EDGE('',*,*,#1270,.F.);
#1270 = EDGE_CURVE('',#682,#929,#1271,.T.);
#1271 = LINE('',#1272,#1273);
#1272 = CARTESIAN_POINT('',(-0.535,-1.5,0.));
#1273 = VECTOR('',#1274,1.);
#1274 = DIRECTION('',(0.,0.,1.));
#1275 = ORIENTED_EDGE('',*,*,#681,.F.);
#1276 = PLANE('',#1277);
#1277 = AXIS2_PLACEMENT_3D('',#1278,#1279,#1280);
#1278 = CARTESIAN_POINT('',(-0.635,-1.4,0.));
#1279 = DIRECTION('',(0.707106781187,0.707106781187,0.));
#1280 = DIRECTION('',(0.707106781187,-0.707106781187,0.));
#1281 = ADVANCED_FACE('',(#1282),#1293,.F.);
#1282 = FACE_BOUND('',#1283,.F.);
#1283 = EDGE_LOOP('',(#1284,#1290,#1291,#1292));
#1284 = ORIENTED_EDGE('',*,*,#1285,.T.);
#1285 = EDGE_CURVE('',#746,#993,#1286,.T.);
#1286 = LINE('',#1287,#1288);
#1287 = CARTESIAN_POINT('',(0.635,-1.4,0.));
#1288 = VECTOR('',#1289,1.);
#1289 = DIRECTION('',(0.,0.,1.));
#1290 = ORIENTED_EDGE('',*,*,#1000,.T.);
#1291 = ORIENTED_EDGE('',*,*,#1251,.F.);
#1292 = ORIENTED_EDGE('',*,*,#753,.F.);
#1293 = PLANE('',#1294);
#1294 = AXIS2_PLACEMENT_3D('',#1295,#1296,#1297);
#1295 = CARTESIAN_POINT('',(0.635,-1.4,0.));
#1296 = DIRECTION('',(-1.,0.,0.));
#1297 = DIRECTION('',(0.,1.,0.));
#1298 = ADVANCED_FACE('',(#1299),#1310,.F.);
#1299 = FACE_BOUND('',#1300,.F.);
#1300 = EDGE_LOOP('',(#1301,#1302,#1303,#1309));
#1301 = ORIENTED_EDGE('',*,*,#1270,.T.);
#1302 = ORIENTED_EDGE('',*,*,#936,.T.);
#1303 = ORIENTED_EDGE('',*,*,#1304,.F.);
#1304 = EDGE_CURVE('',#690,#937,#1305,.T.);
#1305 = LINE('',#1306,#1307);
#1306 = CARTESIAN_POINT('',(-0.635,-1.6,0.));
#1307 = VECTOR('',#1308,1.);
#1308 = DIRECTION('',(0.,0.,1.));
#1309 = ORIENTED_EDGE('',*,*,#689,.F.);
#1310 = PLANE('',#1311);
#1311 = AXIS2_PLACEMENT_3D('',#1312,#1313,#1314);
#1312 = CARTESIAN_POINT('',(-0.535,-1.5,0.));
#1313 = DIRECTION('',(0.707106781187,-0.707106781187,0.));
#1314 = DIRECTION('',(-0.707106781187,-0.707106781187,0.));
#1315 = ADVANCED_FACE('',(#1316),#1327,.F.);
#1316 = FACE_BOUND('',#1317,.F.);
#1317 = EDGE_LOOP('',(#1318,#1324,#1325,#1326));
#1318 = ORIENTED_EDGE('',*,*,#1319,.T.);
#1319 = EDGE_CURVE('',#738,#985,#1320,.T.);
#1320 = LINE('',#1321,#1322);
#1321 = CARTESIAN_POINT('',(0.535,-1.5,0.));
#1322 = VECTOR('',#1323,1.);
#1323 = DIRECTION('',(0.,0.,1.));
#1324 = ORIENTED_EDGE('',*,*,#992,.T.);
#1325 = ORIENTED_EDGE('',*,*,#1285,.F.);
#1326 = ORIENTED_EDGE('',*,*,#745,.F.);
#1327 = PLANE('',#1328);
#1328 = AXIS2_PLACEMENT_3D('',#1329,#1330,#1331);
#1329 = CARTESIAN_POINT('',(0.535,-1.5,0.));
#1330 = DIRECTION('',(-0.707106781187,0.707106781187,0.));
#1331 = DIRECTION('',(0.707106781187,0.707106781187,0.));
#1332 = ADVANCED_FACE('',(#1333),#1344,.F.);
#1333 = FACE_BOUND('',#1334,.F.);
#1334 = EDGE_LOOP('',(#1335,#1336,#1337,#1343));
#1335 = ORIENTED_EDGE('',*,*,#1304,.T.);
#1336 = ORIENTED_EDGE('',*,*,#944,.T.);
#1337 = ORIENTED_EDGE('',*,*,#1338,.F.);
#1338 = EDGE_CURVE('',#698,#945,#1339,.T.);
#1339 = LINE('',#1340,#1341);
#1340 = CARTESIAN_POINT('',(-0.635,-2.4,0.));
#1341 = VECTOR('',#1342,1.);
#1342 = DIRECTION('',(0.,0.,1.));
#1343 = ORIENTED_EDGE('',*,*,#697,.F.);
#1344 = PLANE('',#1345);
#1345 = AXIS2_PLACEMENT_3D('',#1346,#1347,#1348);
#1346 = CARTESIAN_POINT('',(-0.635,-1.6,0.));
#1347 = DIRECTION('',(1.,0.,0.));
#1348 = DIRECTION('',(0.,-1.,0.));
#1349 = ADVANCED_FACE('',(#1350),#1361,.F.);
#1350 = FACE_BOUND('',#1351,.F.);
#1351 = EDGE_LOOP('',(#1352,#1358,#1359,#1360));
#1352 = ORIENTED_EDGE('',*,*,#1353,.T.);
#1353 = EDGE_CURVE('',#730,#977,#1354,.T.);
#1354 = LINE('',#1355,#1356);
#1355 = CARTESIAN_POINT('',(0.635,-1.6,0.));
#1356 = VECTOR('',#1357,1.);
#1357 = DIRECTION('',(0.,0.,1.));
#1358 = ORIENTED_EDGE('',*,*,#984,.T.);
#1359 = ORIENTED_EDGE('',*,*,#1319,.F.);
#1360 = ORIENTED_EDGE('',*,*,#737,.F.);
#1361 = PLANE('',#1362);
#1362 = AXIS2_PLACEMENT_3D('',#1363,#1364,#1365);
#1363 = CARTESIAN_POINT('',(0.635,-1.6,0.));
#1364 = DIRECTION('',(-0.707106781187,-0.707106781187,0.));
#1365 = DIRECTION('',(-0.707106781187,0.707106781187,0.));
#1366 = ADVANCED_FACE('',(#1367),#1378,.F.);
#1367 = FACE_BOUND('',#1368,.F.);
#1368 = EDGE_LOOP('',(#1369,#1370,#1371,#1377));
#1369 = ORIENTED_EDGE('',*,*,#1338,.T.);
#1370 = ORIENTED_EDGE('',*,*,#952,.T.);
#1371 = ORIENTED_EDGE('',*,*,#1372,.F.);
#1372 = EDGE_CURVE('',#706,#953,#1373,.T.);
#1373 = LINE('',#1374,#1375);
#1374 = CARTESIAN_POINT('',(-0.535,-2.5,0.));
#1375 = VECTOR('',#1376,1.);
#1376 = DIRECTION('',(0.,0.,1.));
#1377 = ORIENTED_EDGE('',*,*,#705,.F.);
#1378 = PLANE('',#1379);
#1379 = AXIS2_PLACEMENT_3D('',#1380,#1381,#1382);
#1380 = CARTESIAN_POINT('',(-0.635,-2.4,0.));
#1381 = DIRECTION('',(0.707106781187,0.707106781187,0.));
#1382 = DIRECTION('',(0.707106781187,-0.707106781187,0.));
#1383 = ADVANCED_FACE('',(#1384),#1395,.F.);
#1384 = FACE_BOUND('',#1385,.F.);
#1385 = EDGE_LOOP('',(#1386,#1392,#1393,#1394));
#1386 = ORIENTED_EDGE('',*,*,#1387,.T.);
#1387 = EDGE_CURVE('',#722,#969,#1388,.T.);
#1388 = LINE('',#1389,#1390);
#1389 = CARTESIAN_POINT('',(0.635,-2.4,0.));
#1390 = VECTOR('',#1391,1.);
#1391 = DIRECTION('',(0.,0.,1.));
#1392 = ORIENTED_EDGE('',*,*,#976,.T.);
#1393 = ORIENTED_EDGE('',*,*,#1353,.F.);
#1394 = ORIENTED_EDGE('',*,*,#729,.F.);
#1395 = PLANE('',#1396);
#1396 = AXIS2_PLACEMENT_3D('',#1397,#1398,#1399);
#1397 = CARTESIAN_POINT('',(0.635,-2.4,0.));
#1398 = DIRECTION('',(-1.,0.,0.));
#1399 = DIRECTION('',(0.,1.,0.));
#1400 = ADVANCED_FACE('',(#1401),#1412,.F.);
#1401 = FACE_BOUND('',#1402,.F.);
#1402 = EDGE_LOOP('',(#1403,#1404,#1405,#1411));
#1403 = ORIENTED_EDGE('',*,*,#1372,.T.);
#1404 = ORIENTED_EDGE('',*,*,#960,.T.);
#1405 = ORIENTED_EDGE('',*,*,#1406,.F.);
#1406 = EDGE_CURVE('',#714,#961,#1407,.T.);
#1407 = LINE('',#1408,#1409);
#1408 = CARTESIAN_POINT('',(0.535,-2.5,0.));
#1409 = VECTOR('',#1410,1.);
#1410 = DIRECTION('',(0.,0.,1.));
#1411 = ORIENTED_EDGE('',*,*,#713,.F.);
#1412 = PLANE('',#1413);
#1413 = AXIS2_PLACEMENT_3D('',#1414,#1415,#1416);
#1414 = CARTESIAN_POINT('',(-0.535,-2.5,0.));
#1415 = DIRECTION('',(0.,1.,0.));
#1416 = DIRECTION('',(1.,0.,0.));
#1417 = ADVANCED_FACE('',(#1418),#1424,.F.);
#1418 = FACE_BOUND('',#1419,.F.);
#1419 = EDGE_LOOP('',(#1420,#1421,#1422,#1423));
#1420 = ORIENTED_EDGE('',*,*,#1406,.T.);
#1421 = ORIENTED_EDGE('',*,*,#968,.T.);
#1422 = ORIENTED_EDGE('',*,*,#1387,.F.);
#1423 = ORIENTED_EDGE('',*,*,#721,.F.);
#1424 = PLANE('',#1425);
#1425 = AXIS2_PLACEMENT_3D('',#1426,#1427,#1428);
#1426 = CARTESIAN_POINT('',(0.535,-2.5,0.));
#1427 = DIRECTION('',(-0.707106781187,0.707106781187,0.));
#1428 = DIRECTION('',(0.707106781187,0.707106781187,0.));
#1429 = ADVANCED_FACE('',(#1430),#1455,.T.);
#1430 = FACE_BOUND('',#1431,.T.);
#1431 = EDGE_LOOP('',(#1432,#1440,#1448,#1454));
#1432 = ORIENTED_EDGE('',*,*,#1433,.F.);
#1433 = EDGE_CURVE('',#1434,#795,#1436,.T.);
#1434 = VERTEX_POINT('',#1435);
#1435 = CARTESIAN_POINT('',(0.15,-0.15,-2.925));
#1436 = LINE('',#1437,#1438);
#1437 = CARTESIAN_POINT('',(0.15,-0.15,-3.));
#1438 = VECTOR('',#1439,1.);
#1439 = DIRECTION('',(0.,0.,1.));
#1440 = ORIENTED_EDGE('',*,*,#1441,.T.);
#1441 = EDGE_CURVE('',#1434,#1442,#1444,.T.);
#1442 = VERTEX_POINT('',#1443);
#1443 = CARTESIAN_POINT('',(0.15,0.15,-2.925));
#1444 = LINE('',#1445,#1446);
#1445 = CARTESIAN_POINT('',(0.15,-0.15,-2.925));
#1446 = VECTOR('',#1447,1.);
#1447 = DIRECTION('',(0.,1.,0.));
#1448 = ORIENTED_EDGE('',*,*,#1449,.T.);
#1449 = EDGE_CURVE('',#1442,#797,#1450,.T.);
#1450 = LINE('',#1451,#1452);
#1451 = CARTESIAN_POINT('',(0.15,0.15,-3.));
#1452 = VECTOR('',#1453,1.);
#1453 = DIRECTION('',(0.,0.,1.));
#1454 = ORIENTED_EDGE('',*,*,#794,.F.);
#1455 = PLANE('',#1456);
#1456 = AXIS2_PLACEMENT_3D('',#1457,#1458,#1459);
#1457 = CARTESIAN_POINT('',(0.15,-0.15,-3.));
#1458 = DIRECTION('',(1.,0.,0.));
#1459 = DIRECTION('',(0.,0.,1.));
#1460 = ADVANCED_FACE('',(#1461),#1479,.T.);
#1461 = FACE_BOUND('',#1462,.T.);
#1462 = EDGE_LOOP('',(#1463,#1464,#1472,#1478));
#1463 = ORIENTED_EDGE('',*,*,#1449,.F.);
#1464 = ORIENTED_EDGE('',*,*,#1465,.F.);
#1465 = EDGE_CURVE('',#1466,#1442,#1468,.T.);
#1466 = VERTEX_POINT('',#1467);
#1467 = CARTESIAN_POINT('',(-0.15,0.15,-2.925));
#1468 = LINE('',#1469,#1470);
#1469 = CARTESIAN_POINT('',(-0.15,0.15,-2.925));
#1470 = VECTOR('',#1471,1.);
#1471 = DIRECTION('',(1.,0.,0.));
#1472 = ORIENTED_EDGE('',*,*,#1473,.T.);
#1473 = EDGE_CURVE('',#1466,#813,#1474,.T.);
#1474 = LINE('',#1475,#1476);
#1475 = CARTESIAN_POINT('',(-0.15,0.15,-3.));
#1476 = VECTOR('',#1477,1.);
#1477 = DIRECTION('',(0.,0.,1.));
#1478 = ORIENTED_EDGE('',*,*,#820,.F.);
#1479 = PLANE('',#1480);
#1480 = AXIS2_PLACEMENT_3D('',#1481,#1482,#1483);
#1481 = CARTESIAN_POINT('',(-0.15,0.15,-3.));
#1482 = DIRECTION('',(0.,1.,0.));
#1483 = DIRECTION('',(0.,-0.,1.));
#1484 = ADVANCED_FACE('',(#1485),#1503,.F.);
#1485 = FACE_BOUND('',#1486,.F.);
#1486 = EDGE_LOOP('',(#1487,#1495,#1501,#1502));
#1487 = ORIENTED_EDGE('',*,*,#1488,.F.);
#1488 = EDGE_CURVE('',#1489,#805,#1491,.T.);
#1489 = VERTEX_POINT('',#1490);
#1490 = CARTESIAN_POINT('',(-0.15,-0.15,-2.925));
#1491 = LINE('',#1492,#1493);
#1492 = CARTESIAN_POINT('',(-0.15,-0.15,-3.));
#1493 = VECTOR('',#1494,1.);
#1494 = DIRECTION('',(0.,0.,1.));
#1495 = ORIENTED_EDGE('',*,*,#1496,.T.);
#1496 = EDGE_CURVE('',#1489,#1466,#1497,.T.);
#1497 = LINE('',#1498,#1499);
#1498 = CARTESIAN_POINT('',(-0.15,-0.15,-2.925));
#1499 = VECTOR('',#1500,1.);
#1500 = DIRECTION('',(0.,1.,0.));
#1501 = ORIENTED_EDGE('',*,*,#1473,.T.);
#1502 = ORIENTED_EDGE('',*,*,#812,.F.);
#1503 = PLANE('',#1504);
#1504 = AXIS2_PLACEMENT_3D('',#1505,#1506,#1507);
#1505 = CARTESIAN_POINT('',(-0.15,-0.15,-3.));
#1506 = DIRECTION('',(1.,0.,0.));
#1507 = DIRECTION('',(0.,0.,1.));
#1508 = ADVANCED_FACE('',(#1509),#1520,.F.);
#1509 = FACE_BOUND('',#1510,.F.);
#1510 = EDGE_LOOP('',(#1511,#1512,#1518,#1519));
#1511 = ORIENTED_EDGE('',*,*,#1433,.F.);
#1512 = ORIENTED_EDGE('',*,*,#1513,.F.);
#1513 = EDGE_CURVE('',#1489,#1434,#1514,.T.);
#1514 = LINE('',#1515,#1516);
#1515 = CARTESIAN_POINT('',(-0.15,-0.15,-2.925));
#1516 = VECTOR('',#1517,1.);
#1517 = DIRECTION('',(1.,0.,0.));
#1518 = ORIENTED_EDGE('',*,*,#1488,.T.);
#1519 = ORIENTED_EDGE('',*,*,#804,.F.);
#1520 = PLANE('',#1521);
#1521 = AXIS2_PLACEMENT_3D('',#1522,#1523,#1524);
#1522 = CARTESIAN_POINT('',(-0.15,-0.15,-3.));
#1523 = DIRECTION('',(0.,1.,0.));
#1524 = DIRECTION('',(0.,-0.,1.));
#1525 = ADVANCED_FACE('',(#1526),#1551,.F.);
#1526 = FACE_BOUND('',#1527,.F.);
#1527 = EDGE_LOOP('',(#1528,#1536,#1544,#1550));
#1528 = ORIENTED_EDGE('',*,*,#1529,.F.);
#1529 = EDGE_CURVE('',#1530,#829,#1532,.T.);
#1530 = VERTEX_POINT('',#1531);
#1531 = CARTESIAN_POINT('',(0.15,-1.15,-2.925));
#1532 = LINE('',#1533,#1534);
#1533 = CARTESIAN_POINT('',(0.15,-1.15,-3.));
#1534 = VECTOR('',#1535,1.);
#1535 = DIRECTION('',(0.,0.,1.));
#1536 = ORIENTED_EDGE('',*,*,#1537,.F.);
#1537 = EDGE_CURVE('',#1538,#1530,#1540,.T.);
#1538 = VERTEX_POINT('',#1539);
#1539 = CARTESIAN_POINT('',(-0.15,-1.15,-2.925));
#1540 = LINE('',#1541,#1542);
#1541 = CARTESIAN_POINT('',(-0.15,-1.15,-2.925));
#1542 = VECTOR('',#1543,1.);
#1543 = DIRECTION('',(1.,0.,0.));
#1544 = ORIENTED_EDGE('',*,*,#1545,.T.);
#1545 = EDGE_CURVE('',#1538,#831,#1546,.T.);
#1546 = LINE('',#1547,#1548);
#1547 = CARTESIAN_POINT('',(-0.15,-1.15,-3.));
#1548 = VECTOR('',#1549,1.);
#1549 = DIRECTION('',(0.,0.,1.));
#1550 = ORIENTED_EDGE('',*,*,#828,.F.);
#1551 = PLANE('',#1552);
#1552 = AXIS2_PLACEMENT_3D('',#1553,#1554,#1555);
#1553 = CARTESIAN_POINT('',(-0.15,-1.15,-3.));
#1554 = DIRECTION('',(0.,1.,0.));
#1555 = DIRECTION('',(0.,-0.,1.));
#1556 = ADVANCED_FACE('',(#1557),#1575,.T.);
#1557 = FACE_BOUND('',#1558,.T.);
#1558 = EDGE_LOOP('',(#1559,#1560,#1568,#1574));
#1559 = ORIENTED_EDGE('',*,*,#1529,.F.);
#1560 = ORIENTED_EDGE('',*,*,#1561,.T.);
#1561 = EDGE_CURVE('',#1530,#1562,#1564,.T.);
#1562 = VERTEX_POINT('',#1563);
#1563 = CARTESIAN_POINT('',(0.15,-0.85,-2.925));
#1564 = LINE('',#1565,#1566);
#1565 = CARTESIAN_POINT('',(0.15,-1.15,-2.925));
#1566 = VECTOR('',#1567,1.);
#1567 = DIRECTION('',(0.,1.,0.));
#1568 = ORIENTED_EDGE('',*,*,#1569,.T.);
#1569 = EDGE_CURVE('',#1562,#847,#1570,.T.);
#1570 = LINE('',#1571,#1572);
#1571 = CARTESIAN_POINT('',(0.15,-0.85,-3.));
#1572 = VECTOR('',#1573,1.);
#1573 = DIRECTION('',(0.,0.,1.));
#1574 = ORIENTED_EDGE('',*,*,#854,.F.);
#1575 = PLANE('',#1576);
#1576 = AXIS2_PLACEMENT_3D('',#1577,#1578,#1579);
#1577 = CARTESIAN_POINT('',(0.15,-1.15,-3.));
#1578 = DIRECTION('',(1.,0.,0.));
#1579 = DIRECTION('',(0.,0.,1.));
#1580 = ADVANCED_FACE('',(#1581),#1599,.T.);
#1581 = FACE_BOUND('',#1582,.T.);
#1582 = EDGE_LOOP('',(#1583,#1584,#1592,#1598));
#1583 = ORIENTED_EDGE('',*,*,#1569,.F.);
#1584 = ORIENTED_EDGE('',*,*,#1585,.F.);
#1585 = EDGE_CURVE('',#1586,#1562,#1588,.T.);
#1586 = VERTEX_POINT('',#1587);
#1587 = CARTESIAN_POINT('',(-0.15,-0.85,-2.925));
#1588 = LINE('',#1589,#1590);
#1589 = CARTESIAN_POINT('',(-0.15,-0.85,-2.925));
#1590 = VECTOR('',#1591,1.);
#1591 = DIRECTION('',(1.,0.,0.));
#1592 = ORIENTED_EDGE('',*,*,#1593,.T.);
#1593 = EDGE_CURVE('',#1586,#839,#1594,.T.);
#1594 = LINE('',#1595,#1596);
#1595 = CARTESIAN_POINT('',(-0.15,-0.85,-3.));
#1596 = VECTOR('',#1597,1.);
#1597 = DIRECTION('',(0.,0.,1.));
#1598 = ORIENTED_EDGE('',*,*,#846,.F.);
#1599 = PLANE('',#1600);
#1600 = AXIS2_PLACEMENT_3D('',#1601,#1602,#1603);
#1601 = CARTESIAN_POINT('',(-0.15,-0.85,-3.));
#1602 = DIRECTION('',(0.,1.,0.));
#1603 = DIRECTION('',(0.,-0.,1.));
#1604 = ADVANCED_FACE('',(#1605),#1616,.F.);
#1605 = FACE_BOUND('',#1606,.F.);
#1606 = EDGE_LOOP('',(#1607,#1608,#1614,#1615));
#1607 = ORIENTED_EDGE('',*,*,#1545,.F.);
#1608 = ORIENTED_EDGE('',*,*,#1609,.T.);
#1609 = EDGE_CURVE('',#1538,#1586,#1610,.T.);
#1610 = LINE('',#1611,#1612);
#1611 = CARTESIAN_POINT('',(-0.15,-1.15,-2.925));
#1612 = VECTOR('',#1613,1.);
#1613 = DIRECTION('',(0.,1.,0.));
#1614 = ORIENTED_EDGE('',*,*,#1593,.T.);
#1615 = ORIENTED_EDGE('',*,*,#838,.F.);
#1616 = PLANE('',#1617);
#1617 = AXIS2_PLACEMENT_3D('',#1618,#1619,#1620);
#1618 = CARTESIAN_POINT('',(-0.15,-1.15,-3.));
#1619 = DIRECTION('',(1.,0.,0.));
#1620 = DIRECTION('',(0.,0.,1.));
#1621 = ADVANCED_FACE('',(#1622),#1647,.T.);
#1622 = FACE_BOUND('',#1623,.T.);
#1623 = EDGE_LOOP('',(#1624,#1632,#1640,#1646));
#1624 = ORIENTED_EDGE('',*,*,#1625,.F.);
#1625 = EDGE_CURVE('',#1626,#863,#1628,.T.);
#1626 = VERTEX_POINT('',#1627);
#1627 = CARTESIAN_POINT('',(0.15,-1.85,-2.925));
#1628 = LINE('',#1629,#1630);
#1629 = CARTESIAN_POINT('',(0.15,-1.85,-3.));
#1630 = VECTOR('',#1631,1.);
#1631 = DIRECTION('',(0.,0.,1.));
#1632 = ORIENTED_EDGE('',*,*,#1633,.F.);
#1633 = EDGE_CURVE('',#1634,#1626,#1636,.T.);
#1634 = VERTEX_POINT('',#1635);
#1635 = CARTESIAN_POINT('',(-0.15,-1.85,-2.925));
#1636 = LINE('',#1637,#1638);
#1637 = CARTESIAN_POINT('',(-0.15,-1.85,-2.925));
#1638 = VECTOR('',#1639,1.);
#1639 = DIRECTION('',(1.,0.,0.));
#1640 = ORIENTED_EDGE('',*,*,#1641,.T.);
#1641 = EDGE_CURVE('',#1634,#865,#1642,.T.);
#1642 = LINE('',#1643,#1644);
#1643 = CARTESIAN_POINT('',(-0.15,-1.85,-3.));
#1644 = VECTOR('',#1645,1.);
#1645 = DIRECTION('',(0.,0.,1.));
#1646 = ORIENTED_EDGE('',*,*,#862,.F.);
#1647 = PLANE('',#1648);
#1648 = AXIS2_PLACEMENT_3D('',#1649,#1650,#1651);
#1649 = CARTESIAN_POINT('',(-0.15,-1.85,-3.));
#1650 = DIRECTION('',(0.,1.,0.));
#1651 = DIRECTION('',(0.,-0.,1.));
#1652 = ADVANCED_FACE('',(#1653),#1671,.F.);
#1653 = FACE_BOUND('',#1654,.F.);
#1654 = EDGE_LOOP('',(#1655,#1663,#1669,#1670));
#1655 = ORIENTED_EDGE('',*,*,#1656,.F.);
#1656 = EDGE_CURVE('',#1657,#881,#1659,.T.);
#1657 = VERTEX_POINT('',#1658);
#1658 = CARTESIAN_POINT('',(-0.15,-2.15,-2.925));
#1659 = LINE('',#1660,#1661);
#1660 = CARTESIAN_POINT('',(-0.15,-2.15,-3.));
#1661 = VECTOR('',#1662,1.);
#1662 = DIRECTION('',(0.,0.,1.));
#1663 = ORIENTED_EDGE('',*,*,#1664,.T.);
#1664 = EDGE_CURVE('',#1657,#1634,#1665,.T.);
#1665 = LINE('',#1666,#1667);
#1666 = CARTESIAN_POINT('',(-0.15,-2.15,-2.925));
#1667 = VECTOR('',#1668,1.);
#1668 = DIRECTION('',(0.,1.,0.));
#1669 = ORIENTED_EDGE('',*,*,#1641,.T.);
#1670 = ORIENTED_EDGE('',*,*,#888,.F.);
#1671 = PLANE('',#1672);
#1672 = AXIS2_PLACEMENT_3D('',#1673,#1674,#1675);
#1673 = CARTESIAN_POINT('',(-0.15,-2.15,-3.));
#1674 = DIRECTION('',(1.,0.,0.));
#1675 = DIRECTION('',(0.,0.,1.));
#1676 = ADVANCED_FACE('',(#1677),#1695,.F.);
#1677 = FACE_BOUND('',#1678,.F.);
#1678 = EDGE_LOOP('',(#1679,#1687,#1693,#1694));
#1679 = ORIENTED_EDGE('',*,*,#1680,.F.);
#1680 = EDGE_CURVE('',#1681,#873,#1683,.T.);
#1681 = VERTEX_POINT('',#1682);
#1682 = CARTESIAN_POINT('',(0.15,-2.15,-2.925));
#1683 = LINE('',#1684,#1685);
#1684 = CARTESIAN_POINT('',(0.15,-2.15,-3.));
#1685 = VECTOR('',#1686,1.);
#1686 = DIRECTION('',(0.,0.,1.));
#1687 = ORIENTED_EDGE('',*,*,#1688,.F.);
#1688 = EDGE_CURVE('',#1657,#1681,#1689,.T.);
#1689 = LINE('',#1690,#1691);
#1690 = CARTESIAN_POINT('',(-0.15,-2.15,-2.925));
#1691 = VECTOR('',#1692,1.);
#1692 = DIRECTION('',(1.,0.,0.));
#1693 = ORIENTED_EDGE('',*,*,#1656,.T.);
#1694 = ORIENTED_EDGE('',*,*,#880,.F.);
#1695 = PLANE('',#1696);
#1696 = AXIS2_PLACEMENT_3D('',#1697,#1698,#1699);
#1697 = CARTESIAN_POINT('',(-0.15,-2.15,-3.));
#1698 = DIRECTION('',(0.,1.,0.));
#1699 = DIRECTION('',(0.,-0.,1.));
#1700 = ADVANCED_FACE('',(#1701),#1712,.T.);
#1701 = FACE_BOUND('',#1702,.T.);
#1702 = EDGE_LOOP('',(#1703,#1704,#1710,#1711));
#1703 = ORIENTED_EDGE('',*,*,#1680,.F.);
#1704 = ORIENTED_EDGE('',*,*,#1705,.T.);
#1705 = EDGE_CURVE('',#1681,#1626,#1706,.T.);
#1706 = LINE('',#1707,#1708);
#1707 = CARTESIAN_POINT('',(0.15,-2.15,-2.925));
#1708 = VECTOR('',#1709,1.);
#1709 = DIRECTION('',(0.,1.,0.));
#1710 = ORIENTED_EDGE('',*,*,#1625,.T.);
#1711 = ORIENTED_EDGE('',*,*,#872,.F.);
#1712 = PLANE('',#1713);
#1713 = AXIS2_PLACEMENT_3D('',#1714,#1715,#1716);
#1714 = CARTESIAN_POINT('',(0.15,-2.15,-3.));
#1715 = DIRECTION('',(1.,0.,0.));
#1716 = DIRECTION('',(0.,0.,1.));
#1717 = ADVANCED_FACE('',(#1718),#1743,.T.);
#1718 = FACE_BOUND('',#1719,.T.);
#1719 = EDGE_LOOP('',(#1720,#1728,#1729,#1737));
#1720 = ORIENTED_EDGE('',*,*,#1721,.F.);
#1721 = EDGE_CURVE('',#1042,#1722,#1724,.T.);
#1722 = VERTEX_POINT('',#1723);
#1723 = CARTESIAN_POINT('',(0.15,-0.15,4.725));
#1724 = LINE('',#1725,#1726);
#1725 = CARTESIAN_POINT('',(0.15,-0.15,-3.));
#1726 = VECTOR('',#1727,1.);
#1727 = DIRECTION('',(0.,0.,1.));
#1728 = ORIENTED_EDGE('',*,*,#1041,.T.);
#1729 = ORIENTED_EDGE('',*,*,#1730,.T.);
#1730 = EDGE_CURVE('',#1044,#1731,#1733,.T.);
#1731 = VERTEX_POINT('',#1732);
#1732 = CARTESIAN_POINT('',(0.15,0.15,4.725));
#1733 = LINE('',#1734,#1735);
#1734 = CARTESIAN_POINT('',(0.15,0.15,-3.));
#1735 = VECTOR('',#1736,1.);
#1736 = DIRECTION('',(0.,0.,1.));
#1737 = ORIENTED_EDGE('',*,*,#1738,.F.);
#1738 = EDGE_CURVE('',#1722,#1731,#1739,.T.);
#1739 = LINE('',#1740,#1741);
#1740 = CARTESIAN_POINT('',(0.15,-0.15,4.725));
#1741 = VECTOR('',#1742,1.);
#1742 = DIRECTION('',(0.,1.,0.));
#1743 = PLANE('',#1744);
#1744 = AXIS2_PLACEMENT_3D('',#1745,#1746,#1747);
#1745 = CARTESIAN_POINT('',(0.15,-0.15,-3.));
#1746 = DIRECTION('',(1.,0.,0.));
#1747 = DIRECTION('',(0.,0.,1.));
#1748 = ADVANCED_FACE('',(#1749),#1767,.T.);
#1749 = FACE_BOUND('',#1750,.T.);
#1750 = EDGE_LOOP('',(#1751,#1752,#1753,#1761));
#1751 = ORIENTED_EDGE('',*,*,#1730,.F.);
#1752 = ORIENTED_EDGE('',*,*,#1067,.T.);
#1753 = ORIENTED_EDGE('',*,*,#1754,.T.);
#1754 = EDGE_CURVE('',#1060,#1755,#1757,.T.);
#1755 = VERTEX_POINT('',#1756);
#1756 = CARTESIAN_POINT('',(-0.15,0.15,4.725));
#1757 = LINE('',#1758,#1759);
#1758 = CARTESIAN_POINT('',(-0.15,0.15,-3.));
#1759 = VECTOR('',#1760,1.);
#1760 = DIRECTION('',(0.,0.,1.));
#1761 = ORIENTED_EDGE('',*,*,#1762,.T.);
#1762 = EDGE_CURVE('',#1755,#1731,#1763,.T.);
#1763 = LINE('',#1764,#1765);
#1764 = CARTESIAN_POINT('',(-0.15,0.15,4.725));
#1765 = VECTOR('',#1766,1.);
#1766 = DIRECTION('',(1.,0.,0.));
#1767 = PLANE('',#1768);
#1768 = AXIS2_PLACEMENT_3D('',#1769,#1770,#1771);
#1769 = CARTESIAN_POINT('',(-0.15,0.15,-3.));
#1770 = DIRECTION('',(0.,1.,0.));
#1771 = DIRECTION('',(0.,-0.,1.));
#1772 = ADVANCED_FACE('',(#1773),#1791,.F.);
#1773 = FACE_BOUND('',#1774,.F.);
#1774 = EDGE_LOOP('',(#1775,#1783,#1784,#1785));
#1775 = ORIENTED_EDGE('',*,*,#1776,.F.);
#1776 = EDGE_CURVE('',#1052,#1777,#1779,.T.);
#1777 = VERTEX_POINT('',#1778);
#1778 = CARTESIAN_POINT('',(-0.15,-0.15,4.725));
#1779 = LINE('',#1780,#1781);
#1780 = CARTESIAN_POINT('',(-0.15,-0.15,-3.));
#1781 = VECTOR('',#1782,1.);
#1782 = DIRECTION('',(0.,0.,1.));
#1783 = ORIENTED_EDGE('',*,*,#1059,.T.);
#1784 = ORIENTED_EDGE('',*,*,#1754,.T.);
#1785 = ORIENTED_EDGE('',*,*,#1786,.F.);
#1786 = EDGE_CURVE('',#1777,#1755,#1787,.T.);
#1787 = LINE('',#1788,#1789);
#1788 = CARTESIAN_POINT('',(-0.15,-0.15,4.725));
#1789 = VECTOR('',#1790,1.);
#1790 = DIRECTION('',(0.,1.,0.));
#1791 = PLANE('',#1792);
#1792 = AXIS2_PLACEMENT_3D('',#1793,#1794,#1795);
#1793 = CARTESIAN_POINT('',(-0.15,-0.15,-3.));
#1794 = DIRECTION('',(1.,0.,0.));
#1795 = DIRECTION('',(0.,0.,1.));
#1796 = ADVANCED_FACE('',(#1797),#1808,.F.);
#1797 = FACE_BOUND('',#1798,.F.);
#1798 = EDGE_LOOP('',(#1799,#1800,#1801,#1802));
#1799 = ORIENTED_EDGE('',*,*,#1721,.F.);
#1800 = ORIENTED_EDGE('',*,*,#1051,.T.);
#1801 = ORIENTED_EDGE('',*,*,#1776,.T.);
#1802 = ORIENTED_EDGE('',*,*,#1803,.T.);
#1803 = EDGE_CURVE('',#1777,#1722,#1804,.T.);
#1804 = LINE('',#1805,#1806);
#1805 = CARTESIAN_POINT('',(-0.15,-0.15,4.725));
#1806 = VECTOR('',#1807,1.);
#1807 = DIRECTION('',(1.,0.,0.));
#1808 = PLANE('',#1809);
#1809 = AXIS2_PLACEMENT_3D('',#1810,#1811,#1812);
#1810 = CARTESIAN_POINT('',(-0.15,-0.15,-3.));
#1811 = DIRECTION('',(0.,1.,0.));
#1812 = DIRECTION('',(0.,-0.,1.));
#1813 = ADVANCED_FACE('',(#1814),#1839,.F.);
#1814 = FACE_BOUND('',#1815,.F.);
#1815 = EDGE_LOOP('',(#1816,#1824,#1825,#1833));
#1816 = ORIENTED_EDGE('',*,*,#1817,.F.);
#1817 = EDGE_CURVE('',#1076,#1818,#1820,.T.);
#1818 = VERTEX_POINT('',#1819);
#1819 = CARTESIAN_POINT('',(0.15,-1.15,4.725));
#1820 = LINE('',#1821,#1822);
#1821 = CARTESIAN_POINT('',(0.15,-1.15,-3.));
#1822 = VECTOR('',#1823,1.);
#1823 = DIRECTION('',(0.,0.,1.));
#1824 = ORIENTED_EDGE('',*,*,#1075,.T.);
#1825 = ORIENTED_EDGE('',*,*,#1826,.T.);
#1826 = EDGE_CURVE('',#1078,#1827,#1829,.T.);
#1827 = VERTEX_POINT('',#1828);
#1828 = CARTESIAN_POINT('',(-0.15,-1.15,4.725));
#1829 = LINE('',#1830,#1831);
#1830 = CARTESIAN_POINT('',(-0.15,-1.15,-3.));
#1831 = VECTOR('',#1832,1.);
#1832 = DIRECTION('',(0.,0.,1.));
#1833 = ORIENTED_EDGE('',*,*,#1834,.T.);
#1834 = EDGE_CURVE('',#1827,#1818,#1835,.T.);
#1835 = LINE('',#1836,#1837);
#1836 = CARTESIAN_POINT('',(-0.15,-1.15,4.725));
#1837 = VECTOR('',#1838,1.);
#1838 = DIRECTION('',(1.,0.,0.));
#1839 = PLANE('',#1840);
#1840 = AXIS2_PLACEMENT_3D('',#1841,#1842,#1843);
#1841 = CARTESIAN_POINT('',(-0.15,-1.15,-3.));
#1842 = DIRECTION('',(0.,1.,0.));
#1843 = DIRECTION('',(0.,-0.,1.));
#1844 = ADVANCED_FACE('',(#1845),#1863,.T.);
#1845 = FACE_BOUND('',#1846,.T.);
#1846 = EDGE_LOOP('',(#1847,#1848,#1849,#1857));
#1847 = ORIENTED_EDGE('',*,*,#1817,.F.);
#1848 = ORIENTED_EDGE('',*,*,#1101,.T.);
#1849 = ORIENTED_EDGE('',*,*,#1850,.T.);
#1850 = EDGE_CURVE('',#1094,#1851,#1853,.T.);
#1851 = VERTEX_POINT('',#1852);
#1852 = CARTESIAN_POINT('',(0.15,-0.85,4.725));
#1853 = LINE('',#1854,#1855);
#1854 = CARTESIAN_POINT('',(0.15,-0.85,-3.));
#1855 = VECTOR('',#1856,1.);
#1856 = DIRECTION('',(0.,0.,1.));
#1857 = ORIENTED_EDGE('',*,*,#1858,.F.);
#1858 = EDGE_CURVE('',#1818,#1851,#1859,.T.);
#1859 = LINE('',#1860,#1861);
#1860 = CARTESIAN_POINT('',(0.15,-1.15,4.725));
#1861 = VECTOR('',#1862,1.);
#1862 = DIRECTION('',(0.,1.,0.));
#1863 = PLANE('',#1864);
#1864 = AXIS2_PLACEMENT_3D('',#1865,#1866,#1867);
#1865 = CARTESIAN_POINT('',(0.15,-1.15,-3.));
#1866 = DIRECTION('',(1.,0.,0.));
#1867 = DIRECTION('',(0.,0.,1.));
#1868 = ADVANCED_FACE('',(#1869),#1887,.T.);
#1869 = FACE_BOUND('',#1870,.T.);
#1870 = EDGE_LOOP('',(#1871,#1872,#1873,#1881));
#1871 = ORIENTED_EDGE('',*,*,#1850,.F.);
#1872 = ORIENTED_EDGE('',*,*,#1093,.T.);
#1873 = ORIENTED_EDGE('',*,*,#1874,.T.);
#1874 = EDGE_CURVE('',#1086,#1875,#1877,.T.);
#1875 = VERTEX_POINT('',#1876);
#1876 = CARTESIAN_POINT('',(-0.15,-0.85,4.725));
#1877 = LINE('',#1878,#1879);
#1878 = CARTESIAN_POINT('',(-0.15,-0.85,-3.));
#1879 = VECTOR('',#1880,1.);
#1880 = DIRECTION('',(0.,0.,1.));
#1881 = ORIENTED_EDGE('',*,*,#1882,.T.);
#1882 = EDGE_CURVE('',#1875,#1851,#1883,.T.);
#1883 = LINE('',#1884,#1885);
#1884 = CARTESIAN_POINT('',(-0.15,-0.85,4.725));
#1885 = VECTOR('',#1886,1.);
#1886 = DIRECTION('',(1.,0.,0.));
#1887 = PLANE('',#1888);
#1888 = AXIS2_PLACEMENT_3D('',#1889,#1890,#1891);
#1889 = CARTESIAN_POINT('',(-0.15,-0.85,-3.));
#1890 = DIRECTION('',(0.,1.,0.));
#1891 = DIRECTION('',(0.,-0.,1.));
#1892 = ADVANCED_FACE('',(#1893),#1904,.F.);
#1893 = FACE_BOUND('',#1894,.F.);
#1894 = EDGE_LOOP('',(#1895,#1896,#1897,#1898));
#1895 = ORIENTED_EDGE('',*,*,#1826,.F.);
#1896 = ORIENTED_EDGE('',*,*,#1085,.T.);
#1897 = ORIENTED_EDGE('',*,*,#1874,.T.);
#1898 = ORIENTED_EDGE('',*,*,#1899,.F.);
#1899 = EDGE_CURVE('',#1827,#1875,#1900,.T.);
#1900 = LINE('',#1901,#1902);
#1901 = CARTESIAN_POINT('',(-0.15,-1.15,4.725));
#1902 = VECTOR('',#1903,1.);
#1903 = DIRECTION('',(0.,1.,0.));
#1904 = PLANE('',#1905);
#1905 = AXIS2_PLACEMENT_3D('',#1906,#1907,#1908);
#1906 = CARTESIAN_POINT('',(-0.15,-1.15,-3.));
#1907 = DIRECTION('',(1.,0.,0.));
#1908 = DIRECTION('',(0.,0.,1.));
#1909 = ADVANCED_FACE('',(#1910),#1935,.T.);
#1910 = FACE_BOUND('',#1911,.T.);
#1911 = EDGE_LOOP('',(#1912,#1920,#1921,#1929));
#1912 = ORIENTED_EDGE('',*,*,#1913,.F.);
#1913 = EDGE_CURVE('',#1110,#1914,#1916,.T.);
#1914 = VERTEX_POINT('',#1915);
#1915 = CARTESIAN_POINT('',(0.15,-1.85,4.725));
#1916 = LINE('',#1917,#1918);
#1917 = CARTESIAN_POINT('',(0.15,-1.85,-3.));
#1918 = VECTOR('',#1919,1.);
#1919 = DIRECTION('',(0.,0.,1.));
#1920 = ORIENTED_EDGE('',*,*,#1109,.T.);
#1921 = ORIENTED_EDGE('',*,*,#1922,.T.);
#1922 = EDGE_CURVE('',#1112,#1923,#1925,.T.);
#1923 = VERTEX_POINT('',#1924);
#1924 = CARTESIAN_POINT('',(-0.15,-1.85,4.725));
#1925 = LINE('',#1926,#1927);
#1926 = CARTESIAN_POINT('',(-0.15,-1.85,-3.));
#1927 = VECTOR('',#1928,1.);
#1928 = DIRECTION('',(0.,0.,1.));
#1929 = ORIENTED_EDGE('',*,*,#1930,.T.);
#1930 = EDGE_CURVE('',#1923,#1914,#1931,.T.);
#1931 = LINE('',#1932,#1933);
#1932 = CARTESIAN_POINT('',(-0.15,-1.85,4.725));
#1933 = VECTOR('',#1934,1.);
#1934 = DIRECTION('',(1.,0.,0.));
#1935 = PLANE('',#1936);
#1936 = AXIS2_PLACEMENT_3D('',#1937,#1938,#1939);
#1937 = CARTESIAN_POINT('',(-0.15,-1.85,-3.));
#1938 = DIRECTION('',(0.,1.,0.));
#1939 = DIRECTION('',(0.,-0.,1.));
#1940 = ADVANCED_FACE('',(#1941),#1959,.F.);
#1941 = FACE_BOUND('',#1942,.F.);
#1942 = EDGE_LOOP('',(#1943,#1951,#1952,#1953));
#1943 = ORIENTED_EDGE('',*,*,#1944,.F.);
#1944 = EDGE_CURVE('',#1128,#1945,#1947,.T.);
#1945 = VERTEX_POINT('',#1946);
#1946 = CARTESIAN_POINT('',(-0.15,-2.15,4.725));
#1947 = LINE('',#1948,#1949);
#1948 = CARTESIAN_POINT('',(-0.15,-2.15,-3.));
#1949 = VECTOR('',#1950,1.);
#1950 = DIRECTION('',(0.,0.,1.));
#1951 = ORIENTED_EDGE('',*,*,#1135,.T.);
#1952 = ORIENTED_EDGE('',*,*,#1922,.T.);
#1953 = ORIENTED_EDGE('',*,*,#1954,.F.);
#1954 = EDGE_CURVE('',#1945,#1923,#1955,.T.);
#1955 = LINE('',#1956,#1957);
#1956 = CARTESIAN_POINT('',(-0.15,-2.15,4.725));
#1957 = VECTOR('',#1958,1.);
#1958 = DIRECTION('',(0.,1.,0.));
#1959 = PLANE('',#1960);
#1960 = AXIS2_PLACEMENT_3D('',#1961,#1962,#1963);
#1961 = CARTESIAN_POINT('',(-0.15,-2.15,-3.));
#1962 = DIRECTION('',(1.,0.,0.));
#1963 = DIRECTION('',(0.,0.,1.));
#1964 = ADVANCED_FACE('',(#1965),#1983,.F.);
#1965 = FACE_BOUND('',#1966,.F.);
#1966 = EDGE_LOOP('',(#1967,#1975,#1976,#1977));
#1967 = ORIENTED_EDGE('',*,*,#1968,.F.);
#1968 = EDGE_CURVE('',#1120,#1969,#1971,.T.);
#1969 = VERTEX_POINT('',#1970);
#1970 = CARTESIAN_POINT('',(0.15,-2.15,4.725));
#1971 = LINE('',#1972,#1973);
#1972 = CARTESIAN_POINT('',(0.15,-2.15,-3.));
#1973 = VECTOR('',#1974,1.);
#1974 = DIRECTION('',(0.,0.,1.));
#1975 = ORIENTED_EDGE('',*,*,#1127,.T.);
#1976 = ORIENTED_EDGE('',*,*,#1944,.T.);
#1977 = ORIENTED_EDGE('',*,*,#1978,.T.);
#1978 = EDGE_CURVE('',#1945,#1969,#1979,.T.);
#1979 = LINE('',#1980,#1981);
#1980 = CARTESIAN_POINT('',(-0.15,-2.15,4.725));
#1981 = VECTOR('',#1982,1.);
#1982 = DIRECTION('',(1.,0.,0.));
#1983 = PLANE('',#1984);
#1984 = AXIS2_PLACEMENT_3D('',#1985,#1986,#1987);
#1985 = CARTESIAN_POINT('',(-0.15,-2.15,-3.));
#1986 = DIRECTION('',(0.,1.,0.));
#1987 = DIRECTION('',(0.,-0.,1.));
#1988 = ADVANCED_FACE('',(#1989),#2000,.T.);
#1989 = FACE_BOUND('',#1990,.T.);
#1990 = EDGE_LOOP('',(#1991,#1992,#1993,#1994));
#1991 = ORIENTED_EDGE('',*,*,#1968,.F.);
#1992 = ORIENTED_EDGE('',*,*,#1119,.T.);
#1993 = ORIENTED_EDGE('',*,*,#1913,.T.);
#1994 = ORIENTED_EDGE('',*,*,#1995,.F.);
#1995 = EDGE_CURVE('',#1969,#1914,#1996,.T.);
#1996 = LINE('',#1997,#1998);
#1997 = CARTESIAN_POINT('',(0.15,-2.15,4.725));
#1998 = VECTOR('',#1999,1.);
#1999 = DIRECTION('',(0.,1.,0.));
#2000 = PLANE('',#2001);
#2001 = AXIS2_PLACEMENT_3D('',#2002,#2003,#2004);
#2002 = CARTESIAN_POINT('',(0.15,-2.15,-3.));
#2003 = DIRECTION('',(1.,0.,0.));
#2004 = DIRECTION('',(0.,0.,1.));
#2005 = ADVANCED_FACE('',(#2006),#2031,.F.);
#2006 = FACE_BOUND('',#2007,.F.);
#2007 = EDGE_LOOP('',(#2008,#2016,#2017,#2025));
#2008 = ORIENTED_EDGE('',*,*,#2009,.F.);
#2009 = EDGE_CURVE('',#1434,#2010,#2012,.T.);
#2010 = VERTEX_POINT('',#2011);
#2011 = CARTESIAN_POINT('',(7.5E-02,-7.5E-02,-3.));
#2012 = LINE('',#2013,#2014);
#2013 = CARTESIAN_POINT('',(7.5E-02,-7.5E-02,-3.));
#2014 = VECTOR('',#2015,1.);
#2015 = DIRECTION('',(-0.57735026919,0.57735026919,-0.57735026919));
#2016 = ORIENTED_EDGE('',*,*,#1441,.T.);
#2017 = ORIENTED_EDGE('',*,*,#2018,.T.);
#2018 = EDGE_CURVE('',#1442,#2019,#2021,.T.);
#2019 = VERTEX_POINT('',#2020);
#2020 = CARTESIAN_POINT('',(7.5E-02,7.5E-02,-3.));
#2021 = LINE('',#2022,#2023);
#2022 = CARTESIAN_POINT('',(2.5E-02,2.5E-02,-3.05));
#2023 = VECTOR('',#2024,1.);
#2024 = DIRECTION('',(-0.57735026919,-0.57735026919,-0.57735026919));
#2025 = ORIENTED_EDGE('',*,*,#2026,.F.);
#2026 = EDGE_CURVE('',#2010,#2019,#2027,.T.);
#2027 = LINE('',#2028,#2029);
#2028 = CARTESIAN_POINT('',(7.5E-02,-0.15,-3.));
#2029 = VECTOR('',#2030,1.);
#2030 = DIRECTION('',(0.,1.,0.));
#2031 = PLANE('',#2032);
#2032 = AXIS2_PLACEMENT_3D('',#2033,#2034,#2035);
#2033 = CARTESIAN_POINT('',(0.1125,-0.15,-2.9625));
#2034 = DIRECTION('',(-0.707106781187,0.,0.707106781187));
#2035 = DIRECTION('',(0.,1.,0.));
#2036 = ADVANCED_FACE('',(#2037),#2055,.F.);
#2037 = FACE_BOUND('',#2038,.T.);
#2038 = EDGE_LOOP('',(#2039,#2047,#2048,#2049));
#2039 = ORIENTED_EDGE('',*,*,#2040,.F.);
#2040 = EDGE_CURVE('',#1466,#2041,#2043,.T.);
#2041 = VERTEX_POINT('',#2042);
#2042 = CARTESIAN_POINT('',(-7.5E-02,7.5E-02,-3.));
#2043 = LINE('',#2044,#2045);
#2044 = CARTESIAN_POINT('',(-7.5E-02,7.5E-02,-3.));
#2045 = VECTOR('',#2046,1.);
#2046 = DIRECTION('',(0.57735026919,-0.57735026919,-0.57735026919));
#2047 = ORIENTED_EDGE('',*,*,#1465,.T.);
#2048 = ORIENTED_EDGE('',*,*,#2018,.T.);
#2049 = ORIENTED_EDGE('',*,*,#2050,.F.);
#2050 = EDGE_CURVE('',#2041,#2019,#2051,.T.);
#2051 = LINE('',#2052,#2053);
#2052 = CARTESIAN_POINT('',(-0.15,7.5E-02,-3.));
#2053 = VECTOR('',#2054,1.);
#2054 = DIRECTION('',(1.,0.,0.));
#2055 = PLANE('',#2056);
#2056 = AXIS2_PLACEMENT_3D('',#2057,#2058,#2059);
#2057 = CARTESIAN_POINT('',(-0.15,0.1125,-2.9625));
#2058 = DIRECTION('',(0.,-0.707106781187,0.707106781187));
#2059 = DIRECTION('',(-1.,0.,0.));
#2060 = ADVANCED_FACE('',(#2061),#2079,.T.);
#2061 = FACE_BOUND('',#2062,.T.);
#2062 = EDGE_LOOP('',(#2063,#2071,#2072,#2073));
#2063 = ORIENTED_EDGE('',*,*,#2064,.F.);
#2064 = EDGE_CURVE('',#1489,#2065,#2067,.T.);
#2065 = VERTEX_POINT('',#2066);
#2066 = CARTESIAN_POINT('',(-7.5E-02,-7.5E-02,-3.));
#2067 = LINE('',#2068,#2069);
#2068 = CARTESIAN_POINT('',(-0.125,-0.125,-2.95));
#2069 = VECTOR('',#2070,1.);
#2070 = DIRECTION('',(0.57735026919,0.57735026919,-0.57735026919));
#2071 = ORIENTED_EDGE('',*,*,#1496,.T.);
#2072 = ORIENTED_EDGE('',*,*,#2040,.T.);
#2073 = ORIENTED_EDGE('',*,*,#2074,.F.);
#2074 = EDGE_CURVE('',#2065,#2041,#2075,.T.);
#2075 = LINE('',#2076,#2077);
#2076 = CARTESIAN_POINT('',(-7.5E-02,-0.15,-3.));
#2077 = VECTOR('',#2078,1.);
#2078 = DIRECTION('',(0.,1.,0.));
#2079 = PLANE('',#2080);
#2080 = AXIS2_PLACEMENT_3D('',#2081,#2082,#2083);
#2081 = CARTESIAN_POINT('',(-0.1125,-0.15,-2.9625));
#2082 = DIRECTION('',(-0.707106781187,0.,-0.707106781187));
#2083 = DIRECTION('',(0.,1.,0.));
#2084 = ADVANCED_FACE('',(#2085),#2096,.T.);
#2085 = FACE_BOUND('',#2086,.F.);
#2086 = EDGE_LOOP('',(#2087,#2088,#2089,#2090));
#2087 = ORIENTED_EDGE('',*,*,#2064,.F.);
#2088 = ORIENTED_EDGE('',*,*,#1513,.T.);
#2089 = ORIENTED_EDGE('',*,*,#2009,.T.);
#2090 = ORIENTED_EDGE('',*,*,#2091,.F.);
#2091 = EDGE_CURVE('',#2065,#2010,#2092,.T.);
#2092 = LINE('',#2093,#2094);
#2093 = CARTESIAN_POINT('',(-0.15,-7.5E-02,-3.));
#2094 = VECTOR('',#2095,1.);
#2095 = DIRECTION('',(1.,0.,0.));
#2096 = PLANE('',#2097);
#2097 = AXIS2_PLACEMENT_3D('',#2098,#2099,#2100);
#2098 = CARTESIAN_POINT('',(-0.15,-0.1125,-2.9625));
#2099 = DIRECTION('',(0.,-0.707106781187,-0.707106781187));
#2100 = DIRECTION('',(-1.,-0.,0.));
#2101 = ADVANCED_FACE('',(#2102),#2127,.T.);
#2102 = FACE_BOUND('',#2103,.F.);
#2103 = EDGE_LOOP('',(#2104,#2112,#2113,#2121));
#2104 = ORIENTED_EDGE('',*,*,#2105,.F.);
#2105 = EDGE_CURVE('',#1538,#2106,#2108,.T.);
#2106 = VERTEX_POINT('',#2107);
#2107 = CARTESIAN_POINT('',(-7.5E-02,-1.075,-3.));
#2108 = LINE('',#2109,#2110);
#2109 = CARTESIAN_POINT('',(-0.125,-1.125,-2.95));
#2110 = VECTOR('',#2111,1.);
#2111 = DIRECTION('',(0.57735026919,0.57735026919,-0.57735026919));
#2112 = ORIENTED_EDGE('',*,*,#1537,.T.);
#2113 = ORIENTED_EDGE('',*,*,#2114,.T.);
#2114 = EDGE_CURVE('',#1530,#2115,#2117,.T.);
#2115 = VERTEX_POINT('',#2116);
#2116 = CARTESIAN_POINT('',(7.5E-02,-1.075,-3.));
#2117 = LINE('',#2118,#2119);
#2118 = CARTESIAN_POINT('',(7.5E-02,-1.075,-3.));
#2119 = VECTOR('',#2120,1.);
#2120 = DIRECTION('',(-0.57735026919,0.57735026919,-0.57735026919));
#2121 = ORIENTED_EDGE('',*,*,#2122,.F.);
#2122 = EDGE_CURVE('',#2106,#2115,#2123,.T.);
#2123 = LINE('',#2124,#2125);
#2124 = CARTESIAN_POINT('',(-0.15,-1.075,-3.));
#2125 = VECTOR('',#2126,1.);
#2126 = DIRECTION('',(1.,0.,0.));
#2127 = PLANE('',#2128);
#2128 = AXIS2_PLACEMENT_3D('',#2129,#2130,#2131);
#2129 = CARTESIAN_POINT('',(-0.15,-1.1125,-2.9625));
#2130 = DIRECTION('',(0.,-0.707106781187,-0.707106781187));
#2131 = DIRECTION('',(-1.,-0.,0.));
#2132 = ADVANCED_FACE('',(#2133),#2151,.F.);
#2133 = FACE_BOUND('',#2134,.F.);
#2134 = EDGE_LOOP('',(#2135,#2136,#2137,#2145));
#2135 = ORIENTED_EDGE('',*,*,#2114,.F.);
#2136 = ORIENTED_EDGE('',*,*,#1561,.T.);
#2137 = ORIENTED_EDGE('',*,*,#2138,.T.);
#2138 = EDGE_CURVE('',#1562,#2139,#2141,.T.);
#2139 = VERTEX_POINT('',#2140);
#2140 = CARTESIAN_POINT('',(7.5E-02,-0.925,-3.));
#2141 = LINE('',#2142,#2143);
#2142 = CARTESIAN_POINT('',(2.5E-02,-0.975,-3.05));
#2143 = VECTOR('',#2144,1.);
#2144 = DIRECTION('',(-0.57735026919,-0.57735026919,-0.57735026919));
#2145 = ORIENTED_EDGE('',*,*,#2146,.F.);
#2146 = EDGE_CURVE('',#2115,#2139,#2147,.T.);
#2147 = LINE('',#2148,#2149);
#2148 = CARTESIAN_POINT('',(7.5E-02,-1.15,-3.));
#2149 = VECTOR('',#2150,1.);
#2150 = DIRECTION('',(0.,1.,0.));
#2151 = PLANE('',#2152);
#2152 = AXIS2_PLACEMENT_3D('',#2153,#2154,#2155);
#2153 = CARTESIAN_POINT('',(0.1125,-1.15,-2.9625));
#2154 = DIRECTION('',(-0.707106781187,0.,0.707106781187));
#2155 = DIRECTION('',(0.,1.,0.));
#2156 = ADVANCED_FACE('',(#2157),#2175,.F.);
#2157 = FACE_BOUND('',#2158,.T.);
#2158 = EDGE_LOOP('',(#2159,#2167,#2168,#2169));
#2159 = ORIENTED_EDGE('',*,*,#2160,.F.);
#2160 = EDGE_CURVE('',#1586,#2161,#2163,.T.);
#2161 = VERTEX_POINT('',#2162);
#2162 = CARTESIAN_POINT('',(-7.5E-02,-0.925,-3.));
#2163 = LINE('',#2164,#2165);
#2164 = CARTESIAN_POINT('',(-7.5E-02,-0.925,-3.));
#2165 = VECTOR('',#2166,1.);
#2166 = DIRECTION('',(0.57735026919,-0.57735026919,-0.57735026919));
#2167 = ORIENTED_EDGE('',*,*,#1585,.T.);
#2168 = ORIENTED_EDGE('',*,*,#2138,.T.);
#2169 = ORIENTED_EDGE('',*,*,#2170,.F.);
#2170 = EDGE_CURVE('',#2161,#2139,#2171,.T.);
#2171 = LINE('',#2172,#2173);
#2172 = CARTESIAN_POINT('',(-0.15,-0.925,-3.));
#2173 = VECTOR('',#2174,1.);
#2174 = DIRECTION('',(1.,0.,0.));
#2175 = PLANE('',#2176);
#2176 = AXIS2_PLACEMENT_3D('',#2177,#2178,#2179);
#2177 = CARTESIAN_POINT('',(-0.15,-0.8875,-2.9625));
#2178 = DIRECTION('',(0.,-0.707106781187,0.707106781187));
#2179 = DIRECTION('',(-1.,0.,0.));
#2180 = ADVANCED_FACE('',(#2181),#2192,.T.);
#2181 = FACE_BOUND('',#2182,.T.);
#2182 = EDGE_LOOP('',(#2183,#2184,#2185,#2186));
#2183 = ORIENTED_EDGE('',*,*,#2105,.F.);
#2184 = ORIENTED_EDGE('',*,*,#1609,.T.);
#2185 = ORIENTED_EDGE('',*,*,#2160,.T.);
#2186 = ORIENTED_EDGE('',*,*,#2187,.F.);
#2187 = EDGE_CURVE('',#2106,#2161,#2188,.T.);
#2188 = LINE('',#2189,#2190);
#2189 = CARTESIAN_POINT('',(-7.5E-02,-1.15,-3.));
#2190 = VECTOR('',#2191,1.);
#2191 = DIRECTION('',(0.,1.,0.));
#2192 = PLANE('',#2193);
#2193 = AXIS2_PLACEMENT_3D('',#2194,#2195,#2196);
#2194 = CARTESIAN_POINT('',(-0.1125,-1.15,-2.9625));
#2195 = DIRECTION('',(-0.707106781187,0.,-0.707106781187));
#2196 = DIRECTION('',(0.,1.,0.));
#2197 = ADVANCED_FACE('',(#2198),#2223,.F.);
#2198 = FACE_BOUND('',#2199,.T.);
#2199 = EDGE_LOOP('',(#2200,#2208,#2209,#2217));
#2200 = ORIENTED_EDGE('',*,*,#2201,.F.);
#2201 = EDGE_CURVE('',#1634,#2202,#2204,.T.);
#2202 = VERTEX_POINT('',#2203);
#2203 = CARTESIAN_POINT('',(-7.5E-02,-1.925,-3.));
#2204 = LINE('',#2205,#2206);
#2205 = CARTESIAN_POINT('',(-7.5E-02,-1.925,-3.));
#2206 = VECTOR('',#2207,1.);
#2207 = DIRECTION('',(0.57735026919,-0.57735026919,-0.57735026919));
#2208 = ORIENTED_EDGE('',*,*,#1633,.T.);
#2209 = ORIENTED_EDGE('',*,*,#2210,.T.);
#2210 = EDGE_CURVE('',#1626,#2211,#2213,.T.);
#2211 = VERTEX_POINT('',#2212);
#2212 = CARTESIAN_POINT('',(7.5E-02,-1.925,-3.));
#2213 = LINE('',#2214,#2215);
#2214 = CARTESIAN_POINT('',(2.5E-02,-1.975,-3.05));
#2215 = VECTOR('',#2216,1.);
#2216 = DIRECTION('',(-0.57735026919,-0.57735026919,-0.57735026919));
#2217 = ORIENTED_EDGE('',*,*,#2218,.F.);
#2218 = EDGE_CURVE('',#2202,#2211,#2219,.T.);
#2219 = LINE('',#2220,#2221);
#2220 = CARTESIAN_POINT('',(-0.15,-1.925,-3.));
#2221 = VECTOR('',#2222,1.);
#2222 = DIRECTION('',(1.,0.,0.));
#2223 = PLANE('',#2224);
#2224 = AXIS2_PLACEMENT_3D('',#2225,#2226,#2227);
#2225 = CARTESIAN_POINT('',(-0.15,-1.8875,-2.9625));
#2226 = DIRECTION('',(0.,-0.707106781187,0.707106781187));
#2227 = DIRECTION('',(-1.,0.,0.));
#2228 = ADVANCED_FACE('',(#2229),#2247,.T.);
#2229 = FACE_BOUND('',#2230,.T.);
#2230 = EDGE_LOOP('',(#2231,#2239,#2240,#2241));
#2231 = ORIENTED_EDGE('',*,*,#2232,.F.);
#2232 = EDGE_CURVE('',#1657,#2233,#2235,.T.);
#2233 = VERTEX_POINT('',#2234);
#2234 = CARTESIAN_POINT('',(-7.5E-02,-2.075,-3.));
#2235 = LINE('',#2236,#2237);
#2236 = CARTESIAN_POINT('',(-0.125,-2.125,-2.95));
#2237 = VECTOR('',#2238,1.);
#2238 = DIRECTION('',(0.57735026919,0.57735026919,-0.57735026919));
#2239 = ORIENTED_EDGE('',*,*,#1664,.T.);
#2240 = ORIENTED_EDGE('',*,*,#2201,.T.);
#2241 = ORIENTED_EDGE('',*,*,#2242,.F.);
#2242 = EDGE_CURVE('',#2233,#2202,#2243,.T.);
#2243 = LINE('',#2244,#2245);
#2244 = CARTESIAN_POINT('',(-7.5E-02,-2.15,-3.));
#2245 = VECTOR('',#2246,1.);
#2246 = DIRECTION('',(0.,1.,0.));
#2247 = PLANE('',#2248);
#2248 = AXIS2_PLACEMENT_3D('',#2249,#2250,#2251);
#2249 = CARTESIAN_POINT('',(-0.1125,-2.15,-2.9625));
#2250 = DIRECTION('',(-0.707106781187,0.,-0.707106781187));
#2251 = DIRECTION('',(0.,1.,0.));
#2252 = ADVANCED_FACE('',(#2253),#2271,.T.);
#2253 = FACE_BOUND('',#2254,.F.);
#2254 = EDGE_LOOP('',(#2255,#2256,#2257,#2265));
#2255 = ORIENTED_EDGE('',*,*,#2232,.F.);
#2256 = ORIENTED_EDGE('',*,*,#1688,.T.);
#2257 = ORIENTED_EDGE('',*,*,#2258,.T.);
#2258 = EDGE_CURVE('',#1681,#2259,#2261,.T.);
#2259 = VERTEX_POINT('',#2260);
#2260 = CARTESIAN_POINT('',(7.5E-02,-2.075,-3.));
#2261 = LINE('',#2262,#2263);
#2262 = CARTESIAN_POINT('',(7.5E-02,-2.075,-3.));
#2263 = VECTOR('',#2264,1.);
#2264 = DIRECTION('',(-0.57735026919,0.57735026919,-0.57735026919));
#2265 = ORIENTED_EDGE('',*,*,#2266,.F.);
#2266 = EDGE_CURVE('',#2233,#2259,#2267,.T.);
#2267 = LINE('',#2268,#2269);
#2268 = CARTESIAN_POINT('',(-0.15,-2.075,-3.));
#2269 = VECTOR('',#2270,1.);
#2270 = DIRECTION('',(1.,0.,0.));
#2271 = PLANE('',#2272);
#2272 = AXIS2_PLACEMENT_3D('',#2273,#2274,#2275);
#2273 = CARTESIAN_POINT('',(-0.15,-2.1125,-2.9625));
#2274 = DIRECTION('',(0.,-0.707106781187,-0.707106781187));
#2275 = DIRECTION('',(-1.,-0.,0.));
#2276 = ADVANCED_FACE('',(#2277),#2288,.F.);
#2277 = FACE_BOUND('',#2278,.F.);
#2278 = EDGE_LOOP('',(#2279,#2280,#2281,#2282));
#2279 = ORIENTED_EDGE('',*,*,#2258,.F.);
#2280 = ORIENTED_EDGE('',*,*,#1705,.T.);
#2281 = ORIENTED_EDGE('',*,*,#2210,.T.);
#2282 = ORIENTED_EDGE('',*,*,#2283,.F.);
#2283 = EDGE_CURVE('',#2259,#2211,#2284,.T.);
#2284 = LINE('',#2285,#2286);
#2285 = CARTESIAN_POINT('',(7.5E-02,-2.15,-3.));
#2286 = VECTOR('',#2287,1.);
#2287 = DIRECTION('',(0.,1.,0.));
#2288 = PLANE('',#2289);
#2289 = AXIS2_PLACEMENT_3D('',#2290,#2291,#2292);
#2290 = CARTESIAN_POINT('',(0.1125,-2.15,-2.9625));
#2291 = DIRECTION('',(-0.707106781187,0.,0.707106781187));
#2292 = DIRECTION('',(0.,1.,0.));
#2293 = ADVANCED_FACE('',(#2294),#2319,.T.);
#2294 = FACE_BOUND('',#2295,.T.);
#2295 = EDGE_LOOP('',(#2296,#2304,#2305,#2313));
#2296 = ORIENTED_EDGE('',*,*,#2297,.F.);
#2297 = EDGE_CURVE('',#1722,#2298,#2300,.T.);
#2298 = VERTEX_POINT('',#2299);
#2299 = CARTESIAN_POINT('',(7.5E-02,-7.5E-02,4.8));
#2300 = LINE('',#2301,#2302);
#2301 = CARTESIAN_POINT('',(7.5E-02,-7.5E-02,4.8));
#2302 = VECTOR('',#2303,1.);
#2303 = DIRECTION('',(-0.57735026919,0.57735026919,0.57735026919));
#2304 = ORIENTED_EDGE('',*,*,#1738,.T.);
#2305 = ORIENTED_EDGE('',*,*,#2306,.T.);
#2306 = EDGE_CURVE('',#1731,#2307,#2309,.T.);
#2307 = VERTEX_POINT('',#2308);
#2308 = CARTESIAN_POINT('',(7.5E-02,7.5E-02,4.8));
#2309 = LINE('',#2310,#2311);
#2310 = CARTESIAN_POINT('',(2.5E-02,2.5E-02,4.85));
#2311 = VECTOR('',#2312,1.);
#2312 = DIRECTION('',(-0.57735026919,-0.57735026919,0.57735026919));
#2313 = ORIENTED_EDGE('',*,*,#2314,.F.);
#2314 = EDGE_CURVE('',#2298,#2307,#2315,.T.);
#2315 = LINE('',#2316,#2317);
#2316 = CARTESIAN_POINT('',(7.5E-02,-0.15,4.8));
#2317 = VECTOR('',#2318,1.);
#2318 = DIRECTION('',(0.,1.,0.));
#2319 = PLANE('',#2320);
#2320 = AXIS2_PLACEMENT_3D('',#2321,#2322,#2323);
#2321 = CARTESIAN_POINT('',(0.1125,-0.15,4.7625));
#2322 = DIRECTION('',(0.707106781187,0.,0.707106781187));
#2323 = DIRECTION('',(-0.,1.,0.));
#2324 = ADVANCED_FACE('',(#2325),#2343,.T.);
#2325 = FACE_BOUND('',#2326,.F.);
#2326 = EDGE_LOOP('',(#2327,#2335,#2336,#2337));
#2327 = ORIENTED_EDGE('',*,*,#2328,.F.);
#2328 = EDGE_CURVE('',#1755,#2329,#2331,.T.);
#2329 = VERTEX_POINT('',#2330);
#2330 = CARTESIAN_POINT('',(-7.5E-02,7.5E-02,4.8));
#2331 = LINE('',#2332,#2333);
#2332 = CARTESIAN_POINT('',(-7.5E-02,7.5E-02,4.8));
#2333 = VECTOR('',#2334,1.);
#2334 = DIRECTION('',(0.57735026919,-0.57735026919,0.57735026919));
#2335 = ORIENTED_EDGE('',*,*,#1762,.T.);
#2336 = ORIENTED_EDGE('',*,*,#2306,.T.);
#2337 = ORIENTED_EDGE('',*,*,#2338,.F.);
#2338 = EDGE_CURVE('',#2329,#2307,#2339,.T.);
#2339 = LINE('',#2340,#2341);
#2340 = CARTESIAN_POINT('',(-0.15,7.5E-02,4.8));
#2341 = VECTOR('',#2342,1.);
#2342 = DIRECTION('',(1.,0.,0.));
#2343 = PLANE('',#2344);
#2344 = AXIS2_PLACEMENT_3D('',#2345,#2346,#2347);
#2345 = CARTESIAN_POINT('',(-0.15,0.1125,4.7625));
#2346 = DIRECTION('',(0.,0.707106781187,0.707106781187));
#2347 = DIRECTION('',(-1.,0.,0.));
#2348 = ADVANCED_FACE('',(#2349),#2367,.F.);
#2349 = FACE_BOUND('',#2350,.F.);
#2350 = EDGE_LOOP('',(#2351,#2359,#2360,#2361));
#2351 = ORIENTED_EDGE('',*,*,#2352,.F.);
#2352 = EDGE_CURVE('',#1777,#2353,#2355,.T.);
#2353 = VERTEX_POINT('',#2354);
#2354 = CARTESIAN_POINT('',(-7.5E-02,-7.5E-02,4.8));
#2355 = LINE('',#2356,#2357);
#2356 = CARTESIAN_POINT('',(-0.125,-0.125,4.75));
#2357 = VECTOR('',#2358,1.);
#2358 = DIRECTION('',(0.57735026919,0.57735026919,0.57735026919));
#2359 = ORIENTED_EDGE('',*,*,#1786,.T.);
#2360 = ORIENTED_EDGE('',*,*,#2328,.T.);
#2361 = ORIENTED_EDGE('',*,*,#2362,.F.);
#2362 = EDGE_CURVE('',#2353,#2329,#2363,.T.);
#2363 = LINE('',#2364,#2365);
#2364 = CARTESIAN_POINT('',(-7.5E-02,-0.15,4.8));
#2365 = VECTOR('',#2366,1.);
#2366 = DIRECTION('',(0.,1.,0.));
#2367 = PLANE('',#2368);
#2368 = AXIS2_PLACEMENT_3D('',#2369,#2370,#2371);
#2369 = CARTESIAN_POINT('',(-0.1125,-0.15,4.7625));
#2370 = DIRECTION('',(0.707106781187,0.,-0.707106781187));
#2371 = DIRECTION('',(0.,1.,0.));
#2372 = ADVANCED_FACE('',(#2373),#2384,.F.);
#2373 = FACE_BOUND('',#2374,.T.);
#2374 = EDGE_LOOP('',(#2375,#2376,#2377,#2378));
#2375 = ORIENTED_EDGE('',*,*,#2352,.F.);
#2376 = ORIENTED_EDGE('',*,*,#1803,.T.);
#2377 = ORIENTED_EDGE('',*,*,#2297,.T.);
#2378 = ORIENTED_EDGE('',*,*,#2379,.F.);
#2379 = EDGE_CURVE('',#2353,#2298,#2380,.T.);
#2380 = LINE('',#2381,#2382);
#2381 = CARTESIAN_POINT('',(-0.15,-7.5E-02,4.8));
#2382 = VECTOR('',#2383,1.);
#2383 = DIRECTION('',(1.,0.,0.));
#2384 = PLANE('',#2385);
#2385 = AXIS2_PLACEMENT_3D('',#2386,#2387,#2388);
#2386 = CARTESIAN_POINT('',(-0.15,-0.1125,4.7625));
#2387 = DIRECTION('',(0.,0.707106781187,-0.707106781187));
#2388 = DIRECTION('',(-1.,0.,-0.));
#2389 = ADVANCED_FACE('',(#2390),#2415,.F.);
#2390 = FACE_BOUND('',#2391,.T.);
#2391 = EDGE_LOOP('',(#2392,#2400,#2401,#2409));
#2392 = ORIENTED_EDGE('',*,*,#2393,.F.);
#2393 = EDGE_CURVE('',#1827,#2394,#2396,.T.);
#2394 = VERTEX_POINT('',#2395);
#2395 = CARTESIAN_POINT('',(-7.5E-02,-1.075,4.8));
#2396 = LINE('',#2397,#2398);
#2397 = CARTESIAN_POINT('',(-0.125,-1.125,4.75));
#2398 = VECTOR('',#2399,1.);
#2399 = DIRECTION('',(0.57735026919,0.57735026919,0.57735026919));
#2400 = ORIENTED_EDGE('',*,*,#1834,.T.);
#2401 = ORIENTED_EDGE('',*,*,#2402,.T.);
#2402 = EDGE_CURVE('',#1818,#2403,#2405,.T.);
#2403 = VERTEX_POINT('',#2404);
#2404 = CARTESIAN_POINT('',(7.5E-02,-1.075,4.8));
#2405 = LINE('',#2406,#2407);
#2406 = CARTESIAN_POINT('',(7.5E-02,-1.075,4.8));
#2407 = VECTOR('',#2408,1.);
#2408 = DIRECTION('',(-0.57735026919,0.57735026919,0.57735026919));
#2409 = ORIENTED_EDGE('',*,*,#2410,.F.);
#2410 = EDGE_CURVE('',#2394,#2403,#2411,.T.);
#2411 = LINE('',#2412,#2413);
#2412 = CARTESIAN_POINT('',(-0.15,-1.075,4.8));
#2413 = VECTOR('',#2414,1.);
#2414 = DIRECTION('',(1.,0.,0.));
#2415 = PLANE('',#2416);
#2416 = AXIS2_PLACEMENT_3D('',#2417,#2418,#2419);
#2417 = CARTESIAN_POINT('',(-0.15,-1.1125,4.7625));
#2418 = DIRECTION('',(0.,0.707106781187,-0.707106781187));
#2419 = DIRECTION('',(-1.,0.,-0.));
#2420 = ADVANCED_FACE('',(#2421),#2439,.T.);
#2421 = FACE_BOUND('',#2422,.T.);
#2422 = EDGE_LOOP('',(#2423,#2424,#2425,#2433));
#2423 = ORIENTED_EDGE('',*,*,#2402,.F.);
#2424 = ORIENTED_EDGE('',*,*,#1858,.T.);
#2425 = ORIENTED_EDGE('',*,*,#2426,.T.);
#2426 = EDGE_CURVE('',#1851,#2427,#2429,.T.);
#2427 = VERTEX_POINT('',#2428);
#2428 = CARTESIAN_POINT('',(7.5E-02,-0.925,4.8));
#2429 = LINE('',#2430,#2431);
#2430 = CARTESIAN_POINT('',(2.5E-02,-0.975,4.85));
#2431 = VECTOR('',#2432,1.);
#2432 = DIRECTION('',(-0.57735026919,-0.57735026919,0.57735026919));
#2433 = ORIENTED_EDGE('',*,*,#2434,.F.);
#2434 = EDGE_CURVE('',#2403,#2427,#2435,.T.);
#2435 = LINE('',#2436,#2437);
#2436 = CARTESIAN_POINT('',(7.5E-02,-1.15,4.8));
#2437 = VECTOR('',#2438,1.);
#2438 = DIRECTION('',(0.,1.,0.));
#2439 = PLANE('',#2440);
#2440 = AXIS2_PLACEMENT_3D('',#2441,#2442,#2443);
#2441 = CARTESIAN_POINT('',(0.1125,-1.15,4.7625));
#2442 = DIRECTION('',(0.707106781187,0.,0.707106781187));
#2443 = DIRECTION('',(-0.,1.,0.));
#2444 = ADVANCED_FACE('',(#2445),#2463,.T.);
#2445 = FACE_BOUND('',#2446,.F.);
#2446 = EDGE_LOOP('',(#2447,#2455,#2456,#2457));
#2447 = ORIENTED_EDGE('',*,*,#2448,.F.);
#2448 = EDGE_CURVE('',#1875,#2449,#2451,.T.);
#2449 = VERTEX_POINT('',#2450);
#2450 = CARTESIAN_POINT('',(-7.5E-02,-0.925,4.8));
#2451 = LINE('',#2452,#2453);
#2452 = CARTESIAN_POINT('',(-7.5E-02,-0.925,4.8));
#2453 = VECTOR('',#2454,1.);
#2454 = DIRECTION('',(0.57735026919,-0.57735026919,0.57735026919));
#2455 = ORIENTED_EDGE('',*,*,#1882,.T.);
#2456 = ORIENTED_EDGE('',*,*,#2426,.T.);
#2457 = ORIENTED_EDGE('',*,*,#2458,.F.);
#2458 = EDGE_CURVE('',#2449,#2427,#2459,.T.);
#2459 = LINE('',#2460,#2461);
#2460 = CARTESIAN_POINT('',(-0.15,-0.925,4.8));
#2461 = VECTOR('',#2462,1.);
#2462 = DIRECTION('',(1.,0.,0.));
#2463 = PLANE('',#2464);
#2464 = AXIS2_PLACEMENT_3D('',#2465,#2466,#2467);
#2465 = CARTESIAN_POINT('',(-0.15,-0.8875,4.7625));
#2466 = DIRECTION('',(0.,0.707106781187,0.707106781187));
#2467 = DIRECTION('',(-1.,0.,0.));
#2468 = ADVANCED_FACE('',(#2469),#2480,.F.);
#2469 = FACE_BOUND('',#2470,.F.);
#2470 = EDGE_LOOP('',(#2471,#2472,#2473,#2474));
#2471 = ORIENTED_EDGE('',*,*,#2393,.F.);
#2472 = ORIENTED_EDGE('',*,*,#1899,.T.);
#2473 = ORIENTED_EDGE('',*,*,#2448,.T.);
#2474 = ORIENTED_EDGE('',*,*,#2475,.F.);
#2475 = EDGE_CURVE('',#2394,#2449,#2476,.T.);
#2476 = LINE('',#2477,#2478);
#2477 = CARTESIAN_POINT('',(-7.5E-02,-1.15,4.8));
#2478 = VECTOR('',#2479,1.);
#2479 = DIRECTION('',(0.,1.,0.));
#2480 = PLANE('',#2481);
#2481 = AXIS2_PLACEMENT_3D('',#2482,#2483,#2484);
#2482 = CARTESIAN_POINT('',(-0.1125,-1.15,4.7625));
#2483 = DIRECTION('',(0.707106781187,0.,-0.707106781187));
#2484 = DIRECTION('',(0.,1.,0.));
#2485 = ADVANCED_FACE('',(#2486),#2511,.T.);
#2486 = FACE_BOUND('',#2487,.F.);
#2487 = EDGE_LOOP('',(#2488,#2496,#2497,#2505));
#2488 = ORIENTED_EDGE('',*,*,#2489,.F.);
#2489 = EDGE_CURVE('',#1923,#2490,#2492,.T.);
#2490 = VERTEX_POINT('',#2491);
#2491 = CARTESIAN_POINT('',(-7.5E-02,-1.925,4.8));
#2492 = LINE('',#2493,#2494);
#2493 = CARTESIAN_POINT('',(-7.5E-02,-1.925,4.8));
#2494 = VECTOR('',#2495,1.);
#2495 = DIRECTION('',(0.57735026919,-0.57735026919,0.57735026919));
#2496 = ORIENTED_EDGE('',*,*,#1930,.T.);
#2497 = ORIENTED_EDGE('',*,*,#2498,.T.);
#2498 = EDGE_CURVE('',#1914,#2499,#2501,.T.);
#2499 = VERTEX_POINT('',#2500);
#2500 = CARTESIAN_POINT('',(7.5E-02,-1.925,4.8));
#2501 = LINE('',#2502,#2503);
#2502 = CARTESIAN_POINT('',(2.5E-02,-1.975,4.85));
#2503 = VECTOR('',#2504,1.);
#2504 = DIRECTION('',(-0.57735026919,-0.57735026919,0.57735026919));
#2505 = ORIENTED_EDGE('',*,*,#2506,.F.);
#2506 = EDGE_CURVE('',#2490,#2499,#2507,.T.);
#2507 = LINE('',#2508,#2509);
#2508 = CARTESIAN_POINT('',(-0.15,-1.925,4.8));
#2509 = VECTOR('',#2510,1.);
#2510 = DIRECTION('',(1.,0.,0.));
#2511 = PLANE('',#2512);
#2512 = AXIS2_PLACEMENT_3D('',#2513,#2514,#2515);
#2513 = CARTESIAN_POINT('',(-0.15,-1.8875,4.7625));
#2514 = DIRECTION('',(0.,0.707106781187,0.707106781187));
#2515 = DIRECTION('',(-1.,0.,0.));
#2516 = ADVANCED_FACE('',(#2517),#2535,.F.);
#2517 = FACE_BOUND('',#2518,.F.);
#2518 = EDGE_LOOP('',(#2519,#2527,#2528,#2529));
#2519 = ORIENTED_EDGE('',*,*,#2520,.F.);
#2520 = EDGE_CURVE('',#1945,#2521,#2523,.T.);
#2521 = VERTEX_POINT('',#2522);
#2522 = CARTESIAN_POINT('',(-7.5E-02,-2.075,4.8));
#2523 = LINE('',#2524,#2525);
#2524 = CARTESIAN_POINT('',(-0.125,-2.125,4.75));
#2525 = VECTOR('',#2526,1.);
#2526 = DIRECTION('',(0.57735026919,0.57735026919,0.57735026919));
#2527 = ORIENTED_EDGE('',*,*,#1954,.T.);
#2528 = ORIENTED_EDGE('',*,*,#2489,.T.);
#2529 = ORIENTED_EDGE('',*,*,#2530,.F.);
#2530 = EDGE_CURVE('',#2521,#2490,#2531,.T.);
#2531 = LINE('',#2532,#2533);
#2532 = CARTESIAN_POINT('',(-7.5E-02,-2.15,4.8));
#2533 = VECTOR('',#2534,1.);
#2534 = DIRECTION('',(0.,1.,0.));
#2535 = PLANE('',#2536);
#2536 = AXIS2_PLACEMENT_3D('',#2537,#2538,#2539);
#2537 = CARTESIAN_POINT('',(-0.1125,-2.15,4.7625));
#2538 = DIRECTION('',(0.707106781187,0.,-0.707106781187));
#2539 = DIRECTION('',(0.,1.,0.));
#2540 = ADVANCED_FACE('',(#2541),#2559,.F.);
#2541 = FACE_BOUND('',#2542,.T.);
#2542 = EDGE_LOOP('',(#2543,#2544,#2545,#2553));
#2543 = ORIENTED_EDGE('',*,*,#2520,.F.);
#2544 = ORIENTED_EDGE('',*,*,#1978,.T.);
#2545 = ORIENTED_EDGE('',*,*,#2546,.T.);
#2546 = EDGE_CURVE('',#1969,#2547,#2549,.T.);
#2547 = VERTEX_POINT('',#2548);
#2548 = CARTESIAN_POINT('',(7.5E-02,-2.075,4.8));
#2549 = LINE('',#2550,#2551);
#2550 = CARTESIAN_POINT('',(7.5E-02,-2.075,4.8));
#2551 = VECTOR('',#2552,1.);
#2552 = DIRECTION('',(-0.57735026919,0.57735026919,0.57735026919));
#2553 = ORIENTED_EDGE('',*,*,#2554,.F.);
#2554 = EDGE_CURVE('',#2521,#2547,#2555,.T.);
#2555 = LINE('',#2556,#2557);
#2556 = CARTESIAN_POINT('',(-0.15,-2.075,4.8));
#2557 = VECTOR('',#2558,1.);
#2558 = DIRECTION('',(1.,0.,0.));
#2559 = PLANE('',#2560);
#2560 = AXIS2_PLACEMENT_3D('',#2561,#2562,#2563);
#2561 = CARTESIAN_POINT('',(-0.15,-2.1125,4.7625));
#2562 = DIRECTION('',(0.,0.707106781187,-0.707106781187));
#2563 = DIRECTION('',(-1.,0.,-0.));
#2564 = ADVANCED_FACE('',(#2565),#2576,.T.);
#2565 = FACE_BOUND('',#2566,.T.);
#2566 = EDGE_LOOP('',(#2567,#2568,#2569,#2570));
#2567 = ORIENTED_EDGE('',*,*,#2546,.F.);
#2568 = ORIENTED_EDGE('',*,*,#1995,.T.);
#2569 = ORIENTED_EDGE('',*,*,#2498,.T.);
#2570 = ORIENTED_EDGE('',*,*,#2571,.F.);
#2571 = EDGE_CURVE('',#2547,#2499,#2572,.T.);
#2572 = LINE('',#2573,#2574);
#2573 = CARTESIAN_POINT('',(7.5E-02,-2.15,4.8));
#2574 = VECTOR('',#2575,1.);
#2575 = DIRECTION('',(0.,1.,0.));
#2576 = PLANE('',#2577);
#2577 = AXIS2_PLACEMENT_3D('',#2578,#2579,#2580);
#2578 = CARTESIAN_POINT('',(0.1125,-2.15,4.7625));
#2579 = DIRECTION('',(0.707106781187,0.,0.707106781187));
#2580 = DIRECTION('',(-0.,1.,0.));
#2581 = ADVANCED_FACE('',(#2582),#2588,.F.);
#2582 = FACE_BOUND('',#2583,.F.);
#2583 = EDGE_LOOP('',(#2584,#2585,#2586,#2587));
#2584 = ORIENTED_EDGE('',*,*,#2026,.T.);
#2585 = ORIENTED_EDGE('',*,*,#2050,.F.);
#2586 = ORIENTED_EDGE('',*,*,#2074,.F.);
#2587 = ORIENTED_EDGE('',*,*,#2091,.T.);
#2588 = PLANE('',#2589);
#2589 = AXIS2_PLACEMENT_3D('',#2590,#2591,#2592);
#2590 = CARTESIAN_POINT('',(-0.15,-0.15,-3.));
#2591 = DIRECTION('',(0.,0.,1.));
#2592 = DIRECTION('',(1.,0.,-0.));
#2593 = ADVANCED_FACE('',(#2594),#2600,.F.);
#2594 = FACE_BOUND('',#2595,.F.);
#2595 = EDGE_LOOP('',(#2596,#2597,#2598,#2599));
#2596 = ORIENTED_EDGE('',*,*,#2146,.T.);
#2597 = ORIENTED_EDGE('',*,*,#2170,.F.);
#2598 = ORIENTED_EDGE('',*,*,#2187,.F.);
#2599 = ORIENTED_EDGE('',*,*,#2122,.T.);
#2600 = PLANE('',#2601);
#2601 = AXIS2_PLACEMENT_3D('',#2602,#2603,#2604);
#2602 = CARTESIAN_POINT('',(-0.15,-1.15,-3.));
#2603 = DIRECTION('',(0.,0.,1.));
#2604 = DIRECTION('',(1.,0.,-0.));
#2605 = ADVANCED_FACE('',(#2606),#2612,.F.);
#2606 = FACE_BOUND('',#2607,.F.);
#2607 = EDGE_LOOP('',(#2608,#2609,#2610,#2611));
#2608 = ORIENTED_EDGE('',*,*,#2283,.T.);
#2609 = ORIENTED_EDGE('',*,*,#2218,.F.);
#2610 = ORIENTED_EDGE('',*,*,#2242,.F.);
#2611 = ORIENTED_EDGE('',*,*,#2266,.T.);
#2612 = PLANE('',#2613);
#2613 = AXIS2_PLACEMENT_3D('',#2614,#2615,#2616);
#2614 = CARTESIAN_POINT('',(-0.15,-2.15,-3.));
#2615 = DIRECTION('',(0.,0.,1.));
#2616 = DIRECTION('',(1.,0.,-0.));
#2617 = ADVANCED_FACE('',(#2618),#2624,.T.);
#2618 = FACE_BOUND('',#2619,.T.);
#2619 = EDGE_LOOP('',(#2620,#2621,#2622,#2623));
#2620 = ORIENTED_EDGE('',*,*,#2314,.T.);
#2621 = ORIENTED_EDGE('',*,*,#2338,.F.);
#2622 = ORIENTED_EDGE('',*,*,#2362,.F.);
#2623 = ORIENTED_EDGE('',*,*,#2379,.T.);
#2624 = PLANE('',#2625);
#2625 = AXIS2_PLACEMENT_3D('',#2626,#2627,#2628);
#2626 = CARTESIAN_POINT('',(-0.15,-0.15,4.8));
#2627 = DIRECTION('',(0.,0.,1.));
#2628 = DIRECTION('',(1.,0.,-0.));
#2629 = ADVANCED_FACE('',(#2630),#2636,.T.);
#2630 = FACE_BOUND('',#2631,.T.);
#2631 = EDGE_LOOP('',(#2632,#2633,#2634,#2635));
#2632 = ORIENTED_EDGE('',*,*,#2434,.T.);
#2633 = ORIENTED_EDGE('',*,*,#2458,.F.);
#2634 = ORIENTED_EDGE('',*,*,#2475,.F.);
#2635 = ORIENTED_EDGE('',*,*,#2410,.T.);
#2636 = PLANE('',#2637);
#2637 = AXIS2_PLACEMENT_3D('',#2638,#2639,#2640);
#2638 = CARTESIAN_POINT('',(-0.15,-1.15,4.8));
#2639 = DIRECTION('',(0.,0.,1.));
#2640 = DIRECTION('',(1.,0.,-0.));
#2641 = ADVANCED_FACE('',(#2642),#2648,.T.);
#2642 = FACE_BOUND('',#2643,.T.);
#2643 = EDGE_LOOP('',(#2644,#2645,#2646,#2647));
#2644 = ORIENTED_EDGE('',*,*,#2571,.T.);
#2645 = ORIENTED_EDGE('',*,*,#2506,.F.);
#2646 = ORIENTED_EDGE('',*,*,#2530,.F.);
#2647 = ORIENTED_EDGE('',*,*,#2554,.T.);
#2648 = PLANE('',#2649);
#2649 = AXIS2_PLACEMENT_3D('',#2650,#2651,#2652);
#2650 = CARTESIAN_POINT('',(-0.15,-2.15,4.8));
#2651 = DIRECTION('',(0.,0.,1.));
#2652 = DIRECTION('',(1.,0.,-0.));
#2653 = ( GEOMETRIC_REPRESENTATION_CONTEXT(3) 
GLOBAL_UNCERTAINTY_ASSIGNED_CONTEXT((#2657)) 
GLOBAL_UNIT_ASSIGNED_CONTEXT((#2654,#2655,#2656)) REPRESENTATION_CONTEXT
('Context #1','3D Context with UNIT and UNCERTAINTY') );
#2654 = ( LENGTH_UNIT() NAMED_UNIT(*) SI_UNIT(.MILLI.,.METRE.) );
#2655 = ( NAMED_UNIT(*) PLANE_ANGLE_UNIT() SI_UNIT($,.RADIAN.) );
#2656 = ( NAMED_UNIT(*) SI_UNIT($,.STERADIAN.) SOLID_ANGLE_UNIT() );
#2657 = UNCERTAINTY_MEASURE_WITH_UNIT(LENGTH_MEASURE(1.E-07),#2654,
  'distance_accuracy_value','confusion accuracy');
#2658 = CONTEXT_DEPENDENT_SHAPE_REPRESENTATION(#2659,#2661);
#2659 = ( REPRESENTATION_RELATIONSHIP('','',#546,#523) 
REPRESENTATION_RELATIONSHIP_WITH_TRANSFORMATION(#2660) 
SHAPE_REPRESENTATION_RELATIONSHIP() );
#2660 = ITEM_DEFINED_TRANSFORMATION('','',#11,#524);
#2661 = PRODUCT_DEFINITION_SHAPE('Placement','Placement of an item',
  #2662);
#2662 = NEXT_ASSEMBLY_USAGE_OCCURRENCE('9','=>[0:1:1:5]','',#518,#541,$
  );
#2663 = PRODUCT_RELATED_PRODUCT_CATEGORY('part',$,(#543));
#2664 = CONTEXT_DEPENDENT_SHAPE_REPRESENTATION(#2665,#2667);
#2665 = ( REPRESENTATION_RELATIONSHIP('','',#116,#10) 
REPRESENTATION_RELATIONSHIP_WITH_TRANSFORMATION(#2666) 
SHAPE_REPRESENTATION_RELATIONSHIP() );
#2666 = ITEM_DEFINED_TRANSFORMATION('','',#11,#47);
#2667 = PRODUCT_DEFINITION_SHAPE('Placement','Placement of an item',
  #2668);
#2668 = NEXT_ASSEMBLY_USAGE_OCCURRENCE('11','D19','',#5,#111,$);
#2669 = CONTEXT_DEPENDENT_SHAPE_REPRESENTATION(#2670,#2672);
#2670 = ( REPRESENTATION_RELATIONSHIP('','',#116,#10) 
REPRESENTATION_RELATIONSHIP_WITH_TRANSFORMATION(#2671) 
SHAPE_REPRESENTATION_RELATIONSHIP() );
#2671 = ITEM_DEFINED_TRANSFORMATION('','',#11,#51);
#2672 = PRODUCT_DEFINITION_SHAPE('Placement','Placement of an item',
  #2673);
#2673 = NEXT_ASSEMBLY_USAGE_OCCURRENCE('12','D4','',#5,#111,$);
#2674 = CONTEXT_DEPENDENT_SHAPE_REPRESENTATION(#2675,#2677);
#2675 = ( REPRESENTATION_RELATIONSHIP('','',#116,#10) 
REPRESENTATION_RELATIONSHIP_WITH_TRANSFORMATION(#2676) 
SHAPE_REPRESENTATION_RELATIONSHIP() );
#2676 = ITEM_DEFINED_TRANSFORMATION('','',#11,#55);
#2677 = PRODUCT_DEFINITION_SHAPE('Placement','Placement of an item',
  #2678);
#2678 = NEXT_ASSEMBLY_USAGE_OCCURRENCE('13','D8','',#5,#111,$);
#2679 = CONTEXT_DEPENDENT_SHAPE_REPRESENTATION(#2680,#2682);
#2680 = ( REPRESENTATION_RELATIONSHIP('','',#116,#10) 
REPRESENTATION_RELATIONSHIP_WITH_TRANSFORMATION(#2681) 
SHAPE_REPRESENTATION_RELATIONSHIP() );
#2681 = ITEM_DEFINED_TRANSFORMATION('','',#11,#59);
#2682 = PRODUCT_DEFINITION_SHAPE('Placement','Placement of an item',
  #2683);
#2683 = NEXT_ASSEMBLY_USAGE_OCCURRENCE('14','D6','',#5,#111,$);
#2684 = CONTEXT_DEPENDENT_SHAPE_REPRESENTATION(#2685,#2687);
#2685 = ( REPRESENTATION_RELATIONSHIP('','',#116,#10) 
REPRESENTATION_RELATIONSHIP_WITH_TRANSFORMATION(#2686) 
SHAPE_REPRESENTATION_RELATIONSHIP() );
#2686 = ITEM_DEFINED_TRANSFORMATION('','',#11,#63);
#2687 = PRODUCT_DEFINITION_SHAPE('Placement','Placement of an item',
  #2688);
#2688 = NEXT_ASSEMBLY_USAGE_OCCURRENCE('15','D9','',#5,#111,$);
#2689 = CONTEXT_DEPENDENT_SHAPE_REPRESENTATION(#2690,#2692);
#2690 = ( REPRESENTATION_RELATIONSHIP('','',#116,#10) 
REPRESENTATION_RELATIONSHIP_WITH_TRANSFORMATION(#2691) 
SHAPE_REPRESENTATION_RELATIONSHIP() );
#2691 = ITEM_DEFINED_TRANSFORMATION('','',#11,#67);
#2692 = PRODUCT_DEFINITION_SHAPE('Placement','Placement of an item',
  #2693);
#2693 = NEXT_ASSEMBLY_USAGE_OCCURRENCE('16','D13','',#5,#111,$);
#2694 = CONTEXT_DEPENDENT_SHAPE_REPRESENTATION(#2695,#2697);
#2695 = ( REPRESENTATION_RELATIONSHIP('','',#116,#10) 
REPRESENTATION_RELATIONSHIP_WITH_TRANSFORMATION(#2696) 
SHAPE_REPRESENTATION_RELATIONSHIP() );
#2696 = ITEM_DEFINED_TRANSFORMATION('','',#11,#71);
#2697 = PRODUCT_DEFINITION_SHAPE('Placement','Placement of an item',
  #2698);
#2698 = NEXT_ASSEMBLY_USAGE_OCCURRENCE('17','D3','',#5,#111,$);
#2699 = CONTEXT_DEPENDENT_SHAPE_REPRESENTATION(#2700,#2702);
#2700 = ( REPRESENTATION_RELATIONSHIP('','',#116,#10) 
REPRESENTATION_RELATIONSHIP_WITH_TRANSFORMATION(#2701) 
SHAPE_REPRESENTATION_RELATIONSHIP() );
#2701 = ITEM_DEFINED_TRANSFORMATION('','',#11,#75);
#2702 = PRODUCT_DEFINITION_SHAPE('Placement','Placement of an item',
  #2703);
#2703 = NEXT_ASSEMBLY_USAGE_OCCURRENCE('18','D5','',#5,#111,$);
#2704 = CONTEXT_DEPENDENT_SHAPE_REPRESENTATION(#2705,#2707);
#2705 = ( REPRESENTATION_RELATIONSHIP('','',#116,#10) 
REPRESENTATION_RELATIONSHIP_WITH_TRANSFORMATION(#2706) 
SHAPE_REPRESENTATION_RELATIONSHIP() );
#2706 = ITEM_DEFINED_TRANSFORMATION('','',#11,#79);
#2707 = PRODUCT_DEFINITION_SHAPE('Placement','Placement of an item',
  #2708);
#2708 = NEXT_ASSEMBLY_USAGE_OCCURRENCE('19','D18','',#5,#111,$);
#2709 = CONTEXT_DEPENDENT_SHAPE_REPRESENTATION(#2710,#2712);
#2710 = ( REPRESENTATION_RELATIONSHIP('','',#116,#10) 
REPRESENTATION_RELATIONSHIP_WITH_TRANSFORMATION(#2711) 
SHAPE_REPRESENTATION_RELATIONSHIP() );
#2711 = ITEM_DEFINED_TRANSFORMATION('','',#11,#83);
#2712 = PRODUCT_DEFINITION_SHAPE('Placement','Placement of an item',
  #2713);
#2713 = NEXT_ASSEMBLY_USAGE_OCCURRENCE('20','D16','',#5,#111,$);
#2714 = CONTEXT_DEPENDENT_SHAPE_REPRESENTATION(#2715,#2717);
#2715 = ( REPRESENTATION_RELATIONSHIP('','',#116,#10) 
REPRESENTATION_RELATIONSHIP_WITH_TRANSFORMATION(#2716) 
SHAPE_REPRESENTATION_RELATIONSHIP() );
#2716 = ITEM_DEFINED_TRANSFORMATION('','',#11,#87);
#2717 = PRODUCT_DEFINITION_SHAPE('Placement','Placement of an item',
  #2718);
#2718 = NEXT_ASSEMBLY_USAGE_OCCURRENCE('21','D2','',#5,#111,$);
#2719 = CONTEXT_DEPENDENT_SHAPE_REPRESENTATION(#2720,#2722);
#2720 = ( REPRESENTATION_RELATIONSHIP('','',#116,#10) 
REPRESENTATION_RELATIONSHIP_WITH_TRANSFORMATION(#2721) 
SHAPE_REPRESENTATION_RELATIONSHIP() );
#2721 = ITEM_DEFINED_TRANSFORMATION('','',#11,#91);
#2722 = PRODUCT_DEFINITION_SHAPE('Placement','Placement of an item',
  #2723);
#2723 = NEXT_ASSEMBLY_USAGE_OCCURRENCE('22','D14','',#5,#111,$);
#2724 = CONTEXT_DEPENDENT_SHAPE_REPRESENTATION(#2725,#2727);
#2725 = ( REPRESENTATION_RELATIONSHIP('','',#116,#10) 
REPRESENTATION_RELATIONSHIP_WITH_TRANSFORMATION(#2726) 
SHAPE_REPRESENTATION_RELATIONSHIP() );
#2726 = ITEM_DEFINED_TRANSFORMATION('','',#11,#95);
#2727 = PRODUCT_DEFINITION_SHAPE('Placement','Placement of an item',
  #2728);
#2728 = NEXT_ASSEMBLY_USAGE_OCCURRENCE('23','D15','',#5,#111,$);
#2729 = SHAPE_DEFINITION_REPRESENTATION(#2730,#2736);
#2730 = PRODUCT_DEFINITION_SHAPE('','',#2731);
#2731 = PRODUCT_DEFINITION('design','',#2732,#2735);
#2732 = PRODUCT_DEFINITION_FORMATION('','',#2733);
#2733 = PRODUCT('Calc_PCB','Calc_PCB','',(#2734));
#2734 = PRODUCT_CONTEXT('',#2,'mechanical');
#2735 = PRODUCT_DEFINITION_CONTEXT('part definition',#2,'design');
#2736 = ADVANCED_BREP_SHAPE_REPRESENTATION('',(#11,#2737),#10063);
#2737 = MANIFOLD_SOLID_BREP('',#2738);
#2738 = CLOSED_SHELL('',(#2739,#2779,#2810,#2841,#4882,#6923,#6935,#6952
    ,#6969,#6986,#7003,#7020,#7037,#7054,#7071,#7088,#7105,#7122,#7139,
    #7156,#7173,#7190,#7207,#7224,#7241,#7258,#7275,#7292,#7309,#7326,
    #7343,#7360,#7377,#7394,#7411,#7428,#7445,#7462,#7479,#7496,#7513,
    #7530,#7547,#7564,#7581,#7598,#7615,#7632,#7649,#7666,#7683,#7700,
    #7717,#7734,#7751,#7768,#7785,#7802,#7819,#7836,#7853,#7870,#7887,
    #7904,#7921,#7938,#7955,#7972,#7989,#8006,#8023,#8040,#8057,#8074,
    #8091,#8108,#8125,#8142,#8159,#8176,#8193,#8210,#8227,#8244,#8261,
    #8278,#8295,#8312,#8329,#8346,#8363,#8380,#8397,#8414,#8431,#8448,
    #8465,#8482,#8499,#8516,#8533,#8550,#8567,#8584,#8601,#8618,#8635,
    #8652,#8669,#8686,#8703,#8720,#8737,#8754,#8771,#8788,#8805,#8822,
    #8839,#8856,#8873,#8890,#8907,#8924,#8941,#8958,#8975,#8992,#9009,
    #9026,#9043,#9060,#9077,#9094,#9111,#9128,#9145,#9162,#9179,#9196,
    #9213,#9230,#9247,#9264,#9281,#9298,#9315,#9332,#9349,#9366,#9383,
    #9400,#9417,#9434,#9451,#9468,#9485,#9502,#9519,#9536,#9553,#9570,
    #9587,#9604,#9621,#9638,#9655,#9672,#9689,#9706,#9723,#9740,#9757,
    #9774,#9791,#9808,#9825,#9842,#9859,#9876,#9893,#9910,#9927,#9944,
    #9961,#9978,#9995,#10012,#10029,#10046));
#2739 = ADVANCED_FACE('',(#2740),#2774,.T.);
#2740 = FACE_BOUND('',#2741,.T.);
#2741 = EDGE_LOOP('',(#2742,#2752,#2760,#2768));
#2742 = ORIENTED_EDGE('',*,*,#2743,.T.);
#2743 = EDGE_CURVE('',#2744,#2746,#2748,.T.);
#2744 = VERTEX_POINT('',#2745);
#2745 = CARTESIAN_POINT('',(50.95,-65.000001,0.));
#2746 = VERTEX_POINT('',#2747);
#2747 = CARTESIAN_POINT('',(50.95,-65.000001,1.51));
#2748 = LINE('',#2749,#2750);
#2749 = CARTESIAN_POINT('',(50.95,-65.000001,0.));
#2750 = VECTOR('',#2751,1.);
#2751 = DIRECTION('',(0.,0.,1.));
#2752 = ORIENTED_EDGE('',*,*,#2753,.T.);
#2753 = EDGE_CURVE('',#2746,#2754,#2756,.T.);
#2754 = VERTEX_POINT('',#2755);
#2755 = CARTESIAN_POINT('',(-50.949999,-65.000001,1.51));
#2756 = LINE('',#2757,#2758);
#2757 = CARTESIAN_POINT('',(50.95,-65.000001,1.51));
#2758 = VECTOR('',#2759,1.);
#2759 = DIRECTION('',(-1.,0.,0.));
#2760 = ORIENTED_EDGE('',*,*,#2761,.F.);
#2761 = EDGE_CURVE('',#2762,#2754,#2764,.T.);
#2762 = VERTEX_POINT('',#2763);
#2763 = CARTESIAN_POINT('',(-50.949999,-65.000001,0.));
#2764 = LINE('',#2765,#2766);
#2765 = CARTESIAN_POINT('',(-50.949999,-65.000001,0.));
#2766 = VECTOR('',#2767,1.);
#2767 = DIRECTION('',(0.,0.,1.));
#2768 = ORIENTED_EDGE('',*,*,#2769,.F.);
#2769 = EDGE_CURVE('',#2744,#2762,#2770,.T.);
#2770 = LINE('',#2771,#2772);
#2771 = CARTESIAN_POINT('',(50.95,-65.000001,0.));
#2772 = VECTOR('',#2773,1.);
#2773 = DIRECTION('',(-1.,0.,0.));
#2774 = PLANE('',#2775);
#2775 = AXIS2_PLACEMENT_3D('',#2776,#2777,#2778);
#2776 = CARTESIAN_POINT('',(50.95,-65.000001,0.));
#2777 = DIRECTION('',(0.,-1.,0.));
#2778 = DIRECTION('',(-1.,0.,0.));
#2779 = ADVANCED_FACE('',(#2780),#2805,.T.);
#2780 = FACE_BOUND('',#2781,.T.);
#2781 = EDGE_LOOP('',(#2782,#2792,#2798,#2799));
#2782 = ORIENTED_EDGE('',*,*,#2783,.T.);
#2783 = EDGE_CURVE('',#2784,#2786,#2788,.T.);
#2784 = VERTEX_POINT('',#2785);
#2785 = CARTESIAN_POINT('',(50.95,65.,0.));
#2786 = VERTEX_POINT('',#2787);
#2787 = CARTESIAN_POINT('',(50.95,65.,1.51));
#2788 = LINE('',#2789,#2790);
#2789 = CARTESIAN_POINT('',(50.95,65.,0.));
#2790 = VECTOR('',#2791,1.);
#2791 = DIRECTION('',(0.,0.,1.));
#2792 = ORIENTED_EDGE('',*,*,#2793,.T.);
#2793 = EDGE_CURVE('',#2786,#2746,#2794,.T.);
#2794 = LINE('',#2795,#2796);
#2795 = CARTESIAN_POINT('',(50.95,65.,1.51));
#2796 = VECTOR('',#2797,1.);
#2797 = DIRECTION('',(0.,-1.,0.));
#2798 = ORIENTED_EDGE('',*,*,#2743,.F.);
#2799 = ORIENTED_EDGE('',*,*,#2800,.F.);
#2800 = EDGE_CURVE('',#2784,#2744,#2801,.T.);
#2801 = LINE('',#2802,#2803);
#2802 = CARTESIAN_POINT('',(50.95,65.,0.));
#2803 = VECTOR('',#2804,1.);
#2804 = DIRECTION('',(0.,-1.,0.));
#2805 = PLANE('',#2806);
#2806 = AXIS2_PLACEMENT_3D('',#2807,#2808,#2809);
#2807 = CARTESIAN_POINT('',(50.95,65.,0.));
#2808 = DIRECTION('',(1.,0.,-0.));
#2809 = DIRECTION('',(0.,-1.,0.));
#2810 = ADVANCED_FACE('',(#2811),#2836,.T.);
#2811 = FACE_BOUND('',#2812,.T.);
#2812 = EDGE_LOOP('',(#2813,#2814,#2822,#2830));
#2813 = ORIENTED_EDGE('',*,*,#2761,.T.);
#2814 = ORIENTED_EDGE('',*,*,#2815,.T.);
#2815 = EDGE_CURVE('',#2754,#2816,#2818,.T.);
#2816 = VERTEX_POINT('',#2817);
#2817 = CARTESIAN_POINT('',(-50.949999,65.,1.51));
#2818 = LINE('',#2819,#2820);
#2819 = CARTESIAN_POINT('',(-50.949999,-65.000001,1.51));
#2820 = VECTOR('',#2821,1.);
#2821 = DIRECTION('',(0.,1.,0.));
#2822 = ORIENTED_EDGE('',*,*,#2823,.F.);
#2823 = EDGE_CURVE('',#2824,#2816,#2826,.T.);
#2824 = VERTEX_POINT('',#2825);
#2825 = CARTESIAN_POINT('',(-50.949999,65.,0.));
#2826 = LINE('',#2827,#2828);
#2827 = CARTESIAN_POINT('',(-50.949999,65.,0.));
#2828 = VECTOR('',#2829,1.);
#2829 = DIRECTION('',(0.,0.,1.));
#2830 = ORIENTED_EDGE('',*,*,#2831,.F.);
#2831 = EDGE_CURVE('',#2762,#2824,#2832,.T.);
#2832 = LINE('',#2833,#2834);
#2833 = CARTESIAN_POINT('',(-50.949999,-65.000001,0.));
#2834 = VECTOR('',#2835,1.);
#2835 = DIRECTION('',(0.,1.,0.));
#2836 = PLANE('',#2837);
#2837 = AXIS2_PLACEMENT_3D('',#2838,#2839,#2840);
#2838 = CARTESIAN_POINT('',(-50.949999,-65.000001,0.));
#2839 = DIRECTION('',(-1.,0.,0.));
#2840 = DIRECTION('',(0.,1.,0.));
#2841 = ADVANCED_FACE('',(#2842,#2853,#2864,#2875,#2886,#2897,#2908,
    #2919,#2930,#2941,#2952,#2963,#2974,#2985,#2996,#3007,#3018,#3029,
    #3040,#3051,#3062,#3073,#3084,#3095,#3106,#3117,#3128,#3139,#3150,
    #3161,#3172,#3183,#3194,#3205,#3216,#3227,#3238,#3249,#3260,#3271,
    #3282,#3293,#3304,#3315,#3326,#3337,#3348,#3359,#3370,#3381,#3392,
    #3403,#3414,#3425,#3436,#3447,#3458,#3469,#3480,#3491,#3502,#3513,
    #3524,#3535,#3546,#3557,#3568,#3579,#3590,#3601,#3612,#3623,#3634,
    #3645,#3656,#3667,#3678,#3689,#3700,#3711,#3722,#3733,#3744,#3755,
    #3766,#3777,#3788,#3799,#3810,#3821,#3832,#3843,#3854,#3865,#3876,
    #3887,#3898,#3909,#3920,#3931,#3942,#3953,#3964,#3975,#3986,#3997,
    #4008,#4019,#4030,#4041,#4052,#4063,#4074,#4085,#4096,#4107,#4118,
    #4129,#4140,#4151,#4162,#4173,#4184,#4195,#4206,#4217,#4228,#4239,
    #4250,#4261,#4272,#4283,#4294,#4305,#4316,#4327,#4338,#4349,#4360,
    #4371,#4382,#4393,#4404,#4415,#4426,#4437,#4448,#4459,#4470,#4481,
    #4492,#4503,#4514,#4525,#4536,#4547,#4558,#4569,#4580,#4591,#4602,
    #4613,#4624,#4635,#4646,#4657,#4668,#4679,#4690,#4701,#4712,#4723,
    #4734,#4745,#4756,#4767,#4778,#4789,#4800,#4811,#4822,#4833,#4844,
    #4855,#4866),#4877,.F.);
#2842 = FACE_BOUND('',#2843,.F.);
#2843 = EDGE_LOOP('',(#2844,#2845,#2846,#2852));
#2844 = ORIENTED_EDGE('',*,*,#2769,.F.);
#2845 = ORIENTED_EDGE('',*,*,#2800,.F.);
#2846 = ORIENTED_EDGE('',*,*,#2847,.F.);
#2847 = EDGE_CURVE('',#2824,#2784,#2848,.T.);
#2848 = LINE('',#2849,#2850);
#2849 = CARTESIAN_POINT('',(-50.949999,65.,0.));
#2850 = VECTOR('',#2851,1.);
#2851 = DIRECTION('',(1.,0.,0.));
#2852 = ORIENTED_EDGE('',*,*,#2831,.F.);
#2853 = FACE_BOUND('',#2854,.F.);
#2854 = EDGE_LOOP('',(#2855));
#2855 = ORIENTED_EDGE('',*,*,#2856,.T.);
#2856 = EDGE_CURVE('',#2857,#2857,#2859,.T.);
#2857 = VERTEX_POINT('',#2858);
#2858 = CARTESIAN_POINT('',(-45.409399,-51.519401,0.));
#2859 = CIRCLE('',#2860,0.45);
#2860 = AXIS2_PLACEMENT_3D('',#2861,#2862,#2863);
#2861 = CARTESIAN_POINT('',(-45.409399,-51.069401,0.));
#2862 = DIRECTION('',(-0.,0.,-1.));
#2863 = DIRECTION('',(-0.,-1.,0.));
#2864 = FACE_BOUND('',#2865,.F.);
#2865 = EDGE_LOOP('',(#2866));
#2866 = ORIENTED_EDGE('',*,*,#2867,.T.);
#2867 = EDGE_CURVE('',#2868,#2868,#2870,.T.);
#2868 = VERTEX_POINT('',#2869);
#2869 = CARTESIAN_POINT('',(-45.409399,-47.269401,0.));
#2870 = CIRCLE('',#2871,0.45);
#2871 = AXIS2_PLACEMENT_3D('',#2872,#2873,#2874);
#2872 = CARTESIAN_POINT('',(-45.409399,-46.819401,0.));
#2873 = DIRECTION('',(-0.,0.,-1.));
#2874 = DIRECTION('',(-0.,-1.,0.));
#2875 = FACE_BOUND('',#2876,.F.);
#2876 = EDGE_LOOP('',(#2877));
#2877 = ORIENTED_EDGE('',*,*,#2878,.T.);
#2878 = EDGE_CURVE('',#2879,#2879,#2881,.T.);
#2879 = VERTEX_POINT('',#2880);
#2880 = CARTESIAN_POINT('',(-45.409399,-43.019401,0.));
#2881 = CIRCLE('',#2882,0.45);
#2882 = AXIS2_PLACEMENT_3D('',#2883,#2884,#2885);
#2883 = CARTESIAN_POINT('',(-45.409399,-42.569401,0.));
#2884 = DIRECTION('',(-0.,0.,-1.));
#2885 = DIRECTION('',(-0.,-1.,0.));
#2886 = FACE_BOUND('',#2887,.F.);
#2887 = EDGE_LOOP('',(#2888));
#2888 = ORIENTED_EDGE('',*,*,#2889,.T.);
#2889 = EDGE_CURVE('',#2890,#2890,#2892,.T.);
#2890 = VERTEX_POINT('',#2891);
#2891 = CARTESIAN_POINT('',(-32.709399,-51.519401,0.));
#2892 = CIRCLE('',#2893,0.45);
#2893 = AXIS2_PLACEMENT_3D('',#2894,#2895,#2896);
#2894 = CARTESIAN_POINT('',(-32.709399,-51.069401,0.));
#2895 = DIRECTION('',(-0.,0.,-1.));
#2896 = DIRECTION('',(1.578983857245E-14,-1.,-0.));
#2897 = FACE_BOUND('',#2898,.F.);
#2898 = EDGE_LOOP('',(#2899));
#2899 = ORIENTED_EDGE('',*,*,#2900,.T.);
#2900 = EDGE_CURVE('',#2901,#2901,#2903,.T.);
#2901 = VERTEX_POINT('',#2902);
#2902 = CARTESIAN_POINT('',(-32.709399,-47.269401,0.));
#2903 = CIRCLE('',#2904,0.45);
#2904 = AXIS2_PLACEMENT_3D('',#2905,#2906,#2907);
#2905 = CARTESIAN_POINT('',(-32.709399,-46.819401,0.));
#2906 = DIRECTION('',(-0.,0.,-1.));
#2907 = DIRECTION('',(1.578983857245E-14,-1.,-0.));
#2908 = FACE_BOUND('',#2909,.F.);
#2909 = EDGE_LOOP('',(#2910));
#2910 = ORIENTED_EDGE('',*,*,#2911,.T.);
#2911 = EDGE_CURVE('',#2912,#2912,#2914,.T.);
#2912 = VERTEX_POINT('',#2913);
#2913 = CARTESIAN_POINT('',(-24.999399,-51.539401,0.));
#2914 = CIRCLE('',#2915,0.85);
#2915 = AXIS2_PLACEMENT_3D('',#2916,#2917,#2918);
#2916 = CARTESIAN_POINT('',(-24.999399,-50.689401,0.));
#2917 = DIRECTION('',(-0.,0.,-1.));
#2918 = DIRECTION('',(-4.17966315153E-15,-1.,0.));
#2919 = FACE_BOUND('',#2920,.F.);
#2920 = EDGE_LOOP('',(#2921));
#2921 = ORIENTED_EDGE('',*,*,#2922,.T.);
#2922 = EDGE_CURVE('',#2923,#2923,#2925,.T.);
#2923 = VERTEX_POINT('',#2924);
#2924 = CARTESIAN_POINT('',(-23.729399,-48.899401,0.));
#2925 = CIRCLE('',#2926,0.75);
#2926 = AXIS2_PLACEMENT_3D('',#2927,#2928,#2929);
#2927 = CARTESIAN_POINT('',(-23.729399,-48.149401,0.));
#2928 = DIRECTION('',(-0.,0.,-1.));
#2929 = DIRECTION('',(-0.,-1.,0.));
#2930 = FACE_BOUND('',#2931,.F.);
#2931 = EDGE_LOOP('',(#2932));
#2932 = ORIENTED_EDGE('',*,*,#2933,.T.);
#2933 = EDGE_CURVE('',#2934,#2934,#2936,.T.);
#2934 = VERTEX_POINT('',#2935);
#2935 = CARTESIAN_POINT('',(-32.709399,-43.019401,0.));
#2936 = CIRCLE('',#2937,0.45);
#2937 = AXIS2_PLACEMENT_3D('',#2938,#2939,#2940);
#2938 = CARTESIAN_POINT('',(-32.709399,-42.569401,0.));
#2939 = DIRECTION('',(-0.,0.,-1.));
#2940 = DIRECTION('',(1.578983857245E-14,-1.,-0.));
#2941 = FACE_BOUND('',#2942,.F.);
#2942 = EDGE_LOOP('',(#2943));
#2943 = ORIENTED_EDGE('',*,*,#2944,.T.);
#2944 = EDGE_CURVE('',#2945,#2945,#2947,.T.);
#2945 = VERTEX_POINT('',#2946);
#2946 = CARTESIAN_POINT('',(-29.968399,-43.962101,0.));
#2947 = CIRCLE('',#2948,0.15);
#2948 = AXIS2_PLACEMENT_3D('',#2949,#2950,#2951);
#2949 = CARTESIAN_POINT('',(-29.968399,-43.812101,0.));
#2950 = DIRECTION('',(-0.,0.,-1.));
#2951 = DIRECTION('',(-2.368475785867E-14,-1.,0.));
#2952 = FACE_BOUND('',#2953,.F.);
#2953 = EDGE_LOOP('',(#2954));
#2954 = ORIENTED_EDGE('',*,*,#2955,.T.);
#2955 = EDGE_CURVE('',#2956,#2956,#2958,.T.);
#2956 = VERTEX_POINT('',#2957);
#2957 = CARTESIAN_POINT('',(-45.409399,-38.769401,0.));
#2958 = CIRCLE('',#2959,0.45);
#2959 = AXIS2_PLACEMENT_3D('',#2960,#2961,#2962);
#2960 = CARTESIAN_POINT('',(-45.409399,-38.319401,0.));
#2961 = DIRECTION('',(-0.,0.,-1.));
#2962 = DIRECTION('',(-0.,-1.,0.));
#2963 = FACE_BOUND('',#2964,.F.);
#2964 = EDGE_LOOP('',(#2965));
#2965 = ORIENTED_EDGE('',*,*,#2966,.T.);
#2966 = EDGE_CURVE('',#2967,#2967,#2969,.T.);
#2967 = VERTEX_POINT('',#2968);
#2968 = CARTESIAN_POINT('',(-45.409399,-34.519401,0.));
#2969 = CIRCLE('',#2970,0.45);
#2970 = AXIS2_PLACEMENT_3D('',#2971,#2972,#2973);
#2971 = CARTESIAN_POINT('',(-45.409399,-34.069401,0.));
#2972 = DIRECTION('',(-0.,0.,-1.));
#2973 = DIRECTION('',(-0.,-1.,0.));
#2974 = FACE_BOUND('',#2975,.F.);
#2975 = EDGE_LOOP('',(#2976));
#2976 = ORIENTED_EDGE('',*,*,#2977,.T.);
#2977 = EDGE_CURVE('',#2978,#2978,#2980,.T.);
#2978 = VERTEX_POINT('',#2979);
#2979 = CARTESIAN_POINT('',(-45.409399,-30.269401,0.));
#2980 = CIRCLE('',#2981,0.45);
#2981 = AXIS2_PLACEMENT_3D('',#2982,#2983,#2984);
#2982 = CARTESIAN_POINT('',(-45.409399,-29.819401,0.));
#2983 = DIRECTION('',(-0.,0.,-1.));
#2984 = DIRECTION('',(-0.,-1.,0.));
#2985 = FACE_BOUND('',#2986,.F.);
#2986 = EDGE_LOOP('',(#2987));
#2987 = ORIENTED_EDGE('',*,*,#2988,.T.);
#2988 = EDGE_CURVE('',#2989,#2989,#2991,.T.);
#2989 = VERTEX_POINT('',#2990);
#2990 = CARTESIAN_POINT('',(-32.709399,-38.769401,0.));
#2991 = CIRCLE('',#2992,0.45);
#2992 = AXIS2_PLACEMENT_3D('',#2993,#2994,#2995);
#2993 = CARTESIAN_POINT('',(-32.709399,-38.319401,0.));
#2994 = DIRECTION('',(-0.,0.,-1.));
#2995 = DIRECTION('',(1.578983857245E-14,-1.,-0.));
#2996 = FACE_BOUND('',#2997,.F.);
#2997 = EDGE_LOOP('',(#2998));
#2998 = ORIENTED_EDGE('',*,*,#2999,.T.);
#2999 = EDGE_CURVE('',#3000,#3000,#3002,.T.);
#3000 = VERTEX_POINT('',#3001);
#3001 = CARTESIAN_POINT('',(-32.709399,-34.519401,0.));
#3002 = CIRCLE('',#3003,0.45);
#3003 = AXIS2_PLACEMENT_3D('',#3004,#3005,#3006);
#3004 = CARTESIAN_POINT('',(-32.709399,-34.069401,0.));
#3005 = DIRECTION('',(-0.,0.,-1.));
#3006 = DIRECTION('',(1.578983857245E-14,-1.,-0.));
#3007 = FACE_BOUND('',#3008,.F.);
#3008 = EDGE_LOOP('',(#3009));
#3009 = ORIENTED_EDGE('',*,*,#3010,.T.);
#3010 = EDGE_CURVE('',#3011,#3011,#3013,.T.);
#3011 = VERTEX_POINT('',#3012);
#3012 = CARTESIAN_POINT('',(-24.999399,-32.539401,0.));
#3013 = CIRCLE('',#3014,0.85);
#3014 = AXIS2_PLACEMENT_3D('',#3015,#3016,#3017);
#3015 = CARTESIAN_POINT('',(-24.999399,-31.689401,0.));
#3016 = DIRECTION('',(-0.,0.,-1.));
#3017 = DIRECTION('',(-4.17966315153E-15,-1.,0.));
#3018 = FACE_BOUND('',#3019,.F.);
#3019 = EDGE_LOOP('',(#3020));
#3020 = ORIENTED_EDGE('',*,*,#3021,.T.);
#3021 = EDGE_CURVE('',#3022,#3022,#3024,.T.);
#3022 = VERTEX_POINT('',#3023);
#3023 = CARTESIAN_POINT('',(-32.709399,-30.269401,0.));
#3024 = CIRCLE('',#3025,0.45);
#3025 = AXIS2_PLACEMENT_3D('',#3026,#3027,#3028);
#3026 = CARTESIAN_POINT('',(-32.709399,-29.819401,0.));
#3027 = DIRECTION('',(-0.,0.,-1.));
#3028 = DIRECTION('',(1.578983857245E-14,-1.,-0.));
#3029 = FACE_BOUND('',#3030,.F.);
#3030 = EDGE_LOOP('',(#3031));
#3031 = ORIENTED_EDGE('',*,*,#3032,.T.);
#3032 = EDGE_CURVE('',#3033,#3033,#3035,.T.);
#3033 = VERTEX_POINT('',#3034);
#3034 = CARTESIAN_POINT('',(-23.729399,-29.899401,0.));
#3035 = CIRCLE('',#3036,0.75);
#3036 = AXIS2_PLACEMENT_3D('',#3037,#3038,#3039);
#3037 = CARTESIAN_POINT('',(-23.729399,-29.149401,0.));
#3038 = DIRECTION('',(-0.,0.,-1.));
#3039 = DIRECTION('',(-0.,-1.,0.));
#3040 = FACE_BOUND('',#3041,.F.);
#3041 = EDGE_LOOP('',(#3042));
#3042 = ORIENTED_EDGE('',*,*,#3043,.T.);
#3043 = EDGE_CURVE('',#3044,#3044,#3046,.T.);
#3044 = VERTEX_POINT('',#3045);
#3045 = CARTESIAN_POINT('',(-19.919399,-52.689401,0.));
#3046 = CIRCLE('',#3047,2.);
#3047 = AXIS2_PLACEMENT_3D('',#3048,#3049,#3050);
#3048 = CARTESIAN_POINT('',(-19.919399,-50.689401,0.));
#3049 = DIRECTION('',(-0.,0.,-1.));
#3050 = DIRECTION('',(-0.,-1.,0.));
#3051 = FACE_BOUND('',#3052,.F.);
#3052 = EDGE_LOOP('',(#3053));
#3053 = ORIENTED_EDGE('',*,*,#3054,.T.);
#3054 = EDGE_CURVE('',#3055,#3055,#3057,.T.);
#3055 = VERTEX_POINT('',#3056);
#3056 = CARTESIAN_POINT('',(-14.839399,-51.539401,0.));
#3057 = CIRCLE('',#3058,0.85);
#3058 = AXIS2_PLACEMENT_3D('',#3059,#3060,#3061);
#3059 = CARTESIAN_POINT('',(-14.839399,-50.689401,0.));
#3060 = DIRECTION('',(-0.,0.,-1.));
#3061 = DIRECTION('',(-0.,-1.,0.));
#3062 = FACE_BOUND('',#3063,.F.);
#3063 = EDGE_LOOP('',(#3064));
#3064 = ORIENTED_EDGE('',*,*,#3065,.T.);
#3065 = EDGE_CURVE('',#3066,#3066,#3068,.T.);
#3066 = VERTEX_POINT('',#3067);
#3067 = CARTESIAN_POINT('',(-17.379399,-46.359401,0.));
#3068 = CIRCLE('',#3069,0.75);
#3069 = AXIS2_PLACEMENT_3D('',#3070,#3071,#3072);
#3070 = CARTESIAN_POINT('',(-17.379399,-45.609401,0.));
#3071 = DIRECTION('',(-0.,0.,-1.));
#3072 = DIRECTION('',(-0.,-1.,0.));
#3073 = FACE_BOUND('',#3074,.F.);
#3074 = EDGE_LOOP('',(#3075));
#3075 = ORIENTED_EDGE('',*,*,#3076,.T.);
#3076 = EDGE_CURVE('',#3077,#3077,#3079,.T.);
#3077 = VERTEX_POINT('',#3078);
#3078 = CARTESIAN_POINT('',(-5.899399,-51.539401,0.));
#3079 = CIRCLE('',#3080,0.85);
#3080 = AXIS2_PLACEMENT_3D('',#3081,#3082,#3083);
#3081 = CARTESIAN_POINT('',(-5.899399,-50.689401,0.));
#3082 = DIRECTION('',(-0.,0.,-1.));
#3083 = DIRECTION('',(1.044915787883E-15,-1.,-0.));
#3084 = FACE_BOUND('',#3085,.F.);
#3085 = EDGE_LOOP('',(#3086));
#3086 = ORIENTED_EDGE('',*,*,#3087,.T.);
#3087 = EDGE_CURVE('',#3088,#3088,#3090,.T.);
#3088 = VERTEX_POINT('',#3089);
#3089 = CARTESIAN_POINT('',(-0.819399,-52.689401,0.));
#3090 = CIRCLE('',#3091,2.);
#3091 = AXIS2_PLACEMENT_3D('',#3092,#3093,#3094);
#3092 = CARTESIAN_POINT('',(-0.819399,-50.689401,0.));
#3093 = DIRECTION('',(-0.,0.,-1.));
#3094 = DIRECTION('',(1.110223024625E-16,-1.,-0.));
#3095 = FACE_BOUND('',#3096,.F.);
#3096 = EDGE_LOOP('',(#3097));
#3097 = ORIENTED_EDGE('',*,*,#3098,.T.);
#3098 = EDGE_CURVE('',#3099,#3099,#3101,.T.);
#3099 = VERTEX_POINT('',#3100);
#3100 = CARTESIAN_POINT('',(-4.629399,-48.899401,0.));
#3101 = CIRCLE('',#3102,0.75);
#3102 = AXIS2_PLACEMENT_3D('',#3103,#3104,#3105);
#3103 = CARTESIAN_POINT('',(-4.629399,-48.149401,0.));
#3104 = DIRECTION('',(-0.,0.,-1.));
#3105 = DIRECTION('',(-0.,-1.,0.));
#3106 = FACE_BOUND('',#3107,.F.);
#3107 = EDGE_LOOP('',(#3108));
#3108 = ORIENTED_EDGE('',*,*,#3109,.T.);
#3109 = EDGE_CURVE('',#3110,#3110,#3112,.T.);
#3110 = VERTEX_POINT('',#3111);
#3111 = CARTESIAN_POINT('',(-19.919399,-33.689401,0.));
#3112 = CIRCLE('',#3113,2.);
#3113 = AXIS2_PLACEMENT_3D('',#3114,#3115,#3116);
#3114 = CARTESIAN_POINT('',(-19.919399,-31.689401,0.));
#3115 = DIRECTION('',(-0.,0.,-1.));
#3116 = DIRECTION('',(-0.,-1.,0.));
#3117 = FACE_BOUND('',#3118,.F.);
#3118 = EDGE_LOOP('',(#3119));
#3119 = ORIENTED_EDGE('',*,*,#3120,.T.);
#3120 = EDGE_CURVE('',#3121,#3121,#3123,.T.);
#3121 = VERTEX_POINT('',#3122);
#3122 = CARTESIAN_POINT('',(-14.839399,-32.539401,0.));
#3123 = CIRCLE('',#3124,0.85);
#3124 = AXIS2_PLACEMENT_3D('',#3125,#3126,#3127);
#3125 = CARTESIAN_POINT('',(-14.839399,-31.689401,0.));
#3126 = DIRECTION('',(-0.,0.,-1.));
#3127 = DIRECTION('',(-0.,-1.,0.));
#3128 = FACE_BOUND('',#3129,.F.);
#3129 = EDGE_LOOP('',(#3130));
#3130 = ORIENTED_EDGE('',*,*,#3131,.T.);
#3131 = EDGE_CURVE('',#3132,#3132,#3134,.T.);
#3132 = VERTEX_POINT('',#3133);
#3133 = CARTESIAN_POINT('',(-17.379399,-27.359401,0.));
#3134 = CIRCLE('',#3135,0.75);
#3135 = AXIS2_PLACEMENT_3D('',#3136,#3137,#3138);
#3136 = CARTESIAN_POINT('',(-17.379399,-26.609401,0.));
#3137 = DIRECTION('',(-0.,0.,-1.));
#3138 = DIRECTION('',(-0.,-1.,0.));
#3139 = FACE_BOUND('',#3140,.F.);
#3140 = EDGE_LOOP('',(#3141));
#3141 = ORIENTED_EDGE('',*,*,#3142,.T.);
#3142 = EDGE_CURVE('',#3143,#3143,#3145,.T.);
#3143 = VERTEX_POINT('',#3144);
#3144 = CARTESIAN_POINT('',(-5.899399,-32.539401,0.));
#3145 = CIRCLE('',#3146,0.85);
#3146 = AXIS2_PLACEMENT_3D('',#3147,#3148,#3149);
#3147 = CARTESIAN_POINT('',(-5.899399,-31.689401,0.));
#3148 = DIRECTION('',(-0.,0.,-1.));
#3149 = DIRECTION('',(1.044915787883E-15,-1.,-0.));
#3150 = FACE_BOUND('',#3151,.F.);
#3151 = EDGE_LOOP('',(#3152));
#3152 = ORIENTED_EDGE('',*,*,#3153,.T.);
#3153 = EDGE_CURVE('',#3154,#3154,#3156,.T.);
#3154 = VERTEX_POINT('',#3155);
#3155 = CARTESIAN_POINT('',(-0.819399,-33.689401,0.));
#3156 = CIRCLE('',#3157,2.);
#3157 = AXIS2_PLACEMENT_3D('',#3158,#3159,#3160);
#3158 = CARTESIAN_POINT('',(-0.819399,-31.689401,0.));
#3159 = DIRECTION('',(-0.,0.,-1.));
#3160 = DIRECTION('',(-0.,-1.,0.));
#3161 = FACE_BOUND('',#3162,.F.);
#3162 = EDGE_LOOP('',(#3163));
#3163 = ORIENTED_EDGE('',*,*,#3164,.T.);
#3164 = EDGE_CURVE('',#3165,#3165,#3167,.T.);
#3165 = VERTEX_POINT('',#3166);
#3166 = CARTESIAN_POINT('',(-4.629399,-29.899401,0.));
#3167 = CIRCLE('',#3168,0.75);
#3168 = AXIS2_PLACEMENT_3D('',#3169,#3170,#3171);
#3169 = CARTESIAN_POINT('',(-4.629399,-29.149401,0.));
#3170 = DIRECTION('',(-0.,0.,-1.));
#3171 = DIRECTION('',(-0.,-1.,0.));
#3172 = FACE_BOUND('',#3173,.F.);
#3173 = EDGE_LOOP('',(#3174));
#3174 = ORIENTED_EDGE('',*,*,#3175,.T.);
#3175 = EDGE_CURVE('',#3176,#3176,#3178,.T.);
#3176 = VERTEX_POINT('',#3177);
#3177 = CARTESIAN_POINT('',(-45.289399,-24.239401,0.));
#3178 = CIRCLE('',#3179,0.45);
#3179 = AXIS2_PLACEMENT_3D('',#3180,#3181,#3182);
#3180 = CARTESIAN_POINT('',(-45.289399,-23.789401,0.));
#3181 = DIRECTION('',(-0.,0.,-1.));
#3182 = DIRECTION('',(-0.,-1.,0.));
#3183 = FACE_BOUND('',#3184,.F.);
#3184 = EDGE_LOOP('',(#3185));
#3185 = ORIENTED_EDGE('',*,*,#3186,.T.);
#3186 = EDGE_CURVE('',#3187,#3187,#3189,.T.);
#3187 = VERTEX_POINT('',#3188);
#3188 = CARTESIAN_POINT('',(-45.389399,-19.439401,0.));
#3189 = CIRCLE('',#3190,0.45);
#3190 = AXIS2_PLACEMENT_3D('',#3191,#3192,#3193);
#3191 = CARTESIAN_POINT('',(-45.389399,-18.989401,0.));
#3192 = DIRECTION('',(-0.,0.,-1.));
#3193 = DIRECTION('',(-0.,-1.,0.));
#3194 = FACE_BOUND('',#3195,.F.);
#3195 = EDGE_LOOP('',(#3196));
#3196 = ORIENTED_EDGE('',*,*,#3197,.T.);
#3197 = EDGE_CURVE('',#3198,#3198,#3200,.T.);
#3198 = VERTEX_POINT('',#3199);
#3199 = CARTESIAN_POINT('',(-45.389399,-15.389401,0.));
#3200 = CIRCLE('',#3201,0.45);
#3201 = AXIS2_PLACEMENT_3D('',#3202,#3203,#3204);
#3202 = CARTESIAN_POINT('',(-45.389399,-14.939401,0.));
#3203 = DIRECTION('',(-0.,0.,-1.));
#3204 = DIRECTION('',(-0.,-1.,0.));
#3205 = FACE_BOUND('',#3206,.F.);
#3206 = EDGE_LOOP('',(#3207));
#3207 = ORIENTED_EDGE('',*,*,#3208,.T.);
#3208 = EDGE_CURVE('',#3209,#3209,#3211,.T.);
#3209 = VERTEX_POINT('',#3210);
#3210 = CARTESIAN_POINT('',(-45.389399,-11.139401,0.));
#3211 = CIRCLE('',#3212,0.45);
#3212 = AXIS2_PLACEMENT_3D('',#3213,#3214,#3215);
#3213 = CARTESIAN_POINT('',(-45.389399,-10.689401,0.));
#3214 = DIRECTION('',(-0.,0.,-1.));
#3215 = DIRECTION('',(-0.,-1.,0.));
#3216 = FACE_BOUND('',#3217,.F.);
#3217 = EDGE_LOOP('',(#3218));
#3218 = ORIENTED_EDGE('',*,*,#3219,.T.);
#3219 = EDGE_CURVE('',#3220,#3220,#3222,.T.);
#3220 = VERTEX_POINT('',#3221);
#3221 = CARTESIAN_POINT('',(-32.589399,-24.239401,0.));
#3222 = CIRCLE('',#3223,0.45);
#3223 = AXIS2_PLACEMENT_3D('',#3224,#3225,#3226);
#3224 = CARTESIAN_POINT('',(-32.589399,-23.789401,0.));
#3225 = DIRECTION('',(-0.,0.,-1.));
#3226 = DIRECTION('',(-0.,-1.,0.));
#3227 = FACE_BOUND('',#3228,.F.);
#3228 = EDGE_LOOP('',(#3229));
#3229 = ORIENTED_EDGE('',*,*,#3230,.T.);
#3230 = EDGE_CURVE('',#3231,#3231,#3233,.T.);
#3231 = VERTEX_POINT('',#3232);
#3232 = CARTESIAN_POINT('',(-33.679899,-22.210101,0.));
#3233 = CIRCLE('',#3234,0.15);
#3234 = AXIS2_PLACEMENT_3D('',#3235,#3236,#3237);
#3235 = CARTESIAN_POINT('',(-33.679899,-22.060101,0.));
#3236 = DIRECTION('',(-0.,0.,-1.));
#3237 = DIRECTION('',(-0.,-1.,0.));
#3238 = FACE_BOUND('',#3239,.F.);
#3239 = EDGE_LOOP('',(#3240));
#3240 = ORIENTED_EDGE('',*,*,#3241,.T.);
#3241 = EDGE_CURVE('',#3242,#3242,#3244,.T.);
#3242 = VERTEX_POINT('',#3243);
#3243 = CARTESIAN_POINT('',(-32.689399,-19.439401,0.));
#3244 = CIRCLE('',#3245,0.45);
#3245 = AXIS2_PLACEMENT_3D('',#3246,#3247,#3248);
#3246 = CARTESIAN_POINT('',(-32.689399,-18.989401,0.));
#3247 = DIRECTION('',(-0.,0.,-1.));
#3248 = DIRECTION('',(-1.578983857245E-14,-1.,0.));
#3249 = FACE_BOUND('',#3250,.F.);
#3250 = EDGE_LOOP('',(#3251));
#3251 = ORIENTED_EDGE('',*,*,#3252,.T.);
#3252 = EDGE_CURVE('',#3253,#3253,#3255,.T.);
#3253 = VERTEX_POINT('',#3254);
#3254 = CARTESIAN_POINT('',(-32.689399,-15.389401,0.));
#3255 = CIRCLE('',#3256,0.45);
#3256 = AXIS2_PLACEMENT_3D('',#3257,#3258,#3259);
#3257 = CARTESIAN_POINT('',(-32.689399,-14.939401,0.));
#3258 = DIRECTION('',(-0.,0.,-1.));
#3259 = DIRECTION('',(-1.578983857245E-14,-1.,0.));
#3260 = FACE_BOUND('',#3261,.F.);
#3261 = EDGE_LOOP('',(#3262));
#3262 = ORIENTED_EDGE('',*,*,#3263,.T.);
#3263 = EDGE_CURVE('',#3264,#3264,#3266,.T.);
#3264 = VERTEX_POINT('',#3265);
#3265 = CARTESIAN_POINT('',(-32.689399,-11.139401,0.));
#3266 = CIRCLE('',#3267,0.45);
#3267 = AXIS2_PLACEMENT_3D('',#3268,#3269,#3270);
#3268 = CARTESIAN_POINT('',(-32.689399,-10.689401,0.));
#3269 = DIRECTION('',(-0.,0.,-1.));
#3270 = DIRECTION('',(-1.578983857245E-14,-1.,0.));
#3271 = FACE_BOUND('',#3272,.F.);
#3272 = EDGE_LOOP('',(#3273));
#3273 = ORIENTED_EDGE('',*,*,#3274,.T.);
#3274 = EDGE_CURVE('',#3275,#3275,#3277,.T.);
#3275 = VERTEX_POINT('',#3276);
#3276 = CARTESIAN_POINT('',(-24.999399,-13.539401,0.));
#3277 = CIRCLE('',#3278,0.85);
#3278 = AXIS2_PLACEMENT_3D('',#3279,#3280,#3281);
#3279 = CARTESIAN_POINT('',(-24.999399,-12.689401,0.));
#3280 = DIRECTION('',(-0.,0.,-1.));
#3281 = DIRECTION('',(-4.17966315153E-15,-1.,0.));
#3282 = FACE_BOUND('',#3283,.F.);
#3283 = EDGE_LOOP('',(#3284));
#3284 = ORIENTED_EDGE('',*,*,#3285,.T.);
#3285 = EDGE_CURVE('',#3286,#3286,#3288,.T.);
#3286 = VERTEX_POINT('',#3287);
#3287 = CARTESIAN_POINT('',(-45.389399,-6.889401,0.));
#3288 = CIRCLE('',#3289,0.45);
#3289 = AXIS2_PLACEMENT_3D('',#3290,#3291,#3292);
#3290 = CARTESIAN_POINT('',(-45.389399,-6.439401,0.));
#3291 = DIRECTION('',(-0.,0.,-1.));
#3292 = DIRECTION('',(-0.,-1.,0.));
#3293 = FACE_BOUND('',#3294,.F.);
#3294 = EDGE_LOOP('',(#3295));
#3295 = ORIENTED_EDGE('',*,*,#3296,.T.);
#3296 = EDGE_CURVE('',#3297,#3297,#3299,.T.);
#3297 = VERTEX_POINT('',#3298);
#3298 = CARTESIAN_POINT('',(-45.389399,-2.639401,0.));
#3299 = CIRCLE('',#3300,0.45);
#3300 = AXIS2_PLACEMENT_3D('',#3301,#3302,#3303);
#3301 = CARTESIAN_POINT('',(-45.389399,-2.189401,0.));
#3302 = DIRECTION('',(-0.,0.,-1.));
#3303 = DIRECTION('',(-0.,-1.,0.));
#3304 = FACE_BOUND('',#3305,.F.);
#3305 = EDGE_LOOP('',(#3306));
#3306 = ORIENTED_EDGE('',*,*,#3307,.T.);
#3307 = EDGE_CURVE('',#3308,#3308,#3310,.T.);
#3308 = VERTEX_POINT('',#3309);
#3309 = CARTESIAN_POINT('',(-45.389399,1.610599,0.));
#3310 = CIRCLE('',#3311,0.45);
#3311 = AXIS2_PLACEMENT_3D('',#3312,#3313,#3314);
#3312 = CARTESIAN_POINT('',(-45.389399,2.060599,0.));
#3313 = DIRECTION('',(-0.,0.,-1.));
#3314 = DIRECTION('',(-0.,-1.,0.));
#3315 = FACE_BOUND('',#3316,.F.);
#3316 = EDGE_LOOP('',(#3317));
#3317 = ORIENTED_EDGE('',*,*,#3318,.T.);
#3318 = EDGE_CURVE('',#3319,#3319,#3321,.T.);
#3319 = VERTEX_POINT('',#3320);
#3320 = CARTESIAN_POINT('',(-31.033799,-7.924001,0.));
#3321 = CIRCLE('',#3322,0.15);
#3322 = AXIS2_PLACEMENT_3D('',#3323,#3324,#3325);
#3323 = CARTESIAN_POINT('',(-31.033799,-7.774001,0.));
#3324 = DIRECTION('',(-0.,0.,-1.));
#3325 = DIRECTION('',(2.368475785867E-14,-1.,-0.));
#3326 = FACE_BOUND('',#3327,.F.);
#3327 = EDGE_LOOP('',(#3328));
#3328 = ORIENTED_EDGE('',*,*,#3329,.T.);
#3329 = EDGE_CURVE('',#3330,#3330,#3332,.T.);
#3330 = VERTEX_POINT('',#3331);
#3331 = CARTESIAN_POINT('',(-32.689399,-6.889401,0.));
#3332 = CIRCLE('',#3333,0.45);
#3333 = AXIS2_PLACEMENT_3D('',#3334,#3335,#3336);
#3334 = CARTESIAN_POINT('',(-32.689399,-6.439401,0.));
#3335 = DIRECTION('',(-0.,0.,-1.));
#3336 = DIRECTION('',(-1.578983857245E-14,-1.,0.));
#3337 = FACE_BOUND('',#3338,.F.);
#3338 = EDGE_LOOP('',(#3339));
#3339 = ORIENTED_EDGE('',*,*,#3340,.T.);
#3340 = EDGE_CURVE('',#3341,#3341,#3343,.T.);
#3341 = VERTEX_POINT('',#3342);
#3342 = CARTESIAN_POINT('',(-23.729399,-10.899401,0.));
#3343 = CIRCLE('',#3344,0.75);
#3344 = AXIS2_PLACEMENT_3D('',#3345,#3346,#3347);
#3345 = CARTESIAN_POINT('',(-23.729399,-10.149401,0.));
#3346 = DIRECTION('',(-0.,0.,-1.));
#3347 = DIRECTION('',(-0.,-1.,0.));
#3348 = FACE_BOUND('',#3349,.F.);
#3349 = EDGE_LOOP('',(#3350));
#3350 = ORIENTED_EDGE('',*,*,#3351,.T.);
#3351 = EDGE_CURVE('',#3352,#3352,#3354,.T.);
#3352 = VERTEX_POINT('',#3353);
#3353 = CARTESIAN_POINT('',(-32.689399,-2.639401,0.));
#3354 = CIRCLE('',#3355,0.45);
#3355 = AXIS2_PLACEMENT_3D('',#3356,#3357,#3358);
#3356 = CARTESIAN_POINT('',(-32.689399,-2.189401,0.));
#3357 = DIRECTION('',(-0.,0.,-1.));
#3358 = DIRECTION('',(-1.578983857245E-14,-1.,0.));
#3359 = FACE_BOUND('',#3360,.F.);
#3360 = EDGE_LOOP('',(#3361));
#3361 = ORIENTED_EDGE('',*,*,#3362,.T.);
#3362 = EDGE_CURVE('',#3363,#3363,#3365,.T.);
#3363 = VERTEX_POINT('',#3364);
#3364 = CARTESIAN_POINT('',(-32.689399,1.610599,0.));
#3365 = CIRCLE('',#3366,0.45);
#3366 = AXIS2_PLACEMENT_3D('',#3367,#3368,#3369);
#3367 = CARTESIAN_POINT('',(-32.689399,2.060599,0.));
#3368 = DIRECTION('',(-0.,0.,-1.));
#3369 = DIRECTION('',(-1.578983857245E-14,-1.,0.));
#3370 = FACE_BOUND('',#3371,.F.);
#3371 = EDGE_LOOP('',(#3372));
#3372 = ORIENTED_EDGE('',*,*,#3373,.T.);
#3373 = EDGE_CURVE('',#3374,#3374,#3376,.T.);
#3374 = VERTEX_POINT('',#3375);
#3375 = CARTESIAN_POINT('',(-19.919399,-14.689401,0.));
#3376 = CIRCLE('',#3377,2.);
#3377 = AXIS2_PLACEMENT_3D('',#3378,#3379,#3380);
#3378 = CARTESIAN_POINT('',(-19.919399,-12.689401,0.));
#3379 = DIRECTION('',(-0.,0.,-1.));
#3380 = DIRECTION('',(-0.,-1.,0.));
#3381 = FACE_BOUND('',#3382,.F.);
#3382 = EDGE_LOOP('',(#3383));
#3383 = ORIENTED_EDGE('',*,*,#3384,.T.);
#3384 = EDGE_CURVE('',#3385,#3385,#3387,.T.);
#3385 = VERTEX_POINT('',#3386);
#3386 = CARTESIAN_POINT('',(-14.839399,-13.539401,0.));
#3387 = CIRCLE('',#3388,0.85);
#3388 = AXIS2_PLACEMENT_3D('',#3389,#3390,#3391);
#3389 = CARTESIAN_POINT('',(-14.839399,-12.689401,0.));
#3390 = DIRECTION('',(-0.,0.,-1.));
#3391 = DIRECTION('',(-0.,-1.,0.));
#3392 = FACE_BOUND('',#3393,.F.);
#3393 = EDGE_LOOP('',(#3394));
#3394 = ORIENTED_EDGE('',*,*,#3395,.T.);
#3395 = EDGE_CURVE('',#3396,#3396,#3398,.T.);
#3396 = VERTEX_POINT('',#3397);
#3397 = CARTESIAN_POINT('',(-5.899399,-13.539401,0.));
#3398 = CIRCLE('',#3399,0.85);
#3399 = AXIS2_PLACEMENT_3D('',#3400,#3401,#3402);
#3400 = CARTESIAN_POINT('',(-5.899399,-12.689401,0.));
#3401 = DIRECTION('',(-0.,0.,-1.));
#3402 = DIRECTION('',(1.044915787883E-15,-1.,-0.));
#3403 = FACE_BOUND('',#3404,.F.);
#3404 = EDGE_LOOP('',(#3405));
#3405 = ORIENTED_EDGE('',*,*,#3406,.T.);
#3406 = EDGE_CURVE('',#3407,#3407,#3409,.T.);
#3407 = VERTEX_POINT('',#3408);
#3408 = CARTESIAN_POINT('',(-0.819399,-14.689401,0.));
#3409 = CIRCLE('',#3410,2.);
#3410 = AXIS2_PLACEMENT_3D('',#3411,#3412,#3413);
#3411 = CARTESIAN_POINT('',(-0.819399,-12.689401,0.));
#3412 = DIRECTION('',(-0.,0.,-1.));
#3413 = DIRECTION('',(1.110223024625E-16,-1.,-0.));
#3414 = FACE_BOUND('',#3415,.F.);
#3415 = EDGE_LOOP('',(#3416));
#3416 = ORIENTED_EDGE('',*,*,#3417,.T.);
#3417 = EDGE_CURVE('',#3418,#3418,#3420,.T.);
#3418 = VERTEX_POINT('',#3419);
#3419 = CARTESIAN_POINT('',(-17.379399,-8.359401,0.));
#3420 = CIRCLE('',#3421,0.75);
#3421 = AXIS2_PLACEMENT_3D('',#3422,#3423,#3424);
#3422 = CARTESIAN_POINT('',(-17.379399,-7.609401,0.));
#3423 = DIRECTION('',(-0.,0.,-1.));
#3424 = DIRECTION('',(-0.,-1.,0.));
#3425 = FACE_BOUND('',#3426,.F.);
#3426 = EDGE_LOOP('',(#3427));
#3427 = ORIENTED_EDGE('',*,*,#3428,.T.);
#3428 = EDGE_CURVE('',#3429,#3429,#3431,.T.);
#3429 = VERTEX_POINT('',#3430);
#3430 = CARTESIAN_POINT('',(-4.629399,-10.899401,0.));
#3431 = CIRCLE('',#3432,0.75);
#3432 = AXIS2_PLACEMENT_3D('',#3433,#3434,#3435);
#3433 = CARTESIAN_POINT('',(-4.629399,-10.149401,0.));
#3434 = DIRECTION('',(-0.,0.,-1.));
#3435 = DIRECTION('',(-0.,-1.,0.));
#3436 = FACE_BOUND('',#3437,.F.);
#3437 = EDGE_LOOP('',(#3438));
#3438 = ORIENTED_EDGE('',*,*,#3439,.T.);
#3439 = EDGE_CURVE('',#3440,#3440,#3442,.T.);
#3440 = VERTEX_POINT('',#3441);
#3441 = CARTESIAN_POINT('',(-7.628799,1.910599,0.));
#3442 = CIRCLE('',#3443,0.15);
#3443 = AXIS2_PLACEMENT_3D('',#3444,#3445,#3446);
#3444 = CARTESIAN_POINT('',(-7.628799,2.060599,0.));
#3445 = DIRECTION('',(-0.,0.,-1.));
#3446 = DIRECTION('',(5.921189464667E-15,-1.,-0.));
#3447 = FACE_BOUND('',#3448,.F.);
#3448 = EDGE_LOOP('',(#3449));
#3449 = ORIENTED_EDGE('',*,*,#3450,.T.);
#3450 = EDGE_CURVE('',#3451,#3451,#3453,.T.);
#3451 = VERTEX_POINT('',#3452);
#3452 = CARTESIAN_POINT('',(4.260601,-51.539401,0.));
#3453 = CIRCLE('',#3454,0.85);
#3454 = AXIS2_PLACEMENT_3D('',#3455,#3456,#3457);
#3455 = CARTESIAN_POINT('',(4.260601,-50.689401,0.));
#3456 = DIRECTION('',(-0.,0.,-1.));
#3457 = DIRECTION('',(-0.,-1.,0.));
#3458 = FACE_BOUND('',#3459,.F.);
#3459 = EDGE_LOOP('',(#3460));
#3460 = ORIENTED_EDGE('',*,*,#3461,.T.);
#3461 = EDGE_CURVE('',#3462,#3462,#3464,.T.);
#3462 = VERTEX_POINT('',#3463);
#3463 = CARTESIAN_POINT('',(1.720601,-46.359401,0.));
#3464 = CIRCLE('',#3465,0.75);
#3465 = AXIS2_PLACEMENT_3D('',#3466,#3467,#3468);
#3466 = CARTESIAN_POINT('',(1.720601,-45.609401,0.));
#3467 = DIRECTION('',(-0.,0.,-1.));
#3468 = DIRECTION('',(2.960594732334E-16,-1.,-0.));
#3469 = FACE_BOUND('',#3470,.F.);
#3470 = EDGE_LOOP('',(#3471));
#3471 = ORIENTED_EDGE('',*,*,#3472,.T.);
#3472 = EDGE_CURVE('',#3473,#3473,#3475,.T.);
#3473 = VERTEX_POINT('',#3474);
#3474 = CARTESIAN_POINT('',(3.473601,-43.250201,0.));
#3475 = CIRCLE('',#3476,0.15);
#3476 = AXIS2_PLACEMENT_3D('',#3477,#3478,#3479);
#3477 = CARTESIAN_POINT('',(3.473601,-43.100201,0.));
#3478 = DIRECTION('',(-0.,0.,-1.));
#3479 = DIRECTION('',(-0.,-1.,0.));
#3480 = FACE_BOUND('',#3481,.F.);
#3481 = EDGE_LOOP('',(#3482));
#3482 = ORIENTED_EDGE('',*,*,#3483,.T.);
#3483 = EDGE_CURVE('',#3484,#3484,#3486,.T.);
#3484 = VERTEX_POINT('',#3485);
#3485 = CARTESIAN_POINT('',(13.200601,-51.539401,0.));
#3486 = CIRCLE('',#3487,0.85);
#3487 = AXIS2_PLACEMENT_3D('',#3488,#3489,#3490);
#3488 = CARTESIAN_POINT('',(13.200601,-50.689401,0.));
#3489 = DIRECTION('',(-0.,0.,-1.));
#3490 = DIRECTION('',(2.089831575765E-15,-1.,-0.));
#3491 = FACE_BOUND('',#3492,.F.);
#3492 = EDGE_LOOP('',(#3493));
#3493 = ORIENTED_EDGE('',*,*,#3494,.T.);
#3494 = EDGE_CURVE('',#3495,#3495,#3497,.T.);
#3495 = VERTEX_POINT('',#3496);
#3496 = CARTESIAN_POINT('',(14.470601,-48.899401,0.));
#3497 = CIRCLE('',#3498,0.75);
#3498 = AXIS2_PLACEMENT_3D('',#3499,#3500,#3501);
#3499 = CARTESIAN_POINT('',(14.470601,-48.149401,0.));
#3500 = DIRECTION('',(-0.,0.,-1.));
#3501 = DIRECTION('',(-0.,-1.,0.));
#3502 = FACE_BOUND('',#3503,.F.);
#3503 = EDGE_LOOP('',(#3504));
#3504 = ORIENTED_EDGE('',*,*,#3505,.T.);
#3505 = EDGE_CURVE('',#3506,#3506,#3508,.T.);
#3506 = VERTEX_POINT('',#3507);
#3507 = CARTESIAN_POINT('',(18.280601,-52.689401,0.));
#3508 = CIRCLE('',#3509,2.);
#3509 = AXIS2_PLACEMENT_3D('',#3510,#3511,#3512);
#3510 = CARTESIAN_POINT('',(18.280601,-50.689401,0.));
#3511 = DIRECTION('',(-0.,0.,-1.));
#3512 = DIRECTION('',(-0.,-1.,0.));
#3513 = FACE_BOUND('',#3514,.F.);
#3514 = EDGE_LOOP('',(#3515));
#3515 = ORIENTED_EDGE('',*,*,#3516,.T.);
#3516 = EDGE_CURVE('',#3517,#3517,#3519,.T.);
#3517 = VERTEX_POINT('',#3518);
#3518 = CARTESIAN_POINT('',(20.820601,-46.359401,0.));
#3519 = CIRCLE('',#3520,0.75);
#3520 = AXIS2_PLACEMENT_3D('',#3521,#3522,#3523);
#3521 = CARTESIAN_POINT('',(20.820601,-45.609401,0.));
#3522 = DIRECTION('',(-0.,0.,-1.));
#3523 = DIRECTION('',(-0.,-1.,0.));
#3524 = FACE_BOUND('',#3525,.F.);
#3525 = EDGE_LOOP('',(#3526));
#3526 = ORIENTED_EDGE('',*,*,#3527,.T.);
#3527 = EDGE_CURVE('',#3528,#3528,#3530,.T.);
#3528 = VERTEX_POINT('',#3529);
#3529 = CARTESIAN_POINT('',(4.260601,-32.539401,0.));
#3530 = CIRCLE('',#3531,0.85);
#3531 = AXIS2_PLACEMENT_3D('',#3532,#3533,#3534);
#3532 = CARTESIAN_POINT('',(4.260601,-31.689401,0.));
#3533 = DIRECTION('',(-0.,0.,-1.));
#3534 = DIRECTION('',(-0.,-1.,0.));
#3535 = FACE_BOUND('',#3536,.F.);
#3536 = EDGE_LOOP('',(#3537));
#3537 = ORIENTED_EDGE('',*,*,#3538,.T.);
#3538 = EDGE_CURVE('',#3539,#3539,#3541,.T.);
#3539 = VERTEX_POINT('',#3540);
#3540 = CARTESIAN_POINT('',(1.720601,-27.359401,0.));
#3541 = CIRCLE('',#3542,0.75);
#3542 = AXIS2_PLACEMENT_3D('',#3543,#3544,#3545);
#3543 = CARTESIAN_POINT('',(1.720601,-26.609401,0.));
#3544 = DIRECTION('',(-0.,0.,-1.));
#3545 = DIRECTION('',(2.960594732334E-16,-1.,-0.));
#3546 = FACE_BOUND('',#3547,.F.);
#3547 = EDGE_LOOP('',(#3548));
#3548 = ORIENTED_EDGE('',*,*,#3549,.T.);
#3549 = EDGE_CURVE('',#3550,#3550,#3552,.T.);
#3550 = VERTEX_POINT('',#3551);
#3551 = CARTESIAN_POINT('',(13.200601,-32.539401,0.));
#3552 = CIRCLE('',#3553,0.85);
#3553 = AXIS2_PLACEMENT_3D('',#3554,#3555,#3556);
#3554 = CARTESIAN_POINT('',(13.200601,-31.689401,0.));
#3555 = DIRECTION('',(-0.,0.,-1.));
#3556 = DIRECTION('',(2.089831575765E-15,-1.,-0.));
#3557 = FACE_BOUND('',#3558,.F.);
#3558 = EDGE_LOOP('',(#3559));
#3559 = ORIENTED_EDGE('',*,*,#3560,.T.);
#3560 = EDGE_CURVE('',#3561,#3561,#3563,.T.);
#3561 = VERTEX_POINT('',#3562);
#3562 = CARTESIAN_POINT('',(18.280601,-33.689401,0.));
#3563 = CIRCLE('',#3564,2.);
#3564 = AXIS2_PLACEMENT_3D('',#3565,#3566,#3567);
#3565 = CARTESIAN_POINT('',(18.280601,-31.689401,0.));
#3566 = DIRECTION('',(-0.,0.,-1.));
#3567 = DIRECTION('',(-0.,-1.,0.));
#3568 = FACE_BOUND('',#3569,.F.);
#3569 = EDGE_LOOP('',(#3570));
#3570 = ORIENTED_EDGE('',*,*,#3571,.T.);
#3571 = EDGE_CURVE('',#3572,#3572,#3574,.T.);
#3572 = VERTEX_POINT('',#3573);
#3573 = CARTESIAN_POINT('',(14.470601,-29.899401,0.));
#3574 = CIRCLE('',#3575,0.75);
#3575 = AXIS2_PLACEMENT_3D('',#3576,#3577,#3578);
#3576 = CARTESIAN_POINT('',(14.470601,-29.149401,0.));
#3577 = DIRECTION('',(-0.,0.,-1.));
#3578 = DIRECTION('',(-0.,-1.,0.));
#3579 = FACE_BOUND('',#3580,.F.);
#3580 = EDGE_LOOP('',(#3581));
#3581 = ORIENTED_EDGE('',*,*,#3582,.T.);
#3582 = EDGE_CURVE('',#3583,#3583,#3585,.T.);
#3583 = VERTEX_POINT('',#3584);
#3584 = CARTESIAN_POINT('',(20.820601,-27.359401,0.));
#3585 = CIRCLE('',#3586,0.75);
#3586 = AXIS2_PLACEMENT_3D('',#3587,#3588,#3589);
#3587 = CARTESIAN_POINT('',(20.820601,-26.609401,0.));
#3588 = DIRECTION('',(-0.,0.,-1.));
#3589 = DIRECTION('',(-0.,-1.,0.));
#3590 = FACE_BOUND('',#3591,.F.);
#3591 = EDGE_LOOP('',(#3592));
#3592 = ORIENTED_EDGE('',*,*,#3593,.T.);
#3593 = EDGE_CURVE('',#3594,#3594,#3596,.T.);
#3594 = VERTEX_POINT('',#3595);
#3595 = CARTESIAN_POINT('',(23.360601,-51.539401,0.));
#3596 = CIRCLE('',#3597,0.85);
#3597 = AXIS2_PLACEMENT_3D('',#3598,#3599,#3600);
#3598 = CARTESIAN_POINT('',(23.360601,-50.689401,0.));
#3599 = DIRECTION('',(-0.,0.,-1.));
#3600 = DIRECTION('',(-4.17966315153E-15,-1.,0.));
#3601 = FACE_BOUND('',#3602,.F.);
#3602 = EDGE_LOOP('',(#3603));
#3603 = ORIENTED_EDGE('',*,*,#3604,.T.);
#3604 = EDGE_CURVE('',#3605,#3605,#3607,.T.);
#3605 = VERTEX_POINT('',#3606);
#3606 = CARTESIAN_POINT('',(32.300601,-51.539401,0.));
#3607 = CIRCLE('',#3608,0.85);
#3608 = AXIS2_PLACEMENT_3D('',#3609,#3610,#3611);
#3609 = CARTESIAN_POINT('',(32.300601,-50.689401,0.));
#3610 = DIRECTION('',(-0.,0.,-1.));
#3611 = DIRECTION('',(-0.,-1.,0.));
#3612 = FACE_BOUND('',#3613,.F.);
#3613 = EDGE_LOOP('',(#3614));
#3614 = ORIENTED_EDGE('',*,*,#3615,.T.);
#3615 = EDGE_CURVE('',#3616,#3616,#3618,.T.);
#3616 = VERTEX_POINT('',#3617);
#3617 = CARTESIAN_POINT('',(33.570601,-48.899401,0.));
#3618 = CIRCLE('',#3619,0.75);
#3619 = AXIS2_PLACEMENT_3D('',#3620,#3621,#3622);
#3620 = CARTESIAN_POINT('',(33.570601,-48.149401,0.));
#3621 = DIRECTION('',(-0.,0.,-1.));
#3622 = DIRECTION('',(-0.,-1.,0.));
#3623 = FACE_BOUND('',#3624,.F.);
#3624 = EDGE_LOOP('',(#3625));
#3625 = ORIENTED_EDGE('',*,*,#3626,.T.);
#3626 = EDGE_CURVE('',#3627,#3627,#3629,.T.);
#3627 = VERTEX_POINT('',#3628);
#3628 = CARTESIAN_POINT('',(37.380601,-52.689401,0.));
#3629 = CIRCLE('',#3630,2.);
#3630 = AXIS2_PLACEMENT_3D('',#3631,#3632,#3633);
#3631 = CARTESIAN_POINT('',(37.380601,-50.689401,0.));
#3632 = DIRECTION('',(-0.,0.,-1.));
#3633 = DIRECTION('',(-0.,-1.,0.));
#3634 = FACE_BOUND('',#3635,.F.);
#3635 = EDGE_LOOP('',(#3636));
#3636 = ORIENTED_EDGE('',*,*,#3637,.T.);
#3637 = EDGE_CURVE('',#3638,#3638,#3640,.T.);
#3638 = VERTEX_POINT('',#3639);
#3639 = CARTESIAN_POINT('',(42.460601,-51.539401,0.));
#3640 = CIRCLE('',#3641,0.85);
#3641 = AXIS2_PLACEMENT_3D('',#3642,#3643,#3644);
#3642 = CARTESIAN_POINT('',(42.460601,-50.689401,0.));
#3643 = DIRECTION('',(-0.,0.,-1.));
#3644 = DIRECTION('',(-0.,-1.,0.));
#3645 = FACE_BOUND('',#3646,.F.);
#3646 = EDGE_LOOP('',(#3647));
#3647 = ORIENTED_EDGE('',*,*,#3648,.T.);
#3648 = EDGE_CURVE('',#3649,#3649,#3651,.T.);
#3649 = VERTEX_POINT('',#3650);
#3650 = CARTESIAN_POINT('',(39.920601,-46.359401,0.));
#3651 = CIRCLE('',#3652,0.75);
#3652 = AXIS2_PLACEMENT_3D('',#3653,#3654,#3655);
#3653 = CARTESIAN_POINT('',(39.920601,-45.609401,0.));
#3654 = DIRECTION('',(-0.,0.,-1.));
#3655 = DIRECTION('',(-0.,-1.,0.));
#3656 = FACE_BOUND('',#3657,.F.);
#3657 = EDGE_LOOP('',(#3658));
#3658 = ORIENTED_EDGE('',*,*,#3659,.T.);
#3659 = EDGE_CURVE('',#3660,#3660,#3662,.T.);
#3660 = VERTEX_POINT('',#3661);
#3661 = CARTESIAN_POINT('',(23.360601,-32.539401,0.));
#3662 = CIRCLE('',#3663,0.85);
#3663 = AXIS2_PLACEMENT_3D('',#3664,#3665,#3666);
#3664 = CARTESIAN_POINT('',(23.360601,-31.689401,0.));
#3665 = DIRECTION('',(-0.,0.,-1.));
#3666 = DIRECTION('',(-4.17966315153E-15,-1.,0.));
#3667 = FACE_BOUND('',#3668,.F.);
#3668 = EDGE_LOOP('',(#3669));
#3669 = ORIENTED_EDGE('',*,*,#3670,.T.);
#3670 = EDGE_CURVE('',#3671,#3671,#3673,.T.);
#3671 = VERTEX_POINT('',#3672);
#3672 = CARTESIAN_POINT('',(32.300601,-32.539401,0.));
#3673 = CIRCLE('',#3674,0.85);
#3674 = AXIS2_PLACEMENT_3D('',#3675,#3676,#3677);
#3675 = CARTESIAN_POINT('',(32.300601,-31.689401,0.));
#3676 = DIRECTION('',(-0.,0.,-1.));
#3677 = DIRECTION('',(-0.,-1.,0.));
#3678 = FACE_BOUND('',#3679,.F.);
#3679 = EDGE_LOOP('',(#3680));
#3680 = ORIENTED_EDGE('',*,*,#3681,.T.);
#3681 = EDGE_CURVE('',#3682,#3682,#3684,.T.);
#3682 = VERTEX_POINT('',#3683);
#3683 = CARTESIAN_POINT('',(33.570601,-29.899401,0.));
#3684 = CIRCLE('',#3685,0.75);
#3685 = AXIS2_PLACEMENT_3D('',#3686,#3687,#3688);
#3686 = CARTESIAN_POINT('',(33.570601,-29.149401,0.));
#3687 = DIRECTION('',(-0.,0.,-1.));
#3688 = DIRECTION('',(-0.,-1.,0.));
#3689 = FACE_BOUND('',#3690,.F.);
#3690 = EDGE_LOOP('',(#3691));
#3691 = ORIENTED_EDGE('',*,*,#3692,.T.);
#3692 = EDGE_CURVE('',#3693,#3693,#3695,.T.);
#3693 = VERTEX_POINT('',#3694);
#3694 = CARTESIAN_POINT('',(37.380601,-33.689401,0.));
#3695 = CIRCLE('',#3696,2.);
#3696 = AXIS2_PLACEMENT_3D('',#3697,#3698,#3699);
#3697 = CARTESIAN_POINT('',(37.380601,-31.689401,0.));
#3698 = DIRECTION('',(-0.,0.,-1.));
#3699 = DIRECTION('',(-0.,-1.,0.));
#3700 = FACE_BOUND('',#3701,.F.);
#3701 = EDGE_LOOP('',(#3702));
#3702 = ORIENTED_EDGE('',*,*,#3703,.T.);
#3703 = EDGE_CURVE('',#3704,#3704,#3706,.T.);
#3704 = VERTEX_POINT('',#3705);
#3705 = CARTESIAN_POINT('',(42.460601,-32.539401,0.));
#3706 = CIRCLE('',#3707,0.85);
#3707 = AXIS2_PLACEMENT_3D('',#3708,#3709,#3710);
#3708 = CARTESIAN_POINT('',(42.460601,-31.689401,0.));
#3709 = DIRECTION('',(-0.,0.,-1.));
#3710 = DIRECTION('',(-0.,-1.,0.));
#3711 = FACE_BOUND('',#3712,.F.);
#3712 = EDGE_LOOP('',(#3713));
#3713 = ORIENTED_EDGE('',*,*,#3714,.T.);
#3714 = EDGE_CURVE('',#3715,#3715,#3717,.T.);
#3715 = VERTEX_POINT('',#3716);
#3716 = CARTESIAN_POINT('',(39.920601,-27.359401,0.));
#3717 = CIRCLE('',#3718,0.75);
#3718 = AXIS2_PLACEMENT_3D('',#3719,#3720,#3721);
#3719 = CARTESIAN_POINT('',(39.920601,-26.609401,0.));
#3720 = DIRECTION('',(-0.,0.,-1.));
#3721 = DIRECTION('',(-0.,-1.,0.));
#3722 = FACE_BOUND('',#3723,.F.);
#3723 = EDGE_LOOP('',(#3724));
#3724 = ORIENTED_EDGE('',*,*,#3725,.T.);
#3725 = EDGE_CURVE('',#3726,#3726,#3728,.T.);
#3726 = VERTEX_POINT('',#3727);
#3727 = CARTESIAN_POINT('',(4.260601,-13.539401,0.));
#3728 = CIRCLE('',#3729,0.85);
#3729 = AXIS2_PLACEMENT_3D('',#3730,#3731,#3732);
#3730 = CARTESIAN_POINT('',(4.260601,-12.689401,0.));
#3731 = DIRECTION('',(-0.,0.,-1.));
#3732 = DIRECTION('',(-0.,-1.,0.));
#3733 = FACE_BOUND('',#3734,.F.);
#3734 = EDGE_LOOP('',(#3735));
#3735 = ORIENTED_EDGE('',*,*,#3736,.T.);
#3736 = EDGE_CURVE('',#3737,#3737,#3739,.T.);
#3737 = VERTEX_POINT('',#3738);
#3738 = CARTESIAN_POINT('',(13.200601,-13.539401,0.));
#3739 = CIRCLE('',#3740,0.85);
#3740 = AXIS2_PLACEMENT_3D('',#3741,#3742,#3743);
#3741 = CARTESIAN_POINT('',(13.200601,-12.689401,0.));
#3742 = DIRECTION('',(-0.,0.,-1.));
#3743 = DIRECTION('',(2.089831575765E-15,-1.,-0.));
#3744 = FACE_BOUND('',#3745,.F.);
#3745 = EDGE_LOOP('',(#3746));
#3746 = ORIENTED_EDGE('',*,*,#3747,.T.);
#3747 = EDGE_CURVE('',#3748,#3748,#3750,.T.);
#3748 = VERTEX_POINT('',#3749);
#3749 = CARTESIAN_POINT('',(18.280601,-14.689401,0.));
#3750 = CIRCLE('',#3751,2.);
#3751 = AXIS2_PLACEMENT_3D('',#3752,#3753,#3754);
#3752 = CARTESIAN_POINT('',(18.280601,-12.689401,0.));
#3753 = DIRECTION('',(-0.,0.,-1.));
#3754 = DIRECTION('',(-0.,-1.,0.));
#3755 = FACE_BOUND('',#3756,.F.);
#3756 = EDGE_LOOP('',(#3757));
#3757 = ORIENTED_EDGE('',*,*,#3758,.T.);
#3758 = EDGE_CURVE('',#3759,#3759,#3761,.T.);
#3759 = VERTEX_POINT('',#3760);
#3760 = CARTESIAN_POINT('',(1.720601,-8.359401,0.));
#3761 = CIRCLE('',#3762,0.75);
#3762 = AXIS2_PLACEMENT_3D('',#3763,#3764,#3765);
#3763 = CARTESIAN_POINT('',(1.720601,-7.609401,0.));
#3764 = DIRECTION('',(-0.,0.,-1.));
#3765 = DIRECTION('',(2.960594732334E-16,-1.,-0.));
#3766 = FACE_BOUND('',#3767,.F.);
#3767 = EDGE_LOOP('',(#3768));
#3768 = ORIENTED_EDGE('',*,*,#3769,.T.);
#3769 = EDGE_CURVE('',#3770,#3770,#3772,.T.);
#3770 = VERTEX_POINT('',#3771);
#3771 = CARTESIAN_POINT('',(8.953601,3.384499,0.));
#3772 = CIRCLE('',#3773,0.15);
#3773 = AXIS2_PLACEMENT_3D('',#3774,#3775,#3776);
#3774 = CARTESIAN_POINT('',(8.953601,3.534499,0.));
#3775 = DIRECTION('',(-0.,0.,-1.));
#3776 = DIRECTION('',(1.184237892933E-14,-1.,-0.));
#3777 = FACE_BOUND('',#3778,.F.);
#3778 = EDGE_LOOP('',(#3779));
#3779 = ORIENTED_EDGE('',*,*,#3780,.T.);
#3780 = EDGE_CURVE('',#3781,#3781,#3783,.T.);
#3781 = VERTEX_POINT('',#3782);
#3782 = CARTESIAN_POINT('',(14.470601,-10.899401,0.));
#3783 = CIRCLE('',#3784,0.75);
#3784 = AXIS2_PLACEMENT_3D('',#3785,#3786,#3787);
#3785 = CARTESIAN_POINT('',(14.470601,-10.149401,0.));
#3786 = DIRECTION('',(-0.,0.,-1.));
#3787 = DIRECTION('',(-0.,-1.,0.));
#3788 = FACE_BOUND('',#3789,.F.);
#3789 = EDGE_LOOP('',(#3790));
#3790 = ORIENTED_EDGE('',*,*,#3791,.T.);
#3791 = EDGE_CURVE('',#3792,#3792,#3794,.T.);
#3792 = VERTEX_POINT('',#3793);
#3793 = CARTESIAN_POINT('',(20.820601,-8.359401,0.));
#3794 = CIRCLE('',#3795,0.75);
#3795 = AXIS2_PLACEMENT_3D('',#3796,#3797,#3798);
#3796 = CARTESIAN_POINT('',(20.820601,-7.609401,0.));
#3797 = DIRECTION('',(-0.,0.,-1.));
#3798 = DIRECTION('',(-0.,-1.,0.));
#3799 = FACE_BOUND('',#3800,.F.);
#3800 = EDGE_LOOP('',(#3801));
#3801 = ORIENTED_EDGE('',*,*,#3802,.T.);
#3802 = EDGE_CURVE('',#3803,#3803,#3805,.T.);
#3803 = VERTEX_POINT('',#3804);
#3804 = CARTESIAN_POINT('',(23.360601,-13.539401,0.));
#3805 = CIRCLE('',#3806,0.85);
#3806 = AXIS2_PLACEMENT_3D('',#3807,#3808,#3809);
#3807 = CARTESIAN_POINT('',(23.360601,-12.689401,0.));
#3808 = DIRECTION('',(-0.,0.,-1.));
#3809 = DIRECTION('',(-4.17966315153E-15,-1.,0.));
#3810 = FACE_BOUND('',#3811,.F.);
#3811 = EDGE_LOOP('',(#3812));
#3812 = ORIENTED_EDGE('',*,*,#3813,.T.);
#3813 = EDGE_CURVE('',#3814,#3814,#3816,.T.);
#3814 = VERTEX_POINT('',#3815);
#3815 = CARTESIAN_POINT('',(32.300601,-13.539401,0.));
#3816 = CIRCLE('',#3817,0.85);
#3817 = AXIS2_PLACEMENT_3D('',#3818,#3819,#3820);
#3818 = CARTESIAN_POINT('',(32.300601,-12.689401,0.));
#3819 = DIRECTION('',(-0.,0.,-1.));
#3820 = DIRECTION('',(-0.,-1.,0.));
#3821 = FACE_BOUND('',#3822,.F.);
#3822 = EDGE_LOOP('',(#3823));
#3823 = ORIENTED_EDGE('',*,*,#3824,.T.);
#3824 = EDGE_CURVE('',#3825,#3825,#3827,.T.);
#3825 = VERTEX_POINT('',#3826);
#3826 = CARTESIAN_POINT('',(37.380601,-14.689401,0.));
#3827 = CIRCLE('',#3828,2.);
#3828 = AXIS2_PLACEMENT_3D('',#3829,#3830,#3831);
#3829 = CARTESIAN_POINT('',(37.380601,-12.689401,0.));
#3830 = DIRECTION('',(-0.,0.,-1.));
#3831 = DIRECTION('',(-0.,-1.,0.));
#3832 = FACE_BOUND('',#3833,.F.);
#3833 = EDGE_LOOP('',(#3834));
#3834 = ORIENTED_EDGE('',*,*,#3835,.T.);
#3835 = EDGE_CURVE('',#3836,#3836,#3838,.T.);
#3836 = VERTEX_POINT('',#3837);
#3837 = CARTESIAN_POINT('',(42.460601,-13.539401,0.));
#3838 = CIRCLE('',#3839,0.85);
#3839 = AXIS2_PLACEMENT_3D('',#3840,#3841,#3842);
#3840 = CARTESIAN_POINT('',(42.460601,-12.689401,0.));
#3841 = DIRECTION('',(-0.,0.,-1.));
#3842 = DIRECTION('',(-0.,-1.,0.));
#3843 = FACE_BOUND('',#3844,.F.);
#3844 = EDGE_LOOP('',(#3845));
#3845 = ORIENTED_EDGE('',*,*,#3846,.T.);
#3846 = EDGE_CURVE('',#3847,#3847,#3849,.T.);
#3847 = VERTEX_POINT('',#3848);
#3848 = CARTESIAN_POINT('',(33.570601,-10.899401,0.));
#3849 = CIRCLE('',#3850,0.75);
#3850 = AXIS2_PLACEMENT_3D('',#3851,#3852,#3853);
#3851 = CARTESIAN_POINT('',(33.570601,-10.149401,0.));
#3852 = DIRECTION('',(-0.,0.,-1.));
#3853 = DIRECTION('',(-0.,-1.,0.));
#3854 = FACE_BOUND('',#3855,.F.);
#3855 = EDGE_LOOP('',(#3856));
#3856 = ORIENTED_EDGE('',*,*,#3857,.T.);
#3857 = EDGE_CURVE('',#3858,#3858,#3860,.T.);
#3858 = VERTEX_POINT('',#3859);
#3859 = CARTESIAN_POINT('',(39.920601,-8.359401,0.));
#3860 = CIRCLE('',#3861,0.75);
#3861 = AXIS2_PLACEMENT_3D('',#3862,#3863,#3864);
#3862 = CARTESIAN_POINT('',(39.920601,-7.609401,0.));
#3863 = DIRECTION('',(-0.,0.,-1.));
#3864 = DIRECTION('',(-0.,-1.,0.));
#3865 = FACE_BOUND('',#3866,.F.);
#3866 = EDGE_LOOP('',(#3867));
#3867 = ORIENTED_EDGE('',*,*,#3868,.T.);
#3868 = EDGE_CURVE('',#3869,#3869,#3871,.T.);
#3869 = VERTEX_POINT('',#3870);
#3870 = CARTESIAN_POINT('',(-45.389399,5.860599,0.));
#3871 = CIRCLE('',#3872,0.45);
#3872 = AXIS2_PLACEMENT_3D('',#3873,#3874,#3875);
#3873 = CARTESIAN_POINT('',(-45.389399,6.310599,0.));
#3874 = DIRECTION('',(-0.,0.,-1.));
#3875 = DIRECTION('',(-0.,-1.,0.));
#3876 = FACE_BOUND('',#3877,.F.);
#3877 = EDGE_LOOP('',(#3878));
#3878 = ORIENTED_EDGE('',*,*,#3879,.T.);
#3879 = EDGE_CURVE('',#3880,#3880,#3882,.T.);
#3880 = VERTEX_POINT('',#3881);
#3881 = CARTESIAN_POINT('',(-45.389399,11.560599,0.));
#3882 = CIRCLE('',#3883,0.45);
#3883 = AXIS2_PLACEMENT_3D('',#3884,#3885,#3886);
#3884 = CARTESIAN_POINT('',(-45.389399,12.010599,0.));
#3885 = DIRECTION('',(-0.,0.,-1.));
#3886 = DIRECTION('',(-0.,-1.,0.));
#3887 = FACE_BOUND('',#3888,.F.);
#3888 = EDGE_LOOP('',(#3889));
#3889 = ORIENTED_EDGE('',*,*,#3890,.T.);
#3890 = EDGE_CURVE('',#3891,#3891,#3893,.T.);
#3891 = VERTEX_POINT('',#3892);
#3892 = CARTESIAN_POINT('',(-45.389399,15.810599,0.));
#3893 = CIRCLE('',#3894,0.45);
#3894 = AXIS2_PLACEMENT_3D('',#3895,#3896,#3897);
#3895 = CARTESIAN_POINT('',(-45.389399,16.260599,0.));
#3896 = DIRECTION('',(-0.,0.,-1.));
#3897 = DIRECTION('',(-0.,-1.,0.));
#3898 = FACE_BOUND('',#3899,.F.);
#3899 = EDGE_LOOP('',(#3900));
#3900 = ORIENTED_EDGE('',*,*,#3901,.T.);
#3901 = EDGE_CURVE('',#3902,#3902,#3904,.T.);
#3902 = VERTEX_POINT('',#3903);
#3903 = CARTESIAN_POINT('',(-32.689399,5.860599,0.));
#3904 = CIRCLE('',#3905,0.45);
#3905 = AXIS2_PLACEMENT_3D('',#3906,#3907,#3908);
#3906 = CARTESIAN_POINT('',(-32.689399,6.310599,0.));
#3907 = DIRECTION('',(-0.,0.,-1.));
#3908 = DIRECTION('',(-1.578983857245E-14,-1.,0.));
#3909 = FACE_BOUND('',#3910,.F.);
#3910 = EDGE_LOOP('',(#3911));
#3911 = ORIENTED_EDGE('',*,*,#3912,.T.);
#3912 = EDGE_CURVE('',#3913,#3913,#3915,.T.);
#3913 = VERTEX_POINT('',#3914);
#3914 = CARTESIAN_POINT('',(-24.999399,5.460599,0.));
#3915 = CIRCLE('',#3916,0.85);
#3916 = AXIS2_PLACEMENT_3D('',#3917,#3918,#3919);
#3917 = CARTESIAN_POINT('',(-24.999399,6.310599,0.));
#3918 = DIRECTION('',(-0.,0.,-1.));
#3919 = DIRECTION('',(-4.17966315153E-15,-1.,0.));
#3920 = FACE_BOUND('',#3921,.F.);
#3921 = EDGE_LOOP('',(#3922));
#3922 = ORIENTED_EDGE('',*,*,#3923,.T.);
#3923 = EDGE_CURVE('',#3924,#3924,#3926,.T.);
#3924 = VERTEX_POINT('',#3925);
#3925 = CARTESIAN_POINT('',(-23.729399,8.100599,0.));
#3926 = CIRCLE('',#3927,0.75);
#3927 = AXIS2_PLACEMENT_3D('',#3928,#3929,#3930);
#3928 = CARTESIAN_POINT('',(-23.729399,8.850599,0.));
#3929 = DIRECTION('',(-0.,0.,-1.));
#3930 = DIRECTION('',(-0.,-1.,0.));
#3931 = FACE_BOUND('',#3932,.F.);
#3932 = EDGE_LOOP('',(#3933));
#3933 = ORIENTED_EDGE('',*,*,#3934,.T.);
#3934 = EDGE_CURVE('',#3935,#3935,#3937,.T.);
#3935 = VERTEX_POINT('',#3936);
#3936 = CARTESIAN_POINT('',(-32.689399,11.560599,0.));
#3937 = CIRCLE('',#3938,0.45);
#3938 = AXIS2_PLACEMENT_3D('',#3939,#3940,#3941);
#3939 = CARTESIAN_POINT('',(-32.689399,12.010599,0.));
#3940 = DIRECTION('',(-0.,0.,-1.));
#3941 = DIRECTION('',(-1.578983857245E-14,-1.,0.));
#3942 = FACE_BOUND('',#3943,.F.);
#3943 = EDGE_LOOP('',(#3944));
#3944 = ORIENTED_EDGE('',*,*,#3945,.T.);
#3945 = EDGE_CURVE('',#3946,#3946,#3948,.T.);
#3946 = VERTEX_POINT('',#3947);
#3947 = CARTESIAN_POINT('',(-30.025199,11.514799,0.));
#3948 = CIRCLE('',#3949,0.15);
#3949 = AXIS2_PLACEMENT_3D('',#3950,#3951,#3952);
#3950 = CARTESIAN_POINT('',(-30.025199,11.664799,0.));
#3951 = DIRECTION('',(-0.,0.,-1.));
#3952 = DIRECTION('',(-0.,-1.,0.));
#3953 = FACE_BOUND('',#3954,.F.);
#3954 = EDGE_LOOP('',(#3955));
#3955 = ORIENTED_EDGE('',*,*,#3956,.T.);
#3956 = EDGE_CURVE('',#3957,#3957,#3959,.T.);
#3957 = VERTEX_POINT('',#3958);
#3958 = CARTESIAN_POINT('',(-32.689399,15.810599,0.));
#3959 = CIRCLE('',#3960,0.45);
#3960 = AXIS2_PLACEMENT_3D('',#3961,#3962,#3963);
#3961 = CARTESIAN_POINT('',(-32.689399,16.260599,0.));
#3962 = DIRECTION('',(-0.,0.,-1.));
#3963 = DIRECTION('',(-1.578983857245E-14,-1.,0.));
#3964 = FACE_BOUND('',#3965,.F.);
#3965 = EDGE_LOOP('',(#3966));
#3966 = ORIENTED_EDGE('',*,*,#3967,.T.);
#3967 = EDGE_CURVE('',#3968,#3968,#3970,.T.);
#3968 = VERTEX_POINT('',#3969);
#3969 = CARTESIAN_POINT('',(-45.389399,20.060599,0.));
#3970 = CIRCLE('',#3971,0.45);
#3971 = AXIS2_PLACEMENT_3D('',#3972,#3973,#3974);
#3972 = CARTESIAN_POINT('',(-45.389399,20.510599,0.));
#3973 = DIRECTION('',(-0.,0.,-1.));
#3974 = DIRECTION('',(-0.,-1.,0.));
#3975 = FACE_BOUND('',#3976,.F.);
#3976 = EDGE_LOOP('',(#3977));
#3977 = ORIENTED_EDGE('',*,*,#3978,.T.);
#3978 = EDGE_CURVE('',#3979,#3979,#3981,.T.);
#3979 = VERTEX_POINT('',#3980);
#3980 = CARTESIAN_POINT('',(-45.389399,24.310599,0.));
#3981 = CIRCLE('',#3982,0.45);
#3982 = AXIS2_PLACEMENT_3D('',#3983,#3984,#3985);
#3983 = CARTESIAN_POINT('',(-45.389399,24.760599,0.));
#3984 = DIRECTION('',(-0.,0.,-1.));
#3985 = DIRECTION('',(-0.,-1.,0.));
#3986 = FACE_BOUND('',#3987,.F.);
#3987 = EDGE_LOOP('',(#3988));
#3988 = ORIENTED_EDGE('',*,*,#3989,.T.);
#3989 = EDGE_CURVE('',#3990,#3990,#3992,.T.);
#3990 = VERTEX_POINT('',#3991);
#3991 = CARTESIAN_POINT('',(-45.389399,28.560599,0.));
#3992 = CIRCLE('',#3993,0.45);
#3993 = AXIS2_PLACEMENT_3D('',#3994,#3995,#3996);
#3994 = CARTESIAN_POINT('',(-45.389399,29.010599,0.));
#3995 = DIRECTION('',(-0.,0.,-1.));
#3996 = DIRECTION('',(-0.,-1.,0.));
#3997 = FACE_BOUND('',#3998,.F.);
#3998 = EDGE_LOOP('',(#3999));
#3999 = ORIENTED_EDGE('',*,*,#4000,.T.);
#4000 = EDGE_CURVE('',#4001,#4001,#4003,.T.);
#4001 = VERTEX_POINT('',#4002);
#4002 = CARTESIAN_POINT('',(-32.689399,20.060599,0.));
#4003 = CIRCLE('',#4004,0.45);
#4004 = AXIS2_PLACEMENT_3D('',#4005,#4006,#4007);
#4005 = CARTESIAN_POINT('',(-32.689399,20.510599,0.));
#4006 = DIRECTION('',(-0.,0.,-1.));
#4007 = DIRECTION('',(-1.578983857245E-14,-1.,0.));
#4008 = FACE_BOUND('',#4009,.F.);
#4009 = EDGE_LOOP('',(#4010));
#4010 = ORIENTED_EDGE('',*,*,#4011,.T.);
#4011 = EDGE_CURVE('',#4012,#4012,#4014,.T.);
#4012 = VERTEX_POINT('',#4013);
#4013 = CARTESIAN_POINT('',(-32.689399,24.310599,0.));
#4014 = CIRCLE('',#4015,0.45);
#4015 = AXIS2_PLACEMENT_3D('',#4016,#4017,#4018);
#4016 = CARTESIAN_POINT('',(-32.689399,24.760599,0.));
#4017 = DIRECTION('',(-0.,0.,-1.));
#4018 = DIRECTION('',(-1.578983857245E-14,-1.,0.));
#4019 = FACE_BOUND('',#4020,.F.);
#4020 = EDGE_LOOP('',(#4021));
#4021 = ORIENTED_EDGE('',*,*,#4022,.T.);
#4022 = EDGE_CURVE('',#4023,#4023,#4025,.T.);
#4023 = VERTEX_POINT('',#4024);
#4024 = CARTESIAN_POINT('',(-32.689399,28.560599,0.));
#4025 = CIRCLE('',#4026,0.45);
#4026 = AXIS2_PLACEMENT_3D('',#4027,#4028,#4029);
#4027 = CARTESIAN_POINT('',(-32.689399,29.010599,0.));
#4028 = DIRECTION('',(-0.,0.,-1.));
#4029 = DIRECTION('',(-1.578983857245E-14,-1.,0.));
#4030 = FACE_BOUND('',#4031,.F.);
#4031 = EDGE_LOOP('',(#4032));
#4032 = ORIENTED_EDGE('',*,*,#4033,.T.);
#4033 = EDGE_CURVE('',#4034,#4034,#4036,.T.);
#4034 = VERTEX_POINT('',#4035);
#4035 = CARTESIAN_POINT('',(-24.999399,24.460599,0.));
#4036 = CIRCLE('',#4037,0.85);
#4037 = AXIS2_PLACEMENT_3D('',#4038,#4039,#4040);
#4038 = CARTESIAN_POINT('',(-24.999399,25.310599,0.));
#4039 = DIRECTION('',(-0.,0.,-1.));
#4040 = DIRECTION('',(-4.17966315153E-15,-1.,0.));
#4041 = FACE_BOUND('',#4042,.F.);
#4042 = EDGE_LOOP('',(#4043));
#4043 = ORIENTED_EDGE('',*,*,#4044,.T.);
#4044 = EDGE_CURVE('',#4045,#4045,#4047,.T.);
#4045 = VERTEX_POINT('',#4046);
#4046 = CARTESIAN_POINT('',(-23.729399,27.100599,0.));
#4047 = CIRCLE('',#4048,0.75);
#4048 = AXIS2_PLACEMENT_3D('',#4049,#4050,#4051);
#4049 = CARTESIAN_POINT('',(-23.729399,27.850599,0.));
#4050 = DIRECTION('',(-0.,0.,-1.));
#4051 = DIRECTION('',(-0.,-1.,0.));
#4052 = FACE_BOUND('',#4053,.F.);
#4053 = EDGE_LOOP('',(#4054));
#4054 = ORIENTED_EDGE('',*,*,#4055,.T.);
#4055 = EDGE_CURVE('',#4056,#4056,#4058,.T.);
#4056 = VERTEX_POINT('',#4057);
#4057 = CARTESIAN_POINT('',(-19.919399,4.310599,0.));
#4058 = CIRCLE('',#4059,2.);
#4059 = AXIS2_PLACEMENT_3D('',#4060,#4061,#4062);
#4060 = CARTESIAN_POINT('',(-19.919399,6.310599,0.));
#4061 = DIRECTION('',(-0.,0.,-1.));
#4062 = DIRECTION('',(-0.,-1.,0.));
#4063 = FACE_BOUND('',#4064,.F.);
#4064 = EDGE_LOOP('',(#4065));
#4065 = ORIENTED_EDGE('',*,*,#4066,.T.);
#4066 = EDGE_CURVE('',#4067,#4067,#4069,.T.);
#4067 = VERTEX_POINT('',#4068);
#4068 = CARTESIAN_POINT('',(-14.839399,5.460599,0.));
#4069 = CIRCLE('',#4070,0.85);
#4070 = AXIS2_PLACEMENT_3D('',#4071,#4072,#4073);
#4071 = CARTESIAN_POINT('',(-14.839399,6.310599,0.));
#4072 = DIRECTION('',(-0.,0.,-1.));
#4073 = DIRECTION('',(-0.,-1.,0.));
#4074 = FACE_BOUND('',#4075,.F.);
#4075 = EDGE_LOOP('',(#4076));
#4076 = ORIENTED_EDGE('',*,*,#4077,.T.);
#4077 = EDGE_CURVE('',#4078,#4078,#4080,.T.);
#4078 = VERTEX_POINT('',#4079);
#4079 = CARTESIAN_POINT('',(-17.379399,10.640599,0.));
#4080 = CIRCLE('',#4081,0.75);
#4081 = AXIS2_PLACEMENT_3D('',#4082,#4083,#4084);
#4082 = CARTESIAN_POINT('',(-17.379399,11.390599,0.));
#4083 = DIRECTION('',(-0.,0.,-1.));
#4084 = DIRECTION('',(-0.,-1.,0.));
#4085 = FACE_BOUND('',#4086,.F.);
#4086 = EDGE_LOOP('',(#4087));
#4087 = ORIENTED_EDGE('',*,*,#4088,.T.);
#4088 = EDGE_CURVE('',#4089,#4089,#4091,.T.);
#4089 = VERTEX_POINT('',#4090);
#4090 = CARTESIAN_POINT('',(-5.899399,5.460599,0.));
#4091 = CIRCLE('',#4092,0.85);
#4092 = AXIS2_PLACEMENT_3D('',#4093,#4094,#4095);
#4093 = CARTESIAN_POINT('',(-5.899399,6.310599,0.));
#4094 = DIRECTION('',(-0.,0.,-1.));
#4095 = DIRECTION('',(1.044915787882E-15,-1.,-0.));
#4096 = FACE_BOUND('',#4097,.F.);
#4097 = EDGE_LOOP('',(#4098));
#4098 = ORIENTED_EDGE('',*,*,#4099,.T.);
#4099 = EDGE_CURVE('',#4100,#4100,#4102,.T.);
#4100 = VERTEX_POINT('',#4101);
#4101 = CARTESIAN_POINT('',(-0.819399,4.310599,0.));
#4102 = CIRCLE('',#4103,2.);
#4103 = AXIS2_PLACEMENT_3D('',#4104,#4105,#4106);
#4104 = CARTESIAN_POINT('',(-0.819399,6.310599,0.));
#4105 = DIRECTION('',(-0.,0.,-1.));
#4106 = DIRECTION('',(1.110223024625E-16,-1.,-0.));
#4107 = FACE_BOUND('',#4108,.F.);
#4108 = EDGE_LOOP('',(#4109));
#4109 = ORIENTED_EDGE('',*,*,#4110,.T.);
#4110 = EDGE_CURVE('',#4111,#4111,#4113,.T.);
#4111 = VERTEX_POINT('',#4112);
#4112 = CARTESIAN_POINT('',(-4.629399,8.100599,0.));
#4113 = CIRCLE('',#4114,0.75);
#4114 = AXIS2_PLACEMENT_3D('',#4115,#4116,#4117);
#4115 = CARTESIAN_POINT('',(-4.629399,8.850599,0.));
#4116 = DIRECTION('',(-0.,0.,-1.));
#4117 = DIRECTION('',(-0.,-1.,0.));
#4118 = FACE_BOUND('',#4119,.F.);
#4119 = EDGE_LOOP('',(#4120));
#4120 = ORIENTED_EDGE('',*,*,#4121,.T.);
#4121 = EDGE_CURVE('',#4122,#4122,#4124,.T.);
#4122 = VERTEX_POINT('',#4123);
#4123 = CARTESIAN_POINT('',(-19.919399,23.310599,0.));
#4124 = CIRCLE('',#4125,2.);
#4125 = AXIS2_PLACEMENT_3D('',#4126,#4127,#4128);
#4126 = CARTESIAN_POINT('',(-19.919399,25.310599,0.));
#4127 = DIRECTION('',(-0.,0.,-1.));
#4128 = DIRECTION('',(-0.,-1.,0.));
#4129 = FACE_BOUND('',#4130,.F.);
#4130 = EDGE_LOOP('',(#4131));
#4131 = ORIENTED_EDGE('',*,*,#4132,.T.);
#4132 = EDGE_CURVE('',#4133,#4133,#4135,.T.);
#4133 = VERTEX_POINT('',#4134);
#4134 = CARTESIAN_POINT('',(-17.379399,29.640599,0.));
#4135 = CIRCLE('',#4136,0.75);
#4136 = AXIS2_PLACEMENT_3D('',#4137,#4138,#4139);
#4137 = CARTESIAN_POINT('',(-17.379399,30.390599,0.));
#4138 = DIRECTION('',(-0.,0.,-1.));
#4139 = DIRECTION('',(-0.,-1.,0.));
#4140 = FACE_BOUND('',#4141,.F.);
#4141 = EDGE_LOOP('',(#4142));
#4142 = ORIENTED_EDGE('',*,*,#4143,.T.);
#4143 = EDGE_CURVE('',#4144,#4144,#4146,.T.);
#4144 = VERTEX_POINT('',#4145);
#4145 = CARTESIAN_POINT('',(-14.839399,24.460599,0.));
#4146 = CIRCLE('',#4147,0.85);
#4147 = AXIS2_PLACEMENT_3D('',#4148,#4149,#4150);
#4148 = CARTESIAN_POINT('',(-14.839399,25.310599,0.));
#4149 = DIRECTION('',(-0.,0.,-1.));
#4150 = DIRECTION('',(-0.,-1.,0.));
#4151 = FACE_BOUND('',#4152,.F.);
#4152 = EDGE_LOOP('',(#4153));
#4153 = ORIENTED_EDGE('',*,*,#4154,.T.);
#4154 = EDGE_CURVE('',#4155,#4155,#4157,.T.);
#4155 = VERTEX_POINT('',#4156);
#4156 = CARTESIAN_POINT('',(-5.899399,24.460599,0.));
#4157 = CIRCLE('',#4158,0.85);
#4158 = AXIS2_PLACEMENT_3D('',#4159,#4160,#4161);
#4159 = CARTESIAN_POINT('',(-5.899399,25.310599,0.));
#4160 = DIRECTION('',(-0.,0.,-1.));
#4161 = DIRECTION('',(1.044915787882E-15,-1.,-0.));
#4162 = FACE_BOUND('',#4163,.F.);
#4163 = EDGE_LOOP('',(#4164));
#4164 = ORIENTED_EDGE('',*,*,#4165,.T.);
#4165 = EDGE_CURVE('',#4166,#4166,#4168,.T.);
#4166 = VERTEX_POINT('',#4167);
#4167 = CARTESIAN_POINT('',(-4.629399,27.100599,0.));
#4168 = CIRCLE('',#4169,0.75);
#4169 = AXIS2_PLACEMENT_3D('',#4170,#4171,#4172);
#4170 = CARTESIAN_POINT('',(-4.629399,27.850599,0.));
#4171 = DIRECTION('',(-0.,0.,-1.));
#4172 = DIRECTION('',(-0.,-1.,0.));
#4173 = FACE_BOUND('',#4174,.F.);
#4174 = EDGE_LOOP('',(#4175));
#4175 = ORIENTED_EDGE('',*,*,#4176,.T.);
#4176 = EDGE_CURVE('',#4177,#4177,#4179,.T.);
#4177 = VERTEX_POINT('',#4178);
#4178 = CARTESIAN_POINT('',(-0.819399,23.310599,0.));
#4179 = CIRCLE('',#4180,2.);
#4180 = AXIS2_PLACEMENT_3D('',#4181,#4182,#4183);
#4181 = CARTESIAN_POINT('',(-0.819399,25.310599,0.));
#4182 = DIRECTION('',(-0.,0.,-1.));
#4183 = DIRECTION('',(1.110223024625E-16,-1.,-0.));
#4184 = FACE_BOUND('',#4185,.F.);
#4185 = EDGE_LOOP('',(#4186));
#4186 = ORIENTED_EDGE('',*,*,#4187,.T.);
#4187 = EDGE_CURVE('',#4188,#4188,#4190,.T.);
#4188 = VERTEX_POINT('',#4189);
#4189 = CARTESIAN_POINT('',(-45.389399,32.810599,0.));
#4190 = CIRCLE('',#4191,0.45);
#4191 = AXIS2_PLACEMENT_3D('',#4192,#4193,#4194);
#4192 = CARTESIAN_POINT('',(-45.389399,33.260599,0.));
#4193 = DIRECTION('',(-0.,0.,-1.));
#4194 = DIRECTION('',(-0.,-1.,0.));
#4195 = FACE_BOUND('',#4196,.F.);
#4196 = EDGE_LOOP('',(#4197));
#4197 = ORIENTED_EDGE('',*,*,#4198,.T.);
#4198 = EDGE_CURVE('',#4199,#4199,#4201,.T.);
#4199 = VERTEX_POINT('',#4200);
#4200 = CARTESIAN_POINT('',(-32.689399,32.810599,0.));
#4201 = CIRCLE('',#4202,0.45);
#4202 = AXIS2_PLACEMENT_3D('',#4203,#4204,#4205);
#4203 = CARTESIAN_POINT('',(-32.689399,33.260599,0.));
#4204 = DIRECTION('',(-0.,0.,-1.));
#4205 = DIRECTION('',(-1.578983857245E-14,-1.,0.));
#4206 = FACE_BOUND('',#4207,.F.);
#4207 = EDGE_LOOP('',(#4208));
#4208 = ORIENTED_EDGE('',*,*,#4209,.T.);
#4209 = EDGE_CURVE('',#4210,#4210,#4212,.T.);
#4210 = VERTEX_POINT('',#4211);
#4211 = CARTESIAN_POINT('',(-35.049999,46.849999,0.));
#4212 = CIRCLE('',#4213,0.15);
#4213 = AXIS2_PLACEMENT_3D('',#4214,#4215,#4216);
#4214 = CARTESIAN_POINT('',(-35.049999,46.999999,0.));
#4215 = DIRECTION('',(-0.,0.,-1.));
#4216 = DIRECTION('',(-0.,-1.,0.));
#4217 = FACE_BOUND('',#4218,.F.);
#4218 = EDGE_LOOP('',(#4219));
#4219 = ORIENTED_EDGE('',*,*,#4220,.T.);
#4220 = EDGE_CURVE('',#4221,#4221,#4223,.T.);
#4221 = VERTEX_POINT('',#4222);
#4222 = CARTESIAN_POINT('',(-44.249999,56.899999,0.));
#4223 = CIRCLE('',#4224,1.6);
#4224 = AXIS2_PLACEMENT_3D('',#4225,#4226,#4227);
#4225 = CARTESIAN_POINT('',(-44.249999,58.499999,0.));
#4226 = DIRECTION('',(-0.,0.,-1.));
#4227 = DIRECTION('',(-0.,-1.,0.));
#4228 = FACE_BOUND('',#4229,.F.);
#4229 = EDGE_LOOP('',(#4230));
#4230 = ORIENTED_EDGE('',*,*,#4231,.T.);
#4231 = EDGE_CURVE('',#4232,#4232,#4234,.T.);
#4232 = VERTEX_POINT('',#4233);
#4233 = CARTESIAN_POINT('',(-1.649399,39.410599,0.));
#4234 = CIRCLE('',#4235,1.27);
#4235 = AXIS2_PLACEMENT_3D('',#4236,#4237,#4238);
#4236 = CARTESIAN_POINT('',(-1.649399,40.680599,0.));
#4237 = DIRECTION('',(-0.,0.,-1.));
#4238 = DIRECTION('',(-1.748382715945E-16,-1.,0.));
#4239 = FACE_BOUND('',#4240,.F.);
#4240 = EDGE_LOOP('',(#4241));
#4241 = ORIENTED_EDGE('',*,*,#4242,.T.);
#4242 = EDGE_CURVE('',#4243,#4243,#4245,.T.);
#4243 = VERTEX_POINT('',#4244);
#4244 = CARTESIAN_POINT('',(-14.449999,52.749999,0.));
#4245 = CIRCLE('',#4246,0.25);
#4246 = AXIS2_PLACEMENT_3D('',#4247,#4248,#4249);
#4247 = CARTESIAN_POINT('',(-14.449999,52.999999,0.));
#4248 = DIRECTION('',(-0.,0.,-1.));
#4249 = DIRECTION('',(-0.,-1.,0.));
#4250 = FACE_BOUND('',#4251,.F.);
#4251 = EDGE_LOOP('',(#4252));
#4252 = ORIENTED_EDGE('',*,*,#4253,.T.);
#4253 = EDGE_CURVE('',#4254,#4254,#4256,.T.);
#4254 = VERTEX_POINT('',#4255);
#4255 = CARTESIAN_POINT('',(-13.449999,52.749999,0.));
#4256 = CIRCLE('',#4257,0.25);
#4257 = AXIS2_PLACEMENT_3D('',#4258,#4259,#4260);
#4258 = CARTESIAN_POINT('',(-13.449999,52.999999,0.));
#4259 = DIRECTION('',(-0.,0.,-1.));
#4260 = DIRECTION('',(-0.,-1.,0.));
#4261 = FACE_BOUND('',#4262,.F.);
#4262 = EDGE_LOOP('',(#4263));
#4263 = ORIENTED_EDGE('',*,*,#4264,.T.);
#4264 = EDGE_CURVE('',#4265,#4265,#4267,.T.);
#4265 = VERTEX_POINT('',#4266);
#4266 = CARTESIAN_POINT('',(-12.449999,52.749999,0.));
#4267 = CIRCLE('',#4268,0.25);
#4268 = AXIS2_PLACEMENT_3D('',#4269,#4270,#4271);
#4269 = CARTESIAN_POINT('',(-12.449999,52.999999,0.));
#4270 = DIRECTION('',(-0.,0.,-1.));
#4271 = DIRECTION('',(-0.,-1.,0.));
#4272 = FACE_BOUND('',#4273,.F.);
#4273 = EDGE_LOOP('',(#4274));
#4274 = ORIENTED_EDGE('',*,*,#4275,.T.);
#4275 = EDGE_CURVE('',#4276,#4276,#4278,.T.);
#4276 = VERTEX_POINT('',#4277);
#4277 = CARTESIAN_POINT('',(-1.649399,57.190599,0.));
#4278 = CIRCLE('',#4279,1.27);
#4279 = AXIS2_PLACEMENT_3D('',#4280,#4281,#4282);
#4280 = CARTESIAN_POINT('',(-1.649399,58.460599,0.));
#4281 = DIRECTION('',(-0.,0.,-1.));
#4282 = DIRECTION('',(-1.748382715945E-16,-1.,0.));
#4283 = FACE_BOUND('',#4284,.F.);
#4284 = EDGE_LOOP('',(#4285));
#4285 = ORIENTED_EDGE('',*,*,#4286,.T.);
#4286 = EDGE_CURVE('',#4287,#4287,#4289,.T.);
#4287 = VERTEX_POINT('',#4288);
#4288 = CARTESIAN_POINT('',(4.260601,5.460599,0.));
#4289 = CIRCLE('',#4290,0.85);
#4290 = AXIS2_PLACEMENT_3D('',#4291,#4292,#4293);
#4291 = CARTESIAN_POINT('',(4.260601,6.310599,0.));
#4292 = DIRECTION('',(-0.,0.,-1.));
#4293 = DIRECTION('',(-0.,-1.,0.));
#4294 = FACE_BOUND('',#4295,.F.);
#4295 = EDGE_LOOP('',(#4296));
#4296 = ORIENTED_EDGE('',*,*,#4297,.T.);
#4297 = EDGE_CURVE('',#4298,#4298,#4300,.T.);
#4298 = VERTEX_POINT('',#4299);
#4299 = CARTESIAN_POINT('',(1.720601,10.640599,0.));
#4300 = CIRCLE('',#4301,0.75);
#4301 = AXIS2_PLACEMENT_3D('',#4302,#4303,#4304);
#4302 = CARTESIAN_POINT('',(1.720601,11.390599,0.));
#4303 = DIRECTION('',(-0.,0.,-1.));
#4304 = DIRECTION('',(2.960594732334E-16,-1.,-0.));
#4305 = FACE_BOUND('',#4306,.F.);
#4306 = EDGE_LOOP('',(#4307));
#4307 = ORIENTED_EDGE('',*,*,#4308,.T.);
#4308 = EDGE_CURVE('',#4309,#4309,#4311,.T.);
#4309 = VERTEX_POINT('',#4310);
#4310 = CARTESIAN_POINT('',(13.200601,5.460599,0.));
#4311 = CIRCLE('',#4312,0.85);
#4312 = AXIS2_PLACEMENT_3D('',#4313,#4314,#4315);
#4313 = CARTESIAN_POINT('',(13.200601,6.310599,0.));
#4314 = DIRECTION('',(-0.,0.,-1.));
#4315 = DIRECTION('',(2.089831575765E-15,-1.,-0.));
#4316 = FACE_BOUND('',#4317,.F.);
#4317 = EDGE_LOOP('',(#4318));
#4318 = ORIENTED_EDGE('',*,*,#4319,.T.);
#4319 = EDGE_CURVE('',#4320,#4320,#4322,.T.);
#4320 = VERTEX_POINT('',#4321);
#4321 = CARTESIAN_POINT('',(14.470601,8.100599,0.));
#4322 = CIRCLE('',#4323,0.75);
#4323 = AXIS2_PLACEMENT_3D('',#4324,#4325,#4326);
#4324 = CARTESIAN_POINT('',(14.470601,8.850599,0.));
#4325 = DIRECTION('',(-0.,0.,-1.));
#4326 = DIRECTION('',(-0.,-1.,0.));
#4327 = FACE_BOUND('',#4328,.F.);
#4328 = EDGE_LOOP('',(#4329));
#4329 = ORIENTED_EDGE('',*,*,#4330,.T.);
#4330 = EDGE_CURVE('',#4331,#4331,#4333,.T.);
#4331 = VERTEX_POINT('',#4332);
#4332 = CARTESIAN_POINT('',(18.280601,4.310599,0.));
#4333 = CIRCLE('',#4334,2.);
#4334 = AXIS2_PLACEMENT_3D('',#4335,#4336,#4337);
#4335 = CARTESIAN_POINT('',(18.280601,6.310599,0.));
#4336 = DIRECTION('',(-0.,0.,-1.));
#4337 = DIRECTION('',(-0.,-1.,0.));
#4338 = FACE_BOUND('',#4339,.F.);
#4339 = EDGE_LOOP('',(#4340));
#4340 = ORIENTED_EDGE('',*,*,#4341,.T.);
#4341 = EDGE_CURVE('',#4342,#4342,#4344,.T.);
#4342 = VERTEX_POINT('',#4343);
#4343 = CARTESIAN_POINT('',(20.820601,10.640599,0.));
#4344 = CIRCLE('',#4345,0.75);
#4345 = AXIS2_PLACEMENT_3D('',#4346,#4347,#4348);
#4346 = CARTESIAN_POINT('',(20.820601,11.390599,0.));
#4347 = DIRECTION('',(-0.,0.,-1.));
#4348 = DIRECTION('',(-0.,-1.,0.));
#4349 = FACE_BOUND('',#4350,.F.);
#4350 = EDGE_LOOP('',(#4351));
#4351 = ORIENTED_EDGE('',*,*,#4352,.T.);
#4352 = EDGE_CURVE('',#4353,#4353,#4355,.T.);
#4353 = VERTEX_POINT('',#4354);
#4354 = CARTESIAN_POINT('',(4.260601,24.460599,0.));
#4355 = CIRCLE('',#4356,0.85);
#4356 = AXIS2_PLACEMENT_3D('',#4357,#4358,#4359);
#4357 = CARTESIAN_POINT('',(4.260601,25.310599,0.));
#4358 = DIRECTION('',(-0.,0.,-1.));
#4359 = DIRECTION('',(-0.,-1.,0.));
#4360 = FACE_BOUND('',#4361,.F.);
#4361 = EDGE_LOOP('',(#4362));
#4362 = ORIENTED_EDGE('',*,*,#4363,.T.);
#4363 = EDGE_CURVE('',#4364,#4364,#4366,.T.);
#4364 = VERTEX_POINT('',#4365);
#4365 = CARTESIAN_POINT('',(1.720601,29.640599,0.));
#4366 = CIRCLE('',#4367,0.75);
#4367 = AXIS2_PLACEMENT_3D('',#4368,#4369,#4370);
#4368 = CARTESIAN_POINT('',(1.720601,30.390599,0.));
#4369 = DIRECTION('',(-0.,0.,-1.));
#4370 = DIRECTION('',(2.960594732334E-16,-1.,-0.));
#4371 = FACE_BOUND('',#4372,.F.);
#4372 = EDGE_LOOP('',(#4373));
#4373 = ORIENTED_EDGE('',*,*,#4374,.T.);
#4374 = EDGE_CURVE('',#4375,#4375,#4377,.T.);
#4375 = VERTEX_POINT('',#4376);
#4376 = CARTESIAN_POINT('',(13.200601,24.460599,0.));
#4377 = CIRCLE('',#4378,0.85);
#4378 = AXIS2_PLACEMENT_3D('',#4379,#4380,#4381);
#4379 = CARTESIAN_POINT('',(13.200601,25.310599,0.));
#4380 = DIRECTION('',(-0.,0.,-1.));
#4381 = DIRECTION('',(2.089831575765E-15,-1.,-0.));
#4382 = FACE_BOUND('',#4383,.F.);
#4383 = EDGE_LOOP('',(#4384));
#4384 = ORIENTED_EDGE('',*,*,#4385,.T.);
#4385 = EDGE_CURVE('',#4386,#4386,#4388,.T.);
#4386 = VERTEX_POINT('',#4387);
#4387 = CARTESIAN_POINT('',(14.470601,27.100599,0.));
#4388 = CIRCLE('',#4389,0.75);
#4389 = AXIS2_PLACEMENT_3D('',#4390,#4391,#4392);
#4390 = CARTESIAN_POINT('',(14.470601,27.850599,0.));
#4391 = DIRECTION('',(-0.,0.,-1.));
#4392 = DIRECTION('',(-0.,-1.,0.));
#4393 = FACE_BOUND('',#4394,.F.);
#4394 = EDGE_LOOP('',(#4395));
#4395 = ORIENTED_EDGE('',*,*,#4396,.T.);
#4396 = EDGE_CURVE('',#4397,#4397,#4399,.T.);
#4397 = VERTEX_POINT('',#4398);
#4398 = CARTESIAN_POINT('',(18.280601,23.310599,0.));
#4399 = CIRCLE('',#4400,2.);
#4400 = AXIS2_PLACEMENT_3D('',#4401,#4402,#4403);
#4401 = CARTESIAN_POINT('',(18.280601,25.310599,0.));
#4402 = DIRECTION('',(-0.,0.,-1.));
#4403 = DIRECTION('',(-0.,-1.,0.));
#4404 = FACE_BOUND('',#4405,.F.);
#4405 = EDGE_LOOP('',(#4406));
#4406 = ORIENTED_EDGE('',*,*,#4407,.T.);
#4407 = EDGE_CURVE('',#4408,#4408,#4410,.T.);
#4408 = VERTEX_POINT('',#4409);
#4409 = CARTESIAN_POINT('',(20.820601,29.640599,0.));
#4410 = CIRCLE('',#4411,0.75);
#4411 = AXIS2_PLACEMENT_3D('',#4412,#4413,#4414);
#4412 = CARTESIAN_POINT('',(20.820601,30.390599,0.));
#4413 = DIRECTION('',(-0.,0.,-1.));
#4414 = DIRECTION('',(-0.,-1.,0.));
#4415 = FACE_BOUND('',#4416,.F.);
#4416 = EDGE_LOOP('',(#4417));
#4417 = ORIENTED_EDGE('',*,*,#4418,.T.);
#4418 = EDGE_CURVE('',#4419,#4419,#4421,.T.);
#4419 = VERTEX_POINT('',#4420);
#4420 = CARTESIAN_POINT('',(23.360601,5.460599,0.));
#4421 = CIRCLE('',#4422,0.85);
#4422 = AXIS2_PLACEMENT_3D('',#4423,#4424,#4425);
#4423 = CARTESIAN_POINT('',(23.360601,6.310599,0.));
#4424 = DIRECTION('',(-0.,0.,-1.));
#4425 = DIRECTION('',(-4.17966315153E-15,-1.,0.));
#4426 = FACE_BOUND('',#4427,.F.);
#4427 = EDGE_LOOP('',(#4428));
#4428 = ORIENTED_EDGE('',*,*,#4429,.T.);
#4429 = EDGE_CURVE('',#4430,#4430,#4432,.T.);
#4430 = VERTEX_POINT('',#4431);
#4431 = CARTESIAN_POINT('',(32.300601,5.460599,0.));
#4432 = CIRCLE('',#4433,0.85);
#4433 = AXIS2_PLACEMENT_3D('',#4434,#4435,#4436);
#4434 = CARTESIAN_POINT('',(32.300601,6.310599,0.));
#4435 = DIRECTION('',(-0.,0.,-1.));
#4436 = DIRECTION('',(-0.,-1.,0.));
#4437 = FACE_BOUND('',#4438,.F.);
#4438 = EDGE_LOOP('',(#4439));
#4439 = ORIENTED_EDGE('',*,*,#4440,.T.);
#4440 = EDGE_CURVE('',#4441,#4441,#4443,.T.);
#4441 = VERTEX_POINT('',#4442);
#4442 = CARTESIAN_POINT('',(33.570601,8.100599,0.));
#4443 = CIRCLE('',#4444,0.75);
#4444 = AXIS2_PLACEMENT_3D('',#4445,#4446,#4447);
#4445 = CARTESIAN_POINT('',(33.570601,8.850599,0.));
#4446 = DIRECTION('',(-0.,0.,-1.));
#4447 = DIRECTION('',(-0.,-1.,0.));
#4448 = FACE_BOUND('',#4449,.F.);
#4449 = EDGE_LOOP('',(#4450));
#4450 = ORIENTED_EDGE('',*,*,#4451,.T.);
#4451 = EDGE_CURVE('',#4452,#4452,#4454,.T.);
#4452 = VERTEX_POINT('',#4453);
#4453 = CARTESIAN_POINT('',(37.380601,4.310599,0.));
#4454 = CIRCLE('',#4455,2.);
#4455 = AXIS2_PLACEMENT_3D('',#4456,#4457,#4458);
#4456 = CARTESIAN_POINT('',(37.380601,6.310599,0.));
#4457 = DIRECTION('',(-0.,0.,-1.));
#4458 = DIRECTION('',(-0.,-1.,0.));
#4459 = FACE_BOUND('',#4460,.F.);
#4460 = EDGE_LOOP('',(#4461));
#4461 = ORIENTED_EDGE('',*,*,#4462,.T.);
#4462 = EDGE_CURVE('',#4463,#4463,#4465,.T.);
#4463 = VERTEX_POINT('',#4464);
#4464 = CARTESIAN_POINT('',(42.460601,5.460599,0.));
#4465 = CIRCLE('',#4466,0.85);
#4466 = AXIS2_PLACEMENT_3D('',#4467,#4468,#4469);
#4467 = CARTESIAN_POINT('',(42.460601,6.310599,0.));
#4468 = DIRECTION('',(-0.,0.,-1.));
#4469 = DIRECTION('',(-0.,-1.,0.));
#4470 = FACE_BOUND('',#4471,.F.);
#4471 = EDGE_LOOP('',(#4472));
#4472 = ORIENTED_EDGE('',*,*,#4473,.T.);
#4473 = EDGE_CURVE('',#4474,#4474,#4476,.T.);
#4474 = VERTEX_POINT('',#4475);
#4475 = CARTESIAN_POINT('',(39.920601,10.640599,0.));
#4476 = CIRCLE('',#4477,0.75);
#4477 = AXIS2_PLACEMENT_3D('',#4478,#4479,#4480);
#4478 = CARTESIAN_POINT('',(39.920601,11.390599,0.));
#4479 = DIRECTION('',(-0.,0.,-1.));
#4480 = DIRECTION('',(-0.,-1.,0.));
#4481 = FACE_BOUND('',#4482,.F.);
#4482 = EDGE_LOOP('',(#4483));
#4483 = ORIENTED_EDGE('',*,*,#4484,.T.);
#4484 = EDGE_CURVE('',#4485,#4485,#4487,.T.);
#4485 = VERTEX_POINT('',#4486);
#4486 = CARTESIAN_POINT('',(23.360601,24.460599,0.));
#4487 = CIRCLE('',#4488,0.85);
#4488 = AXIS2_PLACEMENT_3D('',#4489,#4490,#4491);
#4489 = CARTESIAN_POINT('',(23.360601,25.310599,0.));
#4490 = DIRECTION('',(-0.,0.,-1.));
#4491 = DIRECTION('',(-4.17966315153E-15,-1.,0.));
#4492 = FACE_BOUND('',#4493,.F.);
#4493 = EDGE_LOOP('',(#4494));
#4494 = ORIENTED_EDGE('',*,*,#4495,.T.);
#4495 = EDGE_CURVE('',#4496,#4496,#4498,.T.);
#4496 = VERTEX_POINT('',#4497);
#4497 = CARTESIAN_POINT('',(32.300601,24.460599,0.));
#4498 = CIRCLE('',#4499,0.85);
#4499 = AXIS2_PLACEMENT_3D('',#4500,#4501,#4502);
#4500 = CARTESIAN_POINT('',(32.300601,25.310599,0.));
#4501 = DIRECTION('',(-0.,0.,-1.));
#4502 = DIRECTION('',(-0.,-1.,0.));
#4503 = FACE_BOUND('',#4504,.F.);
#4504 = EDGE_LOOP('',(#4505));
#4505 = ORIENTED_EDGE('',*,*,#4506,.T.);
#4506 = EDGE_CURVE('',#4507,#4507,#4509,.T.);
#4507 = VERTEX_POINT('',#4508);
#4508 = CARTESIAN_POINT('',(33.570601,27.100599,0.));
#4509 = CIRCLE('',#4510,0.75);
#4510 = AXIS2_PLACEMENT_3D('',#4511,#4512,#4513);
#4511 = CARTESIAN_POINT('',(33.570601,27.850599,0.));
#4512 = DIRECTION('',(-0.,0.,-1.));
#4513 = DIRECTION('',(-0.,-1.,0.));
#4514 = FACE_BOUND('',#4515,.F.);
#4515 = EDGE_LOOP('',(#4516));
#4516 = ORIENTED_EDGE('',*,*,#4517,.T.);
#4517 = EDGE_CURVE('',#4518,#4518,#4520,.T.);
#4518 = VERTEX_POINT('',#4519);
#4519 = CARTESIAN_POINT('',(37.380601,23.310599,0.));
#4520 = CIRCLE('',#4521,2.);
#4521 = AXIS2_PLACEMENT_3D('',#4522,#4523,#4524);
#4522 = CARTESIAN_POINT('',(37.380601,25.310599,0.));
#4523 = DIRECTION('',(-0.,0.,-1.));
#4524 = DIRECTION('',(-0.,-1.,0.));
#4525 = FACE_BOUND('',#4526,.F.);
#4526 = EDGE_LOOP('',(#4527));
#4527 = ORIENTED_EDGE('',*,*,#4528,.T.);
#4528 = EDGE_CURVE('',#4529,#4529,#4531,.T.);
#4529 = VERTEX_POINT('',#4530);
#4530 = CARTESIAN_POINT('',(42.460601,24.460599,0.));
#4531 = CIRCLE('',#4532,0.85);
#4532 = AXIS2_PLACEMENT_3D('',#4533,#4534,#4535);
#4533 = CARTESIAN_POINT('',(42.460601,25.310599,0.));
#4534 = DIRECTION('',(-0.,0.,-1.));
#4535 = DIRECTION('',(-0.,-1.,0.));
#4536 = FACE_BOUND('',#4537,.F.);
#4537 = EDGE_LOOP('',(#4538));
#4538 = ORIENTED_EDGE('',*,*,#4539,.T.);
#4539 = EDGE_CURVE('',#4540,#4540,#4542,.T.);
#4540 = VERTEX_POINT('',#4541);
#4541 = CARTESIAN_POINT('',(39.920601,29.640599,0.));
#4542 = CIRCLE('',#4543,0.75);
#4543 = AXIS2_PLACEMENT_3D('',#4544,#4545,#4546);
#4544 = CARTESIAN_POINT('',(39.920601,30.390599,0.));
#4545 = DIRECTION('',(-0.,0.,-1.));
#4546 = DIRECTION('',(-0.,-1.,0.));
#4547 = FACE_BOUND('',#4548,.F.);
#4548 = EDGE_LOOP('',(#4549));
#4549 = ORIENTED_EDGE('',*,*,#4550,.T.);
#4550 = EDGE_CURVE('',#4551,#4551,#4553,.T.);
#4551 = VERTEX_POINT('',#4552);
#4552 = CARTESIAN_POINT('',(2.160601,38.910599,0.));
#4553 = CIRCLE('',#4554,0.5);
#4554 = AXIS2_PLACEMENT_3D('',#4555,#4556,#4557);
#4555 = CARTESIAN_POINT('',(2.160601,39.410599,0.));
#4556 = DIRECTION('',(-0.,0.,-1.));
#4557 = DIRECTION('',(-0.,-1.,0.));
#4558 = FACE_BOUND('',#4559,.F.);
#4559 = EDGE_LOOP('',(#4560));
#4560 = ORIENTED_EDGE('',*,*,#4561,.T.);
#4561 = EDGE_CURVE('',#4562,#4562,#4564,.T.);
#4562 = VERTEX_POINT('',#4563);
#4563 = CARTESIAN_POINT('',(4.700601,38.910599,0.));
#4564 = CIRCLE('',#4565,0.5);
#4565 = AXIS2_PLACEMENT_3D('',#4566,#4567,#4568);
#4566 = CARTESIAN_POINT('',(4.700601,39.410599,0.));
#4567 = DIRECTION('',(-0.,0.,-1.));
#4568 = DIRECTION('',(-0.,-1.,0.));
#4569 = FACE_BOUND('',#4570,.F.);
#4570 = EDGE_LOOP('',(#4571));
#4571 = ORIENTED_EDGE('',*,*,#4572,.T.);
#4572 = EDGE_CURVE('',#4573,#4573,#4575,.T.);
#4573 = VERTEX_POINT('',#4574);
#4574 = CARTESIAN_POINT('',(7.240601,38.910599,0.));
#4575 = CIRCLE('',#4576,0.5);
#4576 = AXIS2_PLACEMENT_3D('',#4577,#4578,#4579);
#4577 = CARTESIAN_POINT('',(7.240601,39.410599,0.));
#4578 = DIRECTION('',(-0.,0.,-1.));
#4579 = DIRECTION('',(-0.,-1.,0.));
#4580 = FACE_BOUND('',#4581,.F.);
#4581 = EDGE_LOOP('',(#4582));
#4582 = ORIENTED_EDGE('',*,*,#4583,.T.);
#4583 = EDGE_CURVE('',#4584,#4584,#4586,.T.);
#4584 = VERTEX_POINT('',#4585);
#4585 = CARTESIAN_POINT('',(9.780601,38.910599,0.));
#4586 = CIRCLE('',#4587,0.5);
#4587 = AXIS2_PLACEMENT_3D('',#4588,#4589,#4590);
#4588 = CARTESIAN_POINT('',(9.780601,39.410599,0.));
#4589 = DIRECTION('',(-0.,0.,-1.));
#4590 = DIRECTION('',(-0.,-1.,0.));
#4591 = FACE_BOUND('',#4592,.F.);
#4592 = EDGE_LOOP('',(#4593));
#4593 = ORIENTED_EDGE('',*,*,#4594,.T.);
#4594 = EDGE_CURVE('',#4595,#4595,#4597,.T.);
#4595 = VERTEX_POINT('',#4596);
#4596 = CARTESIAN_POINT('',(12.320601,38.910599,0.));
#4597 = CIRCLE('',#4598,0.5);
#4598 = AXIS2_PLACEMENT_3D('',#4599,#4600,#4601);
#4599 = CARTESIAN_POINT('',(12.320601,39.410599,0.));
#4600 = DIRECTION('',(-0.,0.,-1.));
#4601 = DIRECTION('',(-0.,-1.,0.));
#4602 = FACE_BOUND('',#4603,.F.);
#4603 = EDGE_LOOP('',(#4604));
#4604 = ORIENTED_EDGE('',*,*,#4605,.T.);
#4605 = EDGE_CURVE('',#4606,#4606,#4608,.T.);
#4606 = VERTEX_POINT('',#4607);
#4607 = CARTESIAN_POINT('',(14.860601,38.910599,0.));
#4608 = CIRCLE('',#4609,0.5);
#4609 = AXIS2_PLACEMENT_3D('',#4610,#4611,#4612);
#4610 = CARTESIAN_POINT('',(14.860601,39.410599,0.));
#4611 = DIRECTION('',(-0.,0.,-1.));
#4612 = DIRECTION('',(-0.,-1.,0.));
#4613 = FACE_BOUND('',#4614,.F.);
#4614 = EDGE_LOOP('',(#4615));
#4615 = ORIENTED_EDGE('',*,*,#4616,.T.);
#4616 = EDGE_CURVE('',#4617,#4617,#4619,.T.);
#4617 = VERTEX_POINT('',#4618);
#4618 = CARTESIAN_POINT('',(17.400601,38.910599,0.));
#4619 = CIRCLE('',#4620,0.5);
#4620 = AXIS2_PLACEMENT_3D('',#4621,#4622,#4623);
#4621 = CARTESIAN_POINT('',(17.400601,39.410599,0.));
#4622 = DIRECTION('',(-0.,0.,-1.));
#4623 = DIRECTION('',(-0.,-1.,0.));
#4624 = FACE_BOUND('',#4625,.F.);
#4625 = EDGE_LOOP('',(#4626));
#4626 = ORIENTED_EDGE('',*,*,#4627,.T.);
#4627 = EDGE_CURVE('',#4628,#4628,#4630,.T.);
#4628 = VERTEX_POINT('',#4629);
#4629 = CARTESIAN_POINT('',(19.940601,38.910599,0.));
#4630 = CIRCLE('',#4631,0.5);
#4631 = AXIS2_PLACEMENT_3D('',#4632,#4633,#4634);
#4632 = CARTESIAN_POINT('',(19.940601,39.410599,0.));
#4633 = DIRECTION('',(-0.,0.,-1.));
#4634 = DIRECTION('',(-0.,-1.,0.));
#4635 = FACE_BOUND('',#4636,.F.);
#4636 = EDGE_LOOP('',(#4637));
#4637 = ORIENTED_EDGE('',*,*,#4638,.T.);
#4638 = EDGE_CURVE('',#4639,#4639,#4641,.T.);
#4639 = VERTEX_POINT('',#4640);
#4640 = CARTESIAN_POINT('',(22.480601,38.910599,0.));
#4641 = CIRCLE('',#4642,0.5);
#4642 = AXIS2_PLACEMENT_3D('',#4643,#4644,#4645);
#4643 = CARTESIAN_POINT('',(22.480601,39.410599,0.));
#4644 = DIRECTION('',(-0.,0.,-1.));
#4645 = DIRECTION('',(-0.,-1.,0.));
#4646 = FACE_BOUND('',#4647,.F.);
#4647 = EDGE_LOOP('',(#4648));
#4648 = ORIENTED_EDGE('',*,*,#4649,.T.);
#4649 = EDGE_CURVE('',#4650,#4650,#4652,.T.);
#4650 = VERTEX_POINT('',#4651);
#4651 = CARTESIAN_POINT('',(12.320601,59.230599,0.));
#4652 = CIRCLE('',#4653,0.5);
#4653 = AXIS2_PLACEMENT_3D('',#4654,#4655,#4656);
#4654 = CARTESIAN_POINT('',(12.320601,59.730599,0.));
#4655 = DIRECTION('',(-0.,0.,-1.));
#4656 = DIRECTION('',(-0.,-1.,0.));
#4657 = FACE_BOUND('',#4658,.F.);
#4658 = EDGE_LOOP('',(#4659));
#4659 = ORIENTED_EDGE('',*,*,#4660,.T.);
#4660 = EDGE_CURVE('',#4661,#4661,#4663,.T.);
#4661 = VERTEX_POINT('',#4662);
#4662 = CARTESIAN_POINT('',(14.860601,59.230599,0.));
#4663 = CIRCLE('',#4664,0.5);
#4664 = AXIS2_PLACEMENT_3D('',#4665,#4666,#4667);
#4665 = CARTESIAN_POINT('',(14.860601,59.730599,0.));
#4666 = DIRECTION('',(-0.,0.,-1.));
#4667 = DIRECTION('',(-0.,-1.,0.));
#4668 = FACE_BOUND('',#4669,.F.);
#4669 = EDGE_LOOP('',(#4670));
#4670 = ORIENTED_EDGE('',*,*,#4671,.T.);
#4671 = EDGE_CURVE('',#4672,#4672,#4674,.T.);
#4672 = VERTEX_POINT('',#4673);
#4673 = CARTESIAN_POINT('',(17.400601,59.230599,0.));
#4674 = CIRCLE('',#4675,0.5);
#4675 = AXIS2_PLACEMENT_3D('',#4676,#4677,#4678);
#4676 = CARTESIAN_POINT('',(17.400601,59.730599,0.));
#4677 = DIRECTION('',(-0.,0.,-1.));
#4678 = DIRECTION('',(-0.,-1.,0.));
#4679 = FACE_BOUND('',#4680,.F.);
#4680 = EDGE_LOOP('',(#4681));
#4681 = ORIENTED_EDGE('',*,*,#4682,.T.);
#4682 = EDGE_CURVE('',#4683,#4683,#4685,.T.);
#4683 = VERTEX_POINT('',#4684);
#4684 = CARTESIAN_POINT('',(19.940601,59.230599,0.));
#4685 = CIRCLE('',#4686,0.5);
#4686 = AXIS2_PLACEMENT_3D('',#4687,#4688,#4689);
#4687 = CARTESIAN_POINT('',(19.940601,59.730599,0.));
#4688 = DIRECTION('',(-0.,0.,-1.));
#4689 = DIRECTION('',(-0.,-1.,0.));
#4690 = FACE_BOUND('',#4691,.F.);
#4691 = EDGE_LOOP('',(#4692));
#4692 = ORIENTED_EDGE('',*,*,#4693,.T.);
#4693 = EDGE_CURVE('',#4694,#4694,#4696,.T.);
#4694 = VERTEX_POINT('',#4695);
#4695 = CARTESIAN_POINT('',(22.480601,59.230599,0.));
#4696 = CIRCLE('',#4697,0.5);
#4697 = AXIS2_PLACEMENT_3D('',#4698,#4699,#4700);
#4698 = CARTESIAN_POINT('',(22.480601,59.730599,0.));
#4699 = DIRECTION('',(-0.,0.,-1.));
#4700 = DIRECTION('',(-0.,-1.,0.));
#4701 = FACE_BOUND('',#4702,.F.);
#4702 = EDGE_LOOP('',(#4703));
#4703 = ORIENTED_EDGE('',*,*,#4704,.T.);
#4704 = EDGE_CURVE('',#4705,#4705,#4707,.T.);
#4705 = VERTEX_POINT('',#4706);
#4706 = CARTESIAN_POINT('',(25.020601,38.910599,0.));
#4707 = CIRCLE('',#4708,0.5);
#4708 = AXIS2_PLACEMENT_3D('',#4709,#4710,#4711);
#4709 = CARTESIAN_POINT('',(25.020601,39.410599,0.));
#4710 = DIRECTION('',(-0.,0.,-1.));
#4711 = DIRECTION('',(-0.,-1.,0.));
#4712 = FACE_BOUND('',#4713,.F.);
#4713 = EDGE_LOOP('',(#4714));
#4714 = ORIENTED_EDGE('',*,*,#4715,.T.);
#4715 = EDGE_CURVE('',#4716,#4716,#4718,.T.);
#4716 = VERTEX_POINT('',#4717);
#4717 = CARTESIAN_POINT('',(27.560601,38.910599,0.));
#4718 = CIRCLE('',#4719,0.5);
#4719 = AXIS2_PLACEMENT_3D('',#4720,#4721,#4722);
#4720 = CARTESIAN_POINT('',(27.560601,39.410599,0.));
#4721 = DIRECTION('',(-0.,0.,-1.));
#4722 = DIRECTION('',(-0.,-1.,0.));
#4723 = FACE_BOUND('',#4724,.F.);
#4724 = EDGE_LOOP('',(#4725));
#4725 = ORIENTED_EDGE('',*,*,#4726,.T.);
#4726 = EDGE_CURVE('',#4727,#4727,#4729,.T.);
#4727 = VERTEX_POINT('',#4728);
#4728 = CARTESIAN_POINT('',(30.100601,38.910599,0.));
#4729 = CIRCLE('',#4730,0.5);
#4730 = AXIS2_PLACEMENT_3D('',#4731,#4732,#4733);
#4731 = CARTESIAN_POINT('',(30.100601,39.410599,0.));
#4732 = DIRECTION('',(-0.,0.,-1.));
#4733 = DIRECTION('',(-0.,-1.,0.));
#4734 = FACE_BOUND('',#4735,.F.);
#4735 = EDGE_LOOP('',(#4736));
#4736 = ORIENTED_EDGE('',*,*,#4737,.T.);
#4737 = EDGE_CURVE('',#4738,#4738,#4740,.T.);
#4738 = VERTEX_POINT('',#4739);
#4739 = CARTESIAN_POINT('',(32.640601,38.910599,0.));
#4740 = CIRCLE('',#4741,0.5);
#4741 = AXIS2_PLACEMENT_3D('',#4742,#4743,#4744);
#4742 = CARTESIAN_POINT('',(32.640601,39.410599,0.));
#4743 = DIRECTION('',(-0.,0.,-1.));
#4744 = DIRECTION('',(-0.,-1.,0.));
#4745 = FACE_BOUND('',#4746,.F.);
#4746 = EDGE_LOOP('',(#4747));
#4747 = ORIENTED_EDGE('',*,*,#4748,.T.);
#4748 = EDGE_CURVE('',#4749,#4749,#4751,.T.);
#4749 = VERTEX_POINT('',#4750);
#4750 = CARTESIAN_POINT('',(35.180601,38.910599,0.));
#4751 = CIRCLE('',#4752,0.5);
#4752 = AXIS2_PLACEMENT_3D('',#4753,#4754,#4755);
#4753 = CARTESIAN_POINT('',(35.180601,39.410599,0.));
#4754 = DIRECTION('',(-0.,0.,-1.));
#4755 = DIRECTION('',(-0.,-1.,0.));
#4756 = FACE_BOUND('',#4757,.F.);
#4757 = EDGE_LOOP('',(#4758));
#4758 = ORIENTED_EDGE('',*,*,#4759,.T.);
#4759 = EDGE_CURVE('',#4760,#4760,#4762,.T.);
#4760 = VERTEX_POINT('',#4761);
#4761 = CARTESIAN_POINT('',(37.720601,38.910599,0.));
#4762 = CIRCLE('',#4763,0.5);
#4763 = AXIS2_PLACEMENT_3D('',#4764,#4765,#4766);
#4764 = CARTESIAN_POINT('',(37.720601,39.410599,0.));
#4765 = DIRECTION('',(-0.,0.,-1.));
#4766 = DIRECTION('',(-0.,-1.,0.));
#4767 = FACE_BOUND('',#4768,.F.);
#4768 = EDGE_LOOP('',(#4769));
#4769 = ORIENTED_EDGE('',*,*,#4770,.T.);
#4770 = EDGE_CURVE('',#4771,#4771,#4773,.T.);
#4771 = VERTEX_POINT('',#4772);
#4772 = CARTESIAN_POINT('',(40.260601,38.910599,0.));
#4773 = CIRCLE('',#4774,0.5);
#4774 = AXIS2_PLACEMENT_3D('',#4775,#4776,#4777);
#4775 = CARTESIAN_POINT('',(40.260601,39.410599,0.));
#4776 = DIRECTION('',(-0.,0.,-1.));
#4777 = DIRECTION('',(-0.,-1.,0.));
#4778 = FACE_BOUND('',#4779,.F.);
#4779 = EDGE_LOOP('',(#4780));
#4780 = ORIENTED_EDGE('',*,*,#4781,.T.);
#4781 = EDGE_CURVE('',#4782,#4782,#4784,.T.);
#4782 = VERTEX_POINT('',#4783);
#4783 = CARTESIAN_POINT('',(44.070601,39.410599,0.));
#4784 = CIRCLE('',#4785,1.27);
#4785 = AXIS2_PLACEMENT_3D('',#4786,#4787,#4788);
#4786 = CARTESIAN_POINT('',(44.070601,40.680599,0.));
#4787 = DIRECTION('',(-0.,0.,-1.));
#4788 = DIRECTION('',(5.594824691024E-15,-1.,-0.));
#4789 = FACE_BOUND('',#4790,.F.);
#4790 = EDGE_LOOP('',(#4791));
#4791 = ORIENTED_EDGE('',*,*,#4792,.T.);
#4792 = EDGE_CURVE('',#4793,#4793,#4795,.T.);
#4793 = VERTEX_POINT('',#4794);
#4794 = CARTESIAN_POINT('',(25.020601,59.230599,0.));
#4795 = CIRCLE('',#4796,0.5);
#4796 = AXIS2_PLACEMENT_3D('',#4797,#4798,#4799);
#4797 = CARTESIAN_POINT('',(25.020601,59.730599,0.));
#4798 = DIRECTION('',(-0.,0.,-1.));
#4799 = DIRECTION('',(-0.,-1.,0.));
#4800 = FACE_BOUND('',#4801,.F.);
#4801 = EDGE_LOOP('',(#4802));
#4802 = ORIENTED_EDGE('',*,*,#4803,.T.);
#4803 = EDGE_CURVE('',#4804,#4804,#4806,.T.);
#4804 = VERTEX_POINT('',#4805);
#4805 = CARTESIAN_POINT('',(27.560601,59.230599,0.));
#4806 = CIRCLE('',#4807,0.5);
#4807 = AXIS2_PLACEMENT_3D('',#4808,#4809,#4810);
#4808 = CARTESIAN_POINT('',(27.560601,59.730599,0.));
#4809 = DIRECTION('',(-0.,0.,-1.));
#4810 = DIRECTION('',(-0.,-1.,0.));
#4811 = FACE_BOUND('',#4812,.F.);
#4812 = EDGE_LOOP('',(#4813));
#4813 = ORIENTED_EDGE('',*,*,#4814,.T.);
#4814 = EDGE_CURVE('',#4815,#4815,#4817,.T.);
#4815 = VERTEX_POINT('',#4816);
#4816 = CARTESIAN_POINT('',(30.100601,59.230599,0.));
#4817 = CIRCLE('',#4818,0.5);
#4818 = AXIS2_PLACEMENT_3D('',#4819,#4820,#4821);
#4819 = CARTESIAN_POINT('',(30.100601,59.730599,0.));
#4820 = DIRECTION('',(-0.,0.,-1.));
#4821 = DIRECTION('',(-0.,-1.,0.));
#4822 = FACE_BOUND('',#4823,.F.);
#4823 = EDGE_LOOP('',(#4824));
#4824 = ORIENTED_EDGE('',*,*,#4825,.T.);
#4825 = EDGE_CURVE('',#4826,#4826,#4828,.T.);
#4826 = VERTEX_POINT('',#4827);
#4827 = CARTESIAN_POINT('',(32.640601,59.230599,0.));
#4828 = CIRCLE('',#4829,0.5);
#4829 = AXIS2_PLACEMENT_3D('',#4830,#4831,#4832);
#4830 = CARTESIAN_POINT('',(32.640601,59.730599,0.));
#4831 = DIRECTION('',(-0.,0.,-1.));
#4832 = DIRECTION('',(-0.,-1.,0.));
#4833 = FACE_BOUND('',#4834,.F.);
#4834 = EDGE_LOOP('',(#4835));
#4835 = ORIENTED_EDGE('',*,*,#4836,.T.);
#4836 = EDGE_CURVE('',#4837,#4837,#4839,.T.);
#4837 = VERTEX_POINT('',#4838);
#4838 = CARTESIAN_POINT('',(35.180601,59.230599,0.));
#4839 = CIRCLE('',#4840,0.5);
#4840 = AXIS2_PLACEMENT_3D('',#4841,#4842,#4843);
#4841 = CARTESIAN_POINT('',(35.180601,59.730599,0.));
#4842 = DIRECTION('',(-0.,0.,-1.));
#4843 = DIRECTION('',(-0.,-1.,0.));
#4844 = FACE_BOUND('',#4845,.F.);
#4845 = EDGE_LOOP('',(#4846));
#4846 = ORIENTED_EDGE('',*,*,#4847,.T.);
#4847 = EDGE_CURVE('',#4848,#4848,#4850,.T.);
#4848 = VERTEX_POINT('',#4849);
#4849 = CARTESIAN_POINT('',(37.720601,59.230599,0.));
#4850 = CIRCLE('',#4851,0.5);
#4851 = AXIS2_PLACEMENT_3D('',#4852,#4853,#4854);
#4852 = CARTESIAN_POINT('',(37.720601,59.730599,0.));
#4853 = DIRECTION('',(-0.,0.,-1.));
#4854 = DIRECTION('',(-0.,-1.,0.));
#4855 = FACE_BOUND('',#4856,.F.);
#4856 = EDGE_LOOP('',(#4857));
#4857 = ORIENTED_EDGE('',*,*,#4858,.T.);
#4858 = EDGE_CURVE('',#4859,#4859,#4861,.T.);
#4859 = VERTEX_POINT('',#4860);
#4860 = CARTESIAN_POINT('',(40.260601,59.230599,0.));
#4861 = CIRCLE('',#4862,0.5);
#4862 = AXIS2_PLACEMENT_3D('',#4863,#4864,#4865);
#4863 = CARTESIAN_POINT('',(40.260601,59.730599,0.));
#4864 = DIRECTION('',(-0.,0.,-1.));
#4865 = DIRECTION('',(-0.,-1.,0.));
#4866 = FACE_BOUND('',#4867,.F.);
#4867 = EDGE_LOOP('',(#4868));
#4868 = ORIENTED_EDGE('',*,*,#4869,.T.);
#4869 = EDGE_CURVE('',#4870,#4870,#4872,.T.);
#4870 = VERTEX_POINT('',#4871);
#4871 = CARTESIAN_POINT('',(44.070601,57.190599,0.));
#4872 = CIRCLE('',#4873,1.27);
#4873 = AXIS2_PLACEMENT_3D('',#4874,#4875,#4876);
#4874 = CARTESIAN_POINT('',(44.070601,58.460599,0.));
#4875 = DIRECTION('',(-0.,0.,-1.));
#4876 = DIRECTION('',(5.594824691024E-15,-1.,-0.));
#4877 = PLANE('',#4878);
#4878 = AXIS2_PLACEMENT_3D('',#4879,#4880,#4881);
#4879 = CARTESIAN_POINT('',(0.,0.,0.));
#4880 = DIRECTION('',(0.,0.,1.));
#4881 = DIRECTION('',(1.,0.,-0.));
#4882 = ADVANCED_FACE('',(#4883,#4894,#4905,#4916,#4927,#4938,#4949,
    #4960,#4971,#4982,#4993,#5004,#5015,#5026,#5037,#5048,#5059,#5070,
    #5081,#5092,#5103,#5114,#5125,#5136,#5147,#5158,#5169,#5180,#5191,
    #5202,#5213,#5224,#5235,#5246,#5257,#5268,#5279,#5290,#5301,#5312,
    #5323,#5334,#5345,#5356,#5367,#5378,#5389,#5400,#5411,#5422,#5433,
    #5444,#5455,#5466,#5477,#5488,#5499,#5510,#5521,#5532,#5543,#5554,
    #5565,#5576,#5587,#5598,#5609,#5620,#5631,#5642,#5653,#5664,#5675,
    #5686,#5697,#5708,#5719,#5730,#5741,#5752,#5763,#5774,#5785,#5796,
    #5807,#5818,#5829,#5840,#5851,#5862,#5873,#5884,#5895,#5906,#5917,
    #5928,#5939,#5950,#5961,#5972,#5983,#5994,#6005,#6016,#6027,#6038,
    #6049,#6060,#6071,#6082,#6093,#6104,#6115,#6126,#6137,#6148,#6159,
    #6170,#6181,#6192,#6203,#6214,#6225,#6236,#6247,#6258,#6269,#6280,
    #6291,#6302,#6313,#6324,#6335,#6346,#6357,#6368,#6379,#6390,#6401,
    #6412,#6423,#6434,#6445,#6456,#6467,#6478,#6489,#6500,#6511,#6522,
    #6533,#6544,#6555,#6566,#6577,#6588,#6599,#6610,#6621,#6632,#6643,
    #6654,#6665,#6676,#6687,#6698,#6709,#6720,#6731,#6742,#6753,#6764,
    #6775,#6786,#6797,#6808,#6819,#6830,#6841,#6852,#6863,#6874,#6885,
    #6896,#6907),#6918,.T.);
#4883 = FACE_BOUND('',#4884,.T.);
#4884 = EDGE_LOOP('',(#4885,#4886,#4887,#4893));
#4885 = ORIENTED_EDGE('',*,*,#2753,.F.);
#4886 = ORIENTED_EDGE('',*,*,#2793,.F.);
#4887 = ORIENTED_EDGE('',*,*,#4888,.F.);
#4888 = EDGE_CURVE('',#2816,#2786,#4889,.T.);
#4889 = LINE('',#4890,#4891);
#4890 = CARTESIAN_POINT('',(-50.949999,65.,1.51));
#4891 = VECTOR('',#4892,1.);
#4892 = DIRECTION('',(1.,0.,0.));
#4893 = ORIENTED_EDGE('',*,*,#2815,.F.);
#4894 = FACE_BOUND('',#4895,.T.);
#4895 = EDGE_LOOP('',(#4896));
#4896 = ORIENTED_EDGE('',*,*,#4897,.T.);
#4897 = EDGE_CURVE('',#4898,#4898,#4900,.T.);
#4898 = VERTEX_POINT('',#4899);
#4899 = CARTESIAN_POINT('',(-45.409399,-51.519401,1.51));
#4900 = CIRCLE('',#4901,0.45);
#4901 = AXIS2_PLACEMENT_3D('',#4902,#4903,#4904);
#4902 = CARTESIAN_POINT('',(-45.409399,-51.069401,1.51));
#4903 = DIRECTION('',(-0.,0.,-1.));
#4904 = DIRECTION('',(-0.,-1.,0.));
#4905 = FACE_BOUND('',#4906,.T.);
#4906 = EDGE_LOOP('',(#4907));
#4907 = ORIENTED_EDGE('',*,*,#4908,.T.);
#4908 = EDGE_CURVE('',#4909,#4909,#4911,.T.);
#4909 = VERTEX_POINT('',#4910);
#4910 = CARTESIAN_POINT('',(-45.409399,-47.269401,1.51));
#4911 = CIRCLE('',#4912,0.45);
#4912 = AXIS2_PLACEMENT_3D('',#4913,#4914,#4915);
#4913 = CARTESIAN_POINT('',(-45.409399,-46.819401,1.51));
#4914 = DIRECTION('',(-0.,0.,-1.));
#4915 = DIRECTION('',(-0.,-1.,0.));
#4916 = FACE_BOUND('',#4917,.T.);
#4917 = EDGE_LOOP('',(#4918));
#4918 = ORIENTED_EDGE('',*,*,#4919,.T.);
#4919 = EDGE_CURVE('',#4920,#4920,#4922,.T.);
#4920 = VERTEX_POINT('',#4921);
#4921 = CARTESIAN_POINT('',(-45.409399,-43.019401,1.51));
#4922 = CIRCLE('',#4923,0.45);
#4923 = AXIS2_PLACEMENT_3D('',#4924,#4925,#4926);
#4924 = CARTESIAN_POINT('',(-45.409399,-42.569401,1.51));
#4925 = DIRECTION('',(-0.,0.,-1.));
#4926 = DIRECTION('',(-0.,-1.,0.));
#4927 = FACE_BOUND('',#4928,.T.);
#4928 = EDGE_LOOP('',(#4929));
#4929 = ORIENTED_EDGE('',*,*,#4930,.T.);
#4930 = EDGE_CURVE('',#4931,#4931,#4933,.T.);
#4931 = VERTEX_POINT('',#4932);
#4932 = CARTESIAN_POINT('',(-32.709399,-51.519401,1.51));
#4933 = CIRCLE('',#4934,0.45);
#4934 = AXIS2_PLACEMENT_3D('',#4935,#4936,#4937);
#4935 = CARTESIAN_POINT('',(-32.709399,-51.069401,1.51));
#4936 = DIRECTION('',(-0.,0.,-1.));
#4937 = DIRECTION('',(1.578983857245E-14,-1.,-0.));
#4938 = FACE_BOUND('',#4939,.T.);
#4939 = EDGE_LOOP('',(#4940));
#4940 = ORIENTED_EDGE('',*,*,#4941,.T.);
#4941 = EDGE_CURVE('',#4942,#4942,#4944,.T.);
#4942 = VERTEX_POINT('',#4943);
#4943 = CARTESIAN_POINT('',(-32.709399,-47.269401,1.51));
#4944 = CIRCLE('',#4945,0.45);
#4945 = AXIS2_PLACEMENT_3D('',#4946,#4947,#4948);
#4946 = CARTESIAN_POINT('',(-32.709399,-46.819401,1.51));
#4947 = DIRECTION('',(-0.,0.,-1.));
#4948 = DIRECTION('',(1.578983857245E-14,-1.,-0.));
#4949 = FACE_BOUND('',#4950,.T.);
#4950 = EDGE_LOOP('',(#4951));
#4951 = ORIENTED_EDGE('',*,*,#4952,.T.);
#4952 = EDGE_CURVE('',#4953,#4953,#4955,.T.);
#4953 = VERTEX_POINT('',#4954);
#4954 = CARTESIAN_POINT('',(-24.999399,-51.539401,1.51));
#4955 = CIRCLE('',#4956,0.85);
#4956 = AXIS2_PLACEMENT_3D('',#4957,#4958,#4959);
#4957 = CARTESIAN_POINT('',(-24.999399,-50.689401,1.51));
#4958 = DIRECTION('',(-0.,0.,-1.));
#4959 = DIRECTION('',(-4.17966315153E-15,-1.,0.));
#4960 = FACE_BOUND('',#4961,.T.);
#4961 = EDGE_LOOP('',(#4962));
#4962 = ORIENTED_EDGE('',*,*,#4963,.T.);
#4963 = EDGE_CURVE('',#4964,#4964,#4966,.T.);
#4964 = VERTEX_POINT('',#4965);
#4965 = CARTESIAN_POINT('',(-23.729399,-48.899401,1.51));
#4966 = CIRCLE('',#4967,0.75);
#4967 = AXIS2_PLACEMENT_3D('',#4968,#4969,#4970);
#4968 = CARTESIAN_POINT('',(-23.729399,-48.149401,1.51));
#4969 = DIRECTION('',(-0.,0.,-1.));
#4970 = DIRECTION('',(-0.,-1.,0.));
#4971 = FACE_BOUND('',#4972,.T.);
#4972 = EDGE_LOOP('',(#4973));
#4973 = ORIENTED_EDGE('',*,*,#4974,.T.);
#4974 = EDGE_CURVE('',#4975,#4975,#4977,.T.);
#4975 = VERTEX_POINT('',#4976);
#4976 = CARTESIAN_POINT('',(-32.709399,-43.019401,1.51));
#4977 = CIRCLE('',#4978,0.45);
#4978 = AXIS2_PLACEMENT_3D('',#4979,#4980,#4981);
#4979 = CARTESIAN_POINT('',(-32.709399,-42.569401,1.51));
#4980 = DIRECTION('',(-0.,0.,-1.));
#4981 = DIRECTION('',(1.578983857245E-14,-1.,-0.));
#4982 = FACE_BOUND('',#4983,.T.);
#4983 = EDGE_LOOP('',(#4984));
#4984 = ORIENTED_EDGE('',*,*,#4985,.T.);
#4985 = EDGE_CURVE('',#4986,#4986,#4988,.T.);
#4986 = VERTEX_POINT('',#4987);
#4987 = CARTESIAN_POINT('',(-29.968399,-43.962101,1.51));
#4988 = CIRCLE('',#4989,0.15);
#4989 = AXIS2_PLACEMENT_3D('',#4990,#4991,#4992);
#4990 = CARTESIAN_POINT('',(-29.968399,-43.812101,1.51));
#4991 = DIRECTION('',(-0.,0.,-1.));
#4992 = DIRECTION('',(-2.368475785867E-14,-1.,0.));
#4993 = FACE_BOUND('',#4994,.T.);
#4994 = EDGE_LOOP('',(#4995));
#4995 = ORIENTED_EDGE('',*,*,#4996,.T.);
#4996 = EDGE_CURVE('',#4997,#4997,#4999,.T.);
#4997 = VERTEX_POINT('',#4998);
#4998 = CARTESIAN_POINT('',(-45.409399,-38.769401,1.51));
#4999 = CIRCLE('',#5000,0.45);
#5000 = AXIS2_PLACEMENT_3D('',#5001,#5002,#5003);
#5001 = CARTESIAN_POINT('',(-45.409399,-38.319401,1.51));
#5002 = DIRECTION('',(-0.,0.,-1.));
#5003 = DIRECTION('',(-0.,-1.,0.));
#5004 = FACE_BOUND('',#5005,.T.);
#5005 = EDGE_LOOP('',(#5006));
#5006 = ORIENTED_EDGE('',*,*,#5007,.T.);
#5007 = EDGE_CURVE('',#5008,#5008,#5010,.T.);
#5008 = VERTEX_POINT('',#5009);
#5009 = CARTESIAN_POINT('',(-45.409399,-34.519401,1.51));
#5010 = CIRCLE('',#5011,0.45);
#5011 = AXIS2_PLACEMENT_3D('',#5012,#5013,#5014);
#5012 = CARTESIAN_POINT('',(-45.409399,-34.069401,1.51));
#5013 = DIRECTION('',(-0.,0.,-1.));
#5014 = DIRECTION('',(-0.,-1.,0.));
#5015 = FACE_BOUND('',#5016,.T.);
#5016 = EDGE_LOOP('',(#5017));
#5017 = ORIENTED_EDGE('',*,*,#5018,.T.);
#5018 = EDGE_CURVE('',#5019,#5019,#5021,.T.);
#5019 = VERTEX_POINT('',#5020);
#5020 = CARTESIAN_POINT('',(-45.409399,-30.269401,1.51));
#5021 = CIRCLE('',#5022,0.45);
#5022 = AXIS2_PLACEMENT_3D('',#5023,#5024,#5025);
#5023 = CARTESIAN_POINT('',(-45.409399,-29.819401,1.51));
#5024 = DIRECTION('',(-0.,0.,-1.));
#5025 = DIRECTION('',(-0.,-1.,0.));
#5026 = FACE_BOUND('',#5027,.T.);
#5027 = EDGE_LOOP('',(#5028));
#5028 = ORIENTED_EDGE('',*,*,#5029,.T.);
#5029 = EDGE_CURVE('',#5030,#5030,#5032,.T.);
#5030 = VERTEX_POINT('',#5031);
#5031 = CARTESIAN_POINT('',(-32.709399,-38.769401,1.51));
#5032 = CIRCLE('',#5033,0.45);
#5033 = AXIS2_PLACEMENT_3D('',#5034,#5035,#5036);
#5034 = CARTESIAN_POINT('',(-32.709399,-38.319401,1.51));
#5035 = DIRECTION('',(-0.,0.,-1.));
#5036 = DIRECTION('',(1.578983857245E-14,-1.,-0.));
#5037 = FACE_BOUND('',#5038,.T.);
#5038 = EDGE_LOOP('',(#5039));
#5039 = ORIENTED_EDGE('',*,*,#5040,.T.);
#5040 = EDGE_CURVE('',#5041,#5041,#5043,.T.);
#5041 = VERTEX_POINT('',#5042);
#5042 = CARTESIAN_POINT('',(-32.709399,-34.519401,1.51));
#5043 = CIRCLE('',#5044,0.45);
#5044 = AXIS2_PLACEMENT_3D('',#5045,#5046,#5047);
#5045 = CARTESIAN_POINT('',(-32.709399,-34.069401,1.51));
#5046 = DIRECTION('',(-0.,0.,-1.));
#5047 = DIRECTION('',(1.578983857245E-14,-1.,-0.));
#5048 = FACE_BOUND('',#5049,.T.);
#5049 = EDGE_LOOP('',(#5050));
#5050 = ORIENTED_EDGE('',*,*,#5051,.T.);
#5051 = EDGE_CURVE('',#5052,#5052,#5054,.T.);
#5052 = VERTEX_POINT('',#5053);
#5053 = CARTESIAN_POINT('',(-24.999399,-32.539401,1.51));
#5054 = CIRCLE('',#5055,0.85);
#5055 = AXIS2_PLACEMENT_3D('',#5056,#5057,#5058);
#5056 = CARTESIAN_POINT('',(-24.999399,-31.689401,1.51));
#5057 = DIRECTION('',(-0.,0.,-1.));
#5058 = DIRECTION('',(-4.17966315153E-15,-1.,0.));
#5059 = FACE_BOUND('',#5060,.T.);
#5060 = EDGE_LOOP('',(#5061));
#5061 = ORIENTED_EDGE('',*,*,#5062,.T.);
#5062 = EDGE_CURVE('',#5063,#5063,#5065,.T.);
#5063 = VERTEX_POINT('',#5064);
#5064 = CARTESIAN_POINT('',(-32.709399,-30.269401,1.51));
#5065 = CIRCLE('',#5066,0.45);
#5066 = AXIS2_PLACEMENT_3D('',#5067,#5068,#5069);
#5067 = CARTESIAN_POINT('',(-32.709399,-29.819401,1.51));
#5068 = DIRECTION('',(-0.,0.,-1.));
#5069 = DIRECTION('',(1.578983857245E-14,-1.,-0.));
#5070 = FACE_BOUND('',#5071,.T.);
#5071 = EDGE_LOOP('',(#5072));
#5072 = ORIENTED_EDGE('',*,*,#5073,.T.);
#5073 = EDGE_CURVE('',#5074,#5074,#5076,.T.);
#5074 = VERTEX_POINT('',#5075);
#5075 = CARTESIAN_POINT('',(-23.729399,-29.899401,1.51));
#5076 = CIRCLE('',#5077,0.75);
#5077 = AXIS2_PLACEMENT_3D('',#5078,#5079,#5080);
#5078 = CARTESIAN_POINT('',(-23.729399,-29.149401,1.51));
#5079 = DIRECTION('',(-0.,0.,-1.));
#5080 = DIRECTION('',(-0.,-1.,0.));
#5081 = FACE_BOUND('',#5082,.T.);
#5082 = EDGE_LOOP('',(#5083));
#5083 = ORIENTED_EDGE('',*,*,#5084,.T.);
#5084 = EDGE_CURVE('',#5085,#5085,#5087,.T.);
#5085 = VERTEX_POINT('',#5086);
#5086 = CARTESIAN_POINT('',(-19.919399,-52.689401,1.51));
#5087 = CIRCLE('',#5088,2.);
#5088 = AXIS2_PLACEMENT_3D('',#5089,#5090,#5091);
#5089 = CARTESIAN_POINT('',(-19.919399,-50.689401,1.51));
#5090 = DIRECTION('',(-0.,0.,-1.));
#5091 = DIRECTION('',(-0.,-1.,0.));
#5092 = FACE_BOUND('',#5093,.T.);
#5093 = EDGE_LOOP('',(#5094));
#5094 = ORIENTED_EDGE('',*,*,#5095,.T.);
#5095 = EDGE_CURVE('',#5096,#5096,#5098,.T.);
#5096 = VERTEX_POINT('',#5097);
#5097 = CARTESIAN_POINT('',(-14.839399,-51.539401,1.51));
#5098 = CIRCLE('',#5099,0.85);
#5099 = AXIS2_PLACEMENT_3D('',#5100,#5101,#5102);
#5100 = CARTESIAN_POINT('',(-14.839399,-50.689401,1.51));
#5101 = DIRECTION('',(-0.,0.,-1.));
#5102 = DIRECTION('',(-0.,-1.,0.));
#5103 = FACE_BOUND('',#5104,.T.);
#5104 = EDGE_LOOP('',(#5105));
#5105 = ORIENTED_EDGE('',*,*,#5106,.T.);
#5106 = EDGE_CURVE('',#5107,#5107,#5109,.T.);
#5107 = VERTEX_POINT('',#5108);
#5108 = CARTESIAN_POINT('',(-17.379399,-46.359401,1.51));
#5109 = CIRCLE('',#5110,0.75);
#5110 = AXIS2_PLACEMENT_3D('',#5111,#5112,#5113);
#5111 = CARTESIAN_POINT('',(-17.379399,-45.609401,1.51));
#5112 = DIRECTION('',(-0.,0.,-1.));
#5113 = DIRECTION('',(-0.,-1.,0.));
#5114 = FACE_BOUND('',#5115,.T.);
#5115 = EDGE_LOOP('',(#5116));
#5116 = ORIENTED_EDGE('',*,*,#5117,.T.);
#5117 = EDGE_CURVE('',#5118,#5118,#5120,.T.);
#5118 = VERTEX_POINT('',#5119);
#5119 = CARTESIAN_POINT('',(-5.899399,-51.539401,1.51));
#5120 = CIRCLE('',#5121,0.85);
#5121 = AXIS2_PLACEMENT_3D('',#5122,#5123,#5124);
#5122 = CARTESIAN_POINT('',(-5.899399,-50.689401,1.51));
#5123 = DIRECTION('',(-0.,0.,-1.));
#5124 = DIRECTION('',(1.044915787883E-15,-1.,-0.));
#5125 = FACE_BOUND('',#5126,.T.);
#5126 = EDGE_LOOP('',(#5127));
#5127 = ORIENTED_EDGE('',*,*,#5128,.T.);
#5128 = EDGE_CURVE('',#5129,#5129,#5131,.T.);
#5129 = VERTEX_POINT('',#5130);
#5130 = CARTESIAN_POINT('',(-0.819399,-52.689401,1.51));
#5131 = CIRCLE('',#5132,2.);
#5132 = AXIS2_PLACEMENT_3D('',#5133,#5134,#5135);
#5133 = CARTESIAN_POINT('',(-0.819399,-50.689401,1.51));
#5134 = DIRECTION('',(-0.,0.,-1.));
#5135 = DIRECTION('',(1.110223024625E-16,-1.,-0.));
#5136 = FACE_BOUND('',#5137,.T.);
#5137 = EDGE_LOOP('',(#5138));
#5138 = ORIENTED_EDGE('',*,*,#5139,.T.);
#5139 = EDGE_CURVE('',#5140,#5140,#5142,.T.);
#5140 = VERTEX_POINT('',#5141);
#5141 = CARTESIAN_POINT('',(-4.629399,-48.899401,1.51));
#5142 = CIRCLE('',#5143,0.75);
#5143 = AXIS2_PLACEMENT_3D('',#5144,#5145,#5146);
#5144 = CARTESIAN_POINT('',(-4.629399,-48.149401,1.51));
#5145 = DIRECTION('',(-0.,0.,-1.));
#5146 = DIRECTION('',(-0.,-1.,0.));
#5147 = FACE_BOUND('',#5148,.T.);
#5148 = EDGE_LOOP('',(#5149));
#5149 = ORIENTED_EDGE('',*,*,#5150,.T.);
#5150 = EDGE_CURVE('',#5151,#5151,#5153,.T.);
#5151 = VERTEX_POINT('',#5152);
#5152 = CARTESIAN_POINT('',(-19.919399,-33.689401,1.51));
#5153 = CIRCLE('',#5154,2.);
#5154 = AXIS2_PLACEMENT_3D('',#5155,#5156,#5157);
#5155 = CARTESIAN_POINT('',(-19.919399,-31.689401,1.51));
#5156 = DIRECTION('',(-0.,0.,-1.));
#5157 = DIRECTION('',(-0.,-1.,0.));
#5158 = FACE_BOUND('',#5159,.T.);
#5159 = EDGE_LOOP('',(#5160));
#5160 = ORIENTED_EDGE('',*,*,#5161,.T.);
#5161 = EDGE_CURVE('',#5162,#5162,#5164,.T.);
#5162 = VERTEX_POINT('',#5163);
#5163 = CARTESIAN_POINT('',(-14.839399,-32.539401,1.51));
#5164 = CIRCLE('',#5165,0.85);
#5165 = AXIS2_PLACEMENT_3D('',#5166,#5167,#5168);
#5166 = CARTESIAN_POINT('',(-14.839399,-31.689401,1.51));
#5167 = DIRECTION('',(-0.,0.,-1.));
#5168 = DIRECTION('',(-0.,-1.,0.));
#5169 = FACE_BOUND('',#5170,.T.);
#5170 = EDGE_LOOP('',(#5171));
#5171 = ORIENTED_EDGE('',*,*,#5172,.T.);
#5172 = EDGE_CURVE('',#5173,#5173,#5175,.T.);
#5173 = VERTEX_POINT('',#5174);
#5174 = CARTESIAN_POINT('',(-17.379399,-27.359401,1.51));
#5175 = CIRCLE('',#5176,0.75);
#5176 = AXIS2_PLACEMENT_3D('',#5177,#5178,#5179);
#5177 = CARTESIAN_POINT('',(-17.379399,-26.609401,1.51));
#5178 = DIRECTION('',(-0.,0.,-1.));
#5179 = DIRECTION('',(-0.,-1.,0.));
#5180 = FACE_BOUND('',#5181,.T.);
#5181 = EDGE_LOOP('',(#5182));
#5182 = ORIENTED_EDGE('',*,*,#5183,.T.);
#5183 = EDGE_CURVE('',#5184,#5184,#5186,.T.);
#5184 = VERTEX_POINT('',#5185);
#5185 = CARTESIAN_POINT('',(-5.899399,-32.539401,1.51));
#5186 = CIRCLE('',#5187,0.85);
#5187 = AXIS2_PLACEMENT_3D('',#5188,#5189,#5190);
#5188 = CARTESIAN_POINT('',(-5.899399,-31.689401,1.51));
#5189 = DIRECTION('',(-0.,0.,-1.));
#5190 = DIRECTION('',(1.044915787883E-15,-1.,-0.));
#5191 = FACE_BOUND('',#5192,.T.);
#5192 = EDGE_LOOP('',(#5193));
#5193 = ORIENTED_EDGE('',*,*,#5194,.T.);
#5194 = EDGE_CURVE('',#5195,#5195,#5197,.T.);
#5195 = VERTEX_POINT('',#5196);
#5196 = CARTESIAN_POINT('',(-0.819399,-33.689401,1.51));
#5197 = CIRCLE('',#5198,2.);
#5198 = AXIS2_PLACEMENT_3D('',#5199,#5200,#5201);
#5199 = CARTESIAN_POINT('',(-0.819399,-31.689401,1.51));
#5200 = DIRECTION('',(-0.,0.,-1.));
#5201 = DIRECTION('',(-0.,-1.,0.));
#5202 = FACE_BOUND('',#5203,.T.);
#5203 = EDGE_LOOP('',(#5204));
#5204 = ORIENTED_EDGE('',*,*,#5205,.T.);
#5205 = EDGE_CURVE('',#5206,#5206,#5208,.T.);
#5206 = VERTEX_POINT('',#5207);
#5207 = CARTESIAN_POINT('',(-4.629399,-29.899401,1.51));
#5208 = CIRCLE('',#5209,0.75);
#5209 = AXIS2_PLACEMENT_3D('',#5210,#5211,#5212);
#5210 = CARTESIAN_POINT('',(-4.629399,-29.149401,1.51));
#5211 = DIRECTION('',(-0.,0.,-1.));
#5212 = DIRECTION('',(-0.,-1.,0.));
#5213 = FACE_BOUND('',#5214,.T.);
#5214 = EDGE_LOOP('',(#5215));
#5215 = ORIENTED_EDGE('',*,*,#5216,.T.);
#5216 = EDGE_CURVE('',#5217,#5217,#5219,.T.);
#5217 = VERTEX_POINT('',#5218);
#5218 = CARTESIAN_POINT('',(-45.289399,-24.239401,1.51));
#5219 = CIRCLE('',#5220,0.45);
#5220 = AXIS2_PLACEMENT_3D('',#5221,#5222,#5223);
#5221 = CARTESIAN_POINT('',(-45.289399,-23.789401,1.51));
#5222 = DIRECTION('',(-0.,0.,-1.));
#5223 = DIRECTION('',(-0.,-1.,0.));
#5224 = FACE_BOUND('',#5225,.T.);
#5225 = EDGE_LOOP('',(#5226));
#5226 = ORIENTED_EDGE('',*,*,#5227,.T.);
#5227 = EDGE_CURVE('',#5228,#5228,#5230,.T.);
#5228 = VERTEX_POINT('',#5229);
#5229 = CARTESIAN_POINT('',(-45.389399,-19.439401,1.51));
#5230 = CIRCLE('',#5231,0.45);
#5231 = AXIS2_PLACEMENT_3D('',#5232,#5233,#5234);
#5232 = CARTESIAN_POINT('',(-45.389399,-18.989401,1.51));
#5233 = DIRECTION('',(-0.,0.,-1.));
#5234 = DIRECTION('',(-0.,-1.,0.));
#5235 = FACE_BOUND('',#5236,.T.);
#5236 = EDGE_LOOP('',(#5237));
#5237 = ORIENTED_EDGE('',*,*,#5238,.T.);
#5238 = EDGE_CURVE('',#5239,#5239,#5241,.T.);
#5239 = VERTEX_POINT('',#5240);
#5240 = CARTESIAN_POINT('',(-45.389399,-15.389401,1.51));
#5241 = CIRCLE('',#5242,0.45);
#5242 = AXIS2_PLACEMENT_3D('',#5243,#5244,#5245);
#5243 = CARTESIAN_POINT('',(-45.389399,-14.939401,1.51));
#5244 = DIRECTION('',(-0.,0.,-1.));
#5245 = DIRECTION('',(-0.,-1.,0.));
#5246 = FACE_BOUND('',#5247,.T.);
#5247 = EDGE_LOOP('',(#5248));
#5248 = ORIENTED_EDGE('',*,*,#5249,.T.);
#5249 = EDGE_CURVE('',#5250,#5250,#5252,.T.);
#5250 = VERTEX_POINT('',#5251);
#5251 = CARTESIAN_POINT('',(-45.389399,-11.139401,1.51));
#5252 = CIRCLE('',#5253,0.45);
#5253 = AXIS2_PLACEMENT_3D('',#5254,#5255,#5256);
#5254 = CARTESIAN_POINT('',(-45.389399,-10.689401,1.51));
#5255 = DIRECTION('',(-0.,0.,-1.));
#5256 = DIRECTION('',(-0.,-1.,0.));
#5257 = FACE_BOUND('',#5258,.T.);
#5258 = EDGE_LOOP('',(#5259));
#5259 = ORIENTED_EDGE('',*,*,#5260,.T.);
#5260 = EDGE_CURVE('',#5261,#5261,#5263,.T.);
#5261 = VERTEX_POINT('',#5262);
#5262 = CARTESIAN_POINT('',(-32.589399,-24.239401,1.51));
#5263 = CIRCLE('',#5264,0.45);
#5264 = AXIS2_PLACEMENT_3D('',#5265,#5266,#5267);
#5265 = CARTESIAN_POINT('',(-32.589399,-23.789401,1.51));
#5266 = DIRECTION('',(-0.,0.,-1.));
#5267 = DIRECTION('',(-0.,-1.,0.));
#5268 = FACE_BOUND('',#5269,.T.);
#5269 = EDGE_LOOP('',(#5270));
#5270 = ORIENTED_EDGE('',*,*,#5271,.T.);
#5271 = EDGE_CURVE('',#5272,#5272,#5274,.T.);
#5272 = VERTEX_POINT('',#5273);
#5273 = CARTESIAN_POINT('',(-33.679899,-22.210101,1.51));
#5274 = CIRCLE('',#5275,0.15);
#5275 = AXIS2_PLACEMENT_3D('',#5276,#5277,#5278);
#5276 = CARTESIAN_POINT('',(-33.679899,-22.060101,1.51));
#5277 = DIRECTION('',(-0.,0.,-1.));
#5278 = DIRECTION('',(-0.,-1.,0.));
#5279 = FACE_BOUND('',#5280,.T.);
#5280 = EDGE_LOOP('',(#5281));
#5281 = ORIENTED_EDGE('',*,*,#5282,.T.);
#5282 = EDGE_CURVE('',#5283,#5283,#5285,.T.);
#5283 = VERTEX_POINT('',#5284);
#5284 = CARTESIAN_POINT('',(-32.689399,-19.439401,1.51));
#5285 = CIRCLE('',#5286,0.45);
#5286 = AXIS2_PLACEMENT_3D('',#5287,#5288,#5289);
#5287 = CARTESIAN_POINT('',(-32.689399,-18.989401,1.51));
#5288 = DIRECTION('',(-0.,0.,-1.));
#5289 = DIRECTION('',(-1.578983857245E-14,-1.,0.));
#5290 = FACE_BOUND('',#5291,.T.);
#5291 = EDGE_LOOP('',(#5292));
#5292 = ORIENTED_EDGE('',*,*,#5293,.T.);
#5293 = EDGE_CURVE('',#5294,#5294,#5296,.T.);
#5294 = VERTEX_POINT('',#5295);
#5295 = CARTESIAN_POINT('',(-32.689399,-15.389401,1.51));
#5296 = CIRCLE('',#5297,0.45);
#5297 = AXIS2_PLACEMENT_3D('',#5298,#5299,#5300);
#5298 = CARTESIAN_POINT('',(-32.689399,-14.939401,1.51));
#5299 = DIRECTION('',(-0.,0.,-1.));
#5300 = DIRECTION('',(-1.578983857245E-14,-1.,0.));
#5301 = FACE_BOUND('',#5302,.T.);
#5302 = EDGE_LOOP('',(#5303));
#5303 = ORIENTED_EDGE('',*,*,#5304,.T.);
#5304 = EDGE_CURVE('',#5305,#5305,#5307,.T.);
#5305 = VERTEX_POINT('',#5306);
#5306 = CARTESIAN_POINT('',(-32.689399,-11.139401,1.51));
#5307 = CIRCLE('',#5308,0.45);
#5308 = AXIS2_PLACEMENT_3D('',#5309,#5310,#5311);
#5309 = CARTESIAN_POINT('',(-32.689399,-10.689401,1.51));
#5310 = DIRECTION('',(-0.,0.,-1.));
#5311 = DIRECTION('',(-1.578983857245E-14,-1.,0.));
#5312 = FACE_BOUND('',#5313,.T.);
#5313 = EDGE_LOOP('',(#5314));
#5314 = ORIENTED_EDGE('',*,*,#5315,.T.);
#5315 = EDGE_CURVE('',#5316,#5316,#5318,.T.);
#5316 = VERTEX_POINT('',#5317);
#5317 = CARTESIAN_POINT('',(-24.999399,-13.539401,1.51));
#5318 = CIRCLE('',#5319,0.85);
#5319 = AXIS2_PLACEMENT_3D('',#5320,#5321,#5322);
#5320 = CARTESIAN_POINT('',(-24.999399,-12.689401,1.51));
#5321 = DIRECTION('',(-0.,0.,-1.));
#5322 = DIRECTION('',(-4.17966315153E-15,-1.,0.));
#5323 = FACE_BOUND('',#5324,.T.);
#5324 = EDGE_LOOP('',(#5325));
#5325 = ORIENTED_EDGE('',*,*,#5326,.T.);
#5326 = EDGE_CURVE('',#5327,#5327,#5329,.T.);
#5327 = VERTEX_POINT('',#5328);
#5328 = CARTESIAN_POINT('',(-45.389399,-6.889401,1.51));
#5329 = CIRCLE('',#5330,0.45);
#5330 = AXIS2_PLACEMENT_3D('',#5331,#5332,#5333);
#5331 = CARTESIAN_POINT('',(-45.389399,-6.439401,1.51));
#5332 = DIRECTION('',(-0.,0.,-1.));
#5333 = DIRECTION('',(-0.,-1.,0.));
#5334 = FACE_BOUND('',#5335,.T.);
#5335 = EDGE_LOOP('',(#5336));
#5336 = ORIENTED_EDGE('',*,*,#5337,.T.);
#5337 = EDGE_CURVE('',#5338,#5338,#5340,.T.);
#5338 = VERTEX_POINT('',#5339);
#5339 = CARTESIAN_POINT('',(-45.389399,-2.639401,1.51));
#5340 = CIRCLE('',#5341,0.45);
#5341 = AXIS2_PLACEMENT_3D('',#5342,#5343,#5344);
#5342 = CARTESIAN_POINT('',(-45.389399,-2.189401,1.51));
#5343 = DIRECTION('',(-0.,0.,-1.));
#5344 = DIRECTION('',(-0.,-1.,0.));
#5345 = FACE_BOUND('',#5346,.T.);
#5346 = EDGE_LOOP('',(#5347));
#5347 = ORIENTED_EDGE('',*,*,#5348,.T.);
#5348 = EDGE_CURVE('',#5349,#5349,#5351,.T.);
#5349 = VERTEX_POINT('',#5350);
#5350 = CARTESIAN_POINT('',(-45.389399,1.610599,1.51));
#5351 = CIRCLE('',#5352,0.45);
#5352 = AXIS2_PLACEMENT_3D('',#5353,#5354,#5355);
#5353 = CARTESIAN_POINT('',(-45.389399,2.060599,1.51));
#5354 = DIRECTION('',(-0.,0.,-1.));
#5355 = DIRECTION('',(-0.,-1.,0.));
#5356 = FACE_BOUND('',#5357,.T.);
#5357 = EDGE_LOOP('',(#5358));
#5358 = ORIENTED_EDGE('',*,*,#5359,.T.);
#5359 = EDGE_CURVE('',#5360,#5360,#5362,.T.);
#5360 = VERTEX_POINT('',#5361);
#5361 = CARTESIAN_POINT('',(-31.033799,-7.924001,1.51));
#5362 = CIRCLE('',#5363,0.15);
#5363 = AXIS2_PLACEMENT_3D('',#5364,#5365,#5366);
#5364 = CARTESIAN_POINT('',(-31.033799,-7.774001,1.51));
#5365 = DIRECTION('',(-0.,0.,-1.));
#5366 = DIRECTION('',(2.368475785867E-14,-1.,-0.));
#5367 = FACE_BOUND('',#5368,.T.);
#5368 = EDGE_LOOP('',(#5369));
#5369 = ORIENTED_EDGE('',*,*,#5370,.T.);
#5370 = EDGE_CURVE('',#5371,#5371,#5373,.T.);
#5371 = VERTEX_POINT('',#5372);
#5372 = CARTESIAN_POINT('',(-32.689399,-6.889401,1.51));
#5373 = CIRCLE('',#5374,0.45);
#5374 = AXIS2_PLACEMENT_3D('',#5375,#5376,#5377);
#5375 = CARTESIAN_POINT('',(-32.689399,-6.439401,1.51));
#5376 = DIRECTION('',(-0.,0.,-1.));
#5377 = DIRECTION('',(-1.578983857245E-14,-1.,0.));
#5378 = FACE_BOUND('',#5379,.T.);
#5379 = EDGE_LOOP('',(#5380));
#5380 = ORIENTED_EDGE('',*,*,#5381,.T.);
#5381 = EDGE_CURVE('',#5382,#5382,#5384,.T.);
#5382 = VERTEX_POINT('',#5383);
#5383 = CARTESIAN_POINT('',(-23.729399,-10.899401,1.51));
#5384 = CIRCLE('',#5385,0.75);
#5385 = AXIS2_PLACEMENT_3D('',#5386,#5387,#5388);
#5386 = CARTESIAN_POINT('',(-23.729399,-10.149401,1.51));
#5387 = DIRECTION('',(-0.,0.,-1.));
#5388 = DIRECTION('',(-0.,-1.,0.));
#5389 = FACE_BOUND('',#5390,.T.);
#5390 = EDGE_LOOP('',(#5391));
#5391 = ORIENTED_EDGE('',*,*,#5392,.T.);
#5392 = EDGE_CURVE('',#5393,#5393,#5395,.T.);
#5393 = VERTEX_POINT('',#5394);
#5394 = CARTESIAN_POINT('',(-32.689399,-2.639401,1.51));
#5395 = CIRCLE('',#5396,0.45);
#5396 = AXIS2_PLACEMENT_3D('',#5397,#5398,#5399);
#5397 = CARTESIAN_POINT('',(-32.689399,-2.189401,1.51));
#5398 = DIRECTION('',(-0.,0.,-1.));
#5399 = DIRECTION('',(-1.578983857245E-14,-1.,0.));
#5400 = FACE_BOUND('',#5401,.T.);
#5401 = EDGE_LOOP('',(#5402));
#5402 = ORIENTED_EDGE('',*,*,#5403,.T.);
#5403 = EDGE_CURVE('',#5404,#5404,#5406,.T.);
#5404 = VERTEX_POINT('',#5405);
#5405 = CARTESIAN_POINT('',(-32.689399,1.610599,1.51));
#5406 = CIRCLE('',#5407,0.45);
#5407 = AXIS2_PLACEMENT_3D('',#5408,#5409,#5410);
#5408 = CARTESIAN_POINT('',(-32.689399,2.060599,1.51));
#5409 = DIRECTION('',(-0.,0.,-1.));
#5410 = DIRECTION('',(-1.578983857245E-14,-1.,0.));
#5411 = FACE_BOUND('',#5412,.T.);
#5412 = EDGE_LOOP('',(#5413));
#5413 = ORIENTED_EDGE('',*,*,#5414,.T.);
#5414 = EDGE_CURVE('',#5415,#5415,#5417,.T.);
#5415 = VERTEX_POINT('',#5416);
#5416 = CARTESIAN_POINT('',(-19.919399,-14.689401,1.51));
#5417 = CIRCLE('',#5418,2.);
#5418 = AXIS2_PLACEMENT_3D('',#5419,#5420,#5421);
#5419 = CARTESIAN_POINT('',(-19.919399,-12.689401,1.51));
#5420 = DIRECTION('',(-0.,0.,-1.));
#5421 = DIRECTION('',(-0.,-1.,0.));
#5422 = FACE_BOUND('',#5423,.T.);
#5423 = EDGE_LOOP('',(#5424));
#5424 = ORIENTED_EDGE('',*,*,#5425,.T.);
#5425 = EDGE_CURVE('',#5426,#5426,#5428,.T.);
#5426 = VERTEX_POINT('',#5427);
#5427 = CARTESIAN_POINT('',(-14.839399,-13.539401,1.51));
#5428 = CIRCLE('',#5429,0.85);
#5429 = AXIS2_PLACEMENT_3D('',#5430,#5431,#5432);
#5430 = CARTESIAN_POINT('',(-14.839399,-12.689401,1.51));
#5431 = DIRECTION('',(-0.,0.,-1.));
#5432 = DIRECTION('',(-0.,-1.,0.));
#5433 = FACE_BOUND('',#5434,.T.);
#5434 = EDGE_LOOP('',(#5435));
#5435 = ORIENTED_EDGE('',*,*,#5436,.T.);
#5436 = EDGE_CURVE('',#5437,#5437,#5439,.T.);
#5437 = VERTEX_POINT('',#5438);
#5438 = CARTESIAN_POINT('',(-5.899399,-13.539401,1.51));
#5439 = CIRCLE('',#5440,0.85);
#5440 = AXIS2_PLACEMENT_3D('',#5441,#5442,#5443);
#5441 = CARTESIAN_POINT('',(-5.899399,-12.689401,1.51));
#5442 = DIRECTION('',(-0.,0.,-1.));
#5443 = DIRECTION('',(1.044915787883E-15,-1.,-0.));
#5444 = FACE_BOUND('',#5445,.T.);
#5445 = EDGE_LOOP('',(#5446));
#5446 = ORIENTED_EDGE('',*,*,#5447,.T.);
#5447 = EDGE_CURVE('',#5448,#5448,#5450,.T.);
#5448 = VERTEX_POINT('',#5449);
#5449 = CARTESIAN_POINT('',(-0.819399,-14.689401,1.51));
#5450 = CIRCLE('',#5451,2.);
#5451 = AXIS2_PLACEMENT_3D('',#5452,#5453,#5454);
#5452 = CARTESIAN_POINT('',(-0.819399,-12.689401,1.51));
#5453 = DIRECTION('',(-0.,0.,-1.));
#5454 = DIRECTION('',(1.110223024625E-16,-1.,-0.));
#5455 = FACE_BOUND('',#5456,.T.);
#5456 = EDGE_LOOP('',(#5457));
#5457 = ORIENTED_EDGE('',*,*,#5458,.T.);
#5458 = EDGE_CURVE('',#5459,#5459,#5461,.T.);
#5459 = VERTEX_POINT('',#5460);
#5460 = CARTESIAN_POINT('',(-17.379399,-8.359401,1.51));
#5461 = CIRCLE('',#5462,0.75);
#5462 = AXIS2_PLACEMENT_3D('',#5463,#5464,#5465);
#5463 = CARTESIAN_POINT('',(-17.379399,-7.609401,1.51));
#5464 = DIRECTION('',(-0.,0.,-1.));
#5465 = DIRECTION('',(-0.,-1.,0.));
#5466 = FACE_BOUND('',#5467,.T.);
#5467 = EDGE_LOOP('',(#5468));
#5468 = ORIENTED_EDGE('',*,*,#5469,.T.);
#5469 = EDGE_CURVE('',#5470,#5470,#5472,.T.);
#5470 = VERTEX_POINT('',#5471);
#5471 = CARTESIAN_POINT('',(-4.629399,-10.899401,1.51));
#5472 = CIRCLE('',#5473,0.75);
#5473 = AXIS2_PLACEMENT_3D('',#5474,#5475,#5476);
#5474 = CARTESIAN_POINT('',(-4.629399,-10.149401,1.51));
#5475 = DIRECTION('',(-0.,0.,-1.));
#5476 = DIRECTION('',(-0.,-1.,0.));
#5477 = FACE_BOUND('',#5478,.T.);
#5478 = EDGE_LOOP('',(#5479));
#5479 = ORIENTED_EDGE('',*,*,#5480,.T.);
#5480 = EDGE_CURVE('',#5481,#5481,#5483,.T.);
#5481 = VERTEX_POINT('',#5482);
#5482 = CARTESIAN_POINT('',(-7.628799,1.910599,1.51));
#5483 = CIRCLE('',#5484,0.15);
#5484 = AXIS2_PLACEMENT_3D('',#5485,#5486,#5487);
#5485 = CARTESIAN_POINT('',(-7.628799,2.060599,1.51));
#5486 = DIRECTION('',(-0.,0.,-1.));
#5487 = DIRECTION('',(5.921189464667E-15,-1.,-0.));
#5488 = FACE_BOUND('',#5489,.T.);
#5489 = EDGE_LOOP('',(#5490));
#5490 = ORIENTED_EDGE('',*,*,#5491,.T.);
#5491 = EDGE_CURVE('',#5492,#5492,#5494,.T.);
#5492 = VERTEX_POINT('',#5493);
#5493 = CARTESIAN_POINT('',(4.260601,-51.539401,1.51));
#5494 = CIRCLE('',#5495,0.85);
#5495 = AXIS2_PLACEMENT_3D('',#5496,#5497,#5498);
#5496 = CARTESIAN_POINT('',(4.260601,-50.689401,1.51));
#5497 = DIRECTION('',(-0.,0.,-1.));
#5498 = DIRECTION('',(-0.,-1.,0.));
#5499 = FACE_BOUND('',#5500,.T.);
#5500 = EDGE_LOOP('',(#5501));
#5501 = ORIENTED_EDGE('',*,*,#5502,.T.);
#5502 = EDGE_CURVE('',#5503,#5503,#5505,.T.);
#5503 = VERTEX_POINT('',#5504);
#5504 = CARTESIAN_POINT('',(1.720601,-46.359401,1.51));
#5505 = CIRCLE('',#5506,0.75);
#5506 = AXIS2_PLACEMENT_3D('',#5507,#5508,#5509);
#5507 = CARTESIAN_POINT('',(1.720601,-45.609401,1.51));
#5508 = DIRECTION('',(-0.,0.,-1.));
#5509 = DIRECTION('',(2.960594732334E-16,-1.,-0.));
#5510 = FACE_BOUND('',#5511,.T.);
#5511 = EDGE_LOOP('',(#5512));
#5512 = ORIENTED_EDGE('',*,*,#5513,.T.);
#5513 = EDGE_CURVE('',#5514,#5514,#5516,.T.);
#5514 = VERTEX_POINT('',#5515);
#5515 = CARTESIAN_POINT('',(3.473601,-43.250201,1.51));
#5516 = CIRCLE('',#5517,0.15);
#5517 = AXIS2_PLACEMENT_3D('',#5518,#5519,#5520);
#5518 = CARTESIAN_POINT('',(3.473601,-43.100201,1.51));
#5519 = DIRECTION('',(-0.,0.,-1.));
#5520 = DIRECTION('',(-0.,-1.,0.));
#5521 = FACE_BOUND('',#5522,.T.);
#5522 = EDGE_LOOP('',(#5523));
#5523 = ORIENTED_EDGE('',*,*,#5524,.T.);
#5524 = EDGE_CURVE('',#5525,#5525,#5527,.T.);
#5525 = VERTEX_POINT('',#5526);
#5526 = CARTESIAN_POINT('',(13.200601,-51.539401,1.51));
#5527 = CIRCLE('',#5528,0.85);
#5528 = AXIS2_PLACEMENT_3D('',#5529,#5530,#5531);
#5529 = CARTESIAN_POINT('',(13.200601,-50.689401,1.51));
#5530 = DIRECTION('',(-0.,0.,-1.));
#5531 = DIRECTION('',(2.089831575765E-15,-1.,-0.));
#5532 = FACE_BOUND('',#5533,.T.);
#5533 = EDGE_LOOP('',(#5534));
#5534 = ORIENTED_EDGE('',*,*,#5535,.T.);
#5535 = EDGE_CURVE('',#5536,#5536,#5538,.T.);
#5536 = VERTEX_POINT('',#5537);
#5537 = CARTESIAN_POINT('',(14.470601,-48.899401,1.51));
#5538 = CIRCLE('',#5539,0.75);
#5539 = AXIS2_PLACEMENT_3D('',#5540,#5541,#5542);
#5540 = CARTESIAN_POINT('',(14.470601,-48.149401,1.51));
#5541 = DIRECTION('',(-0.,0.,-1.));
#5542 = DIRECTION('',(-0.,-1.,0.));
#5543 = FACE_BOUND('',#5544,.T.);
#5544 = EDGE_LOOP('',(#5545));
#5545 = ORIENTED_EDGE('',*,*,#5546,.T.);
#5546 = EDGE_CURVE('',#5547,#5547,#5549,.T.);
#5547 = VERTEX_POINT('',#5548);
#5548 = CARTESIAN_POINT('',(18.280601,-52.689401,1.51));
#5549 = CIRCLE('',#5550,2.);
#5550 = AXIS2_PLACEMENT_3D('',#5551,#5552,#5553);
#5551 = CARTESIAN_POINT('',(18.280601,-50.689401,1.51));
#5552 = DIRECTION('',(-0.,0.,-1.));
#5553 = DIRECTION('',(-0.,-1.,0.));
#5554 = FACE_BOUND('',#5555,.T.);
#5555 = EDGE_LOOP('',(#5556));
#5556 = ORIENTED_EDGE('',*,*,#5557,.T.);
#5557 = EDGE_CURVE('',#5558,#5558,#5560,.T.);
#5558 = VERTEX_POINT('',#5559);
#5559 = CARTESIAN_POINT('',(20.820601,-46.359401,1.51));
#5560 = CIRCLE('',#5561,0.75);
#5561 = AXIS2_PLACEMENT_3D('',#5562,#5563,#5564);
#5562 = CARTESIAN_POINT('',(20.820601,-45.609401,1.51));
#5563 = DIRECTION('',(-0.,0.,-1.));
#5564 = DIRECTION('',(-0.,-1.,0.));
#5565 = FACE_BOUND('',#5566,.T.);
#5566 = EDGE_LOOP('',(#5567));
#5567 = ORIENTED_EDGE('',*,*,#5568,.T.);
#5568 = EDGE_CURVE('',#5569,#5569,#5571,.T.);
#5569 = VERTEX_POINT('',#5570);
#5570 = CARTESIAN_POINT('',(4.260601,-32.539401,1.51));
#5571 = CIRCLE('',#5572,0.85);
#5572 = AXIS2_PLACEMENT_3D('',#5573,#5574,#5575);
#5573 = CARTESIAN_POINT('',(4.260601,-31.689401,1.51));
#5574 = DIRECTION('',(-0.,0.,-1.));
#5575 = DIRECTION('',(-0.,-1.,0.));
#5576 = FACE_BOUND('',#5577,.T.);
#5577 = EDGE_LOOP('',(#5578));
#5578 = ORIENTED_EDGE('',*,*,#5579,.T.);
#5579 = EDGE_CURVE('',#5580,#5580,#5582,.T.);
#5580 = VERTEX_POINT('',#5581);
#5581 = CARTESIAN_POINT('',(1.720601,-27.359401,1.51));
#5582 = CIRCLE('',#5583,0.75);
#5583 = AXIS2_PLACEMENT_3D('',#5584,#5585,#5586);
#5584 = CARTESIAN_POINT('',(1.720601,-26.609401,1.51));
#5585 = DIRECTION('',(-0.,0.,-1.));
#5586 = DIRECTION('',(2.960594732334E-16,-1.,-0.));
#5587 = FACE_BOUND('',#5588,.T.);
#5588 = EDGE_LOOP('',(#5589));
#5589 = ORIENTED_EDGE('',*,*,#5590,.T.);
#5590 = EDGE_CURVE('',#5591,#5591,#5593,.T.);
#5591 = VERTEX_POINT('',#5592);
#5592 = CARTESIAN_POINT('',(13.200601,-32.539401,1.51));
#5593 = CIRCLE('',#5594,0.85);
#5594 = AXIS2_PLACEMENT_3D('',#5595,#5596,#5597);
#5595 = CARTESIAN_POINT('',(13.200601,-31.689401,1.51));
#5596 = DIRECTION('',(-0.,0.,-1.));
#5597 = DIRECTION('',(2.089831575765E-15,-1.,-0.));
#5598 = FACE_BOUND('',#5599,.T.);
#5599 = EDGE_LOOP('',(#5600));
#5600 = ORIENTED_EDGE('',*,*,#5601,.T.);
#5601 = EDGE_CURVE('',#5602,#5602,#5604,.T.);
#5602 = VERTEX_POINT('',#5603);
#5603 = CARTESIAN_POINT('',(18.280601,-33.689401,1.51));
#5604 = CIRCLE('',#5605,2.);
#5605 = AXIS2_PLACEMENT_3D('',#5606,#5607,#5608);
#5606 = CARTESIAN_POINT('',(18.280601,-31.689401,1.51));
#5607 = DIRECTION('',(-0.,0.,-1.));
#5608 = DIRECTION('',(-0.,-1.,0.));
#5609 = FACE_BOUND('',#5610,.T.);
#5610 = EDGE_LOOP('',(#5611));
#5611 = ORIENTED_EDGE('',*,*,#5612,.T.);
#5612 = EDGE_CURVE('',#5613,#5613,#5615,.T.);
#5613 = VERTEX_POINT('',#5614);
#5614 = CARTESIAN_POINT('',(14.470601,-29.899401,1.51));
#5615 = CIRCLE('',#5616,0.75);
#5616 = AXIS2_PLACEMENT_3D('',#5617,#5618,#5619);
#5617 = CARTESIAN_POINT('',(14.470601,-29.149401,1.51));
#5618 = DIRECTION('',(-0.,0.,-1.));
#5619 = DIRECTION('',(-0.,-1.,0.));
#5620 = FACE_BOUND('',#5621,.T.);
#5621 = EDGE_LOOP('',(#5622));
#5622 = ORIENTED_EDGE('',*,*,#5623,.T.);
#5623 = EDGE_CURVE('',#5624,#5624,#5626,.T.);
#5624 = VERTEX_POINT('',#5625);
#5625 = CARTESIAN_POINT('',(20.820601,-27.359401,1.51));
#5626 = CIRCLE('',#5627,0.75);
#5627 = AXIS2_PLACEMENT_3D('',#5628,#5629,#5630);
#5628 = CARTESIAN_POINT('',(20.820601,-26.609401,1.51));
#5629 = DIRECTION('',(-0.,0.,-1.));
#5630 = DIRECTION('',(-0.,-1.,0.));
#5631 = FACE_BOUND('',#5632,.T.);
#5632 = EDGE_LOOP('',(#5633));
#5633 = ORIENTED_EDGE('',*,*,#5634,.T.);
#5634 = EDGE_CURVE('',#5635,#5635,#5637,.T.);
#5635 = VERTEX_POINT('',#5636);
#5636 = CARTESIAN_POINT('',(23.360601,-51.539401,1.51));
#5637 = CIRCLE('',#5638,0.85);
#5638 = AXIS2_PLACEMENT_3D('',#5639,#5640,#5641);
#5639 = CARTESIAN_POINT('',(23.360601,-50.689401,1.51));
#5640 = DIRECTION('',(-0.,0.,-1.));
#5641 = DIRECTION('',(-4.17966315153E-15,-1.,0.));
#5642 = FACE_BOUND('',#5643,.T.);
#5643 = EDGE_LOOP('',(#5644));
#5644 = ORIENTED_EDGE('',*,*,#5645,.T.);
#5645 = EDGE_CURVE('',#5646,#5646,#5648,.T.);
#5646 = VERTEX_POINT('',#5647);
#5647 = CARTESIAN_POINT('',(32.300601,-51.539401,1.51));
#5648 = CIRCLE('',#5649,0.85);
#5649 = AXIS2_PLACEMENT_3D('',#5650,#5651,#5652);
#5650 = CARTESIAN_POINT('',(32.300601,-50.689401,1.51));
#5651 = DIRECTION('',(-0.,0.,-1.));
#5652 = DIRECTION('',(-0.,-1.,0.));
#5653 = FACE_BOUND('',#5654,.T.);
#5654 = EDGE_LOOP('',(#5655));
#5655 = ORIENTED_EDGE('',*,*,#5656,.T.);
#5656 = EDGE_CURVE('',#5657,#5657,#5659,.T.);
#5657 = VERTEX_POINT('',#5658);
#5658 = CARTESIAN_POINT('',(33.570601,-48.899401,1.51));
#5659 = CIRCLE('',#5660,0.75);
#5660 = AXIS2_PLACEMENT_3D('',#5661,#5662,#5663);
#5661 = CARTESIAN_POINT('',(33.570601,-48.149401,1.51));
#5662 = DIRECTION('',(-0.,0.,-1.));
#5663 = DIRECTION('',(-0.,-1.,0.));
#5664 = FACE_BOUND('',#5665,.T.);
#5665 = EDGE_LOOP('',(#5666));
#5666 = ORIENTED_EDGE('',*,*,#5667,.T.);
#5667 = EDGE_CURVE('',#5668,#5668,#5670,.T.);
#5668 = VERTEX_POINT('',#5669);
#5669 = CARTESIAN_POINT('',(37.380601,-52.689401,1.51));
#5670 = CIRCLE('',#5671,2.);
#5671 = AXIS2_PLACEMENT_3D('',#5672,#5673,#5674);
#5672 = CARTESIAN_POINT('',(37.380601,-50.689401,1.51));
#5673 = DIRECTION('',(-0.,0.,-1.));
#5674 = DIRECTION('',(-0.,-1.,0.));
#5675 = FACE_BOUND('',#5676,.T.);
#5676 = EDGE_LOOP('',(#5677));
#5677 = ORIENTED_EDGE('',*,*,#5678,.T.);
#5678 = EDGE_CURVE('',#5679,#5679,#5681,.T.);
#5679 = VERTEX_POINT('',#5680);
#5680 = CARTESIAN_POINT('',(42.460601,-51.539401,1.51));
#5681 = CIRCLE('',#5682,0.85);
#5682 = AXIS2_PLACEMENT_3D('',#5683,#5684,#5685);
#5683 = CARTESIAN_POINT('',(42.460601,-50.689401,1.51));
#5684 = DIRECTION('',(-0.,0.,-1.));
#5685 = DIRECTION('',(-0.,-1.,0.));
#5686 = FACE_BOUND('',#5687,.T.);
#5687 = EDGE_LOOP('',(#5688));
#5688 = ORIENTED_EDGE('',*,*,#5689,.T.);
#5689 = EDGE_CURVE('',#5690,#5690,#5692,.T.);
#5690 = VERTEX_POINT('',#5691);
#5691 = CARTESIAN_POINT('',(39.920601,-46.359401,1.51));
#5692 = CIRCLE('',#5693,0.75);
#5693 = AXIS2_PLACEMENT_3D('',#5694,#5695,#5696);
#5694 = CARTESIAN_POINT('',(39.920601,-45.609401,1.51));
#5695 = DIRECTION('',(-0.,0.,-1.));
#5696 = DIRECTION('',(-0.,-1.,0.));
#5697 = FACE_BOUND('',#5698,.T.);
#5698 = EDGE_LOOP('',(#5699));
#5699 = ORIENTED_EDGE('',*,*,#5700,.T.);
#5700 = EDGE_CURVE('',#5701,#5701,#5703,.T.);
#5701 = VERTEX_POINT('',#5702);
#5702 = CARTESIAN_POINT('',(23.360601,-32.539401,1.51));
#5703 = CIRCLE('',#5704,0.85);
#5704 = AXIS2_PLACEMENT_3D('',#5705,#5706,#5707);
#5705 = CARTESIAN_POINT('',(23.360601,-31.689401,1.51));
#5706 = DIRECTION('',(-0.,0.,-1.));
#5707 = DIRECTION('',(-4.17966315153E-15,-1.,0.));
#5708 = FACE_BOUND('',#5709,.T.);
#5709 = EDGE_LOOP('',(#5710));
#5710 = ORIENTED_EDGE('',*,*,#5711,.T.);
#5711 = EDGE_CURVE('',#5712,#5712,#5714,.T.);
#5712 = VERTEX_POINT('',#5713);
#5713 = CARTESIAN_POINT('',(32.300601,-32.539401,1.51));
#5714 = CIRCLE('',#5715,0.85);
#5715 = AXIS2_PLACEMENT_3D('',#5716,#5717,#5718);
#5716 = CARTESIAN_POINT('',(32.300601,-31.689401,1.51));
#5717 = DIRECTION('',(-0.,0.,-1.));
#5718 = DIRECTION('',(-0.,-1.,0.));
#5719 = FACE_BOUND('',#5720,.T.);
#5720 = EDGE_LOOP('',(#5721));
#5721 = ORIENTED_EDGE('',*,*,#5722,.T.);
#5722 = EDGE_CURVE('',#5723,#5723,#5725,.T.);
#5723 = VERTEX_POINT('',#5724);
#5724 = CARTESIAN_POINT('',(33.570601,-29.899401,1.51));
#5725 = CIRCLE('',#5726,0.75);
#5726 = AXIS2_PLACEMENT_3D('',#5727,#5728,#5729);
#5727 = CARTESIAN_POINT('',(33.570601,-29.149401,1.51));
#5728 = DIRECTION('',(-0.,0.,-1.));
#5729 = DIRECTION('',(-0.,-1.,0.));
#5730 = FACE_BOUND('',#5731,.T.);
#5731 = EDGE_LOOP('',(#5732));
#5732 = ORIENTED_EDGE('',*,*,#5733,.T.);
#5733 = EDGE_CURVE('',#5734,#5734,#5736,.T.);
#5734 = VERTEX_POINT('',#5735);
#5735 = CARTESIAN_POINT('',(37.380601,-33.689401,1.51));
#5736 = CIRCLE('',#5737,2.);
#5737 = AXIS2_PLACEMENT_3D('',#5738,#5739,#5740);
#5738 = CARTESIAN_POINT('',(37.380601,-31.689401,1.51));
#5739 = DIRECTION('',(-0.,0.,-1.));
#5740 = DIRECTION('',(-0.,-1.,0.));
#5741 = FACE_BOUND('',#5742,.T.);
#5742 = EDGE_LOOP('',(#5743));
#5743 = ORIENTED_EDGE('',*,*,#5744,.T.);
#5744 = EDGE_CURVE('',#5745,#5745,#5747,.T.);
#5745 = VERTEX_POINT('',#5746);
#5746 = CARTESIAN_POINT('',(42.460601,-32.539401,1.51));
#5747 = CIRCLE('',#5748,0.85);
#5748 = AXIS2_PLACEMENT_3D('',#5749,#5750,#5751);
#5749 = CARTESIAN_POINT('',(42.460601,-31.689401,1.51));
#5750 = DIRECTION('',(-0.,0.,-1.));
#5751 = DIRECTION('',(-0.,-1.,0.));
#5752 = FACE_BOUND('',#5753,.T.);
#5753 = EDGE_LOOP('',(#5754));
#5754 = ORIENTED_EDGE('',*,*,#5755,.T.);
#5755 = EDGE_CURVE('',#5756,#5756,#5758,.T.);
#5756 = VERTEX_POINT('',#5757);
#5757 = CARTESIAN_POINT('',(39.920601,-27.359401,1.51));
#5758 = CIRCLE('',#5759,0.75);
#5759 = AXIS2_PLACEMENT_3D('',#5760,#5761,#5762);
#5760 = CARTESIAN_POINT('',(39.920601,-26.609401,1.51));
#5761 = DIRECTION('',(-0.,0.,-1.));
#5762 = DIRECTION('',(-0.,-1.,0.));
#5763 = FACE_BOUND('',#5764,.T.);
#5764 = EDGE_LOOP('',(#5765));
#5765 = ORIENTED_EDGE('',*,*,#5766,.T.);
#5766 = EDGE_CURVE('',#5767,#5767,#5769,.T.);
#5767 = VERTEX_POINT('',#5768);
#5768 = CARTESIAN_POINT('',(4.260601,-13.539401,1.51));
#5769 = CIRCLE('',#5770,0.85);
#5770 = AXIS2_PLACEMENT_3D('',#5771,#5772,#5773);
#5771 = CARTESIAN_POINT('',(4.260601,-12.689401,1.51));
#5772 = DIRECTION('',(-0.,0.,-1.));
#5773 = DIRECTION('',(-0.,-1.,0.));
#5774 = FACE_BOUND('',#5775,.T.);
#5775 = EDGE_LOOP('',(#5776));
#5776 = ORIENTED_EDGE('',*,*,#5777,.T.);
#5777 = EDGE_CURVE('',#5778,#5778,#5780,.T.);
#5778 = VERTEX_POINT('',#5779);
#5779 = CARTESIAN_POINT('',(13.200601,-13.539401,1.51));
#5780 = CIRCLE('',#5781,0.85);
#5781 = AXIS2_PLACEMENT_3D('',#5782,#5783,#5784);
#5782 = CARTESIAN_POINT('',(13.200601,-12.689401,1.51));
#5783 = DIRECTION('',(-0.,0.,-1.));
#5784 = DIRECTION('',(2.089831575765E-15,-1.,-0.));
#5785 = FACE_BOUND('',#5786,.T.);
#5786 = EDGE_LOOP('',(#5787));
#5787 = ORIENTED_EDGE('',*,*,#5788,.T.);
#5788 = EDGE_CURVE('',#5789,#5789,#5791,.T.);
#5789 = VERTEX_POINT('',#5790);
#5790 = CARTESIAN_POINT('',(18.280601,-14.689401,1.51));
#5791 = CIRCLE('',#5792,2.);
#5792 = AXIS2_PLACEMENT_3D('',#5793,#5794,#5795);
#5793 = CARTESIAN_POINT('',(18.280601,-12.689401,1.51));
#5794 = DIRECTION('',(-0.,0.,-1.));
#5795 = DIRECTION('',(-0.,-1.,0.));
#5796 = FACE_BOUND('',#5797,.T.);
#5797 = EDGE_LOOP('',(#5798));
#5798 = ORIENTED_EDGE('',*,*,#5799,.T.);
#5799 = EDGE_CURVE('',#5800,#5800,#5802,.T.);
#5800 = VERTEX_POINT('',#5801);
#5801 = CARTESIAN_POINT('',(1.720601,-8.359401,1.51));
#5802 = CIRCLE('',#5803,0.75);
#5803 = AXIS2_PLACEMENT_3D('',#5804,#5805,#5806);
#5804 = CARTESIAN_POINT('',(1.720601,-7.609401,1.51));
#5805 = DIRECTION('',(-0.,0.,-1.));
#5806 = DIRECTION('',(2.960594732334E-16,-1.,-0.));
#5807 = FACE_BOUND('',#5808,.T.);
#5808 = EDGE_LOOP('',(#5809));
#5809 = ORIENTED_EDGE('',*,*,#5810,.T.);
#5810 = EDGE_CURVE('',#5811,#5811,#5813,.T.);
#5811 = VERTEX_POINT('',#5812);
#5812 = CARTESIAN_POINT('',(8.953601,3.384499,1.51));
#5813 = CIRCLE('',#5814,0.15);
#5814 = AXIS2_PLACEMENT_3D('',#5815,#5816,#5817);
#5815 = CARTESIAN_POINT('',(8.953601,3.534499,1.51));
#5816 = DIRECTION('',(-0.,0.,-1.));
#5817 = DIRECTION('',(1.184237892933E-14,-1.,-0.));
#5818 = FACE_BOUND('',#5819,.T.);
#5819 = EDGE_LOOP('',(#5820));
#5820 = ORIENTED_EDGE('',*,*,#5821,.T.);
#5821 = EDGE_CURVE('',#5822,#5822,#5824,.T.);
#5822 = VERTEX_POINT('',#5823);
#5823 = CARTESIAN_POINT('',(14.470601,-10.899401,1.51));
#5824 = CIRCLE('',#5825,0.75);
#5825 = AXIS2_PLACEMENT_3D('',#5826,#5827,#5828);
#5826 = CARTESIAN_POINT('',(14.470601,-10.149401,1.51));
#5827 = DIRECTION('',(-0.,0.,-1.));
#5828 = DIRECTION('',(-0.,-1.,0.));
#5829 = FACE_BOUND('',#5830,.T.);
#5830 = EDGE_LOOP('',(#5831));
#5831 = ORIENTED_EDGE('',*,*,#5832,.T.);
#5832 = EDGE_CURVE('',#5833,#5833,#5835,.T.);
#5833 = VERTEX_POINT('',#5834);
#5834 = CARTESIAN_POINT('',(20.820601,-8.359401,1.51));
#5835 = CIRCLE('',#5836,0.75);
#5836 = AXIS2_PLACEMENT_3D('',#5837,#5838,#5839);
#5837 = CARTESIAN_POINT('',(20.820601,-7.609401,1.51));
#5838 = DIRECTION('',(-0.,0.,-1.));
#5839 = DIRECTION('',(-0.,-1.,0.));
#5840 = FACE_BOUND('',#5841,.T.);
#5841 = EDGE_LOOP('',(#5842));
#5842 = ORIENTED_EDGE('',*,*,#5843,.T.);
#5843 = EDGE_CURVE('',#5844,#5844,#5846,.T.);
#5844 = VERTEX_POINT('',#5845);
#5845 = CARTESIAN_POINT('',(23.360601,-13.539401,1.51));
#5846 = CIRCLE('',#5847,0.85);
#5847 = AXIS2_PLACEMENT_3D('',#5848,#5849,#5850);
#5848 = CARTESIAN_POINT('',(23.360601,-12.689401,1.51));
#5849 = DIRECTION('',(-0.,0.,-1.));
#5850 = DIRECTION('',(-4.17966315153E-15,-1.,0.));
#5851 = FACE_BOUND('',#5852,.T.);
#5852 = EDGE_LOOP('',(#5853));
#5853 = ORIENTED_EDGE('',*,*,#5854,.T.);
#5854 = EDGE_CURVE('',#5855,#5855,#5857,.T.);
#5855 = VERTEX_POINT('',#5856);
#5856 = CARTESIAN_POINT('',(32.300601,-13.539401,1.51));
#5857 = CIRCLE('',#5858,0.85);
#5858 = AXIS2_PLACEMENT_3D('',#5859,#5860,#5861);
#5859 = CARTESIAN_POINT('',(32.300601,-12.689401,1.51));
#5860 = DIRECTION('',(-0.,0.,-1.));
#5861 = DIRECTION('',(-0.,-1.,0.));
#5862 = FACE_BOUND('',#5863,.T.);
#5863 = EDGE_LOOP('',(#5864));
#5864 = ORIENTED_EDGE('',*,*,#5865,.T.);
#5865 = EDGE_CURVE('',#5866,#5866,#5868,.T.);
#5866 = VERTEX_POINT('',#5867);
#5867 = CARTESIAN_POINT('',(37.380601,-14.689401,1.51));
#5868 = CIRCLE('',#5869,2.);
#5869 = AXIS2_PLACEMENT_3D('',#5870,#5871,#5872);
#5870 = CARTESIAN_POINT('',(37.380601,-12.689401,1.51));
#5871 = DIRECTION('',(-0.,0.,-1.));
#5872 = DIRECTION('',(-0.,-1.,0.));
#5873 = FACE_BOUND('',#5874,.T.);
#5874 = EDGE_LOOP('',(#5875));
#5875 = ORIENTED_EDGE('',*,*,#5876,.T.);
#5876 = EDGE_CURVE('',#5877,#5877,#5879,.T.);
#5877 = VERTEX_POINT('',#5878);
#5878 = CARTESIAN_POINT('',(42.460601,-13.539401,1.51));
#5879 = CIRCLE('',#5880,0.85);
#5880 = AXIS2_PLACEMENT_3D('',#5881,#5882,#5883);
#5881 = CARTESIAN_POINT('',(42.460601,-12.689401,1.51));
#5882 = DIRECTION('',(-0.,0.,-1.));
#5883 = DIRECTION('',(-0.,-1.,0.));
#5884 = FACE_BOUND('',#5885,.T.);
#5885 = EDGE_LOOP('',(#5886));
#5886 = ORIENTED_EDGE('',*,*,#5887,.T.);
#5887 = EDGE_CURVE('',#5888,#5888,#5890,.T.);
#5888 = VERTEX_POINT('',#5889);
#5889 = CARTESIAN_POINT('',(33.570601,-10.899401,1.51));
#5890 = CIRCLE('',#5891,0.75);
#5891 = AXIS2_PLACEMENT_3D('',#5892,#5893,#5894);
#5892 = CARTESIAN_POINT('',(33.570601,-10.149401,1.51));
#5893 = DIRECTION('',(-0.,0.,-1.));
#5894 = DIRECTION('',(-0.,-1.,0.));
#5895 = FACE_BOUND('',#5896,.T.);
#5896 = EDGE_LOOP('',(#5897));
#5897 = ORIENTED_EDGE('',*,*,#5898,.T.);
#5898 = EDGE_CURVE('',#5899,#5899,#5901,.T.);
#5899 = VERTEX_POINT('',#5900);
#5900 = CARTESIAN_POINT('',(39.920601,-8.359401,1.51));
#5901 = CIRCLE('',#5902,0.75);
#5902 = AXIS2_PLACEMENT_3D('',#5903,#5904,#5905);
#5903 = CARTESIAN_POINT('',(39.920601,-7.609401,1.51));
#5904 = DIRECTION('',(-0.,0.,-1.));
#5905 = DIRECTION('',(-0.,-1.,0.));
#5906 = FACE_BOUND('',#5907,.T.);
#5907 = EDGE_LOOP('',(#5908));
#5908 = ORIENTED_EDGE('',*,*,#5909,.T.);
#5909 = EDGE_CURVE('',#5910,#5910,#5912,.T.);
#5910 = VERTEX_POINT('',#5911);
#5911 = CARTESIAN_POINT('',(-45.389399,5.860599,1.51));
#5912 = CIRCLE('',#5913,0.45);
#5913 = AXIS2_PLACEMENT_3D('',#5914,#5915,#5916);
#5914 = CARTESIAN_POINT('',(-45.389399,6.310599,1.51));
#5915 = DIRECTION('',(-0.,0.,-1.));
#5916 = DIRECTION('',(-0.,-1.,0.));
#5917 = FACE_BOUND('',#5918,.T.);
#5918 = EDGE_LOOP('',(#5919));
#5919 = ORIENTED_EDGE('',*,*,#5920,.T.);
#5920 = EDGE_CURVE('',#5921,#5921,#5923,.T.);
#5921 = VERTEX_POINT('',#5922);
#5922 = CARTESIAN_POINT('',(-45.389399,11.560599,1.51));
#5923 = CIRCLE('',#5924,0.45);
#5924 = AXIS2_PLACEMENT_3D('',#5925,#5926,#5927);
#5925 = CARTESIAN_POINT('',(-45.389399,12.010599,1.51));
#5926 = DIRECTION('',(-0.,0.,-1.));
#5927 = DIRECTION('',(-0.,-1.,0.));
#5928 = FACE_BOUND('',#5929,.T.);
#5929 = EDGE_LOOP('',(#5930));
#5930 = ORIENTED_EDGE('',*,*,#5931,.T.);
#5931 = EDGE_CURVE('',#5932,#5932,#5934,.T.);
#5932 = VERTEX_POINT('',#5933);
#5933 = CARTESIAN_POINT('',(-45.389399,15.810599,1.51));
#5934 = CIRCLE('',#5935,0.45);
#5935 = AXIS2_PLACEMENT_3D('',#5936,#5937,#5938);
#5936 = CARTESIAN_POINT('',(-45.389399,16.260599,1.51));
#5937 = DIRECTION('',(-0.,0.,-1.));
#5938 = DIRECTION('',(-0.,-1.,0.));
#5939 = FACE_BOUND('',#5940,.T.);
#5940 = EDGE_LOOP('',(#5941));
#5941 = ORIENTED_EDGE('',*,*,#5942,.T.);
#5942 = EDGE_CURVE('',#5943,#5943,#5945,.T.);
#5943 = VERTEX_POINT('',#5944);
#5944 = CARTESIAN_POINT('',(-32.689399,5.860599,1.51));
#5945 = CIRCLE('',#5946,0.45);
#5946 = AXIS2_PLACEMENT_3D('',#5947,#5948,#5949);
#5947 = CARTESIAN_POINT('',(-32.689399,6.310599,1.51));
#5948 = DIRECTION('',(-0.,0.,-1.));
#5949 = DIRECTION('',(-1.578983857245E-14,-1.,0.));
#5950 = FACE_BOUND('',#5951,.T.);
#5951 = EDGE_LOOP('',(#5952));
#5952 = ORIENTED_EDGE('',*,*,#5953,.T.);
#5953 = EDGE_CURVE('',#5954,#5954,#5956,.T.);
#5954 = VERTEX_POINT('',#5955);
#5955 = CARTESIAN_POINT('',(-24.999399,5.460599,1.51));
#5956 = CIRCLE('',#5957,0.85);
#5957 = AXIS2_PLACEMENT_3D('',#5958,#5959,#5960);
#5958 = CARTESIAN_POINT('',(-24.999399,6.310599,1.51));
#5959 = DIRECTION('',(-0.,0.,-1.));
#5960 = DIRECTION('',(-4.17966315153E-15,-1.,0.));
#5961 = FACE_BOUND('',#5962,.T.);
#5962 = EDGE_LOOP('',(#5963));
#5963 = ORIENTED_EDGE('',*,*,#5964,.T.);
#5964 = EDGE_CURVE('',#5965,#5965,#5967,.T.);
#5965 = VERTEX_POINT('',#5966);
#5966 = CARTESIAN_POINT('',(-23.729399,8.100599,1.51));
#5967 = CIRCLE('',#5968,0.75);
#5968 = AXIS2_PLACEMENT_3D('',#5969,#5970,#5971);
#5969 = CARTESIAN_POINT('',(-23.729399,8.850599,1.51));
#5970 = DIRECTION('',(-0.,0.,-1.));
#5971 = DIRECTION('',(-0.,-1.,0.));
#5972 = FACE_BOUND('',#5973,.T.);
#5973 = EDGE_LOOP('',(#5974));
#5974 = ORIENTED_EDGE('',*,*,#5975,.T.);
#5975 = EDGE_CURVE('',#5976,#5976,#5978,.T.);
#5976 = VERTEX_POINT('',#5977);
#5977 = CARTESIAN_POINT('',(-32.689399,11.560599,1.51));
#5978 = CIRCLE('',#5979,0.45);
#5979 = AXIS2_PLACEMENT_3D('',#5980,#5981,#5982);
#5980 = CARTESIAN_POINT('',(-32.689399,12.010599,1.51));
#5981 = DIRECTION('',(-0.,0.,-1.));
#5982 = DIRECTION('',(-1.578983857245E-14,-1.,0.));
#5983 = FACE_BOUND('',#5984,.T.);
#5984 = EDGE_LOOP('',(#5985));
#5985 = ORIENTED_EDGE('',*,*,#5986,.T.);
#5986 = EDGE_CURVE('',#5987,#5987,#5989,.T.);
#5987 = VERTEX_POINT('',#5988);
#5988 = CARTESIAN_POINT('',(-30.025199,11.514799,1.51));
#5989 = CIRCLE('',#5990,0.15);
#5990 = AXIS2_PLACEMENT_3D('',#5991,#5992,#5993);
#5991 = CARTESIAN_POINT('',(-30.025199,11.664799,1.51));
#5992 = DIRECTION('',(-0.,0.,-1.));
#5993 = DIRECTION('',(-0.,-1.,0.));
#5994 = FACE_BOUND('',#5995,.T.);
#5995 = EDGE_LOOP('',(#5996));
#5996 = ORIENTED_EDGE('',*,*,#5997,.T.);
#5997 = EDGE_CURVE('',#5998,#5998,#6000,.T.);
#5998 = VERTEX_POINT('',#5999);
#5999 = CARTESIAN_POINT('',(-32.689399,15.810599,1.51));
#6000 = CIRCLE('',#6001,0.45);
#6001 = AXIS2_PLACEMENT_3D('',#6002,#6003,#6004);
#6002 = CARTESIAN_POINT('',(-32.689399,16.260599,1.51));
#6003 = DIRECTION('',(-0.,0.,-1.));
#6004 = DIRECTION('',(-1.578983857245E-14,-1.,0.));
#6005 = FACE_BOUND('',#6006,.T.);
#6006 = EDGE_LOOP('',(#6007));
#6007 = ORIENTED_EDGE('',*,*,#6008,.T.);
#6008 = EDGE_CURVE('',#6009,#6009,#6011,.T.);
#6009 = VERTEX_POINT('',#6010);
#6010 = CARTESIAN_POINT('',(-45.389399,20.060599,1.51));
#6011 = CIRCLE('',#6012,0.45);
#6012 = AXIS2_PLACEMENT_3D('',#6013,#6014,#6015);
#6013 = CARTESIAN_POINT('',(-45.389399,20.510599,1.51));
#6014 = DIRECTION('',(-0.,0.,-1.));
#6015 = DIRECTION('',(-0.,-1.,0.));
#6016 = FACE_BOUND('',#6017,.T.);
#6017 = EDGE_LOOP('',(#6018));
#6018 = ORIENTED_EDGE('',*,*,#6019,.T.);
#6019 = EDGE_CURVE('',#6020,#6020,#6022,.T.);
#6020 = VERTEX_POINT('',#6021);
#6021 = CARTESIAN_POINT('',(-45.389399,24.310599,1.51));
#6022 = CIRCLE('',#6023,0.45);
#6023 = AXIS2_PLACEMENT_3D('',#6024,#6025,#6026);
#6024 = CARTESIAN_POINT('',(-45.389399,24.760599,1.51));
#6025 = DIRECTION('',(-0.,0.,-1.));
#6026 = DIRECTION('',(-0.,-1.,0.));
#6027 = FACE_BOUND('',#6028,.T.);
#6028 = EDGE_LOOP('',(#6029));
#6029 = ORIENTED_EDGE('',*,*,#6030,.T.);
#6030 = EDGE_CURVE('',#6031,#6031,#6033,.T.);
#6031 = VERTEX_POINT('',#6032);
#6032 = CARTESIAN_POINT('',(-45.389399,28.560599,1.51));
#6033 = CIRCLE('',#6034,0.45);
#6034 = AXIS2_PLACEMENT_3D('',#6035,#6036,#6037);
#6035 = CARTESIAN_POINT('',(-45.389399,29.010599,1.51));
#6036 = DIRECTION('',(-0.,0.,-1.));
#6037 = DIRECTION('',(-0.,-1.,0.));
#6038 = FACE_BOUND('',#6039,.T.);
#6039 = EDGE_LOOP('',(#6040));
#6040 = ORIENTED_EDGE('',*,*,#6041,.T.);
#6041 = EDGE_CURVE('',#6042,#6042,#6044,.T.);
#6042 = VERTEX_POINT('',#6043);
#6043 = CARTESIAN_POINT('',(-32.689399,20.060599,1.51));
#6044 = CIRCLE('',#6045,0.45);
#6045 = AXIS2_PLACEMENT_3D('',#6046,#6047,#6048);
#6046 = CARTESIAN_POINT('',(-32.689399,20.510599,1.51));
#6047 = DIRECTION('',(-0.,0.,-1.));
#6048 = DIRECTION('',(-1.578983857245E-14,-1.,0.));
#6049 = FACE_BOUND('',#6050,.T.);
#6050 = EDGE_LOOP('',(#6051));
#6051 = ORIENTED_EDGE('',*,*,#6052,.T.);
#6052 = EDGE_CURVE('',#6053,#6053,#6055,.T.);
#6053 = VERTEX_POINT('',#6054);
#6054 = CARTESIAN_POINT('',(-32.689399,24.310599,1.51));
#6055 = CIRCLE('',#6056,0.45);
#6056 = AXIS2_PLACEMENT_3D('',#6057,#6058,#6059);
#6057 = CARTESIAN_POINT('',(-32.689399,24.760599,1.51));
#6058 = DIRECTION('',(-0.,0.,-1.));
#6059 = DIRECTION('',(-1.578983857245E-14,-1.,0.));
#6060 = FACE_BOUND('',#6061,.T.);
#6061 = EDGE_LOOP('',(#6062));
#6062 = ORIENTED_EDGE('',*,*,#6063,.T.);
#6063 = EDGE_CURVE('',#6064,#6064,#6066,.T.);
#6064 = VERTEX_POINT('',#6065);
#6065 = CARTESIAN_POINT('',(-32.689399,28.560599,1.51));
#6066 = CIRCLE('',#6067,0.45);
#6067 = AXIS2_PLACEMENT_3D('',#6068,#6069,#6070);
#6068 = CARTESIAN_POINT('',(-32.689399,29.010599,1.51));
#6069 = DIRECTION('',(-0.,0.,-1.));
#6070 = DIRECTION('',(-1.578983857245E-14,-1.,0.));
#6071 = FACE_BOUND('',#6072,.T.);
#6072 = EDGE_LOOP('',(#6073));
#6073 = ORIENTED_EDGE('',*,*,#6074,.T.);
#6074 = EDGE_CURVE('',#6075,#6075,#6077,.T.);
#6075 = VERTEX_POINT('',#6076);
#6076 = CARTESIAN_POINT('',(-24.999399,24.460599,1.51));
#6077 = CIRCLE('',#6078,0.85);
#6078 = AXIS2_PLACEMENT_3D('',#6079,#6080,#6081);
#6079 = CARTESIAN_POINT('',(-24.999399,25.310599,1.51));
#6080 = DIRECTION('',(-0.,0.,-1.));
#6081 = DIRECTION('',(-4.17966315153E-15,-1.,0.));
#6082 = FACE_BOUND('',#6083,.T.);
#6083 = EDGE_LOOP('',(#6084));
#6084 = ORIENTED_EDGE('',*,*,#6085,.T.);
#6085 = EDGE_CURVE('',#6086,#6086,#6088,.T.);
#6086 = VERTEX_POINT('',#6087);
#6087 = CARTESIAN_POINT('',(-23.729399,27.100599,1.51));
#6088 = CIRCLE('',#6089,0.75);
#6089 = AXIS2_PLACEMENT_3D('',#6090,#6091,#6092);
#6090 = CARTESIAN_POINT('',(-23.729399,27.850599,1.51));
#6091 = DIRECTION('',(-0.,0.,-1.));
#6092 = DIRECTION('',(-0.,-1.,0.));
#6093 = FACE_BOUND('',#6094,.T.);
#6094 = EDGE_LOOP('',(#6095));
#6095 = ORIENTED_EDGE('',*,*,#6096,.T.);
#6096 = EDGE_CURVE('',#6097,#6097,#6099,.T.);
#6097 = VERTEX_POINT('',#6098);
#6098 = CARTESIAN_POINT('',(-19.919399,4.310599,1.51));
#6099 = CIRCLE('',#6100,2.);
#6100 = AXIS2_PLACEMENT_3D('',#6101,#6102,#6103);
#6101 = CARTESIAN_POINT('',(-19.919399,6.310599,1.51));
#6102 = DIRECTION('',(-0.,0.,-1.));
#6103 = DIRECTION('',(-0.,-1.,0.));
#6104 = FACE_BOUND('',#6105,.T.);
#6105 = EDGE_LOOP('',(#6106));
#6106 = ORIENTED_EDGE('',*,*,#6107,.T.);
#6107 = EDGE_CURVE('',#6108,#6108,#6110,.T.);
#6108 = VERTEX_POINT('',#6109);
#6109 = CARTESIAN_POINT('',(-14.839399,5.460599,1.51));
#6110 = CIRCLE('',#6111,0.85);
#6111 = AXIS2_PLACEMENT_3D('',#6112,#6113,#6114);
#6112 = CARTESIAN_POINT('',(-14.839399,6.310599,1.51));
#6113 = DIRECTION('',(-0.,0.,-1.));
#6114 = DIRECTION('',(-0.,-1.,0.));
#6115 = FACE_BOUND('',#6116,.T.);
#6116 = EDGE_LOOP('',(#6117));
#6117 = ORIENTED_EDGE('',*,*,#6118,.T.);
#6118 = EDGE_CURVE('',#6119,#6119,#6121,.T.);
#6119 = VERTEX_POINT('',#6120);
#6120 = CARTESIAN_POINT('',(-17.379399,10.640599,1.51));
#6121 = CIRCLE('',#6122,0.75);
#6122 = AXIS2_PLACEMENT_3D('',#6123,#6124,#6125);
#6123 = CARTESIAN_POINT('',(-17.379399,11.390599,1.51));
#6124 = DIRECTION('',(-0.,0.,-1.));
#6125 = DIRECTION('',(-0.,-1.,0.));
#6126 = FACE_BOUND('',#6127,.T.);
#6127 = EDGE_LOOP('',(#6128));
#6128 = ORIENTED_EDGE('',*,*,#6129,.T.);
#6129 = EDGE_CURVE('',#6130,#6130,#6132,.T.);
#6130 = VERTEX_POINT('',#6131);
#6131 = CARTESIAN_POINT('',(-5.899399,5.460599,1.51));
#6132 = CIRCLE('',#6133,0.85);
#6133 = AXIS2_PLACEMENT_3D('',#6134,#6135,#6136);
#6134 = CARTESIAN_POINT('',(-5.899399,6.310599,1.51));
#6135 = DIRECTION('',(-0.,0.,-1.));
#6136 = DIRECTION('',(1.044915787882E-15,-1.,-0.));
#6137 = FACE_BOUND('',#6138,.T.);
#6138 = EDGE_LOOP('',(#6139));
#6139 = ORIENTED_EDGE('',*,*,#6140,.T.);
#6140 = EDGE_CURVE('',#6141,#6141,#6143,.T.);
#6141 = VERTEX_POINT('',#6142);
#6142 = CARTESIAN_POINT('',(-0.819399,4.310599,1.51));
#6143 = CIRCLE('',#6144,2.);
#6144 = AXIS2_PLACEMENT_3D('',#6145,#6146,#6147);
#6145 = CARTESIAN_POINT('',(-0.819399,6.310599,1.51));
#6146 = DIRECTION('',(-0.,0.,-1.));
#6147 = DIRECTION('',(1.110223024625E-16,-1.,-0.));
#6148 = FACE_BOUND('',#6149,.T.);
#6149 = EDGE_LOOP('',(#6150));
#6150 = ORIENTED_EDGE('',*,*,#6151,.T.);
#6151 = EDGE_CURVE('',#6152,#6152,#6154,.T.);
#6152 = VERTEX_POINT('',#6153);
#6153 = CARTESIAN_POINT('',(-4.629399,8.100599,1.51));
#6154 = CIRCLE('',#6155,0.75);
#6155 = AXIS2_PLACEMENT_3D('',#6156,#6157,#6158);
#6156 = CARTESIAN_POINT('',(-4.629399,8.850599,1.51));
#6157 = DIRECTION('',(-0.,0.,-1.));
#6158 = DIRECTION('',(-0.,-1.,0.));
#6159 = FACE_BOUND('',#6160,.T.);
#6160 = EDGE_LOOP('',(#6161));
#6161 = ORIENTED_EDGE('',*,*,#6162,.T.);
#6162 = EDGE_CURVE('',#6163,#6163,#6165,.T.);
#6163 = VERTEX_POINT('',#6164);
#6164 = CARTESIAN_POINT('',(-19.919399,23.310599,1.51));
#6165 = CIRCLE('',#6166,2.);
#6166 = AXIS2_PLACEMENT_3D('',#6167,#6168,#6169);
#6167 = CARTESIAN_POINT('',(-19.919399,25.310599,1.51));
#6168 = DIRECTION('',(-0.,0.,-1.));
#6169 = DIRECTION('',(-0.,-1.,0.));
#6170 = FACE_BOUND('',#6171,.T.);
#6171 = EDGE_LOOP('',(#6172));
#6172 = ORIENTED_EDGE('',*,*,#6173,.T.);
#6173 = EDGE_CURVE('',#6174,#6174,#6176,.T.);
#6174 = VERTEX_POINT('',#6175);
#6175 = CARTESIAN_POINT('',(-17.379399,29.640599,1.51));
#6176 = CIRCLE('',#6177,0.75);
#6177 = AXIS2_PLACEMENT_3D('',#6178,#6179,#6180);
#6178 = CARTESIAN_POINT('',(-17.379399,30.390599,1.51));
#6179 = DIRECTION('',(-0.,0.,-1.));
#6180 = DIRECTION('',(-0.,-1.,0.));
#6181 = FACE_BOUND('',#6182,.T.);
#6182 = EDGE_LOOP('',(#6183));
#6183 = ORIENTED_EDGE('',*,*,#6184,.T.);
#6184 = EDGE_CURVE('',#6185,#6185,#6187,.T.);
#6185 = VERTEX_POINT('',#6186);
#6186 = CARTESIAN_POINT('',(-14.839399,24.460599,1.51));
#6187 = CIRCLE('',#6188,0.85);
#6188 = AXIS2_PLACEMENT_3D('',#6189,#6190,#6191);
#6189 = CARTESIAN_POINT('',(-14.839399,25.310599,1.51));
#6190 = DIRECTION('',(-0.,0.,-1.));
#6191 = DIRECTION('',(-0.,-1.,0.));
#6192 = FACE_BOUND('',#6193,.T.);
#6193 = EDGE_LOOP('',(#6194));
#6194 = ORIENTED_EDGE('',*,*,#6195,.T.);
#6195 = EDGE_CURVE('',#6196,#6196,#6198,.T.);
#6196 = VERTEX_POINT('',#6197);
#6197 = CARTESIAN_POINT('',(-5.899399,24.460599,1.51));
#6198 = CIRCLE('',#6199,0.85);
#6199 = AXIS2_PLACEMENT_3D('',#6200,#6201,#6202);
#6200 = CARTESIAN_POINT('',(-5.899399,25.310599,1.51));
#6201 = DIRECTION('',(-0.,0.,-1.));
#6202 = DIRECTION('',(1.044915787882E-15,-1.,-0.));
#6203 = FACE_BOUND('',#6204,.T.);
#6204 = EDGE_LOOP('',(#6205));
#6205 = ORIENTED_EDGE('',*,*,#6206,.T.);
#6206 = EDGE_CURVE('',#6207,#6207,#6209,.T.);
#6207 = VERTEX_POINT('',#6208);
#6208 = CARTESIAN_POINT('',(-4.629399,27.100599,1.51));
#6209 = CIRCLE('',#6210,0.75);
#6210 = AXIS2_PLACEMENT_3D('',#6211,#6212,#6213);
#6211 = CARTESIAN_POINT('',(-4.629399,27.850599,1.51));
#6212 = DIRECTION('',(-0.,0.,-1.));
#6213 = DIRECTION('',(-0.,-1.,0.));
#6214 = FACE_BOUND('',#6215,.T.);
#6215 = EDGE_LOOP('',(#6216));
#6216 = ORIENTED_EDGE('',*,*,#6217,.T.);
#6217 = EDGE_CURVE('',#6218,#6218,#6220,.T.);
#6218 = VERTEX_POINT('',#6219);
#6219 = CARTESIAN_POINT('',(-0.819399,23.310599,1.51));
#6220 = CIRCLE('',#6221,2.);
#6221 = AXIS2_PLACEMENT_3D('',#6222,#6223,#6224);
#6222 = CARTESIAN_POINT('',(-0.819399,25.310599,1.51));
#6223 = DIRECTION('',(-0.,0.,-1.));
#6224 = DIRECTION('',(1.110223024625E-16,-1.,-0.));
#6225 = FACE_BOUND('',#6226,.T.);
#6226 = EDGE_LOOP('',(#6227));
#6227 = ORIENTED_EDGE('',*,*,#6228,.T.);
#6228 = EDGE_CURVE('',#6229,#6229,#6231,.T.);
#6229 = VERTEX_POINT('',#6230);
#6230 = CARTESIAN_POINT('',(-45.389399,32.810599,1.51));
#6231 = CIRCLE('',#6232,0.45);
#6232 = AXIS2_PLACEMENT_3D('',#6233,#6234,#6235);
#6233 = CARTESIAN_POINT('',(-45.389399,33.260599,1.51));
#6234 = DIRECTION('',(-0.,0.,-1.));
#6235 = DIRECTION('',(-0.,-1.,0.));
#6236 = FACE_BOUND('',#6237,.T.);
#6237 = EDGE_LOOP('',(#6238));
#6238 = ORIENTED_EDGE('',*,*,#6239,.T.);
#6239 = EDGE_CURVE('',#6240,#6240,#6242,.T.);
#6240 = VERTEX_POINT('',#6241);
#6241 = CARTESIAN_POINT('',(-32.689399,32.810599,1.51));
#6242 = CIRCLE('',#6243,0.45);
#6243 = AXIS2_PLACEMENT_3D('',#6244,#6245,#6246);
#6244 = CARTESIAN_POINT('',(-32.689399,33.260599,1.51));
#6245 = DIRECTION('',(-0.,0.,-1.));
#6246 = DIRECTION('',(-1.578983857245E-14,-1.,0.));
#6247 = FACE_BOUND('',#6248,.T.);
#6248 = EDGE_LOOP('',(#6249));
#6249 = ORIENTED_EDGE('',*,*,#6250,.T.);
#6250 = EDGE_CURVE('',#6251,#6251,#6253,.T.);
#6251 = VERTEX_POINT('',#6252);
#6252 = CARTESIAN_POINT('',(-35.049999,46.849999,1.51));
#6253 = CIRCLE('',#6254,0.15);
#6254 = AXIS2_PLACEMENT_3D('',#6255,#6256,#6257);
#6255 = CARTESIAN_POINT('',(-35.049999,46.999999,1.51));
#6256 = DIRECTION('',(-0.,0.,-1.));
#6257 = DIRECTION('',(-0.,-1.,0.));
#6258 = FACE_BOUND('',#6259,.T.);
#6259 = EDGE_LOOP('',(#6260));
#6260 = ORIENTED_EDGE('',*,*,#6261,.T.);
#6261 = EDGE_CURVE('',#6262,#6262,#6264,.T.);
#6262 = VERTEX_POINT('',#6263);
#6263 = CARTESIAN_POINT('',(-44.249999,56.899999,1.51));
#6264 = CIRCLE('',#6265,1.6);
#6265 = AXIS2_PLACEMENT_3D('',#6266,#6267,#6268);
#6266 = CARTESIAN_POINT('',(-44.249999,58.499999,1.51));
#6267 = DIRECTION('',(-0.,0.,-1.));
#6268 = DIRECTION('',(-0.,-1.,0.));
#6269 = FACE_BOUND('',#6270,.T.);
#6270 = EDGE_LOOP('',(#6271));
#6271 = ORIENTED_EDGE('',*,*,#6272,.T.);
#6272 = EDGE_CURVE('',#6273,#6273,#6275,.T.);
#6273 = VERTEX_POINT('',#6274);
#6274 = CARTESIAN_POINT('',(-1.649399,39.410599,1.51));
#6275 = CIRCLE('',#6276,1.27);
#6276 = AXIS2_PLACEMENT_3D('',#6277,#6278,#6279);
#6277 = CARTESIAN_POINT('',(-1.649399,40.680599,1.51));
#6278 = DIRECTION('',(-0.,0.,-1.));
#6279 = DIRECTION('',(-1.748382715945E-16,-1.,0.));
#6280 = FACE_BOUND('',#6281,.T.);
#6281 = EDGE_LOOP('',(#6282));
#6282 = ORIENTED_EDGE('',*,*,#6283,.T.);
#6283 = EDGE_CURVE('',#6284,#6284,#6286,.T.);
#6284 = VERTEX_POINT('',#6285);
#6285 = CARTESIAN_POINT('',(-14.449999,52.749999,1.51));
#6286 = CIRCLE('',#6287,0.25);
#6287 = AXIS2_PLACEMENT_3D('',#6288,#6289,#6290);
#6288 = CARTESIAN_POINT('',(-14.449999,52.999999,1.51));
#6289 = DIRECTION('',(-0.,0.,-1.));
#6290 = DIRECTION('',(-0.,-1.,0.));
#6291 = FACE_BOUND('',#6292,.T.);
#6292 = EDGE_LOOP('',(#6293));
#6293 = ORIENTED_EDGE('',*,*,#6294,.T.);
#6294 = EDGE_CURVE('',#6295,#6295,#6297,.T.);
#6295 = VERTEX_POINT('',#6296);
#6296 = CARTESIAN_POINT('',(-13.449999,52.749999,1.51));
#6297 = CIRCLE('',#6298,0.25);
#6298 = AXIS2_PLACEMENT_3D('',#6299,#6300,#6301);
#6299 = CARTESIAN_POINT('',(-13.449999,52.999999,1.51));
#6300 = DIRECTION('',(-0.,0.,-1.));
#6301 = DIRECTION('',(-0.,-1.,0.));
#6302 = FACE_BOUND('',#6303,.T.);
#6303 = EDGE_LOOP('',(#6304));
#6304 = ORIENTED_EDGE('',*,*,#6305,.T.);
#6305 = EDGE_CURVE('',#6306,#6306,#6308,.T.);
#6306 = VERTEX_POINT('',#6307);
#6307 = CARTESIAN_POINT('',(-12.449999,52.749999,1.51));
#6308 = CIRCLE('',#6309,0.25);
#6309 = AXIS2_PLACEMENT_3D('',#6310,#6311,#6312);
#6310 = CARTESIAN_POINT('',(-12.449999,52.999999,1.51));
#6311 = DIRECTION('',(-0.,0.,-1.));
#6312 = DIRECTION('',(-0.,-1.,0.));
#6313 = FACE_BOUND('',#6314,.T.);
#6314 = EDGE_LOOP('',(#6315));
#6315 = ORIENTED_EDGE('',*,*,#6316,.T.);
#6316 = EDGE_CURVE('',#6317,#6317,#6319,.T.);
#6317 = VERTEX_POINT('',#6318);
#6318 = CARTESIAN_POINT('',(-1.649399,57.190599,1.51));
#6319 = CIRCLE('',#6320,1.27);
#6320 = AXIS2_PLACEMENT_3D('',#6321,#6322,#6323);
#6321 = CARTESIAN_POINT('',(-1.649399,58.460599,1.51));
#6322 = DIRECTION('',(-0.,0.,-1.));
#6323 = DIRECTION('',(-1.748382715945E-16,-1.,0.));
#6324 = FACE_BOUND('',#6325,.T.);
#6325 = EDGE_LOOP('',(#6326));
#6326 = ORIENTED_EDGE('',*,*,#6327,.T.);
#6327 = EDGE_CURVE('',#6328,#6328,#6330,.T.);
#6328 = VERTEX_POINT('',#6329);
#6329 = CARTESIAN_POINT('',(4.260601,5.460599,1.51));
#6330 = CIRCLE('',#6331,0.85);
#6331 = AXIS2_PLACEMENT_3D('',#6332,#6333,#6334);
#6332 = CARTESIAN_POINT('',(4.260601,6.310599,1.51));
#6333 = DIRECTION('',(-0.,0.,-1.));
#6334 = DIRECTION('',(-0.,-1.,0.));
#6335 = FACE_BOUND('',#6336,.T.);
#6336 = EDGE_LOOP('',(#6337));
#6337 = ORIENTED_EDGE('',*,*,#6338,.T.);
#6338 = EDGE_CURVE('',#6339,#6339,#6341,.T.);
#6339 = VERTEX_POINT('',#6340);
#6340 = CARTESIAN_POINT('',(1.720601,10.640599,1.51));
#6341 = CIRCLE('',#6342,0.75);
#6342 = AXIS2_PLACEMENT_3D('',#6343,#6344,#6345);
#6343 = CARTESIAN_POINT('',(1.720601,11.390599,1.51));
#6344 = DIRECTION('',(-0.,0.,-1.));
#6345 = DIRECTION('',(2.960594732334E-16,-1.,-0.));
#6346 = FACE_BOUND('',#6347,.T.);
#6347 = EDGE_LOOP('',(#6348));
#6348 = ORIENTED_EDGE('',*,*,#6349,.T.);
#6349 = EDGE_CURVE('',#6350,#6350,#6352,.T.);
#6350 = VERTEX_POINT('',#6351);
#6351 = CARTESIAN_POINT('',(13.200601,5.460599,1.51));
#6352 = CIRCLE('',#6353,0.85);
#6353 = AXIS2_PLACEMENT_3D('',#6354,#6355,#6356);
#6354 = CARTESIAN_POINT('',(13.200601,6.310599,1.51));
#6355 = DIRECTION('',(-0.,0.,-1.));
#6356 = DIRECTION('',(2.089831575765E-15,-1.,-0.));
#6357 = FACE_BOUND('',#6358,.T.);
#6358 = EDGE_LOOP('',(#6359));
#6359 = ORIENTED_EDGE('',*,*,#6360,.T.);
#6360 = EDGE_CURVE('',#6361,#6361,#6363,.T.);
#6361 = VERTEX_POINT('',#6362);
#6362 = CARTESIAN_POINT('',(14.470601,8.100599,1.51));
#6363 = CIRCLE('',#6364,0.75);
#6364 = AXIS2_PLACEMENT_3D('',#6365,#6366,#6367);
#6365 = CARTESIAN_POINT('',(14.470601,8.850599,1.51));
#6366 = DIRECTION('',(-0.,0.,-1.));
#6367 = DIRECTION('',(-0.,-1.,0.));
#6368 = FACE_BOUND('',#6369,.T.);
#6369 = EDGE_LOOP('',(#6370));
#6370 = ORIENTED_EDGE('',*,*,#6371,.T.);
#6371 = EDGE_CURVE('',#6372,#6372,#6374,.T.);
#6372 = VERTEX_POINT('',#6373);
#6373 = CARTESIAN_POINT('',(18.280601,4.310599,1.51));
#6374 = CIRCLE('',#6375,2.);
#6375 = AXIS2_PLACEMENT_3D('',#6376,#6377,#6378);
#6376 = CARTESIAN_POINT('',(18.280601,6.310599,1.51));
#6377 = DIRECTION('',(-0.,0.,-1.));
#6378 = DIRECTION('',(-0.,-1.,0.));
#6379 = FACE_BOUND('',#6380,.T.);
#6380 = EDGE_LOOP('',(#6381));
#6381 = ORIENTED_EDGE('',*,*,#6382,.T.);
#6382 = EDGE_CURVE('',#6383,#6383,#6385,.T.);
#6383 = VERTEX_POINT('',#6384);
#6384 = CARTESIAN_POINT('',(20.820601,10.640599,1.51));
#6385 = CIRCLE('',#6386,0.75);
#6386 = AXIS2_PLACEMENT_3D('',#6387,#6388,#6389);
#6387 = CARTESIAN_POINT('',(20.820601,11.390599,1.51));
#6388 = DIRECTION('',(-0.,0.,-1.));
#6389 = DIRECTION('',(-0.,-1.,0.));
#6390 = FACE_BOUND('',#6391,.T.);
#6391 = EDGE_LOOP('',(#6392));
#6392 = ORIENTED_EDGE('',*,*,#6393,.T.);
#6393 = EDGE_CURVE('',#6394,#6394,#6396,.T.);
#6394 = VERTEX_POINT('',#6395);
#6395 = CARTESIAN_POINT('',(4.260601,24.460599,1.51));
#6396 = CIRCLE('',#6397,0.85);
#6397 = AXIS2_PLACEMENT_3D('',#6398,#6399,#6400);
#6398 = CARTESIAN_POINT('',(4.260601,25.310599,1.51));
#6399 = DIRECTION('',(-0.,0.,-1.));
#6400 = DIRECTION('',(-0.,-1.,0.));
#6401 = FACE_BOUND('',#6402,.T.);
#6402 = EDGE_LOOP('',(#6403));
#6403 = ORIENTED_EDGE('',*,*,#6404,.T.);
#6404 = EDGE_CURVE('',#6405,#6405,#6407,.T.);
#6405 = VERTEX_POINT('',#6406);
#6406 = CARTESIAN_POINT('',(1.720601,29.640599,1.51));
#6407 = CIRCLE('',#6408,0.75);
#6408 = AXIS2_PLACEMENT_3D('',#6409,#6410,#6411);
#6409 = CARTESIAN_POINT('',(1.720601,30.390599,1.51));
#6410 = DIRECTION('',(-0.,0.,-1.));
#6411 = DIRECTION('',(2.960594732334E-16,-1.,-0.));
#6412 = FACE_BOUND('',#6413,.T.);
#6413 = EDGE_LOOP('',(#6414));
#6414 = ORIENTED_EDGE('',*,*,#6415,.T.);
#6415 = EDGE_CURVE('',#6416,#6416,#6418,.T.);
#6416 = VERTEX_POINT('',#6417);
#6417 = CARTESIAN_POINT('',(13.200601,24.460599,1.51));
#6418 = CIRCLE('',#6419,0.85);
#6419 = AXIS2_PLACEMENT_3D('',#6420,#6421,#6422);
#6420 = CARTESIAN_POINT('',(13.200601,25.310599,1.51));
#6421 = DIRECTION('',(-0.,0.,-1.));
#6422 = DIRECTION('',(2.089831575765E-15,-1.,-0.));
#6423 = FACE_BOUND('',#6424,.T.);
#6424 = EDGE_LOOP('',(#6425));
#6425 = ORIENTED_EDGE('',*,*,#6426,.T.);
#6426 = EDGE_CURVE('',#6427,#6427,#6429,.T.);
#6427 = VERTEX_POINT('',#6428);
#6428 = CARTESIAN_POINT('',(14.470601,27.100599,1.51));
#6429 = CIRCLE('',#6430,0.75);
#6430 = AXIS2_PLACEMENT_3D('',#6431,#6432,#6433);
#6431 = CARTESIAN_POINT('',(14.470601,27.850599,1.51));
#6432 = DIRECTION('',(-0.,0.,-1.));
#6433 = DIRECTION('',(-0.,-1.,0.));
#6434 = FACE_BOUND('',#6435,.T.);
#6435 = EDGE_LOOP('',(#6436));
#6436 = ORIENTED_EDGE('',*,*,#6437,.T.);
#6437 = EDGE_CURVE('',#6438,#6438,#6440,.T.);
#6438 = VERTEX_POINT('',#6439);
#6439 = CARTESIAN_POINT('',(18.280601,23.310599,1.51));
#6440 = CIRCLE('',#6441,2.);
#6441 = AXIS2_PLACEMENT_3D('',#6442,#6443,#6444);
#6442 = CARTESIAN_POINT('',(18.280601,25.310599,1.51));
#6443 = DIRECTION('',(-0.,0.,-1.));
#6444 = DIRECTION('',(-0.,-1.,0.));
#6445 = FACE_BOUND('',#6446,.T.);
#6446 = EDGE_LOOP('',(#6447));
#6447 = ORIENTED_EDGE('',*,*,#6448,.T.);
#6448 = EDGE_CURVE('',#6449,#6449,#6451,.T.);
#6449 = VERTEX_POINT('',#6450);
#6450 = CARTESIAN_POINT('',(20.820601,29.640599,1.51));
#6451 = CIRCLE('',#6452,0.75);
#6452 = AXIS2_PLACEMENT_3D('',#6453,#6454,#6455);
#6453 = CARTESIAN_POINT('',(20.820601,30.390599,1.51));
#6454 = DIRECTION('',(-0.,0.,-1.));
#6455 = DIRECTION('',(-0.,-1.,0.));
#6456 = FACE_BOUND('',#6457,.T.);
#6457 = EDGE_LOOP('',(#6458));
#6458 = ORIENTED_EDGE('',*,*,#6459,.T.);
#6459 = EDGE_CURVE('',#6460,#6460,#6462,.T.);
#6460 = VERTEX_POINT('',#6461);
#6461 = CARTESIAN_POINT('',(23.360601,5.460599,1.51));
#6462 = CIRCLE('',#6463,0.85);
#6463 = AXIS2_PLACEMENT_3D('',#6464,#6465,#6466);
#6464 = CARTESIAN_POINT('',(23.360601,6.310599,1.51));
#6465 = DIRECTION('',(-0.,0.,-1.));
#6466 = DIRECTION('',(-4.17966315153E-15,-1.,0.));
#6467 = FACE_BOUND('',#6468,.T.);
#6468 = EDGE_LOOP('',(#6469));
#6469 = ORIENTED_EDGE('',*,*,#6470,.T.);
#6470 = EDGE_CURVE('',#6471,#6471,#6473,.T.);
#6471 = VERTEX_POINT('',#6472);
#6472 = CARTESIAN_POINT('',(32.300601,5.460599,1.51));
#6473 = CIRCLE('',#6474,0.85);
#6474 = AXIS2_PLACEMENT_3D('',#6475,#6476,#6477);
#6475 = CARTESIAN_POINT('',(32.300601,6.310599,1.51));
#6476 = DIRECTION('',(-0.,0.,-1.));
#6477 = DIRECTION('',(-0.,-1.,0.));
#6478 = FACE_BOUND('',#6479,.T.);
#6479 = EDGE_LOOP('',(#6480));
#6480 = ORIENTED_EDGE('',*,*,#6481,.T.);
#6481 = EDGE_CURVE('',#6482,#6482,#6484,.T.);
#6482 = VERTEX_POINT('',#6483);
#6483 = CARTESIAN_POINT('',(33.570601,8.100599,1.51));
#6484 = CIRCLE('',#6485,0.75);
#6485 = AXIS2_PLACEMENT_3D('',#6486,#6487,#6488);
#6486 = CARTESIAN_POINT('',(33.570601,8.850599,1.51));
#6487 = DIRECTION('',(-0.,0.,-1.));
#6488 = DIRECTION('',(-0.,-1.,0.));
#6489 = FACE_BOUND('',#6490,.T.);
#6490 = EDGE_LOOP('',(#6491));
#6491 = ORIENTED_EDGE('',*,*,#6492,.T.);
#6492 = EDGE_CURVE('',#6493,#6493,#6495,.T.);
#6493 = VERTEX_POINT('',#6494);
#6494 = CARTESIAN_POINT('',(37.380601,4.310599,1.51));
#6495 = CIRCLE('',#6496,2.);
#6496 = AXIS2_PLACEMENT_3D('',#6497,#6498,#6499);
#6497 = CARTESIAN_POINT('',(37.380601,6.310599,1.51));
#6498 = DIRECTION('',(-0.,0.,-1.));
#6499 = DIRECTION('',(-0.,-1.,0.));
#6500 = FACE_BOUND('',#6501,.T.);
#6501 = EDGE_LOOP('',(#6502));
#6502 = ORIENTED_EDGE('',*,*,#6503,.T.);
#6503 = EDGE_CURVE('',#6504,#6504,#6506,.T.);
#6504 = VERTEX_POINT('',#6505);
#6505 = CARTESIAN_POINT('',(42.460601,5.460599,1.51));
#6506 = CIRCLE('',#6507,0.85);
#6507 = AXIS2_PLACEMENT_3D('',#6508,#6509,#6510);
#6508 = CARTESIAN_POINT('',(42.460601,6.310599,1.51));
#6509 = DIRECTION('',(-0.,0.,-1.));
#6510 = DIRECTION('',(-0.,-1.,0.));
#6511 = FACE_BOUND('',#6512,.T.);
#6512 = EDGE_LOOP('',(#6513));
#6513 = ORIENTED_EDGE('',*,*,#6514,.T.);
#6514 = EDGE_CURVE('',#6515,#6515,#6517,.T.);
#6515 = VERTEX_POINT('',#6516);
#6516 = CARTESIAN_POINT('',(39.920601,10.640599,1.51));
#6517 = CIRCLE('',#6518,0.75);
#6518 = AXIS2_PLACEMENT_3D('',#6519,#6520,#6521);
#6519 = CARTESIAN_POINT('',(39.920601,11.390599,1.51));
#6520 = DIRECTION('',(-0.,0.,-1.));
#6521 = DIRECTION('',(-0.,-1.,0.));
#6522 = FACE_BOUND('',#6523,.T.);
#6523 = EDGE_LOOP('',(#6524));
#6524 = ORIENTED_EDGE('',*,*,#6525,.T.);
#6525 = EDGE_CURVE('',#6526,#6526,#6528,.T.);
#6526 = VERTEX_POINT('',#6527);
#6527 = CARTESIAN_POINT('',(23.360601,24.460599,1.51));
#6528 = CIRCLE('',#6529,0.85);
#6529 = AXIS2_PLACEMENT_3D('',#6530,#6531,#6532);
#6530 = CARTESIAN_POINT('',(23.360601,25.310599,1.51));
#6531 = DIRECTION('',(-0.,0.,-1.));
#6532 = DIRECTION('',(-4.17966315153E-15,-1.,0.));
#6533 = FACE_BOUND('',#6534,.T.);
#6534 = EDGE_LOOP('',(#6535));
#6535 = ORIENTED_EDGE('',*,*,#6536,.T.);
#6536 = EDGE_CURVE('',#6537,#6537,#6539,.T.);
#6537 = VERTEX_POINT('',#6538);
#6538 = CARTESIAN_POINT('',(32.300601,24.460599,1.51));
#6539 = CIRCLE('',#6540,0.85);
#6540 = AXIS2_PLACEMENT_3D('',#6541,#6542,#6543);
#6541 = CARTESIAN_POINT('',(32.300601,25.310599,1.51));
#6542 = DIRECTION('',(-0.,0.,-1.));
#6543 = DIRECTION('',(-0.,-1.,0.));
#6544 = FACE_BOUND('',#6545,.T.);
#6545 = EDGE_LOOP('',(#6546));
#6546 = ORIENTED_EDGE('',*,*,#6547,.T.);
#6547 = EDGE_CURVE('',#6548,#6548,#6550,.T.);
#6548 = VERTEX_POINT('',#6549);
#6549 = CARTESIAN_POINT('',(33.570601,27.100599,1.51));
#6550 = CIRCLE('',#6551,0.75);
#6551 = AXIS2_PLACEMENT_3D('',#6552,#6553,#6554);
#6552 = CARTESIAN_POINT('',(33.570601,27.850599,1.51));
#6553 = DIRECTION('',(-0.,0.,-1.));
#6554 = DIRECTION('',(-0.,-1.,0.));
#6555 = FACE_BOUND('',#6556,.T.);
#6556 = EDGE_LOOP('',(#6557));
#6557 = ORIENTED_EDGE('',*,*,#6558,.T.);
#6558 = EDGE_CURVE('',#6559,#6559,#6561,.T.);
#6559 = VERTEX_POINT('',#6560);
#6560 = CARTESIAN_POINT('',(37.380601,23.310599,1.51));
#6561 = CIRCLE('',#6562,2.);
#6562 = AXIS2_PLACEMENT_3D('',#6563,#6564,#6565);
#6563 = CARTESIAN_POINT('',(37.380601,25.310599,1.51));
#6564 = DIRECTION('',(-0.,0.,-1.));
#6565 = DIRECTION('',(-0.,-1.,0.));
#6566 = FACE_BOUND('',#6567,.T.);
#6567 = EDGE_LOOP('',(#6568));
#6568 = ORIENTED_EDGE('',*,*,#6569,.T.);
#6569 = EDGE_CURVE('',#6570,#6570,#6572,.T.);
#6570 = VERTEX_POINT('',#6571);
#6571 = CARTESIAN_POINT('',(42.460601,24.460599,1.51));
#6572 = CIRCLE('',#6573,0.85);
#6573 = AXIS2_PLACEMENT_3D('',#6574,#6575,#6576);
#6574 = CARTESIAN_POINT('',(42.460601,25.310599,1.51));
#6575 = DIRECTION('',(-0.,0.,-1.));
#6576 = DIRECTION('',(-0.,-1.,0.));
#6577 = FACE_BOUND('',#6578,.T.);
#6578 = EDGE_LOOP('',(#6579));
#6579 = ORIENTED_EDGE('',*,*,#6580,.T.);
#6580 = EDGE_CURVE('',#6581,#6581,#6583,.T.);
#6581 = VERTEX_POINT('',#6582);
#6582 = CARTESIAN_POINT('',(39.920601,29.640599,1.51));
#6583 = CIRCLE('',#6584,0.75);
#6584 = AXIS2_PLACEMENT_3D('',#6585,#6586,#6587);
#6585 = CARTESIAN_POINT('',(39.920601,30.390599,1.51));
#6586 = DIRECTION('',(-0.,0.,-1.));
#6587 = DIRECTION('',(-0.,-1.,0.));
#6588 = FACE_BOUND('',#6589,.T.);
#6589 = EDGE_LOOP('',(#6590));
#6590 = ORIENTED_EDGE('',*,*,#6591,.T.);
#6591 = EDGE_CURVE('',#6592,#6592,#6594,.T.);
#6592 = VERTEX_POINT('',#6593);
#6593 = CARTESIAN_POINT('',(2.160601,38.910599,1.51));
#6594 = CIRCLE('',#6595,0.5);
#6595 = AXIS2_PLACEMENT_3D('',#6596,#6597,#6598);
#6596 = CARTESIAN_POINT('',(2.160601,39.410599,1.51));
#6597 = DIRECTION('',(-0.,0.,-1.));
#6598 = DIRECTION('',(-0.,-1.,0.));
#6599 = FACE_BOUND('',#6600,.T.);
#6600 = EDGE_LOOP('',(#6601));
#6601 = ORIENTED_EDGE('',*,*,#6602,.T.);
#6602 = EDGE_CURVE('',#6603,#6603,#6605,.T.);
#6603 = VERTEX_POINT('',#6604);
#6604 = CARTESIAN_POINT('',(4.700601,38.910599,1.51));
#6605 = CIRCLE('',#6606,0.5);
#6606 = AXIS2_PLACEMENT_3D('',#6607,#6608,#6609);
#6607 = CARTESIAN_POINT('',(4.700601,39.410599,1.51));
#6608 = DIRECTION('',(-0.,0.,-1.));
#6609 = DIRECTION('',(-0.,-1.,0.));
#6610 = FACE_BOUND('',#6611,.T.);
#6611 = EDGE_LOOP('',(#6612));
#6612 = ORIENTED_EDGE('',*,*,#6613,.T.);
#6613 = EDGE_CURVE('',#6614,#6614,#6616,.T.);
#6614 = VERTEX_POINT('',#6615);
#6615 = CARTESIAN_POINT('',(7.240601,38.910599,1.51));
#6616 = CIRCLE('',#6617,0.5);
#6617 = AXIS2_PLACEMENT_3D('',#6618,#6619,#6620);
#6618 = CARTESIAN_POINT('',(7.240601,39.410599,1.51));
#6619 = DIRECTION('',(-0.,0.,-1.));
#6620 = DIRECTION('',(-0.,-1.,0.));
#6621 = FACE_BOUND('',#6622,.T.);
#6622 = EDGE_LOOP('',(#6623));
#6623 = ORIENTED_EDGE('',*,*,#6624,.T.);
#6624 = EDGE_CURVE('',#6625,#6625,#6627,.T.);
#6625 = VERTEX_POINT('',#6626);
#6626 = CARTESIAN_POINT('',(9.780601,38.910599,1.51));
#6627 = CIRCLE('',#6628,0.5);
#6628 = AXIS2_PLACEMENT_3D('',#6629,#6630,#6631);
#6629 = CARTESIAN_POINT('',(9.780601,39.410599,1.51));
#6630 = DIRECTION('',(-0.,0.,-1.));
#6631 = DIRECTION('',(-0.,-1.,0.));
#6632 = FACE_BOUND('',#6633,.T.);
#6633 = EDGE_LOOP('',(#6634));
#6634 = ORIENTED_EDGE('',*,*,#6635,.T.);
#6635 = EDGE_CURVE('',#6636,#6636,#6638,.T.);
#6636 = VERTEX_POINT('',#6637);
#6637 = CARTESIAN_POINT('',(12.320601,38.910599,1.51));
#6638 = CIRCLE('',#6639,0.5);
#6639 = AXIS2_PLACEMENT_3D('',#6640,#6641,#6642);
#6640 = CARTESIAN_POINT('',(12.320601,39.410599,1.51));
#6641 = DIRECTION('',(-0.,0.,-1.));
#6642 = DIRECTION('',(-0.,-1.,0.));
#6643 = FACE_BOUND('',#6644,.T.);
#6644 = EDGE_LOOP('',(#6645));
#6645 = ORIENTED_EDGE('',*,*,#6646,.T.);
#6646 = EDGE_CURVE('',#6647,#6647,#6649,.T.);
#6647 = VERTEX_POINT('',#6648);
#6648 = CARTESIAN_POINT('',(14.860601,38.910599,1.51));
#6649 = CIRCLE('',#6650,0.5);
#6650 = AXIS2_PLACEMENT_3D('',#6651,#6652,#6653);
#6651 = CARTESIAN_POINT('',(14.860601,39.410599,1.51));
#6652 = DIRECTION('',(-0.,0.,-1.));
#6653 = DIRECTION('',(-0.,-1.,0.));
#6654 = FACE_BOUND('',#6655,.T.);
#6655 = EDGE_LOOP('',(#6656));
#6656 = ORIENTED_EDGE('',*,*,#6657,.T.);
#6657 = EDGE_CURVE('',#6658,#6658,#6660,.T.);
#6658 = VERTEX_POINT('',#6659);
#6659 = CARTESIAN_POINT('',(17.400601,38.910599,1.51));
#6660 = CIRCLE('',#6661,0.5);
#6661 = AXIS2_PLACEMENT_3D('',#6662,#6663,#6664);
#6662 = CARTESIAN_POINT('',(17.400601,39.410599,1.51));
#6663 = DIRECTION('',(-0.,0.,-1.));
#6664 = DIRECTION('',(-0.,-1.,0.));
#6665 = FACE_BOUND('',#6666,.T.);
#6666 = EDGE_LOOP('',(#6667));
#6667 = ORIENTED_EDGE('',*,*,#6668,.T.);
#6668 = EDGE_CURVE('',#6669,#6669,#6671,.T.);
#6669 = VERTEX_POINT('',#6670);
#6670 = CARTESIAN_POINT('',(19.940601,38.910599,1.51));
#6671 = CIRCLE('',#6672,0.5);
#6672 = AXIS2_PLACEMENT_3D('',#6673,#6674,#6675);
#6673 = CARTESIAN_POINT('',(19.940601,39.410599,1.51));
#6674 = DIRECTION('',(-0.,0.,-1.));
#6675 = DIRECTION('',(-0.,-1.,0.));
#6676 = FACE_BOUND('',#6677,.T.);
#6677 = EDGE_LOOP('',(#6678));
#6678 = ORIENTED_EDGE('',*,*,#6679,.T.);
#6679 = EDGE_CURVE('',#6680,#6680,#6682,.T.);
#6680 = VERTEX_POINT('',#6681);
#6681 = CARTESIAN_POINT('',(22.480601,38.910599,1.51));
#6682 = CIRCLE('',#6683,0.5);
#6683 = AXIS2_PLACEMENT_3D('',#6684,#6685,#6686);
#6684 = CARTESIAN_POINT('',(22.480601,39.410599,1.51));
#6685 = DIRECTION('',(-0.,0.,-1.));
#6686 = DIRECTION('',(-0.,-1.,0.));
#6687 = FACE_BOUND('',#6688,.T.);
#6688 = EDGE_LOOP('',(#6689));
#6689 = ORIENTED_EDGE('',*,*,#6690,.T.);
#6690 = EDGE_CURVE('',#6691,#6691,#6693,.T.);
#6691 = VERTEX_POINT('',#6692);
#6692 = CARTESIAN_POINT('',(12.320601,59.230599,1.51));
#6693 = CIRCLE('',#6694,0.5);
#6694 = AXIS2_PLACEMENT_3D('',#6695,#6696,#6697);
#6695 = CARTESIAN_POINT('',(12.320601,59.730599,1.51));
#6696 = DIRECTION('',(-0.,0.,-1.));
#6697 = DIRECTION('',(-0.,-1.,0.));
#6698 = FACE_BOUND('',#6699,.T.);
#6699 = EDGE_LOOP('',(#6700));
#6700 = ORIENTED_EDGE('',*,*,#6701,.T.);
#6701 = EDGE_CURVE('',#6702,#6702,#6704,.T.);
#6702 = VERTEX_POINT('',#6703);
#6703 = CARTESIAN_POINT('',(14.860601,59.230599,1.51));
#6704 = CIRCLE('',#6705,0.5);
#6705 = AXIS2_PLACEMENT_3D('',#6706,#6707,#6708);
#6706 = CARTESIAN_POINT('',(14.860601,59.730599,1.51));
#6707 = DIRECTION('',(-0.,0.,-1.));
#6708 = DIRECTION('',(-0.,-1.,0.));
#6709 = FACE_BOUND('',#6710,.T.);
#6710 = EDGE_LOOP('',(#6711));
#6711 = ORIENTED_EDGE('',*,*,#6712,.T.);
#6712 = EDGE_CURVE('',#6713,#6713,#6715,.T.);
#6713 = VERTEX_POINT('',#6714);
#6714 = CARTESIAN_POINT('',(17.400601,59.230599,1.51));
#6715 = CIRCLE('',#6716,0.5);
#6716 = AXIS2_PLACEMENT_3D('',#6717,#6718,#6719);
#6717 = CARTESIAN_POINT('',(17.400601,59.730599,1.51));
#6718 = DIRECTION('',(-0.,0.,-1.));
#6719 = DIRECTION('',(-0.,-1.,0.));
#6720 = FACE_BOUND('',#6721,.T.);
#6721 = EDGE_LOOP('',(#6722));
#6722 = ORIENTED_EDGE('',*,*,#6723,.T.);
#6723 = EDGE_CURVE('',#6724,#6724,#6726,.T.);
#6724 = VERTEX_POINT('',#6725);
#6725 = CARTESIAN_POINT('',(19.940601,59.230599,1.51));
#6726 = CIRCLE('',#6727,0.5);
#6727 = AXIS2_PLACEMENT_3D('',#6728,#6729,#6730);
#6728 = CARTESIAN_POINT('',(19.940601,59.730599,1.51));
#6729 = DIRECTION('',(-0.,0.,-1.));
#6730 = DIRECTION('',(-0.,-1.,0.));
#6731 = FACE_BOUND('',#6732,.T.);
#6732 = EDGE_LOOP('',(#6733));
#6733 = ORIENTED_EDGE('',*,*,#6734,.T.);
#6734 = EDGE_CURVE('',#6735,#6735,#6737,.T.);
#6735 = VERTEX_POINT('',#6736);
#6736 = CARTESIAN_POINT('',(22.480601,59.230599,1.51));
#6737 = CIRCLE('',#6738,0.5);
#6738 = AXIS2_PLACEMENT_3D('',#6739,#6740,#6741);
#6739 = CARTESIAN_POINT('',(22.480601,59.730599,1.51));
#6740 = DIRECTION('',(-0.,0.,-1.));
#6741 = DIRECTION('',(-0.,-1.,0.));
#6742 = FACE_BOUND('',#6743,.T.);
#6743 = EDGE_LOOP('',(#6744));
#6744 = ORIENTED_EDGE('',*,*,#6745,.T.);
#6745 = EDGE_CURVE('',#6746,#6746,#6748,.T.);
#6746 = VERTEX_POINT('',#6747);
#6747 = CARTESIAN_POINT('',(25.020601,38.910599,1.51));
#6748 = CIRCLE('',#6749,0.5);
#6749 = AXIS2_PLACEMENT_3D('',#6750,#6751,#6752);
#6750 = CARTESIAN_POINT('',(25.020601,39.410599,1.51));
#6751 = DIRECTION('',(-0.,0.,-1.));
#6752 = DIRECTION('',(-0.,-1.,0.));
#6753 = FACE_BOUND('',#6754,.T.);
#6754 = EDGE_LOOP('',(#6755));
#6755 = ORIENTED_EDGE('',*,*,#6756,.T.);
#6756 = EDGE_CURVE('',#6757,#6757,#6759,.T.);
#6757 = VERTEX_POINT('',#6758);
#6758 = CARTESIAN_POINT('',(27.560601,38.910599,1.51));
#6759 = CIRCLE('',#6760,0.5);
#6760 = AXIS2_PLACEMENT_3D('',#6761,#6762,#6763);
#6761 = CARTESIAN_POINT('',(27.560601,39.410599,1.51));
#6762 = DIRECTION('',(-0.,0.,-1.));
#6763 = DIRECTION('',(-0.,-1.,0.));
#6764 = FACE_BOUND('',#6765,.T.);
#6765 = EDGE_LOOP('',(#6766));
#6766 = ORIENTED_EDGE('',*,*,#6767,.T.);
#6767 = EDGE_CURVE('',#6768,#6768,#6770,.T.);
#6768 = VERTEX_POINT('',#6769);
#6769 = CARTESIAN_POINT('',(30.100601,38.910599,1.51));
#6770 = CIRCLE('',#6771,0.5);
#6771 = AXIS2_PLACEMENT_3D('',#6772,#6773,#6774);
#6772 = CARTESIAN_POINT('',(30.100601,39.410599,1.51));
#6773 = DIRECTION('',(-0.,0.,-1.));
#6774 = DIRECTION('',(-0.,-1.,0.));
#6775 = FACE_BOUND('',#6776,.T.);
#6776 = EDGE_LOOP('',(#6777));
#6777 = ORIENTED_EDGE('',*,*,#6778,.T.);
#6778 = EDGE_CURVE('',#6779,#6779,#6781,.T.);
#6779 = VERTEX_POINT('',#6780);
#6780 = CARTESIAN_POINT('',(32.640601,38.910599,1.51));
#6781 = CIRCLE('',#6782,0.5);
#6782 = AXIS2_PLACEMENT_3D('',#6783,#6784,#6785);
#6783 = CARTESIAN_POINT('',(32.640601,39.410599,1.51));
#6784 = DIRECTION('',(-0.,0.,-1.));
#6785 = DIRECTION('',(-0.,-1.,0.));
#6786 = FACE_BOUND('',#6787,.T.);
#6787 = EDGE_LOOP('',(#6788));
#6788 = ORIENTED_EDGE('',*,*,#6789,.T.);
#6789 = EDGE_CURVE('',#6790,#6790,#6792,.T.);
#6790 = VERTEX_POINT('',#6791);
#6791 = CARTESIAN_POINT('',(35.180601,38.910599,1.51));
#6792 = CIRCLE('',#6793,0.5);
#6793 = AXIS2_PLACEMENT_3D('',#6794,#6795,#6796);
#6794 = CARTESIAN_POINT('',(35.180601,39.410599,1.51));
#6795 = DIRECTION('',(-0.,0.,-1.));
#6796 = DIRECTION('',(-0.,-1.,0.));
#6797 = FACE_BOUND('',#6798,.T.);
#6798 = EDGE_LOOP('',(#6799));
#6799 = ORIENTED_EDGE('',*,*,#6800,.T.);
#6800 = EDGE_CURVE('',#6801,#6801,#6803,.T.);
#6801 = VERTEX_POINT('',#6802);
#6802 = CARTESIAN_POINT('',(37.720601,38.910599,1.51));
#6803 = CIRCLE('',#6804,0.5);
#6804 = AXIS2_PLACEMENT_3D('',#6805,#6806,#6807);
#6805 = CARTESIAN_POINT('',(37.720601,39.410599,1.51));
#6806 = DIRECTION('',(-0.,0.,-1.));
#6807 = DIRECTION('',(-0.,-1.,0.));
#6808 = FACE_BOUND('',#6809,.T.);
#6809 = EDGE_LOOP('',(#6810));
#6810 = ORIENTED_EDGE('',*,*,#6811,.T.);
#6811 = EDGE_CURVE('',#6812,#6812,#6814,.T.);
#6812 = VERTEX_POINT('',#6813);
#6813 = CARTESIAN_POINT('',(40.260601,38.910599,1.51));
#6814 = CIRCLE('',#6815,0.5);
#6815 = AXIS2_PLACEMENT_3D('',#6816,#6817,#6818);
#6816 = CARTESIAN_POINT('',(40.260601,39.410599,1.51));
#6817 = DIRECTION('',(-0.,0.,-1.));
#6818 = DIRECTION('',(-0.,-1.,0.));
#6819 = FACE_BOUND('',#6820,.T.);
#6820 = EDGE_LOOP('',(#6821));
#6821 = ORIENTED_EDGE('',*,*,#6822,.T.);
#6822 = EDGE_CURVE('',#6823,#6823,#6825,.T.);
#6823 = VERTEX_POINT('',#6824);
#6824 = CARTESIAN_POINT('',(44.070601,39.410599,1.51));
#6825 = CIRCLE('',#6826,1.27);
#6826 = AXIS2_PLACEMENT_3D('',#6827,#6828,#6829);
#6827 = CARTESIAN_POINT('',(44.070601,40.680599,1.51));
#6828 = DIRECTION('',(-0.,0.,-1.));
#6829 = DIRECTION('',(5.594824691024E-15,-1.,-0.));
#6830 = FACE_BOUND('',#6831,.T.);
#6831 = EDGE_LOOP('',(#6832));
#6832 = ORIENTED_EDGE('',*,*,#6833,.T.);
#6833 = EDGE_CURVE('',#6834,#6834,#6836,.T.);
#6834 = VERTEX_POINT('',#6835);
#6835 = CARTESIAN_POINT('',(25.020601,59.230599,1.51));
#6836 = CIRCLE('',#6837,0.5);
#6837 = AXIS2_PLACEMENT_3D('',#6838,#6839,#6840);
#6838 = CARTESIAN_POINT('',(25.020601,59.730599,1.51));
#6839 = DIRECTION('',(-0.,0.,-1.));
#6840 = DIRECTION('',(-0.,-1.,0.));
#6841 = FACE_BOUND('',#6842,.T.);
#6842 = EDGE_LOOP('',(#6843));
#6843 = ORIENTED_EDGE('',*,*,#6844,.T.);
#6844 = EDGE_CURVE('',#6845,#6845,#6847,.T.);
#6845 = VERTEX_POINT('',#6846);
#6846 = CARTESIAN_POINT('',(27.560601,59.230599,1.51));
#6847 = CIRCLE('',#6848,0.5);
#6848 = AXIS2_PLACEMENT_3D('',#6849,#6850,#6851);
#6849 = CARTESIAN_POINT('',(27.560601,59.730599,1.51));
#6850 = DIRECTION('',(-0.,0.,-1.));
#6851 = DIRECTION('',(-0.,-1.,0.));
#6852 = FACE_BOUND('',#6853,.T.);
#6853 = EDGE_LOOP('',(#6854));
#6854 = ORIENTED_EDGE('',*,*,#6855,.T.);
#6855 = EDGE_CURVE('',#6856,#6856,#6858,.T.);
#6856 = VERTEX_POINT('',#6857);
#6857 = CARTESIAN_POINT('',(30.100601,59.230599,1.51));
#6858 = CIRCLE('',#6859,0.5);
#6859 = AXIS2_PLACEMENT_3D('',#6860,#6861,#6862);
#6860 = CARTESIAN_POINT('',(30.100601,59.730599,1.51));
#6861 = DIRECTION('',(-0.,0.,-1.));
#6862 = DIRECTION('',(-0.,-1.,0.));
#6863 = FACE_BOUND('',#6864,.T.);
#6864 = EDGE_LOOP('',(#6865));
#6865 = ORIENTED_EDGE('',*,*,#6866,.T.);
#6866 = EDGE_CURVE('',#6867,#6867,#6869,.T.);
#6867 = VERTEX_POINT('',#6868);
#6868 = CARTESIAN_POINT('',(32.640601,59.230599,1.51));
#6869 = CIRCLE('',#6870,0.5);
#6870 = AXIS2_PLACEMENT_3D('',#6871,#6872,#6873);
#6871 = CARTESIAN_POINT('',(32.640601,59.730599,1.51));
#6872 = DIRECTION('',(-0.,0.,-1.));
#6873 = DIRECTION('',(-0.,-1.,0.));
#6874 = FACE_BOUND('',#6875,.T.);
#6875 = EDGE_LOOP('',(#6876));
#6876 = ORIENTED_EDGE('',*,*,#6877,.T.);
#6877 = EDGE_CURVE('',#6878,#6878,#6880,.T.);
#6878 = VERTEX_POINT('',#6879);
#6879 = CARTESIAN_POINT('',(35.180601,59.230599,1.51));
#6880 = CIRCLE('',#6881,0.5);
#6881 = AXIS2_PLACEMENT_3D('',#6882,#6883,#6884);
#6882 = CARTESIAN_POINT('',(35.180601,59.730599,1.51));
#6883 = DIRECTION('',(-0.,0.,-1.));
#6884 = DIRECTION('',(-0.,-1.,0.));
#6885 = FACE_BOUND('',#6886,.T.);
#6886 = EDGE_LOOP('',(#6887));
#6887 = ORIENTED_EDGE('',*,*,#6888,.T.);
#6888 = EDGE_CURVE('',#6889,#6889,#6891,.T.);
#6889 = VERTEX_POINT('',#6890);
#6890 = CARTESIAN_POINT('',(37.720601,59.230599,1.51));
#6891 = CIRCLE('',#6892,0.5);
#6892 = AXIS2_PLACEMENT_3D('',#6893,#6894,#6895);
#6893 = CARTESIAN_POINT('',(37.720601,59.730599,1.51));
#6894 = DIRECTION('',(-0.,0.,-1.));
#6895 = DIRECTION('',(-0.,-1.,0.));
#6896 = FACE_BOUND('',#6897,.T.);
#6897 = EDGE_LOOP('',(#6898));
#6898 = ORIENTED_EDGE('',*,*,#6899,.T.);
#6899 = EDGE_CURVE('',#6900,#6900,#6902,.T.);
#6900 = VERTEX_POINT('',#6901);
#6901 = CARTESIAN_POINT('',(40.260601,59.230599,1.51));
#6902 = CIRCLE('',#6903,0.5);
#6903 = AXIS2_PLACEMENT_3D('',#6904,#6905,#6906);
#6904 = CARTESIAN_POINT('',(40.260601,59.730599,1.51));
#6905 = DIRECTION('',(-0.,0.,-1.));
#6906 = DIRECTION('',(-0.,-1.,0.));
#6907 = FACE_BOUND('',#6908,.T.);
#6908 = EDGE_LOOP('',(#6909));
#6909 = ORIENTED_EDGE('',*,*,#6910,.T.);
#6910 = EDGE_CURVE('',#6911,#6911,#6913,.T.);
#6911 = VERTEX_POINT('',#6912);
#6912 = CARTESIAN_POINT('',(44.070601,57.190599,1.51));
#6913 = CIRCLE('',#6914,1.27);
#6914 = AXIS2_PLACEMENT_3D('',#6915,#6916,#6917);
#6915 = CARTESIAN_POINT('',(44.070601,58.460599,1.51));
#6916 = DIRECTION('',(-0.,0.,-1.));
#6917 = DIRECTION('',(5.594824691024E-15,-1.,-0.));
#6918 = PLANE('',#6919);
#6919 = AXIS2_PLACEMENT_3D('',#6920,#6921,#6922);
#6920 = CARTESIAN_POINT('',(0.,0.,1.51));
#6921 = DIRECTION('',(0.,0.,1.));
#6922 = DIRECTION('',(1.,0.,-0.));
#6923 = ADVANCED_FACE('',(#6924),#6930,.T.);
#6924 = FACE_BOUND('',#6925,.T.);
#6925 = EDGE_LOOP('',(#6926,#6927,#6928,#6929));
#6926 = ORIENTED_EDGE('',*,*,#2823,.T.);
#6927 = ORIENTED_EDGE('',*,*,#4888,.T.);
#6928 = ORIENTED_EDGE('',*,*,#2783,.F.);
#6929 = ORIENTED_EDGE('',*,*,#2847,.F.);
#6930 = PLANE('',#6931);
#6931 = AXIS2_PLACEMENT_3D('',#6932,#6933,#6934);
#6932 = CARTESIAN_POINT('',(-50.949999,65.,0.));
#6933 = DIRECTION('',(0.,1.,0.));
#6934 = DIRECTION('',(1.,0.,0.));
#6935 = ADVANCED_FACE('',(#6936),#6947,.F.);
#6936 = FACE_BOUND('',#6937,.T.);
#6937 = EDGE_LOOP('',(#6938,#6939,#6945,#6946));
#6938 = ORIENTED_EDGE('',*,*,#2856,.T.);
#6939 = ORIENTED_EDGE('',*,*,#6940,.T.);
#6940 = EDGE_CURVE('',#2857,#4898,#6941,.T.);
#6941 = LINE('',#6942,#6943);
#6942 = CARTESIAN_POINT('',(-45.409399,-51.519401,-4.6E-02));
#6943 = VECTOR('',#6944,1.);
#6944 = DIRECTION('',(0.,0.,1.));
#6945 = ORIENTED_EDGE('',*,*,#4897,.F.);
#6946 = ORIENTED_EDGE('',*,*,#6940,.F.);
#6947 = CYLINDRICAL_SURFACE('',#6948,0.45);
#6948 = AXIS2_PLACEMENT_3D('',#6949,#6950,#6951);
#6949 = CARTESIAN_POINT('',(-45.409399,-51.069401,-4.6E-02));
#6950 = DIRECTION('',(-0.,-0.,-1.));
#6951 = DIRECTION('',(-0.,-1.,0.));
#6952 = ADVANCED_FACE('',(#6953),#6964,.F.);
#6953 = FACE_BOUND('',#6954,.T.);
#6954 = EDGE_LOOP('',(#6955,#6956,#6962,#6963));
#6955 = ORIENTED_EDGE('',*,*,#2867,.T.);
#6956 = ORIENTED_EDGE('',*,*,#6957,.T.);
#6957 = EDGE_CURVE('',#2868,#4909,#6958,.T.);
#6958 = LINE('',#6959,#6960);
#6959 = CARTESIAN_POINT('',(-45.409399,-47.269401,-4.6E-02));
#6960 = VECTOR('',#6961,1.);
#6961 = DIRECTION('',(0.,0.,1.));
#6962 = ORIENTED_EDGE('',*,*,#4908,.F.);
#6963 = ORIENTED_EDGE('',*,*,#6957,.F.);
#6964 = CYLINDRICAL_SURFACE('',#6965,0.45);
#6965 = AXIS2_PLACEMENT_3D('',#6966,#6967,#6968);
#6966 = CARTESIAN_POINT('',(-45.409399,-46.819401,-4.6E-02));
#6967 = DIRECTION('',(-0.,-0.,-1.));
#6968 = DIRECTION('',(-0.,-1.,0.));
#6969 = ADVANCED_FACE('',(#6970),#6981,.F.);
#6970 = FACE_BOUND('',#6971,.T.);
#6971 = EDGE_LOOP('',(#6972,#6973,#6979,#6980));
#6972 = ORIENTED_EDGE('',*,*,#2878,.T.);
#6973 = ORIENTED_EDGE('',*,*,#6974,.T.);
#6974 = EDGE_CURVE('',#2879,#4920,#6975,.T.);
#6975 = LINE('',#6976,#6977);
#6976 = CARTESIAN_POINT('',(-45.409399,-43.019401,-4.6E-02));
#6977 = VECTOR('',#6978,1.);
#6978 = DIRECTION('',(0.,0.,1.));
#6979 = ORIENTED_EDGE('',*,*,#4919,.F.);
#6980 = ORIENTED_EDGE('',*,*,#6974,.F.);
#6981 = CYLINDRICAL_SURFACE('',#6982,0.45);
#6982 = AXIS2_PLACEMENT_3D('',#6983,#6984,#6985);
#6983 = CARTESIAN_POINT('',(-45.409399,-42.569401,-4.6E-02));
#6984 = DIRECTION('',(-0.,-0.,-1.));
#6985 = DIRECTION('',(-0.,-1.,0.));
#6986 = ADVANCED_FACE('',(#6987),#6998,.F.);
#6987 = FACE_BOUND('',#6988,.T.);
#6988 = EDGE_LOOP('',(#6989,#6990,#6996,#6997));
#6989 = ORIENTED_EDGE('',*,*,#2889,.T.);
#6990 = ORIENTED_EDGE('',*,*,#6991,.T.);
#6991 = EDGE_CURVE('',#2890,#4931,#6992,.T.);
#6992 = LINE('',#6993,#6994);
#6993 = CARTESIAN_POINT('',(-32.709399,-51.519401,-4.6E-02));
#6994 = VECTOR('',#6995,1.);
#6995 = DIRECTION('',(0.,0.,1.));
#6996 = ORIENTED_EDGE('',*,*,#4930,.F.);
#6997 = ORIENTED_EDGE('',*,*,#6991,.F.);
#6998 = CYLINDRICAL_SURFACE('',#6999,0.45);
#6999 = AXIS2_PLACEMENT_3D('',#7000,#7001,#7002);
#7000 = CARTESIAN_POINT('',(-32.709399,-51.069401,-4.6E-02));
#7001 = DIRECTION('',(-0.,0.,-1.));
#7002 = DIRECTION('',(1.578983857245E-14,-1.,-0.));
#7003 = ADVANCED_FACE('',(#7004),#7015,.F.);
#7004 = FACE_BOUND('',#7005,.T.);
#7005 = EDGE_LOOP('',(#7006,#7007,#7013,#7014));
#7006 = ORIENTED_EDGE('',*,*,#2900,.T.);
#7007 = ORIENTED_EDGE('',*,*,#7008,.T.);
#7008 = EDGE_CURVE('',#2901,#4942,#7009,.T.);
#7009 = LINE('',#7010,#7011);
#7010 = CARTESIAN_POINT('',(-32.709399,-47.269401,-4.6E-02));
#7011 = VECTOR('',#7012,1.);
#7012 = DIRECTION('',(0.,0.,1.));
#7013 = ORIENTED_EDGE('',*,*,#4941,.F.);
#7014 = ORIENTED_EDGE('',*,*,#7008,.F.);
#7015 = CYLINDRICAL_SURFACE('',#7016,0.45);
#7016 = AXIS2_PLACEMENT_3D('',#7017,#7018,#7019);
#7017 = CARTESIAN_POINT('',(-32.709399,-46.819401,-4.6E-02));
#7018 = DIRECTION('',(-0.,0.,-1.));
#7019 = DIRECTION('',(1.578983857245E-14,-1.,-0.));
#7020 = ADVANCED_FACE('',(#7021),#7032,.F.);
#7021 = FACE_BOUND('',#7022,.T.);
#7022 = EDGE_LOOP('',(#7023,#7024,#7030,#7031));
#7023 = ORIENTED_EDGE('',*,*,#2911,.T.);
#7024 = ORIENTED_EDGE('',*,*,#7025,.T.);
#7025 = EDGE_CURVE('',#2912,#4953,#7026,.T.);
#7026 = LINE('',#7027,#7028);
#7027 = CARTESIAN_POINT('',(-24.999399,-51.539401,-4.6E-02));
#7028 = VECTOR('',#7029,1.);
#7029 = DIRECTION('',(0.,0.,1.));
#7030 = ORIENTED_EDGE('',*,*,#4952,.F.);
#7031 = ORIENTED_EDGE('',*,*,#7025,.F.);
#7032 = CYLINDRICAL_SURFACE('',#7033,0.85);
#7033 = AXIS2_PLACEMENT_3D('',#7034,#7035,#7036);
#7034 = CARTESIAN_POINT('',(-24.999399,-50.689401,-4.6E-02));
#7035 = DIRECTION('',(-0.,-0.,-1.));
#7036 = DIRECTION('',(-4.17966315153E-15,-1.,0.));
#7037 = ADVANCED_FACE('',(#7038),#7049,.F.);
#7038 = FACE_BOUND('',#7039,.T.);
#7039 = EDGE_LOOP('',(#7040,#7041,#7047,#7048));
#7040 = ORIENTED_EDGE('',*,*,#2922,.T.);
#7041 = ORIENTED_EDGE('',*,*,#7042,.T.);
#7042 = EDGE_CURVE('',#2923,#4964,#7043,.T.);
#7043 = LINE('',#7044,#7045);
#7044 = CARTESIAN_POINT('',(-23.729399,-48.899401,-4.6E-02));
#7045 = VECTOR('',#7046,1.);
#7046 = DIRECTION('',(0.,0.,1.));
#7047 = ORIENTED_EDGE('',*,*,#4963,.F.);
#7048 = ORIENTED_EDGE('',*,*,#7042,.F.);
#7049 = CYLINDRICAL_SURFACE('',#7050,0.75);
#7050 = AXIS2_PLACEMENT_3D('',#7051,#7052,#7053);
#7051 = CARTESIAN_POINT('',(-23.729399,-48.149401,-4.6E-02));
#7052 = DIRECTION('',(-0.,-0.,-1.));
#7053 = DIRECTION('',(-0.,-1.,0.));
#7054 = ADVANCED_FACE('',(#7055),#7066,.F.);
#7055 = FACE_BOUND('',#7056,.T.);
#7056 = EDGE_LOOP('',(#7057,#7058,#7064,#7065));
#7057 = ORIENTED_EDGE('',*,*,#2933,.T.);
#7058 = ORIENTED_EDGE('',*,*,#7059,.T.);
#7059 = EDGE_CURVE('',#2934,#4975,#7060,.T.);
#7060 = LINE('',#7061,#7062);
#7061 = CARTESIAN_POINT('',(-32.709399,-43.019401,-4.6E-02));
#7062 = VECTOR('',#7063,1.);
#7063 = DIRECTION('',(0.,0.,1.));
#7064 = ORIENTED_EDGE('',*,*,#4974,.F.);
#7065 = ORIENTED_EDGE('',*,*,#7059,.F.);
#7066 = CYLINDRICAL_SURFACE('',#7067,0.45);
#7067 = AXIS2_PLACEMENT_3D('',#7068,#7069,#7070);
#7068 = CARTESIAN_POINT('',(-32.709399,-42.569401,-4.6E-02));
#7069 = DIRECTION('',(-0.,0.,-1.));
#7070 = DIRECTION('',(1.578983857245E-14,-1.,-0.));
#7071 = ADVANCED_FACE('',(#7072),#7083,.F.);
#7072 = FACE_BOUND('',#7073,.T.);
#7073 = EDGE_LOOP('',(#7074,#7075,#7081,#7082));
#7074 = ORIENTED_EDGE('',*,*,#2944,.T.);
#7075 = ORIENTED_EDGE('',*,*,#7076,.T.);
#7076 = EDGE_CURVE('',#2945,#4986,#7077,.T.);
#7077 = LINE('',#7078,#7079);
#7078 = CARTESIAN_POINT('',(-29.968399,-43.962101,-3.6E-02));
#7079 = VECTOR('',#7080,1.);
#7080 = DIRECTION('',(0.,0.,1.));
#7081 = ORIENTED_EDGE('',*,*,#4985,.F.);
#7082 = ORIENTED_EDGE('',*,*,#7076,.F.);
#7083 = CYLINDRICAL_SURFACE('',#7084,0.15);
#7084 = AXIS2_PLACEMENT_3D('',#7085,#7086,#7087);
#7085 = CARTESIAN_POINT('',(-29.968399,-43.812101,-3.6E-02));
#7086 = DIRECTION('',(-0.,-0.,-1.));
#7087 = DIRECTION('',(-2.368475785867E-14,-1.,0.));
#7088 = ADVANCED_FACE('',(#7089),#7100,.F.);
#7089 = FACE_BOUND('',#7090,.T.);
#7090 = EDGE_LOOP('',(#7091,#7092,#7098,#7099));
#7091 = ORIENTED_EDGE('',*,*,#2955,.T.);
#7092 = ORIENTED_EDGE('',*,*,#7093,.T.);
#7093 = EDGE_CURVE('',#2956,#4997,#7094,.T.);
#7094 = LINE('',#7095,#7096);
#7095 = CARTESIAN_POINT('',(-45.409399,-38.769401,-4.6E-02));
#7096 = VECTOR('',#7097,1.);
#7097 = DIRECTION('',(0.,0.,1.));
#7098 = ORIENTED_EDGE('',*,*,#4996,.F.);
#7099 = ORIENTED_EDGE('',*,*,#7093,.F.);
#7100 = CYLINDRICAL_SURFACE('',#7101,0.45);
#7101 = AXIS2_PLACEMENT_3D('',#7102,#7103,#7104);
#7102 = CARTESIAN_POINT('',(-45.409399,-38.319401,-4.6E-02));
#7103 = DIRECTION('',(-0.,-0.,-1.));
#7104 = DIRECTION('',(-0.,-1.,0.));
#7105 = ADVANCED_FACE('',(#7106),#7117,.F.);
#7106 = FACE_BOUND('',#7107,.T.);
#7107 = EDGE_LOOP('',(#7108,#7109,#7115,#7116));
#7108 = ORIENTED_EDGE('',*,*,#2966,.T.);
#7109 = ORIENTED_EDGE('',*,*,#7110,.T.);
#7110 = EDGE_CURVE('',#2967,#5008,#7111,.T.);
#7111 = LINE('',#7112,#7113);
#7112 = CARTESIAN_POINT('',(-45.409399,-34.519401,-4.6E-02));
#7113 = VECTOR('',#7114,1.);
#7114 = DIRECTION('',(0.,0.,1.));
#7115 = ORIENTED_EDGE('',*,*,#5007,.F.);
#7116 = ORIENTED_EDGE('',*,*,#7110,.F.);
#7117 = CYLINDRICAL_SURFACE('',#7118,0.45);
#7118 = AXIS2_PLACEMENT_3D('',#7119,#7120,#7121);
#7119 = CARTESIAN_POINT('',(-45.409399,-34.069401,-4.6E-02));
#7120 = DIRECTION('',(-0.,-0.,-1.));
#7121 = DIRECTION('',(-0.,-1.,0.));
#7122 = ADVANCED_FACE('',(#7123),#7134,.F.);
#7123 = FACE_BOUND('',#7124,.T.);
#7124 = EDGE_LOOP('',(#7125,#7126,#7132,#7133));
#7125 = ORIENTED_EDGE('',*,*,#2977,.T.);
#7126 = ORIENTED_EDGE('',*,*,#7127,.T.);
#7127 = EDGE_CURVE('',#2978,#5019,#7128,.T.);
#7128 = LINE('',#7129,#7130);
#7129 = CARTESIAN_POINT('',(-45.409399,-30.269401,-4.6E-02));
#7130 = VECTOR('',#7131,1.);
#7131 = DIRECTION('',(0.,0.,1.));
#7132 = ORIENTED_EDGE('',*,*,#5018,.F.);
#7133 = ORIENTED_EDGE('',*,*,#7127,.F.);
#7134 = CYLINDRICAL_SURFACE('',#7135,0.45);
#7135 = AXIS2_PLACEMENT_3D('',#7136,#7137,#7138);
#7136 = CARTESIAN_POINT('',(-45.409399,-29.819401,-4.6E-02));
#7137 = DIRECTION('',(-0.,-0.,-1.));
#7138 = DIRECTION('',(-0.,-1.,0.));
#7139 = ADVANCED_FACE('',(#7140),#7151,.F.);
#7140 = FACE_BOUND('',#7141,.T.);
#7141 = EDGE_LOOP('',(#7142,#7143,#7149,#7150));
#7142 = ORIENTED_EDGE('',*,*,#2988,.T.);
#7143 = ORIENTED_EDGE('',*,*,#7144,.T.);
#7144 = EDGE_CURVE('',#2989,#5030,#7145,.T.);
#7145 = LINE('',#7146,#7147);
#7146 = CARTESIAN_POINT('',(-32.709399,-38.769401,-4.6E-02));
#7147 = VECTOR('',#7148,1.);
#7148 = DIRECTION('',(0.,0.,1.));
#7149 = ORIENTED_EDGE('',*,*,#5029,.F.);
#7150 = ORIENTED_EDGE('',*,*,#7144,.F.);
#7151 = CYLINDRICAL_SURFACE('',#7152,0.45);
#7152 = AXIS2_PLACEMENT_3D('',#7153,#7154,#7155);
#7153 = CARTESIAN_POINT('',(-32.709399,-38.319401,-4.6E-02));
#7154 = DIRECTION('',(-0.,0.,-1.));
#7155 = DIRECTION('',(1.578983857245E-14,-1.,-0.));
#7156 = ADVANCED_FACE('',(#7157),#7168,.F.);
#7157 = FACE_BOUND('',#7158,.T.);
#7158 = EDGE_LOOP('',(#7159,#7160,#7166,#7167));
#7159 = ORIENTED_EDGE('',*,*,#2999,.T.);
#7160 = ORIENTED_EDGE('',*,*,#7161,.T.);
#7161 = EDGE_CURVE('',#3000,#5041,#7162,.T.);
#7162 = LINE('',#7163,#7164);
#7163 = CARTESIAN_POINT('',(-32.709399,-34.519401,-4.6E-02));
#7164 = VECTOR('',#7165,1.);
#7165 = DIRECTION('',(0.,0.,1.));
#7166 = ORIENTED_EDGE('',*,*,#5040,.F.);
#7167 = ORIENTED_EDGE('',*,*,#7161,.F.);
#7168 = CYLINDRICAL_SURFACE('',#7169,0.45);
#7169 = AXIS2_PLACEMENT_3D('',#7170,#7171,#7172);
#7170 = CARTESIAN_POINT('',(-32.709399,-34.069401,-4.6E-02));
#7171 = DIRECTION('',(-0.,0.,-1.));
#7172 = DIRECTION('',(1.578983857245E-14,-1.,-0.));
#7173 = ADVANCED_FACE('',(#7174),#7185,.F.);
#7174 = FACE_BOUND('',#7175,.T.);
#7175 = EDGE_LOOP('',(#7176,#7177,#7183,#7184));
#7176 = ORIENTED_EDGE('',*,*,#3010,.T.);
#7177 = ORIENTED_EDGE('',*,*,#7178,.T.);
#7178 = EDGE_CURVE('',#3011,#5052,#7179,.T.);
#7179 = LINE('',#7180,#7181);
#7180 = CARTESIAN_POINT('',(-24.999399,-32.539401,-4.6E-02));
#7181 = VECTOR('',#7182,1.);
#7182 = DIRECTION('',(0.,0.,1.));
#7183 = ORIENTED_EDGE('',*,*,#5051,.F.);
#7184 = ORIENTED_EDGE('',*,*,#7178,.F.);
#7185 = CYLINDRICAL_SURFACE('',#7186,0.85);
#7186 = AXIS2_PLACEMENT_3D('',#7187,#7188,#7189);
#7187 = CARTESIAN_POINT('',(-24.999399,-31.689401,-4.6E-02));
#7188 = DIRECTION('',(-0.,-0.,-1.));
#7189 = DIRECTION('',(-4.17966315153E-15,-1.,0.));
#7190 = ADVANCED_FACE('',(#7191),#7202,.F.);
#7191 = FACE_BOUND('',#7192,.T.);
#7192 = EDGE_LOOP('',(#7193,#7194,#7200,#7201));
#7193 = ORIENTED_EDGE('',*,*,#3021,.T.);
#7194 = ORIENTED_EDGE('',*,*,#7195,.T.);
#7195 = EDGE_CURVE('',#3022,#5063,#7196,.T.);
#7196 = LINE('',#7197,#7198);
#7197 = CARTESIAN_POINT('',(-32.709399,-30.269401,-4.6E-02));
#7198 = VECTOR('',#7199,1.);
#7199 = DIRECTION('',(0.,0.,1.));
#7200 = ORIENTED_EDGE('',*,*,#5062,.F.);
#7201 = ORIENTED_EDGE('',*,*,#7195,.F.);
#7202 = CYLINDRICAL_SURFACE('',#7203,0.45);
#7203 = AXIS2_PLACEMENT_3D('',#7204,#7205,#7206);
#7204 = CARTESIAN_POINT('',(-32.709399,-29.819401,-4.6E-02));
#7205 = DIRECTION('',(-0.,0.,-1.));
#7206 = DIRECTION('',(1.578983857245E-14,-1.,-0.));
#7207 = ADVANCED_FACE('',(#7208),#7219,.F.);
#7208 = FACE_BOUND('',#7209,.T.);
#7209 = EDGE_LOOP('',(#7210,#7211,#7217,#7218));
#7210 = ORIENTED_EDGE('',*,*,#3032,.T.);
#7211 = ORIENTED_EDGE('',*,*,#7212,.T.);
#7212 = EDGE_CURVE('',#3033,#5074,#7213,.T.);
#7213 = LINE('',#7214,#7215);
#7214 = CARTESIAN_POINT('',(-23.729399,-29.899401,-4.6E-02));
#7215 = VECTOR('',#7216,1.);
#7216 = DIRECTION('',(0.,0.,1.));
#7217 = ORIENTED_EDGE('',*,*,#5073,.F.);
#7218 = ORIENTED_EDGE('',*,*,#7212,.F.);
#7219 = CYLINDRICAL_SURFACE('',#7220,0.75);
#7220 = AXIS2_PLACEMENT_3D('',#7221,#7222,#7223);
#7221 = CARTESIAN_POINT('',(-23.729399,-29.149401,-4.6E-02));
#7222 = DIRECTION('',(-0.,-0.,-1.));
#7223 = DIRECTION('',(-0.,-1.,0.));
#7224 = ADVANCED_FACE('',(#7225),#7236,.F.);
#7225 = FACE_BOUND('',#7226,.T.);
#7226 = EDGE_LOOP('',(#7227,#7228,#7234,#7235));
#7227 = ORIENTED_EDGE('',*,*,#3043,.T.);
#7228 = ORIENTED_EDGE('',*,*,#7229,.T.);
#7229 = EDGE_CURVE('',#3044,#5085,#7230,.T.);
#7230 = LINE('',#7231,#7232);
#7231 = CARTESIAN_POINT('',(-19.919399,-52.689401,-4.6E-02));
#7232 = VECTOR('',#7233,1.);
#7233 = DIRECTION('',(0.,0.,1.));
#7234 = ORIENTED_EDGE('',*,*,#5084,.F.);
#7235 = ORIENTED_EDGE('',*,*,#7229,.F.);
#7236 = CYLINDRICAL_SURFACE('',#7237,2.);
#7237 = AXIS2_PLACEMENT_3D('',#7238,#7239,#7240);
#7238 = CARTESIAN_POINT('',(-19.919399,-50.689401,-4.6E-02));
#7239 = DIRECTION('',(-0.,-0.,-1.));
#7240 = DIRECTION('',(-0.,-1.,0.));
#7241 = ADVANCED_FACE('',(#7242),#7253,.F.);
#7242 = FACE_BOUND('',#7243,.T.);
#7243 = EDGE_LOOP('',(#7244,#7245,#7251,#7252));
#7244 = ORIENTED_EDGE('',*,*,#3054,.T.);
#7245 = ORIENTED_EDGE('',*,*,#7246,.T.);
#7246 = EDGE_CURVE('',#3055,#5096,#7247,.T.);
#7247 = LINE('',#7248,#7249);
#7248 = CARTESIAN_POINT('',(-14.839399,-51.539401,-4.6E-02));
#7249 = VECTOR('',#7250,1.);
#7250 = DIRECTION('',(0.,0.,1.));
#7251 = ORIENTED_EDGE('',*,*,#5095,.F.);
#7252 = ORIENTED_EDGE('',*,*,#7246,.F.);
#7253 = CYLINDRICAL_SURFACE('',#7254,0.85);
#7254 = AXIS2_PLACEMENT_3D('',#7255,#7256,#7257);
#7255 = CARTESIAN_POINT('',(-14.839399,-50.689401,-4.6E-02));
#7256 = DIRECTION('',(-0.,-0.,-1.));
#7257 = DIRECTION('',(-0.,-1.,0.));
#7258 = ADVANCED_FACE('',(#7259),#7270,.F.);
#7259 = FACE_BOUND('',#7260,.T.);
#7260 = EDGE_LOOP('',(#7261,#7262,#7268,#7269));
#7261 = ORIENTED_EDGE('',*,*,#3065,.T.);
#7262 = ORIENTED_EDGE('',*,*,#7263,.T.);
#7263 = EDGE_CURVE('',#3066,#5107,#7264,.T.);
#7264 = LINE('',#7265,#7266);
#7265 = CARTESIAN_POINT('',(-17.379399,-46.359401,-4.6E-02));
#7266 = VECTOR('',#7267,1.);
#7267 = DIRECTION('',(0.,0.,1.));
#7268 = ORIENTED_EDGE('',*,*,#5106,.F.);
#7269 = ORIENTED_EDGE('',*,*,#7263,.F.);
#7270 = CYLINDRICAL_SURFACE('',#7271,0.75);
#7271 = AXIS2_PLACEMENT_3D('',#7272,#7273,#7274);
#7272 = CARTESIAN_POINT('',(-17.379399,-45.609401,-4.6E-02));
#7273 = DIRECTION('',(-0.,-0.,-1.));
#7274 = DIRECTION('',(-0.,-1.,0.));
#7275 = ADVANCED_FACE('',(#7276),#7287,.F.);
#7276 = FACE_BOUND('',#7277,.T.);
#7277 = EDGE_LOOP('',(#7278,#7279,#7285,#7286));
#7278 = ORIENTED_EDGE('',*,*,#3076,.T.);
#7279 = ORIENTED_EDGE('',*,*,#7280,.T.);
#7280 = EDGE_CURVE('',#3077,#5118,#7281,.T.);
#7281 = LINE('',#7282,#7283);
#7282 = CARTESIAN_POINT('',(-5.899399,-51.539401,-4.6E-02));
#7283 = VECTOR('',#7284,1.);
#7284 = DIRECTION('',(0.,0.,1.));
#7285 = ORIENTED_EDGE('',*,*,#5117,.F.);
#7286 = ORIENTED_EDGE('',*,*,#7280,.F.);
#7287 = CYLINDRICAL_SURFACE('',#7288,0.85);
#7288 = AXIS2_PLACEMENT_3D('',#7289,#7290,#7291);
#7289 = CARTESIAN_POINT('',(-5.899399,-50.689401,-4.6E-02));
#7290 = DIRECTION('',(-0.,0.,-1.));
#7291 = DIRECTION('',(1.044915787883E-15,-1.,-0.));
#7292 = ADVANCED_FACE('',(#7293),#7304,.F.);
#7293 = FACE_BOUND('',#7294,.T.);
#7294 = EDGE_LOOP('',(#7295,#7296,#7302,#7303));
#7295 = ORIENTED_EDGE('',*,*,#3087,.T.);
#7296 = ORIENTED_EDGE('',*,*,#7297,.T.);
#7297 = EDGE_CURVE('',#3088,#5129,#7298,.T.);
#7298 = LINE('',#7299,#7300);
#7299 = CARTESIAN_POINT('',(-0.819399,-52.689401,-4.6E-02));
#7300 = VECTOR('',#7301,1.);
#7301 = DIRECTION('',(0.,0.,1.));
#7302 = ORIENTED_EDGE('',*,*,#5128,.F.);
#7303 = ORIENTED_EDGE('',*,*,#7297,.F.);
#7304 = CYLINDRICAL_SURFACE('',#7305,2.);
#7305 = AXIS2_PLACEMENT_3D('',#7306,#7307,#7308);
#7306 = CARTESIAN_POINT('',(-0.819399,-50.689401,-4.6E-02));
#7307 = DIRECTION('',(-0.,0.,-1.));
#7308 = DIRECTION('',(1.110223024625E-16,-1.,-0.));
#7309 = ADVANCED_FACE('',(#7310),#7321,.F.);
#7310 = FACE_BOUND('',#7311,.T.);
#7311 = EDGE_LOOP('',(#7312,#7313,#7319,#7320));
#7312 = ORIENTED_EDGE('',*,*,#3098,.T.);
#7313 = ORIENTED_EDGE('',*,*,#7314,.T.);
#7314 = EDGE_CURVE('',#3099,#5140,#7315,.T.);
#7315 = LINE('',#7316,#7317);
#7316 = CARTESIAN_POINT('',(-4.629399,-48.899401,-4.6E-02));
#7317 = VECTOR('',#7318,1.);
#7318 = DIRECTION('',(0.,0.,1.));
#7319 = ORIENTED_EDGE('',*,*,#5139,.F.);
#7320 = ORIENTED_EDGE('',*,*,#7314,.F.);
#7321 = CYLINDRICAL_SURFACE('',#7322,0.75);
#7322 = AXIS2_PLACEMENT_3D('',#7323,#7324,#7325);
#7323 = CARTESIAN_POINT('',(-4.629399,-48.149401,-4.6E-02));
#7324 = DIRECTION('',(-0.,-0.,-1.));
#7325 = DIRECTION('',(-0.,-1.,0.));
#7326 = ADVANCED_FACE('',(#7327),#7338,.F.);
#7327 = FACE_BOUND('',#7328,.T.);
#7328 = EDGE_LOOP('',(#7329,#7330,#7336,#7337));
#7329 = ORIENTED_EDGE('',*,*,#3109,.T.);
#7330 = ORIENTED_EDGE('',*,*,#7331,.T.);
#7331 = EDGE_CURVE('',#3110,#5151,#7332,.T.);
#7332 = LINE('',#7333,#7334);
#7333 = CARTESIAN_POINT('',(-19.919399,-33.689401,-4.6E-02));
#7334 = VECTOR('',#7335,1.);
#7335 = DIRECTION('',(0.,0.,1.));
#7336 = ORIENTED_EDGE('',*,*,#5150,.F.);
#7337 = ORIENTED_EDGE('',*,*,#7331,.F.);
#7338 = CYLINDRICAL_SURFACE('',#7339,2.);
#7339 = AXIS2_PLACEMENT_3D('',#7340,#7341,#7342);
#7340 = CARTESIAN_POINT('',(-19.919399,-31.689401,-4.6E-02));
#7341 = DIRECTION('',(-0.,-0.,-1.));
#7342 = DIRECTION('',(-0.,-1.,0.));
#7343 = ADVANCED_FACE('',(#7344),#7355,.F.);
#7344 = FACE_BOUND('',#7345,.T.);
#7345 = EDGE_LOOP('',(#7346,#7347,#7353,#7354));
#7346 = ORIENTED_EDGE('',*,*,#3120,.T.);
#7347 = ORIENTED_EDGE('',*,*,#7348,.T.);
#7348 = EDGE_CURVE('',#3121,#5162,#7349,.T.);
#7349 = LINE('',#7350,#7351);
#7350 = CARTESIAN_POINT('',(-14.839399,-32.539401,-4.6E-02));
#7351 = VECTOR('',#7352,1.);
#7352 = DIRECTION('',(0.,0.,1.));
#7353 = ORIENTED_EDGE('',*,*,#5161,.F.);
#7354 = ORIENTED_EDGE('',*,*,#7348,.F.);
#7355 = CYLINDRICAL_SURFACE('',#7356,0.85);
#7356 = AXIS2_PLACEMENT_3D('',#7357,#7358,#7359);
#7357 = CARTESIAN_POINT('',(-14.839399,-31.689401,-4.6E-02));
#7358 = DIRECTION('',(-0.,-0.,-1.));
#7359 = DIRECTION('',(-0.,-1.,0.));
#7360 = ADVANCED_FACE('',(#7361),#7372,.F.);
#7361 = FACE_BOUND('',#7362,.T.);
#7362 = EDGE_LOOP('',(#7363,#7364,#7370,#7371));
#7363 = ORIENTED_EDGE('',*,*,#3131,.T.);
#7364 = ORIENTED_EDGE('',*,*,#7365,.T.);
#7365 = EDGE_CURVE('',#3132,#5173,#7366,.T.);
#7366 = LINE('',#7367,#7368);
#7367 = CARTESIAN_POINT('',(-17.379399,-27.359401,-4.6E-02));
#7368 = VECTOR('',#7369,1.);
#7369 = DIRECTION('',(0.,0.,1.));
#7370 = ORIENTED_EDGE('',*,*,#5172,.F.);
#7371 = ORIENTED_EDGE('',*,*,#7365,.F.);
#7372 = CYLINDRICAL_SURFACE('',#7373,0.75);
#7373 = AXIS2_PLACEMENT_3D('',#7374,#7375,#7376);
#7374 = CARTESIAN_POINT('',(-17.379399,-26.609401,-4.6E-02));
#7375 = DIRECTION('',(-0.,-0.,-1.));
#7376 = DIRECTION('',(-0.,-1.,0.));
#7377 = ADVANCED_FACE('',(#7378),#7389,.F.);
#7378 = FACE_BOUND('',#7379,.T.);
#7379 = EDGE_LOOP('',(#7380,#7381,#7387,#7388));
#7380 = ORIENTED_EDGE('',*,*,#3142,.T.);
#7381 = ORIENTED_EDGE('',*,*,#7382,.T.);
#7382 = EDGE_CURVE('',#3143,#5184,#7383,.T.);
#7383 = LINE('',#7384,#7385);
#7384 = CARTESIAN_POINT('',(-5.899399,-32.539401,-4.6E-02));
#7385 = VECTOR('',#7386,1.);
#7386 = DIRECTION('',(0.,0.,1.));
#7387 = ORIENTED_EDGE('',*,*,#5183,.F.);
#7388 = ORIENTED_EDGE('',*,*,#7382,.F.);
#7389 = CYLINDRICAL_SURFACE('',#7390,0.85);
#7390 = AXIS2_PLACEMENT_3D('',#7391,#7392,#7393);
#7391 = CARTESIAN_POINT('',(-5.899399,-31.689401,-4.6E-02));
#7392 = DIRECTION('',(-0.,0.,-1.));
#7393 = DIRECTION('',(1.044915787883E-15,-1.,-0.));
#7394 = ADVANCED_FACE('',(#7395),#7406,.F.);
#7395 = FACE_BOUND('',#7396,.T.);
#7396 = EDGE_LOOP('',(#7397,#7398,#7404,#7405));
#7397 = ORIENTED_EDGE('',*,*,#3153,.T.);
#7398 = ORIENTED_EDGE('',*,*,#7399,.T.);
#7399 = EDGE_CURVE('',#3154,#5195,#7400,.T.);
#7400 = LINE('',#7401,#7402);
#7401 = CARTESIAN_POINT('',(-0.819399,-33.689401,-4.6E-02));
#7402 = VECTOR('',#7403,1.);
#7403 = DIRECTION('',(0.,0.,1.));
#7404 = ORIENTED_EDGE('',*,*,#5194,.F.);
#7405 = ORIENTED_EDGE('',*,*,#7399,.F.);
#7406 = CYLINDRICAL_SURFACE('',#7407,2.);
#7407 = AXIS2_PLACEMENT_3D('',#7408,#7409,#7410);
#7408 = CARTESIAN_POINT('',(-0.819399,-31.689401,-4.6E-02));
#7409 = DIRECTION('',(-0.,-0.,-1.));
#7410 = DIRECTION('',(-0.,-1.,0.));
#7411 = ADVANCED_FACE('',(#7412),#7423,.F.);
#7412 = FACE_BOUND('',#7413,.T.);
#7413 = EDGE_LOOP('',(#7414,#7415,#7421,#7422));
#7414 = ORIENTED_EDGE('',*,*,#3164,.T.);
#7415 = ORIENTED_EDGE('',*,*,#7416,.T.);
#7416 = EDGE_CURVE('',#3165,#5206,#7417,.T.);
#7417 = LINE('',#7418,#7419);
#7418 = CARTESIAN_POINT('',(-4.629399,-29.899401,-4.6E-02));
#7419 = VECTOR('',#7420,1.);
#7420 = DIRECTION('',(0.,0.,1.));
#7421 = ORIENTED_EDGE('',*,*,#5205,.F.);
#7422 = ORIENTED_EDGE('',*,*,#7416,.F.);
#7423 = CYLINDRICAL_SURFACE('',#7424,0.75);
#7424 = AXIS2_PLACEMENT_3D('',#7425,#7426,#7427);
#7425 = CARTESIAN_POINT('',(-4.629399,-29.149401,-4.6E-02));
#7426 = DIRECTION('',(-0.,-0.,-1.));
#7427 = DIRECTION('',(-0.,-1.,0.));
#7428 = ADVANCED_FACE('',(#7429),#7440,.F.);
#7429 = FACE_BOUND('',#7430,.T.);
#7430 = EDGE_LOOP('',(#7431,#7432,#7438,#7439));
#7431 = ORIENTED_EDGE('',*,*,#3175,.T.);
#7432 = ORIENTED_EDGE('',*,*,#7433,.T.);
#7433 = EDGE_CURVE('',#3176,#5217,#7434,.T.);
#7434 = LINE('',#7435,#7436);
#7435 = CARTESIAN_POINT('',(-45.289399,-24.239401,-4.6E-02));
#7436 = VECTOR('',#7437,1.);
#7437 = DIRECTION('',(0.,0.,1.));
#7438 = ORIENTED_EDGE('',*,*,#5216,.F.);
#7439 = ORIENTED_EDGE('',*,*,#7433,.F.);
#7440 = CYLINDRICAL_SURFACE('',#7441,0.45);
#7441 = AXIS2_PLACEMENT_3D('',#7442,#7443,#7444);
#7442 = CARTESIAN_POINT('',(-45.289399,-23.789401,-4.6E-02));
#7443 = DIRECTION('',(-0.,-0.,-1.));
#7444 = DIRECTION('',(-0.,-1.,0.));
#7445 = ADVANCED_FACE('',(#7446),#7457,.F.);
#7446 = FACE_BOUND('',#7447,.T.);
#7447 = EDGE_LOOP('',(#7448,#7449,#7455,#7456));
#7448 = ORIENTED_EDGE('',*,*,#3186,.T.);
#7449 = ORIENTED_EDGE('',*,*,#7450,.T.);
#7450 = EDGE_CURVE('',#3187,#5228,#7451,.T.);
#7451 = LINE('',#7452,#7453);
#7452 = CARTESIAN_POINT('',(-45.389399,-19.439401,-4.6E-02));
#7453 = VECTOR('',#7454,1.);
#7454 = DIRECTION('',(0.,0.,1.));
#7455 = ORIENTED_EDGE('',*,*,#5227,.F.);
#7456 = ORIENTED_EDGE('',*,*,#7450,.F.);
#7457 = CYLINDRICAL_SURFACE('',#7458,0.45);
#7458 = AXIS2_PLACEMENT_3D('',#7459,#7460,#7461);
#7459 = CARTESIAN_POINT('',(-45.389399,-18.989401,-4.6E-02));
#7460 = DIRECTION('',(-0.,-0.,-1.));
#7461 = DIRECTION('',(-0.,-1.,0.));
#7462 = ADVANCED_FACE('',(#7463),#7474,.F.);
#7463 = FACE_BOUND('',#7464,.T.);
#7464 = EDGE_LOOP('',(#7465,#7466,#7472,#7473));
#7465 = ORIENTED_EDGE('',*,*,#3197,.T.);
#7466 = ORIENTED_EDGE('',*,*,#7467,.T.);
#7467 = EDGE_CURVE('',#3198,#5239,#7468,.T.);
#7468 = LINE('',#7469,#7470);
#7469 = CARTESIAN_POINT('',(-45.389399,-15.389401,-4.6E-02));
#7470 = VECTOR('',#7471,1.);
#7471 = DIRECTION('',(0.,0.,1.));
#7472 = ORIENTED_EDGE('',*,*,#5238,.F.);
#7473 = ORIENTED_EDGE('',*,*,#7467,.F.);
#7474 = CYLINDRICAL_SURFACE('',#7475,0.45);
#7475 = AXIS2_PLACEMENT_3D('',#7476,#7477,#7478);
#7476 = CARTESIAN_POINT('',(-45.389399,-14.939401,-4.6E-02));
#7477 = DIRECTION('',(-0.,-0.,-1.));
#7478 = DIRECTION('',(-0.,-1.,0.));
#7479 = ADVANCED_FACE('',(#7480),#7491,.F.);
#7480 = FACE_BOUND('',#7481,.T.);
#7481 = EDGE_LOOP('',(#7482,#7483,#7489,#7490));
#7482 = ORIENTED_EDGE('',*,*,#3208,.T.);
#7483 = ORIENTED_EDGE('',*,*,#7484,.T.);
#7484 = EDGE_CURVE('',#3209,#5250,#7485,.T.);
#7485 = LINE('',#7486,#7487);
#7486 = CARTESIAN_POINT('',(-45.389399,-11.139401,-4.6E-02));
#7487 = VECTOR('',#7488,1.);
#7488 = DIRECTION('',(0.,0.,1.));
#7489 = ORIENTED_EDGE('',*,*,#5249,.F.);
#7490 = ORIENTED_EDGE('',*,*,#7484,.F.);
#7491 = CYLINDRICAL_SURFACE('',#7492,0.45);
#7492 = AXIS2_PLACEMENT_3D('',#7493,#7494,#7495);
#7493 = CARTESIAN_POINT('',(-45.389399,-10.689401,-4.6E-02));
#7494 = DIRECTION('',(-0.,-0.,-1.));
#7495 = DIRECTION('',(-0.,-1.,0.));
#7496 = ADVANCED_FACE('',(#7497),#7508,.F.);
#7497 = FACE_BOUND('',#7498,.T.);
#7498 = EDGE_LOOP('',(#7499,#7500,#7506,#7507));
#7499 = ORIENTED_EDGE('',*,*,#3219,.T.);
#7500 = ORIENTED_EDGE('',*,*,#7501,.T.);
#7501 = EDGE_CURVE('',#3220,#5261,#7502,.T.);
#7502 = LINE('',#7503,#7504);
#7503 = CARTESIAN_POINT('',(-32.589399,-24.239401,-4.6E-02));
#7504 = VECTOR('',#7505,1.);
#7505 = DIRECTION('',(0.,0.,1.));
#7506 = ORIENTED_EDGE('',*,*,#5260,.F.);
#7507 = ORIENTED_EDGE('',*,*,#7501,.F.);
#7508 = CYLINDRICAL_SURFACE('',#7509,0.45);
#7509 = AXIS2_PLACEMENT_3D('',#7510,#7511,#7512);
#7510 = CARTESIAN_POINT('',(-32.589399,-23.789401,-4.6E-02));
#7511 = DIRECTION('',(-0.,-0.,-1.));
#7512 = DIRECTION('',(-0.,-1.,0.));
#7513 = ADVANCED_FACE('',(#7514),#7525,.F.);
#7514 = FACE_BOUND('',#7515,.T.);
#7515 = EDGE_LOOP('',(#7516,#7517,#7523,#7524));
#7516 = ORIENTED_EDGE('',*,*,#3230,.T.);
#7517 = ORIENTED_EDGE('',*,*,#7518,.T.);
#7518 = EDGE_CURVE('',#3231,#5272,#7519,.T.);
#7519 = LINE('',#7520,#7521);
#7520 = CARTESIAN_POINT('',(-33.679899,-22.210101,-3.6E-02));
#7521 = VECTOR('',#7522,1.);
#7522 = DIRECTION('',(0.,0.,1.));
#7523 = ORIENTED_EDGE('',*,*,#5271,.F.);
#7524 = ORIENTED_EDGE('',*,*,#7518,.F.);
#7525 = CYLINDRICAL_SURFACE('',#7526,0.15);
#7526 = AXIS2_PLACEMENT_3D('',#7527,#7528,#7529);
#7527 = CARTESIAN_POINT('',(-33.679899,-22.060101,-3.6E-02));
#7528 = DIRECTION('',(-0.,-0.,-1.));
#7529 = DIRECTION('',(-0.,-1.,0.));
#7530 = ADVANCED_FACE('',(#7531),#7542,.F.);
#7531 = FACE_BOUND('',#7532,.T.);
#7532 = EDGE_LOOP('',(#7533,#7534,#7540,#7541));
#7533 = ORIENTED_EDGE('',*,*,#3241,.T.);
#7534 = ORIENTED_EDGE('',*,*,#7535,.T.);
#7535 = EDGE_CURVE('',#3242,#5283,#7536,.T.);
#7536 = LINE('',#7537,#7538);
#7537 = CARTESIAN_POINT('',(-32.689399,-19.439401,-4.6E-02));
#7538 = VECTOR('',#7539,1.);
#7539 = DIRECTION('',(0.,0.,1.));
#7540 = ORIENTED_EDGE('',*,*,#5282,.F.);
#7541 = ORIENTED_EDGE('',*,*,#7535,.F.);
#7542 = CYLINDRICAL_SURFACE('',#7543,0.45);
#7543 = AXIS2_PLACEMENT_3D('',#7544,#7545,#7546);
#7544 = CARTESIAN_POINT('',(-32.689399,-18.989401,-4.6E-02));
#7545 = DIRECTION('',(-0.,-0.,-1.));
#7546 = DIRECTION('',(-1.578983857245E-14,-1.,0.));
#7547 = ADVANCED_FACE('',(#7548),#7559,.F.);
#7548 = FACE_BOUND('',#7549,.T.);
#7549 = EDGE_LOOP('',(#7550,#7551,#7557,#7558));
#7550 = ORIENTED_EDGE('',*,*,#3252,.T.);
#7551 = ORIENTED_EDGE('',*,*,#7552,.T.);
#7552 = EDGE_CURVE('',#3253,#5294,#7553,.T.);
#7553 = LINE('',#7554,#7555);
#7554 = CARTESIAN_POINT('',(-32.689399,-15.389401,-4.6E-02));
#7555 = VECTOR('',#7556,1.);
#7556 = DIRECTION('',(0.,0.,1.));
#7557 = ORIENTED_EDGE('',*,*,#5293,.F.);
#7558 = ORIENTED_EDGE('',*,*,#7552,.F.);
#7559 = CYLINDRICAL_SURFACE('',#7560,0.45);
#7560 = AXIS2_PLACEMENT_3D('',#7561,#7562,#7563);
#7561 = CARTESIAN_POINT('',(-32.689399,-14.939401,-4.6E-02));
#7562 = DIRECTION('',(-0.,-0.,-1.));
#7563 = DIRECTION('',(-1.578983857245E-14,-1.,0.));
#7564 = ADVANCED_FACE('',(#7565),#7576,.F.);
#7565 = FACE_BOUND('',#7566,.T.);
#7566 = EDGE_LOOP('',(#7567,#7568,#7574,#7575));
#7567 = ORIENTED_EDGE('',*,*,#3263,.T.);
#7568 = ORIENTED_EDGE('',*,*,#7569,.T.);
#7569 = EDGE_CURVE('',#3264,#5305,#7570,.T.);
#7570 = LINE('',#7571,#7572);
#7571 = CARTESIAN_POINT('',(-32.689399,-11.139401,-4.6E-02));
#7572 = VECTOR('',#7573,1.);
#7573 = DIRECTION('',(0.,0.,1.));
#7574 = ORIENTED_EDGE('',*,*,#5304,.F.);
#7575 = ORIENTED_EDGE('',*,*,#7569,.F.);
#7576 = CYLINDRICAL_SURFACE('',#7577,0.45);
#7577 = AXIS2_PLACEMENT_3D('',#7578,#7579,#7580);
#7578 = CARTESIAN_POINT('',(-32.689399,-10.689401,-4.6E-02));
#7579 = DIRECTION('',(-0.,-0.,-1.));
#7580 = DIRECTION('',(-1.578983857245E-14,-1.,0.));
#7581 = ADVANCED_FACE('',(#7582),#7593,.F.);
#7582 = FACE_BOUND('',#7583,.T.);
#7583 = EDGE_LOOP('',(#7584,#7585,#7591,#7592));
#7584 = ORIENTED_EDGE('',*,*,#3274,.T.);
#7585 = ORIENTED_EDGE('',*,*,#7586,.T.);
#7586 = EDGE_CURVE('',#3275,#5316,#7587,.T.);
#7587 = LINE('',#7588,#7589);
#7588 = CARTESIAN_POINT('',(-24.999399,-13.539401,-4.6E-02));
#7589 = VECTOR('',#7590,1.);
#7590 = DIRECTION('',(0.,0.,1.));
#7591 = ORIENTED_EDGE('',*,*,#5315,.F.);
#7592 = ORIENTED_EDGE('',*,*,#7586,.F.);
#7593 = CYLINDRICAL_SURFACE('',#7594,0.85);
#7594 = AXIS2_PLACEMENT_3D('',#7595,#7596,#7597);
#7595 = CARTESIAN_POINT('',(-24.999399,-12.689401,-4.6E-02));
#7596 = DIRECTION('',(-0.,-0.,-1.));
#7597 = DIRECTION('',(-4.17966315153E-15,-1.,0.));
#7598 = ADVANCED_FACE('',(#7599),#7610,.F.);
#7599 = FACE_BOUND('',#7600,.T.);
#7600 = EDGE_LOOP('',(#7601,#7602,#7608,#7609));
#7601 = ORIENTED_EDGE('',*,*,#3285,.T.);
#7602 = ORIENTED_EDGE('',*,*,#7603,.T.);
#7603 = EDGE_CURVE('',#3286,#5327,#7604,.T.);
#7604 = LINE('',#7605,#7606);
#7605 = CARTESIAN_POINT('',(-45.389399,-6.889401,-4.6E-02));
#7606 = VECTOR('',#7607,1.);
#7607 = DIRECTION('',(0.,0.,1.));
#7608 = ORIENTED_EDGE('',*,*,#5326,.F.);
#7609 = ORIENTED_EDGE('',*,*,#7603,.F.);
#7610 = CYLINDRICAL_SURFACE('',#7611,0.45);
#7611 = AXIS2_PLACEMENT_3D('',#7612,#7613,#7614);
#7612 = CARTESIAN_POINT('',(-45.389399,-6.439401,-4.6E-02));
#7613 = DIRECTION('',(-0.,-0.,-1.));
#7614 = DIRECTION('',(-0.,-1.,0.));
#7615 = ADVANCED_FACE('',(#7616),#7627,.F.);
#7616 = FACE_BOUND('',#7617,.T.);
#7617 = EDGE_LOOP('',(#7618,#7619,#7625,#7626));
#7618 = ORIENTED_EDGE('',*,*,#3296,.T.);
#7619 = ORIENTED_EDGE('',*,*,#7620,.T.);
#7620 = EDGE_CURVE('',#3297,#5338,#7621,.T.);
#7621 = LINE('',#7622,#7623);
#7622 = CARTESIAN_POINT('',(-45.389399,-2.639401,-4.6E-02));
#7623 = VECTOR('',#7624,1.);
#7624 = DIRECTION('',(0.,0.,1.));
#7625 = ORIENTED_EDGE('',*,*,#5337,.F.);
#7626 = ORIENTED_EDGE('',*,*,#7620,.F.);
#7627 = CYLINDRICAL_SURFACE('',#7628,0.45);
#7628 = AXIS2_PLACEMENT_3D('',#7629,#7630,#7631);
#7629 = CARTESIAN_POINT('',(-45.389399,-2.189401,-4.6E-02));
#7630 = DIRECTION('',(-0.,-0.,-1.));
#7631 = DIRECTION('',(-0.,-1.,0.));
#7632 = ADVANCED_FACE('',(#7633),#7644,.F.);
#7633 = FACE_BOUND('',#7634,.T.);
#7634 = EDGE_LOOP('',(#7635,#7636,#7642,#7643));
#7635 = ORIENTED_EDGE('',*,*,#3307,.T.);
#7636 = ORIENTED_EDGE('',*,*,#7637,.T.);
#7637 = EDGE_CURVE('',#3308,#5349,#7638,.T.);
#7638 = LINE('',#7639,#7640);
#7639 = CARTESIAN_POINT('',(-45.389399,1.610599,-4.6E-02));
#7640 = VECTOR('',#7641,1.);
#7641 = DIRECTION('',(0.,0.,1.));
#7642 = ORIENTED_EDGE('',*,*,#5348,.F.);
#7643 = ORIENTED_EDGE('',*,*,#7637,.F.);
#7644 = CYLINDRICAL_SURFACE('',#7645,0.45);
#7645 = AXIS2_PLACEMENT_3D('',#7646,#7647,#7648);
#7646 = CARTESIAN_POINT('',(-45.389399,2.060599,-4.6E-02));
#7647 = DIRECTION('',(-0.,-0.,-1.));
#7648 = DIRECTION('',(-0.,-1.,0.));
#7649 = ADVANCED_FACE('',(#7650),#7661,.F.);
#7650 = FACE_BOUND('',#7651,.T.);
#7651 = EDGE_LOOP('',(#7652,#7653,#7659,#7660));
#7652 = ORIENTED_EDGE('',*,*,#3318,.T.);
#7653 = ORIENTED_EDGE('',*,*,#7654,.T.);
#7654 = EDGE_CURVE('',#3319,#5360,#7655,.T.);
#7655 = LINE('',#7656,#7657);
#7656 = CARTESIAN_POINT('',(-31.033799,-7.924001,-3.6E-02));
#7657 = VECTOR('',#7658,1.);
#7658 = DIRECTION('',(0.,0.,1.));
#7659 = ORIENTED_EDGE('',*,*,#5359,.F.);
#7660 = ORIENTED_EDGE('',*,*,#7654,.F.);
#7661 = CYLINDRICAL_SURFACE('',#7662,0.15);
#7662 = AXIS2_PLACEMENT_3D('',#7663,#7664,#7665);
#7663 = CARTESIAN_POINT('',(-31.033799,-7.774001,-3.6E-02));
#7664 = DIRECTION('',(-0.,0.,-1.));
#7665 = DIRECTION('',(2.368475785867E-14,-1.,-0.));
#7666 = ADVANCED_FACE('',(#7667),#7678,.F.);
#7667 = FACE_BOUND('',#7668,.T.);
#7668 = EDGE_LOOP('',(#7669,#7670,#7676,#7677));
#7669 = ORIENTED_EDGE('',*,*,#3329,.T.);
#7670 = ORIENTED_EDGE('',*,*,#7671,.T.);
#7671 = EDGE_CURVE('',#3330,#5371,#7672,.T.);
#7672 = LINE('',#7673,#7674);
#7673 = CARTESIAN_POINT('',(-32.689399,-6.889401,-4.6E-02));
#7674 = VECTOR('',#7675,1.);
#7675 = DIRECTION('',(0.,0.,1.));
#7676 = ORIENTED_EDGE('',*,*,#5370,.F.);
#7677 = ORIENTED_EDGE('',*,*,#7671,.F.);
#7678 = CYLINDRICAL_SURFACE('',#7679,0.45);
#7679 = AXIS2_PLACEMENT_3D('',#7680,#7681,#7682);
#7680 = CARTESIAN_POINT('',(-32.689399,-6.439401,-4.6E-02));
#7681 = DIRECTION('',(-0.,-0.,-1.));
#7682 = DIRECTION('',(-1.578983857245E-14,-1.,0.));
#7683 = ADVANCED_FACE('',(#7684),#7695,.F.);
#7684 = FACE_BOUND('',#7685,.T.);
#7685 = EDGE_LOOP('',(#7686,#7687,#7693,#7694));
#7686 = ORIENTED_EDGE('',*,*,#3340,.T.);
#7687 = ORIENTED_EDGE('',*,*,#7688,.T.);
#7688 = EDGE_CURVE('',#3341,#5382,#7689,.T.);
#7689 = LINE('',#7690,#7691);
#7690 = CARTESIAN_POINT('',(-23.729399,-10.899401,-4.6E-02));
#7691 = VECTOR('',#7692,1.);
#7692 = DIRECTION('',(0.,0.,1.));
#7693 = ORIENTED_EDGE('',*,*,#5381,.F.);
#7694 = ORIENTED_EDGE('',*,*,#7688,.F.);
#7695 = CYLINDRICAL_SURFACE('',#7696,0.75);
#7696 = AXIS2_PLACEMENT_3D('',#7697,#7698,#7699);
#7697 = CARTESIAN_POINT('',(-23.729399,-10.149401,-4.6E-02));
#7698 = DIRECTION('',(-0.,-0.,-1.));
#7699 = DIRECTION('',(-0.,-1.,0.));
#7700 = ADVANCED_FACE('',(#7701),#7712,.F.);
#7701 = FACE_BOUND('',#7702,.T.);
#7702 = EDGE_LOOP('',(#7703,#7704,#7710,#7711));
#7703 = ORIENTED_EDGE('',*,*,#3351,.T.);
#7704 = ORIENTED_EDGE('',*,*,#7705,.T.);
#7705 = EDGE_CURVE('',#3352,#5393,#7706,.T.);
#7706 = LINE('',#7707,#7708);
#7707 = CARTESIAN_POINT('',(-32.689399,-2.639401,-4.6E-02));
#7708 = VECTOR('',#7709,1.);
#7709 = DIRECTION('',(0.,0.,1.));
#7710 = ORIENTED_EDGE('',*,*,#5392,.F.);
#7711 = ORIENTED_EDGE('',*,*,#7705,.F.);
#7712 = CYLINDRICAL_SURFACE('',#7713,0.45);
#7713 = AXIS2_PLACEMENT_3D('',#7714,#7715,#7716);
#7714 = CARTESIAN_POINT('',(-32.689399,-2.189401,-4.6E-02));
#7715 = DIRECTION('',(-0.,-0.,-1.));
#7716 = DIRECTION('',(-1.578983857245E-14,-1.,0.));
#7717 = ADVANCED_FACE('',(#7718),#7729,.F.);
#7718 = FACE_BOUND('',#7719,.T.);
#7719 = EDGE_LOOP('',(#7720,#7721,#7727,#7728));
#7720 = ORIENTED_EDGE('',*,*,#3362,.T.);
#7721 = ORIENTED_EDGE('',*,*,#7722,.T.);
#7722 = EDGE_CURVE('',#3363,#5404,#7723,.T.);
#7723 = LINE('',#7724,#7725);
#7724 = CARTESIAN_POINT('',(-32.689399,1.610599,-4.6E-02));
#7725 = VECTOR('',#7726,1.);
#7726 = DIRECTION('',(0.,0.,1.));
#7727 = ORIENTED_EDGE('',*,*,#5403,.F.);
#7728 = ORIENTED_EDGE('',*,*,#7722,.F.);
#7729 = CYLINDRICAL_SURFACE('',#7730,0.45);
#7730 = AXIS2_PLACEMENT_3D('',#7731,#7732,#7733);
#7731 = CARTESIAN_POINT('',(-32.689399,2.060599,-4.6E-02));
#7732 = DIRECTION('',(-0.,-0.,-1.));
#7733 = DIRECTION('',(-1.578983857245E-14,-1.,0.));
#7734 = ADVANCED_FACE('',(#7735),#7746,.F.);
#7735 = FACE_BOUND('',#7736,.T.);
#7736 = EDGE_LOOP('',(#7737,#7738,#7744,#7745));
#7737 = ORIENTED_EDGE('',*,*,#3373,.T.);
#7738 = ORIENTED_EDGE('',*,*,#7739,.T.);
#7739 = EDGE_CURVE('',#3374,#5415,#7740,.T.);
#7740 = LINE('',#7741,#7742);
#7741 = CARTESIAN_POINT('',(-19.919399,-14.689401,-4.6E-02));
#7742 = VECTOR('',#7743,1.);
#7743 = DIRECTION('',(0.,0.,1.));
#7744 = ORIENTED_EDGE('',*,*,#5414,.F.);
#7745 = ORIENTED_EDGE('',*,*,#7739,.F.);
#7746 = CYLINDRICAL_SURFACE('',#7747,2.);
#7747 = AXIS2_PLACEMENT_3D('',#7748,#7749,#7750);
#7748 = CARTESIAN_POINT('',(-19.919399,-12.689401,-4.6E-02));
#7749 = DIRECTION('',(-0.,-0.,-1.));
#7750 = DIRECTION('',(-0.,-1.,0.));
#7751 = ADVANCED_FACE('',(#7752),#7763,.F.);
#7752 = FACE_BOUND('',#7753,.T.);
#7753 = EDGE_LOOP('',(#7754,#7755,#7761,#7762));
#7754 = ORIENTED_EDGE('',*,*,#3384,.T.);
#7755 = ORIENTED_EDGE('',*,*,#7756,.T.);
#7756 = EDGE_CURVE('',#3385,#5426,#7757,.T.);
#7757 = LINE('',#7758,#7759);
#7758 = CARTESIAN_POINT('',(-14.839399,-13.539401,-4.6E-02));
#7759 = VECTOR('',#7760,1.);
#7760 = DIRECTION('',(0.,0.,1.));
#7761 = ORIENTED_EDGE('',*,*,#5425,.F.);
#7762 = ORIENTED_EDGE('',*,*,#7756,.F.);
#7763 = CYLINDRICAL_SURFACE('',#7764,0.85);
#7764 = AXIS2_PLACEMENT_3D('',#7765,#7766,#7767);
#7765 = CARTESIAN_POINT('',(-14.839399,-12.689401,-4.6E-02));
#7766 = DIRECTION('',(-0.,-0.,-1.));
#7767 = DIRECTION('',(-0.,-1.,0.));
#7768 = ADVANCED_FACE('',(#7769),#7780,.F.);
#7769 = FACE_BOUND('',#7770,.T.);
#7770 = EDGE_LOOP('',(#7771,#7772,#7778,#7779));
#7771 = ORIENTED_EDGE('',*,*,#3395,.T.);
#7772 = ORIENTED_EDGE('',*,*,#7773,.T.);
#7773 = EDGE_CURVE('',#3396,#5437,#7774,.T.);
#7774 = LINE('',#7775,#7776);
#7775 = CARTESIAN_POINT('',(-5.899399,-13.539401,-4.6E-02));
#7776 = VECTOR('',#7777,1.);
#7777 = DIRECTION('',(0.,0.,1.));
#7778 = ORIENTED_EDGE('',*,*,#5436,.F.);
#7779 = ORIENTED_EDGE('',*,*,#7773,.F.);
#7780 = CYLINDRICAL_SURFACE('',#7781,0.85);
#7781 = AXIS2_PLACEMENT_3D('',#7782,#7783,#7784);
#7782 = CARTESIAN_POINT('',(-5.899399,-12.689401,-4.6E-02));
#7783 = DIRECTION('',(-0.,0.,-1.));
#7784 = DIRECTION('',(1.044915787883E-15,-1.,-0.));
#7785 = ADVANCED_FACE('',(#7786),#7797,.F.);
#7786 = FACE_BOUND('',#7787,.T.);
#7787 = EDGE_LOOP('',(#7788,#7789,#7795,#7796));
#7788 = ORIENTED_EDGE('',*,*,#3406,.T.);
#7789 = ORIENTED_EDGE('',*,*,#7790,.T.);
#7790 = EDGE_CURVE('',#3407,#5448,#7791,.T.);
#7791 = LINE('',#7792,#7793);
#7792 = CARTESIAN_POINT('',(-0.819399,-14.689401,-4.6E-02));
#7793 = VECTOR('',#7794,1.);
#7794 = DIRECTION('',(0.,0.,1.));
#7795 = ORIENTED_EDGE('',*,*,#5447,.F.);
#7796 = ORIENTED_EDGE('',*,*,#7790,.F.);
#7797 = CYLINDRICAL_SURFACE('',#7798,2.);
#7798 = AXIS2_PLACEMENT_3D('',#7799,#7800,#7801);
#7799 = CARTESIAN_POINT('',(-0.819399,-12.689401,-4.6E-02));
#7800 = DIRECTION('',(-0.,0.,-1.));
#7801 = DIRECTION('',(1.110223024625E-16,-1.,-0.));
#7802 = ADVANCED_FACE('',(#7803),#7814,.F.);
#7803 = FACE_BOUND('',#7804,.T.);
#7804 = EDGE_LOOP('',(#7805,#7806,#7812,#7813));
#7805 = ORIENTED_EDGE('',*,*,#3417,.T.);
#7806 = ORIENTED_EDGE('',*,*,#7807,.T.);
#7807 = EDGE_CURVE('',#3418,#5459,#7808,.T.);
#7808 = LINE('',#7809,#7810);
#7809 = CARTESIAN_POINT('',(-17.379399,-8.359401,-4.6E-02));
#7810 = VECTOR('',#7811,1.);
#7811 = DIRECTION('',(0.,0.,1.));
#7812 = ORIENTED_EDGE('',*,*,#5458,.F.);
#7813 = ORIENTED_EDGE('',*,*,#7807,.F.);
#7814 = CYLINDRICAL_SURFACE('',#7815,0.75);
#7815 = AXIS2_PLACEMENT_3D('',#7816,#7817,#7818);
#7816 = CARTESIAN_POINT('',(-17.379399,-7.609401,-4.6E-02));
#7817 = DIRECTION('',(-0.,-0.,-1.));
#7818 = DIRECTION('',(-0.,-1.,0.));
#7819 = ADVANCED_FACE('',(#7820),#7831,.F.);
#7820 = FACE_BOUND('',#7821,.T.);
#7821 = EDGE_LOOP('',(#7822,#7823,#7829,#7830));
#7822 = ORIENTED_EDGE('',*,*,#3428,.T.);
#7823 = ORIENTED_EDGE('',*,*,#7824,.T.);
#7824 = EDGE_CURVE('',#3429,#5470,#7825,.T.);
#7825 = LINE('',#7826,#7827);
#7826 = CARTESIAN_POINT('',(-4.629399,-10.899401,-4.6E-02));
#7827 = VECTOR('',#7828,1.);
#7828 = DIRECTION('',(0.,0.,1.));
#7829 = ORIENTED_EDGE('',*,*,#5469,.F.);
#7830 = ORIENTED_EDGE('',*,*,#7824,.F.);
#7831 = CYLINDRICAL_SURFACE('',#7832,0.75);
#7832 = AXIS2_PLACEMENT_3D('',#7833,#7834,#7835);
#7833 = CARTESIAN_POINT('',(-4.629399,-10.149401,-4.6E-02));
#7834 = DIRECTION('',(-0.,-0.,-1.));
#7835 = DIRECTION('',(-0.,-1.,0.));
#7836 = ADVANCED_FACE('',(#7837),#7848,.F.);
#7837 = FACE_BOUND('',#7838,.T.);
#7838 = EDGE_LOOP('',(#7839,#7840,#7846,#7847));
#7839 = ORIENTED_EDGE('',*,*,#3439,.T.);
#7840 = ORIENTED_EDGE('',*,*,#7841,.T.);
#7841 = EDGE_CURVE('',#3440,#5481,#7842,.T.);
#7842 = LINE('',#7843,#7844);
#7843 = CARTESIAN_POINT('',(-7.628799,1.910599,-3.6E-02));
#7844 = VECTOR('',#7845,1.);
#7845 = DIRECTION('',(0.,0.,1.));
#7846 = ORIENTED_EDGE('',*,*,#5480,.F.);
#7847 = ORIENTED_EDGE('',*,*,#7841,.F.);
#7848 = CYLINDRICAL_SURFACE('',#7849,0.15);
#7849 = AXIS2_PLACEMENT_3D('',#7850,#7851,#7852);
#7850 = CARTESIAN_POINT('',(-7.628799,2.060599,-3.6E-02));
#7851 = DIRECTION('',(-0.,0.,-1.));
#7852 = DIRECTION('',(5.921189464667E-15,-1.,-0.));
#7853 = ADVANCED_FACE('',(#7854),#7865,.F.);
#7854 = FACE_BOUND('',#7855,.T.);
#7855 = EDGE_LOOP('',(#7856,#7857,#7863,#7864));
#7856 = ORIENTED_EDGE('',*,*,#3450,.T.);
#7857 = ORIENTED_EDGE('',*,*,#7858,.T.);
#7858 = EDGE_CURVE('',#3451,#5492,#7859,.T.);
#7859 = LINE('',#7860,#7861);
#7860 = CARTESIAN_POINT('',(4.260601,-51.539401,-4.6E-02));
#7861 = VECTOR('',#7862,1.);
#7862 = DIRECTION('',(0.,0.,1.));
#7863 = ORIENTED_EDGE('',*,*,#5491,.F.);
#7864 = ORIENTED_EDGE('',*,*,#7858,.F.);
#7865 = CYLINDRICAL_SURFACE('',#7866,0.85);
#7866 = AXIS2_PLACEMENT_3D('',#7867,#7868,#7869);
#7867 = CARTESIAN_POINT('',(4.260601,-50.689401,-4.6E-02));
#7868 = DIRECTION('',(-0.,-0.,-1.));
#7869 = DIRECTION('',(-0.,-1.,0.));
#7870 = ADVANCED_FACE('',(#7871),#7882,.F.);
#7871 = FACE_BOUND('',#7872,.T.);
#7872 = EDGE_LOOP('',(#7873,#7874,#7880,#7881));
#7873 = ORIENTED_EDGE('',*,*,#3461,.T.);
#7874 = ORIENTED_EDGE('',*,*,#7875,.T.);
#7875 = EDGE_CURVE('',#3462,#5503,#7876,.T.);
#7876 = LINE('',#7877,#7878);
#7877 = CARTESIAN_POINT('',(1.720601,-46.359401,-4.6E-02));
#7878 = VECTOR('',#7879,1.);
#7879 = DIRECTION('',(0.,0.,1.));
#7880 = ORIENTED_EDGE('',*,*,#5502,.F.);
#7881 = ORIENTED_EDGE('',*,*,#7875,.F.);
#7882 = CYLINDRICAL_SURFACE('',#7883,0.75);
#7883 = AXIS2_PLACEMENT_3D('',#7884,#7885,#7886);
#7884 = CARTESIAN_POINT('',(1.720601,-45.609401,-4.6E-02));
#7885 = DIRECTION('',(-0.,0.,-1.));
#7886 = DIRECTION('',(2.960594732334E-16,-1.,-0.));
#7887 = ADVANCED_FACE('',(#7888),#7899,.F.);
#7888 = FACE_BOUND('',#7889,.T.);
#7889 = EDGE_LOOP('',(#7890,#7891,#7897,#7898));
#7890 = ORIENTED_EDGE('',*,*,#3472,.T.);
#7891 = ORIENTED_EDGE('',*,*,#7892,.T.);
#7892 = EDGE_CURVE('',#3473,#5514,#7893,.T.);
#7893 = LINE('',#7894,#7895);
#7894 = CARTESIAN_POINT('',(3.473601,-43.250201,-3.6E-02));
#7895 = VECTOR('',#7896,1.);
#7896 = DIRECTION('',(0.,0.,1.));
#7897 = ORIENTED_EDGE('',*,*,#5513,.F.);
#7898 = ORIENTED_EDGE('',*,*,#7892,.F.);
#7899 = CYLINDRICAL_SURFACE('',#7900,0.15);
#7900 = AXIS2_PLACEMENT_3D('',#7901,#7902,#7903);
#7901 = CARTESIAN_POINT('',(3.473601,-43.100201,-3.6E-02));
#7902 = DIRECTION('',(-0.,-0.,-1.));
#7903 = DIRECTION('',(-0.,-1.,0.));
#7904 = ADVANCED_FACE('',(#7905),#7916,.F.);
#7905 = FACE_BOUND('',#7906,.T.);
#7906 = EDGE_LOOP('',(#7907,#7908,#7914,#7915));
#7907 = ORIENTED_EDGE('',*,*,#3483,.T.);
#7908 = ORIENTED_EDGE('',*,*,#7909,.T.);
#7909 = EDGE_CURVE('',#3484,#5525,#7910,.T.);
#7910 = LINE('',#7911,#7912);
#7911 = CARTESIAN_POINT('',(13.200601,-51.539401,-4.6E-02));
#7912 = VECTOR('',#7913,1.);
#7913 = DIRECTION('',(0.,0.,1.));
#7914 = ORIENTED_EDGE('',*,*,#5524,.F.);
#7915 = ORIENTED_EDGE('',*,*,#7909,.F.);
#7916 = CYLINDRICAL_SURFACE('',#7917,0.85);
#7917 = AXIS2_PLACEMENT_3D('',#7918,#7919,#7920);
#7918 = CARTESIAN_POINT('',(13.200601,-50.689401,-4.6E-02));
#7919 = DIRECTION('',(-0.,0.,-1.));
#7920 = DIRECTION('',(2.089831575765E-15,-1.,-0.));
#7921 = ADVANCED_FACE('',(#7922),#7933,.F.);
#7922 = FACE_BOUND('',#7923,.T.);
#7923 = EDGE_LOOP('',(#7924,#7925,#7931,#7932));
#7924 = ORIENTED_EDGE('',*,*,#3494,.T.);
#7925 = ORIENTED_EDGE('',*,*,#7926,.T.);
#7926 = EDGE_CURVE('',#3495,#5536,#7927,.T.);
#7927 = LINE('',#7928,#7929);
#7928 = CARTESIAN_POINT('',(14.470601,-48.899401,-4.6E-02));
#7929 = VECTOR('',#7930,1.);
#7930 = DIRECTION('',(0.,0.,1.));
#7931 = ORIENTED_EDGE('',*,*,#5535,.F.);
#7932 = ORIENTED_EDGE('',*,*,#7926,.F.);
#7933 = CYLINDRICAL_SURFACE('',#7934,0.75);
#7934 = AXIS2_PLACEMENT_3D('',#7935,#7936,#7937);
#7935 = CARTESIAN_POINT('',(14.470601,-48.149401,-4.6E-02));
#7936 = DIRECTION('',(-0.,-0.,-1.));
#7937 = DIRECTION('',(-0.,-1.,0.));
#7938 = ADVANCED_FACE('',(#7939),#7950,.F.);
#7939 = FACE_BOUND('',#7940,.T.);
#7940 = EDGE_LOOP('',(#7941,#7942,#7948,#7949));
#7941 = ORIENTED_EDGE('',*,*,#3505,.T.);
#7942 = ORIENTED_EDGE('',*,*,#7943,.T.);
#7943 = EDGE_CURVE('',#3506,#5547,#7944,.T.);
#7944 = LINE('',#7945,#7946);
#7945 = CARTESIAN_POINT('',(18.280601,-52.689401,-4.6E-02));
#7946 = VECTOR('',#7947,1.);
#7947 = DIRECTION('',(0.,0.,1.));
#7948 = ORIENTED_EDGE('',*,*,#5546,.F.);
#7949 = ORIENTED_EDGE('',*,*,#7943,.F.);
#7950 = CYLINDRICAL_SURFACE('',#7951,2.);
#7951 = AXIS2_PLACEMENT_3D('',#7952,#7953,#7954);
#7952 = CARTESIAN_POINT('',(18.280601,-50.689401,-4.6E-02));
#7953 = DIRECTION('',(-0.,-0.,-1.));
#7954 = DIRECTION('',(-0.,-1.,0.));
#7955 = ADVANCED_FACE('',(#7956),#7967,.F.);
#7956 = FACE_BOUND('',#7957,.T.);
#7957 = EDGE_LOOP('',(#7958,#7959,#7965,#7966));
#7958 = ORIENTED_EDGE('',*,*,#3516,.T.);
#7959 = ORIENTED_EDGE('',*,*,#7960,.T.);
#7960 = EDGE_CURVE('',#3517,#5558,#7961,.T.);
#7961 = LINE('',#7962,#7963);
#7962 = CARTESIAN_POINT('',(20.820601,-46.359401,-4.6E-02));
#7963 = VECTOR('',#7964,1.);
#7964 = DIRECTION('',(0.,0.,1.));
#7965 = ORIENTED_EDGE('',*,*,#5557,.F.);
#7966 = ORIENTED_EDGE('',*,*,#7960,.F.);
#7967 = CYLINDRICAL_SURFACE('',#7968,0.75);
#7968 = AXIS2_PLACEMENT_3D('',#7969,#7970,#7971);
#7969 = CARTESIAN_POINT('',(20.820601,-45.609401,-4.6E-02));
#7970 = DIRECTION('',(-0.,-0.,-1.));
#7971 = DIRECTION('',(-0.,-1.,0.));
#7972 = ADVANCED_FACE('',(#7973),#7984,.F.);
#7973 = FACE_BOUND('',#7974,.T.);
#7974 = EDGE_LOOP('',(#7975,#7976,#7982,#7983));
#7975 = ORIENTED_EDGE('',*,*,#3527,.T.);
#7976 = ORIENTED_EDGE('',*,*,#7977,.T.);
#7977 = EDGE_CURVE('',#3528,#5569,#7978,.T.);
#7978 = LINE('',#7979,#7980);
#7979 = CARTESIAN_POINT('',(4.260601,-32.539401,-4.6E-02));
#7980 = VECTOR('',#7981,1.);
#7981 = DIRECTION('',(0.,0.,1.));
#7982 = ORIENTED_EDGE('',*,*,#5568,.F.);
#7983 = ORIENTED_EDGE('',*,*,#7977,.F.);
#7984 = CYLINDRICAL_SURFACE('',#7985,0.85);
#7985 = AXIS2_PLACEMENT_3D('',#7986,#7987,#7988);
#7986 = CARTESIAN_POINT('',(4.260601,-31.689401,-4.6E-02));
#7987 = DIRECTION('',(-0.,-0.,-1.));
#7988 = DIRECTION('',(-0.,-1.,0.));
#7989 = ADVANCED_FACE('',(#7990),#8001,.F.);
#7990 = FACE_BOUND('',#7991,.T.);
#7991 = EDGE_LOOP('',(#7992,#7993,#7999,#8000));
#7992 = ORIENTED_EDGE('',*,*,#3538,.T.);
#7993 = ORIENTED_EDGE('',*,*,#7994,.T.);
#7994 = EDGE_CURVE('',#3539,#5580,#7995,.T.);
#7995 = LINE('',#7996,#7997);
#7996 = CARTESIAN_POINT('',(1.720601,-27.359401,-4.6E-02));
#7997 = VECTOR('',#7998,1.);
#7998 = DIRECTION('',(0.,0.,1.));
#7999 = ORIENTED_EDGE('',*,*,#5579,.F.);
#8000 = ORIENTED_EDGE('',*,*,#7994,.F.);
#8001 = CYLINDRICAL_SURFACE('',#8002,0.75);
#8002 = AXIS2_PLACEMENT_3D('',#8003,#8004,#8005);
#8003 = CARTESIAN_POINT('',(1.720601,-26.609401,-4.6E-02));
#8004 = DIRECTION('',(-0.,0.,-1.));
#8005 = DIRECTION('',(2.960594732334E-16,-1.,-0.));
#8006 = ADVANCED_FACE('',(#8007),#8018,.F.);
#8007 = FACE_BOUND('',#8008,.T.);
#8008 = EDGE_LOOP('',(#8009,#8010,#8016,#8017));
#8009 = ORIENTED_EDGE('',*,*,#3549,.T.);
#8010 = ORIENTED_EDGE('',*,*,#8011,.T.);
#8011 = EDGE_CURVE('',#3550,#5591,#8012,.T.);
#8012 = LINE('',#8013,#8014);
#8013 = CARTESIAN_POINT('',(13.200601,-32.539401,-4.6E-02));
#8014 = VECTOR('',#8015,1.);
#8015 = DIRECTION('',(0.,0.,1.));
#8016 = ORIENTED_EDGE('',*,*,#5590,.F.);
#8017 = ORIENTED_EDGE('',*,*,#8011,.F.);
#8018 = CYLINDRICAL_SURFACE('',#8019,0.85);
#8019 = AXIS2_PLACEMENT_3D('',#8020,#8021,#8022);
#8020 = CARTESIAN_POINT('',(13.200601,-31.689401,-4.6E-02));
#8021 = DIRECTION('',(-0.,0.,-1.));
#8022 = DIRECTION('',(2.089831575765E-15,-1.,-0.));
#8023 = ADVANCED_FACE('',(#8024),#8035,.F.);
#8024 = FACE_BOUND('',#8025,.T.);
#8025 = EDGE_LOOP('',(#8026,#8027,#8033,#8034));
#8026 = ORIENTED_EDGE('',*,*,#3560,.T.);
#8027 = ORIENTED_EDGE('',*,*,#8028,.T.);
#8028 = EDGE_CURVE('',#3561,#5602,#8029,.T.);
#8029 = LINE('',#8030,#8031);
#8030 = CARTESIAN_POINT('',(18.280601,-33.689401,-4.6E-02));
#8031 = VECTOR('',#8032,1.);
#8032 = DIRECTION('',(0.,0.,1.));
#8033 = ORIENTED_EDGE('',*,*,#5601,.F.);
#8034 = ORIENTED_EDGE('',*,*,#8028,.F.);
#8035 = CYLINDRICAL_SURFACE('',#8036,2.);
#8036 = AXIS2_PLACEMENT_3D('',#8037,#8038,#8039);
#8037 = CARTESIAN_POINT('',(18.280601,-31.689401,-4.6E-02));
#8038 = DIRECTION('',(-0.,-0.,-1.));
#8039 = DIRECTION('',(-0.,-1.,0.));
#8040 = ADVANCED_FACE('',(#8041),#8052,.F.);
#8041 = FACE_BOUND('',#8042,.T.);
#8042 = EDGE_LOOP('',(#8043,#8044,#8050,#8051));
#8043 = ORIENTED_EDGE('',*,*,#3571,.T.);
#8044 = ORIENTED_EDGE('',*,*,#8045,.T.);
#8045 = EDGE_CURVE('',#3572,#5613,#8046,.T.);
#8046 = LINE('',#8047,#8048);
#8047 = CARTESIAN_POINT('',(14.470601,-29.899401,-4.6E-02));
#8048 = VECTOR('',#8049,1.);
#8049 = DIRECTION('',(0.,0.,1.));
#8050 = ORIENTED_EDGE('',*,*,#5612,.F.);
#8051 = ORIENTED_EDGE('',*,*,#8045,.F.);
#8052 = CYLINDRICAL_SURFACE('',#8053,0.75);
#8053 = AXIS2_PLACEMENT_3D('',#8054,#8055,#8056);
#8054 = CARTESIAN_POINT('',(14.470601,-29.149401,-4.6E-02));
#8055 = DIRECTION('',(-0.,-0.,-1.));
#8056 = DIRECTION('',(-0.,-1.,0.));
#8057 = ADVANCED_FACE('',(#8058),#8069,.F.);
#8058 = FACE_BOUND('',#8059,.T.);
#8059 = EDGE_LOOP('',(#8060,#8061,#8067,#8068));
#8060 = ORIENTED_EDGE('',*,*,#3582,.T.);
#8061 = ORIENTED_EDGE('',*,*,#8062,.T.);
#8062 = EDGE_CURVE('',#3583,#5624,#8063,.T.);
#8063 = LINE('',#8064,#8065);
#8064 = CARTESIAN_POINT('',(20.820601,-27.359401,-4.6E-02));
#8065 = VECTOR('',#8066,1.);
#8066 = DIRECTION('',(0.,0.,1.));
#8067 = ORIENTED_EDGE('',*,*,#5623,.F.);
#8068 = ORIENTED_EDGE('',*,*,#8062,.F.);
#8069 = CYLINDRICAL_SURFACE('',#8070,0.75);
#8070 = AXIS2_PLACEMENT_3D('',#8071,#8072,#8073);
#8071 = CARTESIAN_POINT('',(20.820601,-26.609401,-4.6E-02));
#8072 = DIRECTION('',(-0.,-0.,-1.));
#8073 = DIRECTION('',(-0.,-1.,0.));
#8074 = ADVANCED_FACE('',(#8075),#8086,.F.);
#8075 = FACE_BOUND('',#8076,.T.);
#8076 = EDGE_LOOP('',(#8077,#8078,#8084,#8085));
#8077 = ORIENTED_EDGE('',*,*,#3593,.T.);
#8078 = ORIENTED_EDGE('',*,*,#8079,.T.);
#8079 = EDGE_CURVE('',#3594,#5635,#8080,.T.);
#8080 = LINE('',#8081,#8082);
#8081 = CARTESIAN_POINT('',(23.360601,-51.539401,-4.6E-02));
#8082 = VECTOR('',#8083,1.);
#8083 = DIRECTION('',(0.,0.,1.));
#8084 = ORIENTED_EDGE('',*,*,#5634,.F.);
#8085 = ORIENTED_EDGE('',*,*,#8079,.F.);
#8086 = CYLINDRICAL_SURFACE('',#8087,0.85);
#8087 = AXIS2_PLACEMENT_3D('',#8088,#8089,#8090);
#8088 = CARTESIAN_POINT('',(23.360601,-50.689401,-4.6E-02));
#8089 = DIRECTION('',(-0.,-0.,-1.));
#8090 = DIRECTION('',(-4.17966315153E-15,-1.,0.));
#8091 = ADVANCED_FACE('',(#8092),#8103,.F.);
#8092 = FACE_BOUND('',#8093,.T.);
#8093 = EDGE_LOOP('',(#8094,#8095,#8101,#8102));
#8094 = ORIENTED_EDGE('',*,*,#3604,.T.);
#8095 = ORIENTED_EDGE('',*,*,#8096,.T.);
#8096 = EDGE_CURVE('',#3605,#5646,#8097,.T.);
#8097 = LINE('',#8098,#8099);
#8098 = CARTESIAN_POINT('',(32.300601,-51.539401,-4.6E-02));
#8099 = VECTOR('',#8100,1.);
#8100 = DIRECTION('',(0.,0.,1.));
#8101 = ORIENTED_EDGE('',*,*,#5645,.F.);
#8102 = ORIENTED_EDGE('',*,*,#8096,.F.);
#8103 = CYLINDRICAL_SURFACE('',#8104,0.85);
#8104 = AXIS2_PLACEMENT_3D('',#8105,#8106,#8107);
#8105 = CARTESIAN_POINT('',(32.300601,-50.689401,-4.6E-02));
#8106 = DIRECTION('',(-0.,-0.,-1.));
#8107 = DIRECTION('',(-0.,-1.,0.));
#8108 = ADVANCED_FACE('',(#8109),#8120,.F.);
#8109 = FACE_BOUND('',#8110,.T.);
#8110 = EDGE_LOOP('',(#8111,#8112,#8118,#8119));
#8111 = ORIENTED_EDGE('',*,*,#3615,.T.);
#8112 = ORIENTED_EDGE('',*,*,#8113,.T.);
#8113 = EDGE_CURVE('',#3616,#5657,#8114,.T.);
#8114 = LINE('',#8115,#8116);
#8115 = CARTESIAN_POINT('',(33.570601,-48.899401,-4.6E-02));
#8116 = VECTOR('',#8117,1.);
#8117 = DIRECTION('',(0.,0.,1.));
#8118 = ORIENTED_EDGE('',*,*,#5656,.F.);
#8119 = ORIENTED_EDGE('',*,*,#8113,.F.);
#8120 = CYLINDRICAL_SURFACE('',#8121,0.75);
#8121 = AXIS2_PLACEMENT_3D('',#8122,#8123,#8124);
#8122 = CARTESIAN_POINT('',(33.570601,-48.149401,-4.6E-02));
#8123 = DIRECTION('',(-0.,-0.,-1.));
#8124 = DIRECTION('',(-0.,-1.,0.));
#8125 = ADVANCED_FACE('',(#8126),#8137,.F.);
#8126 = FACE_BOUND('',#8127,.T.);
#8127 = EDGE_LOOP('',(#8128,#8129,#8135,#8136));
#8128 = ORIENTED_EDGE('',*,*,#3626,.T.);
#8129 = ORIENTED_EDGE('',*,*,#8130,.T.);
#8130 = EDGE_CURVE('',#3627,#5668,#8131,.T.);
#8131 = LINE('',#8132,#8133);
#8132 = CARTESIAN_POINT('',(37.380601,-52.689401,-4.6E-02));
#8133 = VECTOR('',#8134,1.);
#8134 = DIRECTION('',(0.,0.,1.));
#8135 = ORIENTED_EDGE('',*,*,#5667,.F.);
#8136 = ORIENTED_EDGE('',*,*,#8130,.F.);
#8137 = CYLINDRICAL_SURFACE('',#8138,2.);
#8138 = AXIS2_PLACEMENT_3D('',#8139,#8140,#8141);
#8139 = CARTESIAN_POINT('',(37.380601,-50.689401,-4.6E-02));
#8140 = DIRECTION('',(-0.,-0.,-1.));
#8141 = DIRECTION('',(-0.,-1.,0.));
#8142 = ADVANCED_FACE('',(#8143),#8154,.F.);
#8143 = FACE_BOUND('',#8144,.T.);
#8144 = EDGE_LOOP('',(#8145,#8146,#8152,#8153));
#8145 = ORIENTED_EDGE('',*,*,#3637,.T.);
#8146 = ORIENTED_EDGE('',*,*,#8147,.T.);
#8147 = EDGE_CURVE('',#3638,#5679,#8148,.T.);
#8148 = LINE('',#8149,#8150);
#8149 = CARTESIAN_POINT('',(42.460601,-51.539401,-4.6E-02));
#8150 = VECTOR('',#8151,1.);
#8151 = DIRECTION('',(0.,0.,1.));
#8152 = ORIENTED_EDGE('',*,*,#5678,.F.);
#8153 = ORIENTED_EDGE('',*,*,#8147,.F.);
#8154 = CYLINDRICAL_SURFACE('',#8155,0.85);
#8155 = AXIS2_PLACEMENT_3D('',#8156,#8157,#8158);
#8156 = CARTESIAN_POINT('',(42.460601,-50.689401,-4.6E-02));
#8157 = DIRECTION('',(-0.,-0.,-1.));
#8158 = DIRECTION('',(-0.,-1.,0.));
#8159 = ADVANCED_FACE('',(#8160),#8171,.F.);
#8160 = FACE_BOUND('',#8161,.T.);
#8161 = EDGE_LOOP('',(#8162,#8163,#8169,#8170));
#8162 = ORIENTED_EDGE('',*,*,#3648,.T.);
#8163 = ORIENTED_EDGE('',*,*,#8164,.T.);
#8164 = EDGE_CURVE('',#3649,#5690,#8165,.T.);
#8165 = LINE('',#8166,#8167);
#8166 = CARTESIAN_POINT('',(39.920601,-46.359401,-4.6E-02));
#8167 = VECTOR('',#8168,1.);
#8168 = DIRECTION('',(0.,0.,1.));
#8169 = ORIENTED_EDGE('',*,*,#5689,.F.);
#8170 = ORIENTED_EDGE('',*,*,#8164,.F.);
#8171 = CYLINDRICAL_SURFACE('',#8172,0.75);
#8172 = AXIS2_PLACEMENT_3D('',#8173,#8174,#8175);
#8173 = CARTESIAN_POINT('',(39.920601,-45.609401,-4.6E-02));
#8174 = DIRECTION('',(-0.,-0.,-1.));
#8175 = DIRECTION('',(-0.,-1.,0.));
#8176 = ADVANCED_FACE('',(#8177),#8188,.F.);
#8177 = FACE_BOUND('',#8178,.T.);
#8178 = EDGE_LOOP('',(#8179,#8180,#8186,#8187));
#8179 = ORIENTED_EDGE('',*,*,#3659,.T.);
#8180 = ORIENTED_EDGE('',*,*,#8181,.T.);
#8181 = EDGE_CURVE('',#3660,#5701,#8182,.T.);
#8182 = LINE('',#8183,#8184);
#8183 = CARTESIAN_POINT('',(23.360601,-32.539401,-4.6E-02));
#8184 = VECTOR('',#8185,1.);
#8185 = DIRECTION('',(0.,0.,1.));
#8186 = ORIENTED_EDGE('',*,*,#5700,.F.);
#8187 = ORIENTED_EDGE('',*,*,#8181,.F.);
#8188 = CYLINDRICAL_SURFACE('',#8189,0.85);
#8189 = AXIS2_PLACEMENT_3D('',#8190,#8191,#8192);
#8190 = CARTESIAN_POINT('',(23.360601,-31.689401,-4.6E-02));
#8191 = DIRECTION('',(-0.,-0.,-1.));
#8192 = DIRECTION('',(-4.17966315153E-15,-1.,0.));
#8193 = ADVANCED_FACE('',(#8194),#8205,.F.);
#8194 = FACE_BOUND('',#8195,.T.);
#8195 = EDGE_LOOP('',(#8196,#8197,#8203,#8204));
#8196 = ORIENTED_EDGE('',*,*,#3670,.T.);
#8197 = ORIENTED_EDGE('',*,*,#8198,.T.);
#8198 = EDGE_CURVE('',#3671,#5712,#8199,.T.);
#8199 = LINE('',#8200,#8201);
#8200 = CARTESIAN_POINT('',(32.300601,-32.539401,-4.6E-02));
#8201 = VECTOR('',#8202,1.);
#8202 = DIRECTION('',(0.,0.,1.));
#8203 = ORIENTED_EDGE('',*,*,#5711,.F.);
#8204 = ORIENTED_EDGE('',*,*,#8198,.F.);
#8205 = CYLINDRICAL_SURFACE('',#8206,0.85);
#8206 = AXIS2_PLACEMENT_3D('',#8207,#8208,#8209);
#8207 = CARTESIAN_POINT('',(32.300601,-31.689401,-4.6E-02));
#8208 = DIRECTION('',(-0.,-0.,-1.));
#8209 = DIRECTION('',(-0.,-1.,0.));
#8210 = ADVANCED_FACE('',(#8211),#8222,.F.);
#8211 = FACE_BOUND('',#8212,.T.);
#8212 = EDGE_LOOP('',(#8213,#8214,#8220,#8221));
#8213 = ORIENTED_EDGE('',*,*,#3681,.T.);
#8214 = ORIENTED_EDGE('',*,*,#8215,.T.);
#8215 = EDGE_CURVE('',#3682,#5723,#8216,.T.);
#8216 = LINE('',#8217,#8218);
#8217 = CARTESIAN_POINT('',(33.570601,-29.899401,-4.6E-02));
#8218 = VECTOR('',#8219,1.);
#8219 = DIRECTION('',(0.,0.,1.));
#8220 = ORIENTED_EDGE('',*,*,#5722,.F.);
#8221 = ORIENTED_EDGE('',*,*,#8215,.F.);
#8222 = CYLINDRICAL_SURFACE('',#8223,0.75);
#8223 = AXIS2_PLACEMENT_3D('',#8224,#8225,#8226);
#8224 = CARTESIAN_POINT('',(33.570601,-29.149401,-4.6E-02));
#8225 = DIRECTION('',(-0.,-0.,-1.));
#8226 = DIRECTION('',(-0.,-1.,0.));
#8227 = ADVANCED_FACE('',(#8228),#8239,.F.);
#8228 = FACE_BOUND('',#8229,.T.);
#8229 = EDGE_LOOP('',(#8230,#8231,#8237,#8238));
#8230 = ORIENTED_EDGE('',*,*,#3692,.T.);
#8231 = ORIENTED_EDGE('',*,*,#8232,.T.);
#8232 = EDGE_CURVE('',#3693,#5734,#8233,.T.);
#8233 = LINE('',#8234,#8235);
#8234 = CARTESIAN_POINT('',(37.380601,-33.689401,-4.6E-02));
#8235 = VECTOR('',#8236,1.);
#8236 = DIRECTION('',(0.,0.,1.));
#8237 = ORIENTED_EDGE('',*,*,#5733,.F.);
#8238 = ORIENTED_EDGE('',*,*,#8232,.F.);
#8239 = CYLINDRICAL_SURFACE('',#8240,2.);
#8240 = AXIS2_PLACEMENT_3D('',#8241,#8242,#8243);
#8241 = CARTESIAN_POINT('',(37.380601,-31.689401,-4.6E-02));
#8242 = DIRECTION('',(-0.,-0.,-1.));
#8243 = DIRECTION('',(-0.,-1.,0.));
#8244 = ADVANCED_FACE('',(#8245),#8256,.F.);
#8245 = FACE_BOUND('',#8246,.T.);
#8246 = EDGE_LOOP('',(#8247,#8248,#8254,#8255));
#8247 = ORIENTED_EDGE('',*,*,#3703,.T.);
#8248 = ORIENTED_EDGE('',*,*,#8249,.T.);
#8249 = EDGE_CURVE('',#3704,#5745,#8250,.T.);
#8250 = LINE('',#8251,#8252);
#8251 = CARTESIAN_POINT('',(42.460601,-32.539401,-4.6E-02));
#8252 = VECTOR('',#8253,1.);
#8253 = DIRECTION('',(0.,0.,1.));
#8254 = ORIENTED_EDGE('',*,*,#5744,.F.);
#8255 = ORIENTED_EDGE('',*,*,#8249,.F.);
#8256 = CYLINDRICAL_SURFACE('',#8257,0.85);
#8257 = AXIS2_PLACEMENT_3D('',#8258,#8259,#8260);
#8258 = CARTESIAN_POINT('',(42.460601,-31.689401,-4.6E-02));
#8259 = DIRECTION('',(-0.,-0.,-1.));
#8260 = DIRECTION('',(-0.,-1.,0.));
#8261 = ADVANCED_FACE('',(#8262),#8273,.F.);
#8262 = FACE_BOUND('',#8263,.T.);
#8263 = EDGE_LOOP('',(#8264,#8265,#8271,#8272));
#8264 = ORIENTED_EDGE('',*,*,#3714,.T.);
#8265 = ORIENTED_EDGE('',*,*,#8266,.T.);
#8266 = EDGE_CURVE('',#3715,#5756,#8267,.T.);
#8267 = LINE('',#8268,#8269);
#8268 = CARTESIAN_POINT('',(39.920601,-27.359401,-4.6E-02));
#8269 = VECTOR('',#8270,1.);
#8270 = DIRECTION('',(0.,0.,1.));
#8271 = ORIENTED_EDGE('',*,*,#5755,.F.);
#8272 = ORIENTED_EDGE('',*,*,#8266,.F.);
#8273 = CYLINDRICAL_SURFACE('',#8274,0.75);
#8274 = AXIS2_PLACEMENT_3D('',#8275,#8276,#8277);
#8275 = CARTESIAN_POINT('',(39.920601,-26.609401,-4.6E-02));
#8276 = DIRECTION('',(-0.,-0.,-1.));
#8277 = DIRECTION('',(-0.,-1.,0.));
#8278 = ADVANCED_FACE('',(#8279),#8290,.F.);
#8279 = FACE_BOUND('',#8280,.T.);
#8280 = EDGE_LOOP('',(#8281,#8282,#8288,#8289));
#8281 = ORIENTED_EDGE('',*,*,#3725,.T.);
#8282 = ORIENTED_EDGE('',*,*,#8283,.T.);
#8283 = EDGE_CURVE('',#3726,#5767,#8284,.T.);
#8284 = LINE('',#8285,#8286);
#8285 = CARTESIAN_POINT('',(4.260601,-13.539401,-4.6E-02));
#8286 = VECTOR('',#8287,1.);
#8287 = DIRECTION('',(0.,0.,1.));
#8288 = ORIENTED_EDGE('',*,*,#5766,.F.);
#8289 = ORIENTED_EDGE('',*,*,#8283,.F.);
#8290 = CYLINDRICAL_SURFACE('',#8291,0.85);
#8291 = AXIS2_PLACEMENT_3D('',#8292,#8293,#8294);
#8292 = CARTESIAN_POINT('',(4.260601,-12.689401,-4.6E-02));
#8293 = DIRECTION('',(-0.,-0.,-1.));
#8294 = DIRECTION('',(-0.,-1.,0.));
#8295 = ADVANCED_FACE('',(#8296),#8307,.F.);
#8296 = FACE_BOUND('',#8297,.T.);
#8297 = EDGE_LOOP('',(#8298,#8299,#8305,#8306));
#8298 = ORIENTED_EDGE('',*,*,#3736,.T.);
#8299 = ORIENTED_EDGE('',*,*,#8300,.T.);
#8300 = EDGE_CURVE('',#3737,#5778,#8301,.T.);
#8301 = LINE('',#8302,#8303);
#8302 = CARTESIAN_POINT('',(13.200601,-13.539401,-4.6E-02));
#8303 = VECTOR('',#8304,1.);
#8304 = DIRECTION('',(0.,0.,1.));
#8305 = ORIENTED_EDGE('',*,*,#5777,.F.);
#8306 = ORIENTED_EDGE('',*,*,#8300,.F.);
#8307 = CYLINDRICAL_SURFACE('',#8308,0.85);
#8308 = AXIS2_PLACEMENT_3D('',#8309,#8310,#8311);
#8309 = CARTESIAN_POINT('',(13.200601,-12.689401,-4.6E-02));
#8310 = DIRECTION('',(-0.,0.,-1.));
#8311 = DIRECTION('',(2.089831575765E-15,-1.,-0.));
#8312 = ADVANCED_FACE('',(#8313),#8324,.F.);
#8313 = FACE_BOUND('',#8314,.T.);
#8314 = EDGE_LOOP('',(#8315,#8316,#8322,#8323));
#8315 = ORIENTED_EDGE('',*,*,#3747,.T.);
#8316 = ORIENTED_EDGE('',*,*,#8317,.T.);
#8317 = EDGE_CURVE('',#3748,#5789,#8318,.T.);
#8318 = LINE('',#8319,#8320);
#8319 = CARTESIAN_POINT('',(18.280601,-14.689401,-4.6E-02));
#8320 = VECTOR('',#8321,1.);
#8321 = DIRECTION('',(0.,0.,1.));
#8322 = ORIENTED_EDGE('',*,*,#5788,.F.);
#8323 = ORIENTED_EDGE('',*,*,#8317,.F.);
#8324 = CYLINDRICAL_SURFACE('',#8325,2.);
#8325 = AXIS2_PLACEMENT_3D('',#8326,#8327,#8328);
#8326 = CARTESIAN_POINT('',(18.280601,-12.689401,-4.6E-02));
#8327 = DIRECTION('',(-0.,-0.,-1.));
#8328 = DIRECTION('',(-0.,-1.,0.));
#8329 = ADVANCED_FACE('',(#8330),#8341,.F.);
#8330 = FACE_BOUND('',#8331,.T.);
#8331 = EDGE_LOOP('',(#8332,#8333,#8339,#8340));
#8332 = ORIENTED_EDGE('',*,*,#3758,.T.);
#8333 = ORIENTED_EDGE('',*,*,#8334,.T.);
#8334 = EDGE_CURVE('',#3759,#5800,#8335,.T.);
#8335 = LINE('',#8336,#8337);
#8336 = CARTESIAN_POINT('',(1.720601,-8.359401,-4.6E-02));
#8337 = VECTOR('',#8338,1.);
#8338 = DIRECTION('',(0.,0.,1.));
#8339 = ORIENTED_EDGE('',*,*,#5799,.F.);
#8340 = ORIENTED_EDGE('',*,*,#8334,.F.);
#8341 = CYLINDRICAL_SURFACE('',#8342,0.75);
#8342 = AXIS2_PLACEMENT_3D('',#8343,#8344,#8345);
#8343 = CARTESIAN_POINT('',(1.720601,-7.609401,-4.6E-02));
#8344 = DIRECTION('',(-0.,0.,-1.));
#8345 = DIRECTION('',(2.960594732334E-16,-1.,-0.));
#8346 = ADVANCED_FACE('',(#8347),#8358,.F.);
#8347 = FACE_BOUND('',#8348,.T.);
#8348 = EDGE_LOOP('',(#8349,#8350,#8356,#8357));
#8349 = ORIENTED_EDGE('',*,*,#3769,.T.);
#8350 = ORIENTED_EDGE('',*,*,#8351,.T.);
#8351 = EDGE_CURVE('',#3770,#5811,#8352,.T.);
#8352 = LINE('',#8353,#8354);
#8353 = CARTESIAN_POINT('',(8.953601,3.384499,-3.6E-02));
#8354 = VECTOR('',#8355,1.);
#8355 = DIRECTION('',(0.,0.,1.));
#8356 = ORIENTED_EDGE('',*,*,#5810,.F.);
#8357 = ORIENTED_EDGE('',*,*,#8351,.F.);
#8358 = CYLINDRICAL_SURFACE('',#8359,0.15);
#8359 = AXIS2_PLACEMENT_3D('',#8360,#8361,#8362);
#8360 = CARTESIAN_POINT('',(8.953601,3.534499,-3.6E-02));
#8361 = DIRECTION('',(-0.,0.,-1.));
#8362 = DIRECTION('',(1.184237892933E-14,-1.,-0.));
#8363 = ADVANCED_FACE('',(#8364),#8375,.F.);
#8364 = FACE_BOUND('',#8365,.T.);
#8365 = EDGE_LOOP('',(#8366,#8367,#8373,#8374));
#8366 = ORIENTED_EDGE('',*,*,#3780,.T.);
#8367 = ORIENTED_EDGE('',*,*,#8368,.T.);
#8368 = EDGE_CURVE('',#3781,#5822,#8369,.T.);
#8369 = LINE('',#8370,#8371);
#8370 = CARTESIAN_POINT('',(14.470601,-10.899401,-4.6E-02));
#8371 = VECTOR('',#8372,1.);
#8372 = DIRECTION('',(0.,0.,1.));
#8373 = ORIENTED_EDGE('',*,*,#5821,.F.);
#8374 = ORIENTED_EDGE('',*,*,#8368,.F.);
#8375 = CYLINDRICAL_SURFACE('',#8376,0.75);
#8376 = AXIS2_PLACEMENT_3D('',#8377,#8378,#8379);
#8377 = CARTESIAN_POINT('',(14.470601,-10.149401,-4.6E-02));
#8378 = DIRECTION('',(-0.,-0.,-1.));
#8379 = DIRECTION('',(-0.,-1.,0.));
#8380 = ADVANCED_FACE('',(#8381),#8392,.F.);
#8381 = FACE_BOUND('',#8382,.T.);
#8382 = EDGE_LOOP('',(#8383,#8384,#8390,#8391));
#8383 = ORIENTED_EDGE('',*,*,#3791,.T.);
#8384 = ORIENTED_EDGE('',*,*,#8385,.T.);
#8385 = EDGE_CURVE('',#3792,#5833,#8386,.T.);
#8386 = LINE('',#8387,#8388);
#8387 = CARTESIAN_POINT('',(20.820601,-8.359401,-4.6E-02));
#8388 = VECTOR('',#8389,1.);
#8389 = DIRECTION('',(0.,0.,1.));
#8390 = ORIENTED_EDGE('',*,*,#5832,.F.);
#8391 = ORIENTED_EDGE('',*,*,#8385,.F.);
#8392 = CYLINDRICAL_SURFACE('',#8393,0.75);
#8393 = AXIS2_PLACEMENT_3D('',#8394,#8395,#8396);
#8394 = CARTESIAN_POINT('',(20.820601,-7.609401,-4.6E-02));
#8395 = DIRECTION('',(-0.,-0.,-1.));
#8396 = DIRECTION('',(-0.,-1.,0.));
#8397 = ADVANCED_FACE('',(#8398),#8409,.F.);
#8398 = FACE_BOUND('',#8399,.T.);
#8399 = EDGE_LOOP('',(#8400,#8401,#8407,#8408));
#8400 = ORIENTED_EDGE('',*,*,#3802,.T.);
#8401 = ORIENTED_EDGE('',*,*,#8402,.T.);
#8402 = EDGE_CURVE('',#3803,#5844,#8403,.T.);
#8403 = LINE('',#8404,#8405);
#8404 = CARTESIAN_POINT('',(23.360601,-13.539401,-4.6E-02));
#8405 = VECTOR('',#8406,1.);
#8406 = DIRECTION('',(0.,0.,1.));
#8407 = ORIENTED_EDGE('',*,*,#5843,.F.);
#8408 = ORIENTED_EDGE('',*,*,#8402,.F.);
#8409 = CYLINDRICAL_SURFACE('',#8410,0.85);
#8410 = AXIS2_PLACEMENT_3D('',#8411,#8412,#8413);
#8411 = CARTESIAN_POINT('',(23.360601,-12.689401,-4.6E-02));
#8412 = DIRECTION('',(-0.,-0.,-1.));
#8413 = DIRECTION('',(-4.17966315153E-15,-1.,0.));
#8414 = ADVANCED_FACE('',(#8415),#8426,.F.);
#8415 = FACE_BOUND('',#8416,.T.);
#8416 = EDGE_LOOP('',(#8417,#8418,#8424,#8425));
#8417 = ORIENTED_EDGE('',*,*,#3813,.T.);
#8418 = ORIENTED_EDGE('',*,*,#8419,.T.);
#8419 = EDGE_CURVE('',#3814,#5855,#8420,.T.);
#8420 = LINE('',#8421,#8422);
#8421 = CARTESIAN_POINT('',(32.300601,-13.539401,-4.6E-02));
#8422 = VECTOR('',#8423,1.);
#8423 = DIRECTION('',(0.,0.,1.));
#8424 = ORIENTED_EDGE('',*,*,#5854,.F.);
#8425 = ORIENTED_EDGE('',*,*,#8419,.F.);
#8426 = CYLINDRICAL_SURFACE('',#8427,0.85);
#8427 = AXIS2_PLACEMENT_3D('',#8428,#8429,#8430);
#8428 = CARTESIAN_POINT('',(32.300601,-12.689401,-4.6E-02));
#8429 = DIRECTION('',(-0.,-0.,-1.));
#8430 = DIRECTION('',(-0.,-1.,0.));
#8431 = ADVANCED_FACE('',(#8432),#8443,.F.);
#8432 = FACE_BOUND('',#8433,.T.);
#8433 = EDGE_LOOP('',(#8434,#8435,#8441,#8442));
#8434 = ORIENTED_EDGE('',*,*,#3824,.T.);
#8435 = ORIENTED_EDGE('',*,*,#8436,.T.);
#8436 = EDGE_CURVE('',#3825,#5866,#8437,.T.);
#8437 = LINE('',#8438,#8439);
#8438 = CARTESIAN_POINT('',(37.380601,-14.689401,-4.6E-02));
#8439 = VECTOR('',#8440,1.);
#8440 = DIRECTION('',(0.,0.,1.));
#8441 = ORIENTED_EDGE('',*,*,#5865,.F.);
#8442 = ORIENTED_EDGE('',*,*,#8436,.F.);
#8443 = CYLINDRICAL_SURFACE('',#8444,2.);
#8444 = AXIS2_PLACEMENT_3D('',#8445,#8446,#8447);
#8445 = CARTESIAN_POINT('',(37.380601,-12.689401,-4.6E-02));
#8446 = DIRECTION('',(-0.,-0.,-1.));
#8447 = DIRECTION('',(-0.,-1.,0.));
#8448 = ADVANCED_FACE('',(#8449),#8460,.F.);
#8449 = FACE_BOUND('',#8450,.T.);
#8450 = EDGE_LOOP('',(#8451,#8452,#8458,#8459));
#8451 = ORIENTED_EDGE('',*,*,#3835,.T.);
#8452 = ORIENTED_EDGE('',*,*,#8453,.T.);
#8453 = EDGE_CURVE('',#3836,#5877,#8454,.T.);
#8454 = LINE('',#8455,#8456);
#8455 = CARTESIAN_POINT('',(42.460601,-13.539401,-4.6E-02));
#8456 = VECTOR('',#8457,1.);
#8457 = DIRECTION('',(0.,0.,1.));
#8458 = ORIENTED_EDGE('',*,*,#5876,.F.);
#8459 = ORIENTED_EDGE('',*,*,#8453,.F.);
#8460 = CYLINDRICAL_SURFACE('',#8461,0.85);
#8461 = AXIS2_PLACEMENT_3D('',#8462,#8463,#8464);
#8462 = CARTESIAN_POINT('',(42.460601,-12.689401,-4.6E-02));
#8463 = DIRECTION('',(-0.,-0.,-1.));
#8464 = DIRECTION('',(-0.,-1.,0.));
#8465 = ADVANCED_FACE('',(#8466),#8477,.F.);
#8466 = FACE_BOUND('',#8467,.T.);
#8467 = EDGE_LOOP('',(#8468,#8469,#8475,#8476));
#8468 = ORIENTED_EDGE('',*,*,#3846,.T.);
#8469 = ORIENTED_EDGE('',*,*,#8470,.T.);
#8470 = EDGE_CURVE('',#3847,#5888,#8471,.T.);
#8471 = LINE('',#8472,#8473);
#8472 = CARTESIAN_POINT('',(33.570601,-10.899401,-4.6E-02));
#8473 = VECTOR('',#8474,1.);
#8474 = DIRECTION('',(0.,0.,1.));
#8475 = ORIENTED_EDGE('',*,*,#5887,.F.);
#8476 = ORIENTED_EDGE('',*,*,#8470,.F.);
#8477 = CYLINDRICAL_SURFACE('',#8478,0.75);
#8478 = AXIS2_PLACEMENT_3D('',#8479,#8480,#8481);
#8479 = CARTESIAN_POINT('',(33.570601,-10.149401,-4.6E-02));
#8480 = DIRECTION('',(-0.,-0.,-1.));
#8481 = DIRECTION('',(-0.,-1.,0.));
#8482 = ADVANCED_FACE('',(#8483),#8494,.F.);
#8483 = FACE_BOUND('',#8484,.T.);
#8484 = EDGE_LOOP('',(#8485,#8486,#8492,#8493));
#8485 = ORIENTED_EDGE('',*,*,#3857,.T.);
#8486 = ORIENTED_EDGE('',*,*,#8487,.T.);
#8487 = EDGE_CURVE('',#3858,#5899,#8488,.T.);
#8488 = LINE('',#8489,#8490);
#8489 = CARTESIAN_POINT('',(39.920601,-8.359401,-4.6E-02));
#8490 = VECTOR('',#8491,1.);
#8491 = DIRECTION('',(0.,0.,1.));
#8492 = ORIENTED_EDGE('',*,*,#5898,.F.);
#8493 = ORIENTED_EDGE('',*,*,#8487,.F.);
#8494 = CYLINDRICAL_SURFACE('',#8495,0.75);
#8495 = AXIS2_PLACEMENT_3D('',#8496,#8497,#8498);
#8496 = CARTESIAN_POINT('',(39.920601,-7.609401,-4.6E-02));
#8497 = DIRECTION('',(-0.,-0.,-1.));
#8498 = DIRECTION('',(-0.,-1.,0.));
#8499 = ADVANCED_FACE('',(#8500),#8511,.F.);
#8500 = FACE_BOUND('',#8501,.T.);
#8501 = EDGE_LOOP('',(#8502,#8503,#8509,#8510));
#8502 = ORIENTED_EDGE('',*,*,#3868,.T.);
#8503 = ORIENTED_EDGE('',*,*,#8504,.T.);
#8504 = EDGE_CURVE('',#3869,#5910,#8505,.T.);
#8505 = LINE('',#8506,#8507);
#8506 = CARTESIAN_POINT('',(-45.389399,5.860599,-4.6E-02));
#8507 = VECTOR('',#8508,1.);
#8508 = DIRECTION('',(0.,0.,1.));
#8509 = ORIENTED_EDGE('',*,*,#5909,.F.);
#8510 = ORIENTED_EDGE('',*,*,#8504,.F.);
#8511 = CYLINDRICAL_SURFACE('',#8512,0.45);
#8512 = AXIS2_PLACEMENT_3D('',#8513,#8514,#8515);
#8513 = CARTESIAN_POINT('',(-45.389399,6.310599,-4.6E-02));
#8514 = DIRECTION('',(-0.,-0.,-1.));
#8515 = DIRECTION('',(-0.,-1.,0.));
#8516 = ADVANCED_FACE('',(#8517),#8528,.F.);
#8517 = FACE_BOUND('',#8518,.T.);
#8518 = EDGE_LOOP('',(#8519,#8520,#8526,#8527));
#8519 = ORIENTED_EDGE('',*,*,#3879,.T.);
#8520 = ORIENTED_EDGE('',*,*,#8521,.T.);
#8521 = EDGE_CURVE('',#3880,#5921,#8522,.T.);
#8522 = LINE('',#8523,#8524);
#8523 = CARTESIAN_POINT('',(-45.389399,11.560599,-4.6E-02));
#8524 = VECTOR('',#8525,1.);
#8525 = DIRECTION('',(0.,0.,1.));
#8526 = ORIENTED_EDGE('',*,*,#5920,.F.);
#8527 = ORIENTED_EDGE('',*,*,#8521,.F.);
#8528 = CYLINDRICAL_SURFACE('',#8529,0.45);
#8529 = AXIS2_PLACEMENT_3D('',#8530,#8531,#8532);
#8530 = CARTESIAN_POINT('',(-45.389399,12.010599,-4.6E-02));
#8531 = DIRECTION('',(-0.,-0.,-1.));
#8532 = DIRECTION('',(-0.,-1.,0.));
#8533 = ADVANCED_FACE('',(#8534),#8545,.F.);
#8534 = FACE_BOUND('',#8535,.T.);
#8535 = EDGE_LOOP('',(#8536,#8537,#8543,#8544));
#8536 = ORIENTED_EDGE('',*,*,#3890,.T.);
#8537 = ORIENTED_EDGE('',*,*,#8538,.T.);
#8538 = EDGE_CURVE('',#3891,#5932,#8539,.T.);
#8539 = LINE('',#8540,#8541);
#8540 = CARTESIAN_POINT('',(-45.389399,15.810599,-4.6E-02));
#8541 = VECTOR('',#8542,1.);
#8542 = DIRECTION('',(0.,0.,1.));
#8543 = ORIENTED_EDGE('',*,*,#5931,.F.);
#8544 = ORIENTED_EDGE('',*,*,#8538,.F.);
#8545 = CYLINDRICAL_SURFACE('',#8546,0.45);
#8546 = AXIS2_PLACEMENT_3D('',#8547,#8548,#8549);
#8547 = CARTESIAN_POINT('',(-45.389399,16.260599,-4.6E-02));
#8548 = DIRECTION('',(-0.,-0.,-1.));
#8549 = DIRECTION('',(-0.,-1.,0.));
#8550 = ADVANCED_FACE('',(#8551),#8562,.F.);
#8551 = FACE_BOUND('',#8552,.T.);
#8552 = EDGE_LOOP('',(#8553,#8554,#8560,#8561));
#8553 = ORIENTED_EDGE('',*,*,#3901,.T.);
#8554 = ORIENTED_EDGE('',*,*,#8555,.T.);
#8555 = EDGE_CURVE('',#3902,#5943,#8556,.T.);
#8556 = LINE('',#8557,#8558);
#8557 = CARTESIAN_POINT('',(-32.689399,5.860599,-4.6E-02));
#8558 = VECTOR('',#8559,1.);
#8559 = DIRECTION('',(0.,0.,1.));
#8560 = ORIENTED_EDGE('',*,*,#5942,.F.);
#8561 = ORIENTED_EDGE('',*,*,#8555,.F.);
#8562 = CYLINDRICAL_SURFACE('',#8563,0.45);
#8563 = AXIS2_PLACEMENT_3D('',#8564,#8565,#8566);
#8564 = CARTESIAN_POINT('',(-32.689399,6.310599,-4.6E-02));
#8565 = DIRECTION('',(-0.,-0.,-1.));
#8566 = DIRECTION('',(-1.578983857245E-14,-1.,0.));
#8567 = ADVANCED_FACE('',(#8568),#8579,.F.);
#8568 = FACE_BOUND('',#8569,.T.);
#8569 = EDGE_LOOP('',(#8570,#8571,#8577,#8578));
#8570 = ORIENTED_EDGE('',*,*,#3912,.T.);
#8571 = ORIENTED_EDGE('',*,*,#8572,.T.);
#8572 = EDGE_CURVE('',#3913,#5954,#8573,.T.);
#8573 = LINE('',#8574,#8575);
#8574 = CARTESIAN_POINT('',(-24.999399,5.460599,-4.6E-02));
#8575 = VECTOR('',#8576,1.);
#8576 = DIRECTION('',(0.,0.,1.));
#8577 = ORIENTED_EDGE('',*,*,#5953,.F.);
#8578 = ORIENTED_EDGE('',*,*,#8572,.F.);
#8579 = CYLINDRICAL_SURFACE('',#8580,0.85);
#8580 = AXIS2_PLACEMENT_3D('',#8581,#8582,#8583);
#8581 = CARTESIAN_POINT('',(-24.999399,6.310599,-4.6E-02));
#8582 = DIRECTION('',(-0.,-0.,-1.));
#8583 = DIRECTION('',(-4.17966315153E-15,-1.,0.));
#8584 = ADVANCED_FACE('',(#8585),#8596,.F.);
#8585 = FACE_BOUND('',#8586,.T.);
#8586 = EDGE_LOOP('',(#8587,#8588,#8594,#8595));
#8587 = ORIENTED_EDGE('',*,*,#3923,.T.);
#8588 = ORIENTED_EDGE('',*,*,#8589,.T.);
#8589 = EDGE_CURVE('',#3924,#5965,#8590,.T.);
#8590 = LINE('',#8591,#8592);
#8591 = CARTESIAN_POINT('',(-23.729399,8.100599,-4.6E-02));
#8592 = VECTOR('',#8593,1.);
#8593 = DIRECTION('',(0.,0.,1.));
#8594 = ORIENTED_EDGE('',*,*,#5964,.F.);
#8595 = ORIENTED_EDGE('',*,*,#8589,.F.);
#8596 = CYLINDRICAL_SURFACE('',#8597,0.75);
#8597 = AXIS2_PLACEMENT_3D('',#8598,#8599,#8600);
#8598 = CARTESIAN_POINT('',(-23.729399,8.850599,-4.6E-02));
#8599 = DIRECTION('',(-0.,-0.,-1.));
#8600 = DIRECTION('',(-0.,-1.,0.));
#8601 = ADVANCED_FACE('',(#8602),#8613,.F.);
#8602 = FACE_BOUND('',#8603,.T.);
#8603 = EDGE_LOOP('',(#8604,#8605,#8611,#8612));
#8604 = ORIENTED_EDGE('',*,*,#3934,.T.);
#8605 = ORIENTED_EDGE('',*,*,#8606,.T.);
#8606 = EDGE_CURVE('',#3935,#5976,#8607,.T.);
#8607 = LINE('',#8608,#8609);
#8608 = CARTESIAN_POINT('',(-32.689399,11.560599,-4.6E-02));
#8609 = VECTOR('',#8610,1.);
#8610 = DIRECTION('',(0.,0.,1.));
#8611 = ORIENTED_EDGE('',*,*,#5975,.F.);
#8612 = ORIENTED_EDGE('',*,*,#8606,.F.);
#8613 = CYLINDRICAL_SURFACE('',#8614,0.45);
#8614 = AXIS2_PLACEMENT_3D('',#8615,#8616,#8617);
#8615 = CARTESIAN_POINT('',(-32.689399,12.010599,-4.6E-02));
#8616 = DIRECTION('',(-0.,-0.,-1.));
#8617 = DIRECTION('',(-1.578983857245E-14,-1.,0.));
#8618 = ADVANCED_FACE('',(#8619),#8630,.F.);
#8619 = FACE_BOUND('',#8620,.T.);
#8620 = EDGE_LOOP('',(#8621,#8622,#8628,#8629));
#8621 = ORIENTED_EDGE('',*,*,#3945,.T.);
#8622 = ORIENTED_EDGE('',*,*,#8623,.T.);
#8623 = EDGE_CURVE('',#3946,#5987,#8624,.T.);
#8624 = LINE('',#8625,#8626);
#8625 = CARTESIAN_POINT('',(-30.025199,11.514799,-3.6E-02));
#8626 = VECTOR('',#8627,1.);
#8627 = DIRECTION('',(0.,0.,1.));
#8628 = ORIENTED_EDGE('',*,*,#5986,.F.);
#8629 = ORIENTED_EDGE('',*,*,#8623,.F.);
#8630 = CYLINDRICAL_SURFACE('',#8631,0.15);
#8631 = AXIS2_PLACEMENT_3D('',#8632,#8633,#8634);
#8632 = CARTESIAN_POINT('',(-30.025199,11.664799,-3.6E-02));
#8633 = DIRECTION('',(-0.,-0.,-1.));
#8634 = DIRECTION('',(-0.,-1.,0.));
#8635 = ADVANCED_FACE('',(#8636),#8647,.F.);
#8636 = FACE_BOUND('',#8637,.T.);
#8637 = EDGE_LOOP('',(#8638,#8639,#8645,#8646));
#8638 = ORIENTED_EDGE('',*,*,#3956,.T.);
#8639 = ORIENTED_EDGE('',*,*,#8640,.T.);
#8640 = EDGE_CURVE('',#3957,#5998,#8641,.T.);
#8641 = LINE('',#8642,#8643);
#8642 = CARTESIAN_POINT('',(-32.689399,15.810599,-4.6E-02));
#8643 = VECTOR('',#8644,1.);
#8644 = DIRECTION('',(0.,0.,1.));
#8645 = ORIENTED_EDGE('',*,*,#5997,.F.);
#8646 = ORIENTED_EDGE('',*,*,#8640,.F.);
#8647 = CYLINDRICAL_SURFACE('',#8648,0.45);
#8648 = AXIS2_PLACEMENT_3D('',#8649,#8650,#8651);
#8649 = CARTESIAN_POINT('',(-32.689399,16.260599,-4.6E-02));
#8650 = DIRECTION('',(-0.,-0.,-1.));
#8651 = DIRECTION('',(-1.578983857245E-14,-1.,0.));
#8652 = ADVANCED_FACE('',(#8653),#8664,.F.);
#8653 = FACE_BOUND('',#8654,.T.);
#8654 = EDGE_LOOP('',(#8655,#8656,#8662,#8663));
#8655 = ORIENTED_EDGE('',*,*,#3967,.T.);
#8656 = ORIENTED_EDGE('',*,*,#8657,.T.);
#8657 = EDGE_CURVE('',#3968,#6009,#8658,.T.);
#8658 = LINE('',#8659,#8660);
#8659 = CARTESIAN_POINT('',(-45.389399,20.060599,-4.6E-02));
#8660 = VECTOR('',#8661,1.);
#8661 = DIRECTION('',(0.,0.,1.));
#8662 = ORIENTED_EDGE('',*,*,#6008,.F.);
#8663 = ORIENTED_EDGE('',*,*,#8657,.F.);
#8664 = CYLINDRICAL_SURFACE('',#8665,0.45);
#8665 = AXIS2_PLACEMENT_3D('',#8666,#8667,#8668);
#8666 = CARTESIAN_POINT('',(-45.389399,20.510599,-4.6E-02));
#8667 = DIRECTION('',(-0.,-0.,-1.));
#8668 = DIRECTION('',(-0.,-1.,0.));
#8669 = ADVANCED_FACE('',(#8670),#8681,.F.);
#8670 = FACE_BOUND('',#8671,.T.);
#8671 = EDGE_LOOP('',(#8672,#8673,#8679,#8680));
#8672 = ORIENTED_EDGE('',*,*,#3978,.T.);
#8673 = ORIENTED_EDGE('',*,*,#8674,.T.);
#8674 = EDGE_CURVE('',#3979,#6020,#8675,.T.);
#8675 = LINE('',#8676,#8677);
#8676 = CARTESIAN_POINT('',(-45.389399,24.310599,-4.6E-02));
#8677 = VECTOR('',#8678,1.);
#8678 = DIRECTION('',(0.,0.,1.));
#8679 = ORIENTED_EDGE('',*,*,#6019,.F.);
#8680 = ORIENTED_EDGE('',*,*,#8674,.F.);
#8681 = CYLINDRICAL_SURFACE('',#8682,0.45);
#8682 = AXIS2_PLACEMENT_3D('',#8683,#8684,#8685);
#8683 = CARTESIAN_POINT('',(-45.389399,24.760599,-4.6E-02));
#8684 = DIRECTION('',(-0.,-0.,-1.));
#8685 = DIRECTION('',(-0.,-1.,0.));
#8686 = ADVANCED_FACE('',(#8687),#8698,.F.);
#8687 = FACE_BOUND('',#8688,.T.);
#8688 = EDGE_LOOP('',(#8689,#8690,#8696,#8697));
#8689 = ORIENTED_EDGE('',*,*,#3989,.T.);
#8690 = ORIENTED_EDGE('',*,*,#8691,.T.);
#8691 = EDGE_CURVE('',#3990,#6031,#8692,.T.);
#8692 = LINE('',#8693,#8694);
#8693 = CARTESIAN_POINT('',(-45.389399,28.560599,-4.6E-02));
#8694 = VECTOR('',#8695,1.);
#8695 = DIRECTION('',(0.,0.,1.));
#8696 = ORIENTED_EDGE('',*,*,#6030,.F.);
#8697 = ORIENTED_EDGE('',*,*,#8691,.F.);
#8698 = CYLINDRICAL_SURFACE('',#8699,0.45);
#8699 = AXIS2_PLACEMENT_3D('',#8700,#8701,#8702);
#8700 = CARTESIAN_POINT('',(-45.389399,29.010599,-4.6E-02));
#8701 = DIRECTION('',(-0.,-0.,-1.));
#8702 = DIRECTION('',(-0.,-1.,0.));
#8703 = ADVANCED_FACE('',(#8704),#8715,.F.);
#8704 = FACE_BOUND('',#8705,.T.);
#8705 = EDGE_LOOP('',(#8706,#8707,#8713,#8714));
#8706 = ORIENTED_EDGE('',*,*,#4000,.T.);
#8707 = ORIENTED_EDGE('',*,*,#8708,.T.);
#8708 = EDGE_CURVE('',#4001,#6042,#8709,.T.);
#8709 = LINE('',#8710,#8711);
#8710 = CARTESIAN_POINT('',(-32.689399,20.060599,-4.6E-02));
#8711 = VECTOR('',#8712,1.);
#8712 = DIRECTION('',(0.,0.,1.));
#8713 = ORIENTED_EDGE('',*,*,#6041,.F.);
#8714 = ORIENTED_EDGE('',*,*,#8708,.F.);
#8715 = CYLINDRICAL_SURFACE('',#8716,0.45);
#8716 = AXIS2_PLACEMENT_3D('',#8717,#8718,#8719);
#8717 = CARTESIAN_POINT('',(-32.689399,20.510599,-4.6E-02));
#8718 = DIRECTION('',(-0.,-0.,-1.));
#8719 = DIRECTION('',(-1.578983857245E-14,-1.,0.));
#8720 = ADVANCED_FACE('',(#8721),#8732,.F.);
#8721 = FACE_BOUND('',#8722,.T.);
#8722 = EDGE_LOOP('',(#8723,#8724,#8730,#8731));
#8723 = ORIENTED_EDGE('',*,*,#4011,.T.);
#8724 = ORIENTED_EDGE('',*,*,#8725,.T.);
#8725 = EDGE_CURVE('',#4012,#6053,#8726,.T.);
#8726 = LINE('',#8727,#8728);
#8727 = CARTESIAN_POINT('',(-32.689399,24.310599,-4.6E-02));
#8728 = VECTOR('',#8729,1.);
#8729 = DIRECTION('',(0.,0.,1.));
#8730 = ORIENTED_EDGE('',*,*,#6052,.F.);
#8731 = ORIENTED_EDGE('',*,*,#8725,.F.);
#8732 = CYLINDRICAL_SURFACE('',#8733,0.45);
#8733 = AXIS2_PLACEMENT_3D('',#8734,#8735,#8736);
#8734 = CARTESIAN_POINT('',(-32.689399,24.760599,-4.6E-02));
#8735 = DIRECTION('',(-0.,-0.,-1.));
#8736 = DIRECTION('',(-1.578983857245E-14,-1.,0.));
#8737 = ADVANCED_FACE('',(#8738),#8749,.F.);
#8738 = FACE_BOUND('',#8739,.T.);
#8739 = EDGE_LOOP('',(#8740,#8741,#8747,#8748));
#8740 = ORIENTED_EDGE('',*,*,#4022,.T.);
#8741 = ORIENTED_EDGE('',*,*,#8742,.T.);
#8742 = EDGE_CURVE('',#4023,#6064,#8743,.T.);
#8743 = LINE('',#8744,#8745);
#8744 = CARTESIAN_POINT('',(-32.689399,28.560599,-4.6E-02));
#8745 = VECTOR('',#8746,1.);
#8746 = DIRECTION('',(0.,0.,1.));
#8747 = ORIENTED_EDGE('',*,*,#6063,.F.);
#8748 = ORIENTED_EDGE('',*,*,#8742,.F.);
#8749 = CYLINDRICAL_SURFACE('',#8750,0.45);
#8750 = AXIS2_PLACEMENT_3D('',#8751,#8752,#8753);
#8751 = CARTESIAN_POINT('',(-32.689399,29.010599,-4.6E-02));
#8752 = DIRECTION('',(-0.,-0.,-1.));
#8753 = DIRECTION('',(-1.578983857245E-14,-1.,0.));
#8754 = ADVANCED_FACE('',(#8755),#8766,.F.);
#8755 = FACE_BOUND('',#8756,.T.);
#8756 = EDGE_LOOP('',(#8757,#8758,#8764,#8765));
#8757 = ORIENTED_EDGE('',*,*,#4033,.T.);
#8758 = ORIENTED_EDGE('',*,*,#8759,.T.);
#8759 = EDGE_CURVE('',#4034,#6075,#8760,.T.);
#8760 = LINE('',#8761,#8762);
#8761 = CARTESIAN_POINT('',(-24.999399,24.460599,-4.6E-02));
#8762 = VECTOR('',#8763,1.);
#8763 = DIRECTION('',(0.,0.,1.));
#8764 = ORIENTED_EDGE('',*,*,#6074,.F.);
#8765 = ORIENTED_EDGE('',*,*,#8759,.F.);
#8766 = CYLINDRICAL_SURFACE('',#8767,0.85);
#8767 = AXIS2_PLACEMENT_3D('',#8768,#8769,#8770);
#8768 = CARTESIAN_POINT('',(-24.999399,25.310599,-4.6E-02));
#8769 = DIRECTION('',(-0.,-0.,-1.));
#8770 = DIRECTION('',(-4.17966315153E-15,-1.,0.));
#8771 = ADVANCED_FACE('',(#8772),#8783,.F.);
#8772 = FACE_BOUND('',#8773,.T.);
#8773 = EDGE_LOOP('',(#8774,#8775,#8781,#8782));
#8774 = ORIENTED_EDGE('',*,*,#4044,.T.);
#8775 = ORIENTED_EDGE('',*,*,#8776,.T.);
#8776 = EDGE_CURVE('',#4045,#6086,#8777,.T.);
#8777 = LINE('',#8778,#8779);
#8778 = CARTESIAN_POINT('',(-23.729399,27.100599,-4.6E-02));
#8779 = VECTOR('',#8780,1.);
#8780 = DIRECTION('',(0.,0.,1.));
#8781 = ORIENTED_EDGE('',*,*,#6085,.F.);
#8782 = ORIENTED_EDGE('',*,*,#8776,.F.);
#8783 = CYLINDRICAL_SURFACE('',#8784,0.75);
#8784 = AXIS2_PLACEMENT_3D('',#8785,#8786,#8787);
#8785 = CARTESIAN_POINT('',(-23.729399,27.850599,-4.6E-02));
#8786 = DIRECTION('',(-0.,-0.,-1.));
#8787 = DIRECTION('',(-0.,-1.,0.));
#8788 = ADVANCED_FACE('',(#8789),#8800,.F.);
#8789 = FACE_BOUND('',#8790,.T.);
#8790 = EDGE_LOOP('',(#8791,#8792,#8798,#8799));
#8791 = ORIENTED_EDGE('',*,*,#4055,.T.);
#8792 = ORIENTED_EDGE('',*,*,#8793,.T.);
#8793 = EDGE_CURVE('',#4056,#6097,#8794,.T.);
#8794 = LINE('',#8795,#8796);
#8795 = CARTESIAN_POINT('',(-19.919399,4.310599,-4.6E-02));
#8796 = VECTOR('',#8797,1.);
#8797 = DIRECTION('',(0.,0.,1.));
#8798 = ORIENTED_EDGE('',*,*,#6096,.F.);
#8799 = ORIENTED_EDGE('',*,*,#8793,.F.);
#8800 = CYLINDRICAL_SURFACE('',#8801,2.);
#8801 = AXIS2_PLACEMENT_3D('',#8802,#8803,#8804);
#8802 = CARTESIAN_POINT('',(-19.919399,6.310599,-4.6E-02));
#8803 = DIRECTION('',(-0.,-0.,-1.));
#8804 = DIRECTION('',(-0.,-1.,0.));
#8805 = ADVANCED_FACE('',(#8806),#8817,.F.);
#8806 = FACE_BOUND('',#8807,.T.);
#8807 = EDGE_LOOP('',(#8808,#8809,#8815,#8816));
#8808 = ORIENTED_EDGE('',*,*,#4066,.T.);
#8809 = ORIENTED_EDGE('',*,*,#8810,.T.);
#8810 = EDGE_CURVE('',#4067,#6108,#8811,.T.);
#8811 = LINE('',#8812,#8813);
#8812 = CARTESIAN_POINT('',(-14.839399,5.460599,-4.6E-02));
#8813 = VECTOR('',#8814,1.);
#8814 = DIRECTION('',(0.,0.,1.));
#8815 = ORIENTED_EDGE('',*,*,#6107,.F.);
#8816 = ORIENTED_EDGE('',*,*,#8810,.F.);
#8817 = CYLINDRICAL_SURFACE('',#8818,0.85);
#8818 = AXIS2_PLACEMENT_3D('',#8819,#8820,#8821);
#8819 = CARTESIAN_POINT('',(-14.839399,6.310599,-4.6E-02));
#8820 = DIRECTION('',(-0.,-0.,-1.));
#8821 = DIRECTION('',(-0.,-1.,0.));
#8822 = ADVANCED_FACE('',(#8823),#8834,.F.);
#8823 = FACE_BOUND('',#8824,.T.);
#8824 = EDGE_LOOP('',(#8825,#8826,#8832,#8833));
#8825 = ORIENTED_EDGE('',*,*,#4077,.T.);
#8826 = ORIENTED_EDGE('',*,*,#8827,.T.);
#8827 = EDGE_CURVE('',#4078,#6119,#8828,.T.);
#8828 = LINE('',#8829,#8830);
#8829 = CARTESIAN_POINT('',(-17.379399,10.640599,-4.6E-02));
#8830 = VECTOR('',#8831,1.);
#8831 = DIRECTION('',(0.,0.,1.));
#8832 = ORIENTED_EDGE('',*,*,#6118,.F.);
#8833 = ORIENTED_EDGE('',*,*,#8827,.F.);
#8834 = CYLINDRICAL_SURFACE('',#8835,0.75);
#8835 = AXIS2_PLACEMENT_3D('',#8836,#8837,#8838);
#8836 = CARTESIAN_POINT('',(-17.379399,11.390599,-4.6E-02));
#8837 = DIRECTION('',(-0.,-0.,-1.));
#8838 = DIRECTION('',(-0.,-1.,0.));
#8839 = ADVANCED_FACE('',(#8840),#8851,.F.);
#8840 = FACE_BOUND('',#8841,.T.);
#8841 = EDGE_LOOP('',(#8842,#8843,#8849,#8850));
#8842 = ORIENTED_EDGE('',*,*,#4088,.T.);
#8843 = ORIENTED_EDGE('',*,*,#8844,.T.);
#8844 = EDGE_CURVE('',#4089,#6130,#8845,.T.);
#8845 = LINE('',#8846,#8847);
#8846 = CARTESIAN_POINT('',(-5.899399,5.460599,-4.6E-02));
#8847 = VECTOR('',#8848,1.);
#8848 = DIRECTION('',(0.,0.,1.));
#8849 = ORIENTED_EDGE('',*,*,#6129,.F.);
#8850 = ORIENTED_EDGE('',*,*,#8844,.F.);
#8851 = CYLINDRICAL_SURFACE('',#8852,0.85);
#8852 = AXIS2_PLACEMENT_3D('',#8853,#8854,#8855);
#8853 = CARTESIAN_POINT('',(-5.899399,6.310599,-4.6E-02));
#8854 = DIRECTION('',(-0.,0.,-1.));
#8855 = DIRECTION('',(1.044915787882E-15,-1.,-0.));
#8856 = ADVANCED_FACE('',(#8857),#8868,.F.);
#8857 = FACE_BOUND('',#8858,.T.);
#8858 = EDGE_LOOP('',(#8859,#8860,#8866,#8867));
#8859 = ORIENTED_EDGE('',*,*,#4099,.T.);
#8860 = ORIENTED_EDGE('',*,*,#8861,.T.);
#8861 = EDGE_CURVE('',#4100,#6141,#8862,.T.);
#8862 = LINE('',#8863,#8864);
#8863 = CARTESIAN_POINT('',(-0.819399,4.310599,-4.6E-02));
#8864 = VECTOR('',#8865,1.);
#8865 = DIRECTION('',(0.,0.,1.));
#8866 = ORIENTED_EDGE('',*,*,#6140,.F.);
#8867 = ORIENTED_EDGE('',*,*,#8861,.F.);
#8868 = CYLINDRICAL_SURFACE('',#8869,2.);
#8869 = AXIS2_PLACEMENT_3D('',#8870,#8871,#8872);
#8870 = CARTESIAN_POINT('',(-0.819399,6.310599,-4.6E-02));
#8871 = DIRECTION('',(-0.,0.,-1.));
#8872 = DIRECTION('',(1.110223024625E-16,-1.,-0.));
#8873 = ADVANCED_FACE('',(#8874),#8885,.F.);
#8874 = FACE_BOUND('',#8875,.T.);
#8875 = EDGE_LOOP('',(#8876,#8877,#8883,#8884));
#8876 = ORIENTED_EDGE('',*,*,#4110,.T.);
#8877 = ORIENTED_EDGE('',*,*,#8878,.T.);
#8878 = EDGE_CURVE('',#4111,#6152,#8879,.T.);
#8879 = LINE('',#8880,#8881);
#8880 = CARTESIAN_POINT('',(-4.629399,8.100599,-4.6E-02));
#8881 = VECTOR('',#8882,1.);
#8882 = DIRECTION('',(0.,0.,1.));
#8883 = ORIENTED_EDGE('',*,*,#6151,.F.);
#8884 = ORIENTED_EDGE('',*,*,#8878,.F.);
#8885 = CYLINDRICAL_SURFACE('',#8886,0.75);
#8886 = AXIS2_PLACEMENT_3D('',#8887,#8888,#8889);
#8887 = CARTESIAN_POINT('',(-4.629399,8.850599,-4.6E-02));
#8888 = DIRECTION('',(-0.,-0.,-1.));
#8889 = DIRECTION('',(-0.,-1.,0.));
#8890 = ADVANCED_FACE('',(#8891),#8902,.F.);
#8891 = FACE_BOUND('',#8892,.T.);
#8892 = EDGE_LOOP('',(#8893,#8894,#8900,#8901));
#8893 = ORIENTED_EDGE('',*,*,#4121,.T.);
#8894 = ORIENTED_EDGE('',*,*,#8895,.T.);
#8895 = EDGE_CURVE('',#4122,#6163,#8896,.T.);
#8896 = LINE('',#8897,#8898);
#8897 = CARTESIAN_POINT('',(-19.919399,23.310599,-4.6E-02));
#8898 = VECTOR('',#8899,1.);
#8899 = DIRECTION('',(0.,0.,1.));
#8900 = ORIENTED_EDGE('',*,*,#6162,.F.);
#8901 = ORIENTED_EDGE('',*,*,#8895,.F.);
#8902 = CYLINDRICAL_SURFACE('',#8903,2.);
#8903 = AXIS2_PLACEMENT_3D('',#8904,#8905,#8906);
#8904 = CARTESIAN_POINT('',(-19.919399,25.310599,-4.6E-02));
#8905 = DIRECTION('',(-0.,-0.,-1.));
#8906 = DIRECTION('',(-0.,-1.,0.));
#8907 = ADVANCED_FACE('',(#8908),#8919,.F.);
#8908 = FACE_BOUND('',#8909,.T.);
#8909 = EDGE_LOOP('',(#8910,#8911,#8917,#8918));
#8910 = ORIENTED_EDGE('',*,*,#4132,.T.);
#8911 = ORIENTED_EDGE('',*,*,#8912,.T.);
#8912 = EDGE_CURVE('',#4133,#6174,#8913,.T.);
#8913 = LINE('',#8914,#8915);
#8914 = CARTESIAN_POINT('',(-17.379399,29.640599,-4.6E-02));
#8915 = VECTOR('',#8916,1.);
#8916 = DIRECTION('',(0.,0.,1.));
#8917 = ORIENTED_EDGE('',*,*,#6173,.F.);
#8918 = ORIENTED_EDGE('',*,*,#8912,.F.);
#8919 = CYLINDRICAL_SURFACE('',#8920,0.75);
#8920 = AXIS2_PLACEMENT_3D('',#8921,#8922,#8923);
#8921 = CARTESIAN_POINT('',(-17.379399,30.390599,-4.6E-02));
#8922 = DIRECTION('',(-0.,-0.,-1.));
#8923 = DIRECTION('',(-0.,-1.,0.));
#8924 = ADVANCED_FACE('',(#8925),#8936,.F.);
#8925 = FACE_BOUND('',#8926,.T.);
#8926 = EDGE_LOOP('',(#8927,#8928,#8934,#8935));
#8927 = ORIENTED_EDGE('',*,*,#4143,.T.);
#8928 = ORIENTED_EDGE('',*,*,#8929,.T.);
#8929 = EDGE_CURVE('',#4144,#6185,#8930,.T.);
#8930 = LINE('',#8931,#8932);
#8931 = CARTESIAN_POINT('',(-14.839399,24.460599,-4.6E-02));
#8932 = VECTOR('',#8933,1.);
#8933 = DIRECTION('',(0.,0.,1.));
#8934 = ORIENTED_EDGE('',*,*,#6184,.F.);
#8935 = ORIENTED_EDGE('',*,*,#8929,.F.);
#8936 = CYLINDRICAL_SURFACE('',#8937,0.85);
#8937 = AXIS2_PLACEMENT_3D('',#8938,#8939,#8940);
#8938 = CARTESIAN_POINT('',(-14.839399,25.310599,-4.6E-02));
#8939 = DIRECTION('',(-0.,-0.,-1.));
#8940 = DIRECTION('',(-0.,-1.,0.));
#8941 = ADVANCED_FACE('',(#8942),#8953,.F.);
#8942 = FACE_BOUND('',#8943,.T.);
#8943 = EDGE_LOOP('',(#8944,#8945,#8951,#8952));
#8944 = ORIENTED_EDGE('',*,*,#4154,.T.);
#8945 = ORIENTED_EDGE('',*,*,#8946,.T.);
#8946 = EDGE_CURVE('',#4155,#6196,#8947,.T.);
#8947 = LINE('',#8948,#8949);
#8948 = CARTESIAN_POINT('',(-5.899399,24.460599,-4.6E-02));
#8949 = VECTOR('',#8950,1.);
#8950 = DIRECTION('',(0.,0.,1.));
#8951 = ORIENTED_EDGE('',*,*,#6195,.F.);
#8952 = ORIENTED_EDGE('',*,*,#8946,.F.);
#8953 = CYLINDRICAL_SURFACE('',#8954,0.85);
#8954 = AXIS2_PLACEMENT_3D('',#8955,#8956,#8957);
#8955 = CARTESIAN_POINT('',(-5.899399,25.310599,-4.6E-02));
#8956 = DIRECTION('',(-0.,0.,-1.));
#8957 = DIRECTION('',(1.044915787882E-15,-1.,-0.));
#8958 = ADVANCED_FACE('',(#8959),#8970,.F.);
#8959 = FACE_BOUND('',#8960,.T.);
#8960 = EDGE_LOOP('',(#8961,#8962,#8968,#8969));
#8961 = ORIENTED_EDGE('',*,*,#4165,.T.);
#8962 = ORIENTED_EDGE('',*,*,#8963,.T.);
#8963 = EDGE_CURVE('',#4166,#6207,#8964,.T.);
#8964 = LINE('',#8965,#8966);
#8965 = CARTESIAN_POINT('',(-4.629399,27.100599,-4.6E-02));
#8966 = VECTOR('',#8967,1.);
#8967 = DIRECTION('',(0.,0.,1.));
#8968 = ORIENTED_EDGE('',*,*,#6206,.F.);
#8969 = ORIENTED_EDGE('',*,*,#8963,.F.);
#8970 = CYLINDRICAL_SURFACE('',#8971,0.75);
#8971 = AXIS2_PLACEMENT_3D('',#8972,#8973,#8974);
#8972 = CARTESIAN_POINT('',(-4.629399,27.850599,-4.6E-02));
#8973 = DIRECTION('',(-0.,-0.,-1.));
#8974 = DIRECTION('',(-0.,-1.,0.));
#8975 = ADVANCED_FACE('',(#8976),#8987,.F.);
#8976 = FACE_BOUND('',#8977,.T.);
#8977 = EDGE_LOOP('',(#8978,#8979,#8985,#8986));
#8978 = ORIENTED_EDGE('',*,*,#4176,.T.);
#8979 = ORIENTED_EDGE('',*,*,#8980,.T.);
#8980 = EDGE_CURVE('',#4177,#6218,#8981,.T.);
#8981 = LINE('',#8982,#8983);
#8982 = CARTESIAN_POINT('',(-0.819399,23.310599,-4.6E-02));
#8983 = VECTOR('',#8984,1.);
#8984 = DIRECTION('',(0.,0.,1.));
#8985 = ORIENTED_EDGE('',*,*,#6217,.F.);
#8986 = ORIENTED_EDGE('',*,*,#8980,.F.);
#8987 = CYLINDRICAL_SURFACE('',#8988,2.);
#8988 = AXIS2_PLACEMENT_3D('',#8989,#8990,#8991);
#8989 = CARTESIAN_POINT('',(-0.819399,25.310599,-4.6E-02));
#8990 = DIRECTION('',(-0.,0.,-1.));
#8991 = DIRECTION('',(1.110223024625E-16,-1.,-0.));
#8992 = ADVANCED_FACE('',(#8993),#9004,.F.);
#8993 = FACE_BOUND('',#8994,.T.);
#8994 = EDGE_LOOP('',(#8995,#8996,#9002,#9003));
#8995 = ORIENTED_EDGE('',*,*,#4187,.T.);
#8996 = ORIENTED_EDGE('',*,*,#8997,.T.);
#8997 = EDGE_CURVE('',#4188,#6229,#8998,.T.);
#8998 = LINE('',#8999,#9000);
#8999 = CARTESIAN_POINT('',(-45.389399,32.810599,-4.6E-02));
#9000 = VECTOR('',#9001,1.);
#9001 = DIRECTION('',(0.,0.,1.));
#9002 = ORIENTED_EDGE('',*,*,#6228,.F.);
#9003 = ORIENTED_EDGE('',*,*,#8997,.F.);
#9004 = CYLINDRICAL_SURFACE('',#9005,0.45);
#9005 = AXIS2_PLACEMENT_3D('',#9006,#9007,#9008);
#9006 = CARTESIAN_POINT('',(-45.389399,33.260599,-4.6E-02));
#9007 = DIRECTION('',(-0.,-0.,-1.));
#9008 = DIRECTION('',(-0.,-1.,0.));
#9009 = ADVANCED_FACE('',(#9010),#9021,.F.);
#9010 = FACE_BOUND('',#9011,.T.);
#9011 = EDGE_LOOP('',(#9012,#9013,#9019,#9020));
#9012 = ORIENTED_EDGE('',*,*,#4198,.T.);
#9013 = ORIENTED_EDGE('',*,*,#9014,.T.);
#9014 = EDGE_CURVE('',#4199,#6240,#9015,.T.);
#9015 = LINE('',#9016,#9017);
#9016 = CARTESIAN_POINT('',(-32.689399,32.810599,-4.6E-02));
#9017 = VECTOR('',#9018,1.);
#9018 = DIRECTION('',(0.,0.,1.));
#9019 = ORIENTED_EDGE('',*,*,#6239,.F.);
#9020 = ORIENTED_EDGE('',*,*,#9014,.F.);
#9021 = CYLINDRICAL_SURFACE('',#9022,0.45);
#9022 = AXIS2_PLACEMENT_3D('',#9023,#9024,#9025);
#9023 = CARTESIAN_POINT('',(-32.689399,33.260599,-4.6E-02));
#9024 = DIRECTION('',(-0.,-0.,-1.));
#9025 = DIRECTION('',(-1.578983857245E-14,-1.,0.));
#9026 = ADVANCED_FACE('',(#9027),#9038,.F.);
#9027 = FACE_BOUND('',#9028,.T.);
#9028 = EDGE_LOOP('',(#9029,#9030,#9036,#9037));
#9029 = ORIENTED_EDGE('',*,*,#4209,.T.);
#9030 = ORIENTED_EDGE('',*,*,#9031,.T.);
#9031 = EDGE_CURVE('',#4210,#6251,#9032,.T.);
#9032 = LINE('',#9033,#9034);
#9033 = CARTESIAN_POINT('',(-35.049999,46.849999,-3.6E-02));
#9034 = VECTOR('',#9035,1.);
#9035 = DIRECTION('',(0.,0.,1.));
#9036 = ORIENTED_EDGE('',*,*,#6250,.F.);
#9037 = ORIENTED_EDGE('',*,*,#9031,.F.);
#9038 = CYLINDRICAL_SURFACE('',#9039,0.15);
#9039 = AXIS2_PLACEMENT_3D('',#9040,#9041,#9042);
#9040 = CARTESIAN_POINT('',(-35.049999,46.999999,-3.6E-02));
#9041 = DIRECTION('',(-0.,-0.,-1.));
#9042 = DIRECTION('',(-0.,-1.,0.));
#9043 = ADVANCED_FACE('',(#9044),#9055,.F.);
#9044 = FACE_BOUND('',#9045,.T.);
#9045 = EDGE_LOOP('',(#9046,#9047,#9053,#9054));
#9046 = ORIENTED_EDGE('',*,*,#4220,.T.);
#9047 = ORIENTED_EDGE('',*,*,#9048,.T.);
#9048 = EDGE_CURVE('',#4221,#6262,#9049,.T.);
#9049 = LINE('',#9050,#9051);
#9050 = CARTESIAN_POINT('',(-44.249999,56.899999,-4.6E-02));
#9051 = VECTOR('',#9052,1.);
#9052 = DIRECTION('',(0.,0.,1.));
#9053 = ORIENTED_EDGE('',*,*,#6261,.F.);
#9054 = ORIENTED_EDGE('',*,*,#9048,.F.);
#9055 = CYLINDRICAL_SURFACE('',#9056,1.6);
#9056 = AXIS2_PLACEMENT_3D('',#9057,#9058,#9059);
#9057 = CARTESIAN_POINT('',(-44.249999,58.499999,-4.6E-02));
#9058 = DIRECTION('',(-0.,-0.,-1.));
#9059 = DIRECTION('',(-0.,-1.,0.));
#9060 = ADVANCED_FACE('',(#9061),#9072,.F.);
#9061 = FACE_BOUND('',#9062,.T.);
#9062 = EDGE_LOOP('',(#9063,#9064,#9070,#9071));
#9063 = ORIENTED_EDGE('',*,*,#4231,.T.);
#9064 = ORIENTED_EDGE('',*,*,#9065,.T.);
#9065 = EDGE_CURVE('',#4232,#6273,#9066,.T.);
#9066 = LINE('',#9067,#9068);
#9067 = CARTESIAN_POINT('',(-1.649399,39.410599,-4.6E-02));
#9068 = VECTOR('',#9069,1.);
#9069 = DIRECTION('',(0.,0.,1.));
#9070 = ORIENTED_EDGE('',*,*,#6272,.F.);
#9071 = ORIENTED_EDGE('',*,*,#9065,.F.);
#9072 = CYLINDRICAL_SURFACE('',#9073,1.27);
#9073 = AXIS2_PLACEMENT_3D('',#9074,#9075,#9076);
#9074 = CARTESIAN_POINT('',(-1.649399,40.680599,-4.6E-02));
#9075 = DIRECTION('',(-0.,-0.,-1.));
#9076 = DIRECTION('',(-1.748382715945E-16,-1.,0.));
#9077 = ADVANCED_FACE('',(#9078),#9089,.F.);
#9078 = FACE_BOUND('',#9079,.T.);
#9079 = EDGE_LOOP('',(#9080,#9081,#9087,#9088));
#9080 = ORIENTED_EDGE('',*,*,#4242,.T.);
#9081 = ORIENTED_EDGE('',*,*,#9082,.T.);
#9082 = EDGE_CURVE('',#4243,#6284,#9083,.T.);
#9083 = LINE('',#9084,#9085);
#9084 = CARTESIAN_POINT('',(-14.449999,52.749999,-4.6E-02));
#9085 = VECTOR('',#9086,1.);
#9086 = DIRECTION('',(0.,0.,1.));
#9087 = ORIENTED_EDGE('',*,*,#6283,.F.);
#9088 = ORIENTED_EDGE('',*,*,#9082,.F.);
#9089 = CYLINDRICAL_SURFACE('',#9090,0.25);
#9090 = AXIS2_PLACEMENT_3D('',#9091,#9092,#9093);
#9091 = CARTESIAN_POINT('',(-14.449999,52.999999,-4.6E-02));
#9092 = DIRECTION('',(-0.,-0.,-1.));
#9093 = DIRECTION('',(-0.,-1.,0.));
#9094 = ADVANCED_FACE('',(#9095),#9106,.F.);
#9095 = FACE_BOUND('',#9096,.T.);
#9096 = EDGE_LOOP('',(#9097,#9098,#9104,#9105));
#9097 = ORIENTED_EDGE('',*,*,#4253,.T.);
#9098 = ORIENTED_EDGE('',*,*,#9099,.T.);
#9099 = EDGE_CURVE('',#4254,#6295,#9100,.T.);
#9100 = LINE('',#9101,#9102);
#9101 = CARTESIAN_POINT('',(-13.449999,52.749999,-4.6E-02));
#9102 = VECTOR('',#9103,1.);
#9103 = DIRECTION('',(0.,0.,1.));
#9104 = ORIENTED_EDGE('',*,*,#6294,.F.);
#9105 = ORIENTED_EDGE('',*,*,#9099,.F.);
#9106 = CYLINDRICAL_SURFACE('',#9107,0.25);
#9107 = AXIS2_PLACEMENT_3D('',#9108,#9109,#9110);
#9108 = CARTESIAN_POINT('',(-13.449999,52.999999,-4.6E-02));
#9109 = DIRECTION('',(-0.,-0.,-1.));
#9110 = DIRECTION('',(-0.,-1.,0.));
#9111 = ADVANCED_FACE('',(#9112),#9123,.F.);
#9112 = FACE_BOUND('',#9113,.T.);
#9113 = EDGE_LOOP('',(#9114,#9115,#9121,#9122));
#9114 = ORIENTED_EDGE('',*,*,#4264,.T.);
#9115 = ORIENTED_EDGE('',*,*,#9116,.T.);
#9116 = EDGE_CURVE('',#4265,#6306,#9117,.T.);
#9117 = LINE('',#9118,#9119);
#9118 = CARTESIAN_POINT('',(-12.449999,52.749999,-4.6E-02));
#9119 = VECTOR('',#9120,1.);
#9120 = DIRECTION('',(0.,0.,1.));
#9121 = ORIENTED_EDGE('',*,*,#6305,.F.);
#9122 = ORIENTED_EDGE('',*,*,#9116,.F.);
#9123 = CYLINDRICAL_SURFACE('',#9124,0.25);
#9124 = AXIS2_PLACEMENT_3D('',#9125,#9126,#9127);
#9125 = CARTESIAN_POINT('',(-12.449999,52.999999,-4.6E-02));
#9126 = DIRECTION('',(-0.,-0.,-1.));
#9127 = DIRECTION('',(-0.,-1.,0.));
#9128 = ADVANCED_FACE('',(#9129),#9140,.F.);
#9129 = FACE_BOUND('',#9130,.T.);
#9130 = EDGE_LOOP('',(#9131,#9132,#9138,#9139));
#9131 = ORIENTED_EDGE('',*,*,#4275,.T.);
#9132 = ORIENTED_EDGE('',*,*,#9133,.T.);
#9133 = EDGE_CURVE('',#4276,#6317,#9134,.T.);
#9134 = LINE('',#9135,#9136);
#9135 = CARTESIAN_POINT('',(-1.649399,57.190599,-4.6E-02));
#9136 = VECTOR('',#9137,1.);
#9137 = DIRECTION('',(0.,0.,1.));
#9138 = ORIENTED_EDGE('',*,*,#6316,.F.);
#9139 = ORIENTED_EDGE('',*,*,#9133,.F.);
#9140 = CYLINDRICAL_SURFACE('',#9141,1.27);
#9141 = AXIS2_PLACEMENT_3D('',#9142,#9143,#9144);
#9142 = CARTESIAN_POINT('',(-1.649399,58.460599,-4.6E-02));
#9143 = DIRECTION('',(-0.,-0.,-1.));
#9144 = DIRECTION('',(-1.748382715945E-16,-1.,0.));
#9145 = ADVANCED_FACE('',(#9146),#9157,.F.);
#9146 = FACE_BOUND('',#9147,.T.);
#9147 = EDGE_LOOP('',(#9148,#9149,#9155,#9156));
#9148 = ORIENTED_EDGE('',*,*,#4286,.T.);
#9149 = ORIENTED_EDGE('',*,*,#9150,.T.);
#9150 = EDGE_CURVE('',#4287,#6328,#9151,.T.);
#9151 = LINE('',#9152,#9153);
#9152 = CARTESIAN_POINT('',(4.260601,5.460599,-4.6E-02));
#9153 = VECTOR('',#9154,1.);
#9154 = DIRECTION('',(0.,0.,1.));
#9155 = ORIENTED_EDGE('',*,*,#6327,.F.);
#9156 = ORIENTED_EDGE('',*,*,#9150,.F.);
#9157 = CYLINDRICAL_SURFACE('',#9158,0.85);
#9158 = AXIS2_PLACEMENT_3D('',#9159,#9160,#9161);
#9159 = CARTESIAN_POINT('',(4.260601,6.310599,-4.6E-02));
#9160 = DIRECTION('',(-0.,-0.,-1.));
#9161 = DIRECTION('',(-0.,-1.,0.));
#9162 = ADVANCED_FACE('',(#9163),#9174,.F.);
#9163 = FACE_BOUND('',#9164,.T.);
#9164 = EDGE_LOOP('',(#9165,#9166,#9172,#9173));
#9165 = ORIENTED_EDGE('',*,*,#4297,.T.);
#9166 = ORIENTED_EDGE('',*,*,#9167,.T.);
#9167 = EDGE_CURVE('',#4298,#6339,#9168,.T.);
#9168 = LINE('',#9169,#9170);
#9169 = CARTESIAN_POINT('',(1.720601,10.640599,-4.6E-02));
#9170 = VECTOR('',#9171,1.);
#9171 = DIRECTION('',(0.,0.,1.));
#9172 = ORIENTED_EDGE('',*,*,#6338,.F.);
#9173 = ORIENTED_EDGE('',*,*,#9167,.F.);
#9174 = CYLINDRICAL_SURFACE('',#9175,0.75);
#9175 = AXIS2_PLACEMENT_3D('',#9176,#9177,#9178);
#9176 = CARTESIAN_POINT('',(1.720601,11.390599,-4.6E-02));
#9177 = DIRECTION('',(-0.,0.,-1.));
#9178 = DIRECTION('',(2.960594732334E-16,-1.,-0.));
#9179 = ADVANCED_FACE('',(#9180),#9191,.F.);
#9180 = FACE_BOUND('',#9181,.T.);
#9181 = EDGE_LOOP('',(#9182,#9183,#9189,#9190));
#9182 = ORIENTED_EDGE('',*,*,#4308,.T.);
#9183 = ORIENTED_EDGE('',*,*,#9184,.T.);
#9184 = EDGE_CURVE('',#4309,#6350,#9185,.T.);
#9185 = LINE('',#9186,#9187);
#9186 = CARTESIAN_POINT('',(13.200601,5.460599,-4.6E-02));
#9187 = VECTOR('',#9188,1.);
#9188 = DIRECTION('',(0.,0.,1.));
#9189 = ORIENTED_EDGE('',*,*,#6349,.F.);
#9190 = ORIENTED_EDGE('',*,*,#9184,.F.);
#9191 = CYLINDRICAL_SURFACE('',#9192,0.85);
#9192 = AXIS2_PLACEMENT_3D('',#9193,#9194,#9195);
#9193 = CARTESIAN_POINT('',(13.200601,6.310599,-4.6E-02));
#9194 = DIRECTION('',(-0.,0.,-1.));
#9195 = DIRECTION('',(2.089831575765E-15,-1.,-0.));
#9196 = ADVANCED_FACE('',(#9197),#9208,.F.);
#9197 = FACE_BOUND('',#9198,.T.);
#9198 = EDGE_LOOP('',(#9199,#9200,#9206,#9207));
#9199 = ORIENTED_EDGE('',*,*,#4319,.T.);
#9200 = ORIENTED_EDGE('',*,*,#9201,.T.);
#9201 = EDGE_CURVE('',#4320,#6361,#9202,.T.);
#9202 = LINE('',#9203,#9204);
#9203 = CARTESIAN_POINT('',(14.470601,8.100599,-4.6E-02));
#9204 = VECTOR('',#9205,1.);
#9205 = DIRECTION('',(0.,0.,1.));
#9206 = ORIENTED_EDGE('',*,*,#6360,.F.);
#9207 = ORIENTED_EDGE('',*,*,#9201,.F.);
#9208 = CYLINDRICAL_SURFACE('',#9209,0.75);
#9209 = AXIS2_PLACEMENT_3D('',#9210,#9211,#9212);
#9210 = CARTESIAN_POINT('',(14.470601,8.850599,-4.6E-02));
#9211 = DIRECTION('',(-0.,-0.,-1.));
#9212 = DIRECTION('',(-0.,-1.,0.));
#9213 = ADVANCED_FACE('',(#9214),#9225,.F.);
#9214 = FACE_BOUND('',#9215,.T.);
#9215 = EDGE_LOOP('',(#9216,#9217,#9223,#9224));
#9216 = ORIENTED_EDGE('',*,*,#4330,.T.);
#9217 = ORIENTED_EDGE('',*,*,#9218,.T.);
#9218 = EDGE_CURVE('',#4331,#6372,#9219,.T.);
#9219 = LINE('',#9220,#9221);
#9220 = CARTESIAN_POINT('',(18.280601,4.310599,-4.6E-02));
#9221 = VECTOR('',#9222,1.);
#9222 = DIRECTION('',(0.,0.,1.));
#9223 = ORIENTED_EDGE('',*,*,#6371,.F.);
#9224 = ORIENTED_EDGE('',*,*,#9218,.F.);
#9225 = CYLINDRICAL_SURFACE('',#9226,2.);
#9226 = AXIS2_PLACEMENT_3D('',#9227,#9228,#9229);
#9227 = CARTESIAN_POINT('',(18.280601,6.310599,-4.6E-02));
#9228 = DIRECTION('',(-0.,-0.,-1.));
#9229 = DIRECTION('',(-0.,-1.,0.));
#9230 = ADVANCED_FACE('',(#9231),#9242,.F.);
#9231 = FACE_BOUND('',#9232,.T.);
#9232 = EDGE_LOOP('',(#9233,#9234,#9240,#9241));
#9233 = ORIENTED_EDGE('',*,*,#4341,.T.);
#9234 = ORIENTED_EDGE('',*,*,#9235,.T.);
#9235 = EDGE_CURVE('',#4342,#6383,#9236,.T.);
#9236 = LINE('',#9237,#9238);
#9237 = CARTESIAN_POINT('',(20.820601,10.640599,-4.6E-02));
#9238 = VECTOR('',#9239,1.);
#9239 = DIRECTION('',(0.,0.,1.));
#9240 = ORIENTED_EDGE('',*,*,#6382,.F.);
#9241 = ORIENTED_EDGE('',*,*,#9235,.F.);
#9242 = CYLINDRICAL_SURFACE('',#9243,0.75);
#9243 = AXIS2_PLACEMENT_3D('',#9244,#9245,#9246);
#9244 = CARTESIAN_POINT('',(20.820601,11.390599,-4.6E-02));
#9245 = DIRECTION('',(-0.,-0.,-1.));
#9246 = DIRECTION('',(-0.,-1.,0.));
#9247 = ADVANCED_FACE('',(#9248),#9259,.F.);
#9248 = FACE_BOUND('',#9249,.T.);
#9249 = EDGE_LOOP('',(#9250,#9251,#9257,#9258));
#9250 = ORIENTED_EDGE('',*,*,#4352,.T.);
#9251 = ORIENTED_EDGE('',*,*,#9252,.T.);
#9252 = EDGE_CURVE('',#4353,#6394,#9253,.T.);
#9253 = LINE('',#9254,#9255);
#9254 = CARTESIAN_POINT('',(4.260601,24.460599,-4.6E-02));
#9255 = VECTOR('',#9256,1.);
#9256 = DIRECTION('',(0.,0.,1.));
#9257 = ORIENTED_EDGE('',*,*,#6393,.F.);
#9258 = ORIENTED_EDGE('',*,*,#9252,.F.);
#9259 = CYLINDRICAL_SURFACE('',#9260,0.85);
#9260 = AXIS2_PLACEMENT_3D('',#9261,#9262,#9263);
#9261 = CARTESIAN_POINT('',(4.260601,25.310599,-4.6E-02));
#9262 = DIRECTION('',(-0.,-0.,-1.));
#9263 = DIRECTION('',(-0.,-1.,0.));
#9264 = ADVANCED_FACE('',(#9265),#9276,.F.);
#9265 = FACE_BOUND('',#9266,.T.);
#9266 = EDGE_LOOP('',(#9267,#9268,#9274,#9275));
#9267 = ORIENTED_EDGE('',*,*,#4363,.T.);
#9268 = ORIENTED_EDGE('',*,*,#9269,.T.);
#9269 = EDGE_CURVE('',#4364,#6405,#9270,.T.);
#9270 = LINE('',#9271,#9272);
#9271 = CARTESIAN_POINT('',(1.720601,29.640599,-4.6E-02));
#9272 = VECTOR('',#9273,1.);
#9273 = DIRECTION('',(0.,0.,1.));
#9274 = ORIENTED_EDGE('',*,*,#6404,.F.);
#9275 = ORIENTED_EDGE('',*,*,#9269,.F.);
#9276 = CYLINDRICAL_SURFACE('',#9277,0.75);
#9277 = AXIS2_PLACEMENT_3D('',#9278,#9279,#9280);
#9278 = CARTESIAN_POINT('',(1.720601,30.390599,-4.6E-02));
#9279 = DIRECTION('',(-0.,0.,-1.));
#9280 = DIRECTION('',(2.960594732334E-16,-1.,-0.));
#9281 = ADVANCED_FACE('',(#9282),#9293,.F.);
#9282 = FACE_BOUND('',#9283,.T.);
#9283 = EDGE_LOOP('',(#9284,#9285,#9291,#9292));
#9284 = ORIENTED_EDGE('',*,*,#4374,.T.);
#9285 = ORIENTED_EDGE('',*,*,#9286,.T.);
#9286 = EDGE_CURVE('',#4375,#6416,#9287,.T.);
#9287 = LINE('',#9288,#9289);
#9288 = CARTESIAN_POINT('',(13.200601,24.460599,-4.6E-02));
#9289 = VECTOR('',#9290,1.);
#9290 = DIRECTION('',(0.,0.,1.));
#9291 = ORIENTED_EDGE('',*,*,#6415,.F.);
#9292 = ORIENTED_EDGE('',*,*,#9286,.F.);
#9293 = CYLINDRICAL_SURFACE('',#9294,0.85);
#9294 = AXIS2_PLACEMENT_3D('',#9295,#9296,#9297);
#9295 = CARTESIAN_POINT('',(13.200601,25.310599,-4.6E-02));
#9296 = DIRECTION('',(-0.,0.,-1.));
#9297 = DIRECTION('',(2.089831575765E-15,-1.,-0.));
#9298 = ADVANCED_FACE('',(#9299),#9310,.F.);
#9299 = FACE_BOUND('',#9300,.T.);
#9300 = EDGE_LOOP('',(#9301,#9302,#9308,#9309));
#9301 = ORIENTED_EDGE('',*,*,#4385,.T.);
#9302 = ORIENTED_EDGE('',*,*,#9303,.T.);
#9303 = EDGE_CURVE('',#4386,#6427,#9304,.T.);
#9304 = LINE('',#9305,#9306);
#9305 = CARTESIAN_POINT('',(14.470601,27.100599,-4.6E-02));
#9306 = VECTOR('',#9307,1.);
#9307 = DIRECTION('',(0.,0.,1.));
#9308 = ORIENTED_EDGE('',*,*,#6426,.F.);
#9309 = ORIENTED_EDGE('',*,*,#9303,.F.);
#9310 = CYLINDRICAL_SURFACE('',#9311,0.75);
#9311 = AXIS2_PLACEMENT_3D('',#9312,#9313,#9314);
#9312 = CARTESIAN_POINT('',(14.470601,27.850599,-4.6E-02));
#9313 = DIRECTION('',(-0.,-0.,-1.));
#9314 = DIRECTION('',(-0.,-1.,0.));
#9315 = ADVANCED_FACE('',(#9316),#9327,.F.);
#9316 = FACE_BOUND('',#9317,.T.);
#9317 = EDGE_LOOP('',(#9318,#9319,#9325,#9326));
#9318 = ORIENTED_EDGE('',*,*,#4396,.T.);
#9319 = ORIENTED_EDGE('',*,*,#9320,.T.);
#9320 = EDGE_CURVE('',#4397,#6438,#9321,.T.);
#9321 = LINE('',#9322,#9323);
#9322 = CARTESIAN_POINT('',(18.280601,23.310599,-4.6E-02));
#9323 = VECTOR('',#9324,1.);
#9324 = DIRECTION('',(0.,0.,1.));
#9325 = ORIENTED_EDGE('',*,*,#6437,.F.);
#9326 = ORIENTED_EDGE('',*,*,#9320,.F.);
#9327 = CYLINDRICAL_SURFACE('',#9328,2.);
#9328 = AXIS2_PLACEMENT_3D('',#9329,#9330,#9331);
#9329 = CARTESIAN_POINT('',(18.280601,25.310599,-4.6E-02));
#9330 = DIRECTION('',(-0.,-0.,-1.));
#9331 = DIRECTION('',(-0.,-1.,0.));
#9332 = ADVANCED_FACE('',(#9333),#9344,.F.);
#9333 = FACE_BOUND('',#9334,.T.);
#9334 = EDGE_LOOP('',(#9335,#9336,#9342,#9343));
#9335 = ORIENTED_EDGE('',*,*,#4407,.T.);
#9336 = ORIENTED_EDGE('',*,*,#9337,.T.);
#9337 = EDGE_CURVE('',#4408,#6449,#9338,.T.);
#9338 = LINE('',#9339,#9340);
#9339 = CARTESIAN_POINT('',(20.820601,29.640599,-4.6E-02));
#9340 = VECTOR('',#9341,1.);
#9341 = DIRECTION('',(0.,0.,1.));
#9342 = ORIENTED_EDGE('',*,*,#6448,.F.);
#9343 = ORIENTED_EDGE('',*,*,#9337,.F.);
#9344 = CYLINDRICAL_SURFACE('',#9345,0.75);
#9345 = AXIS2_PLACEMENT_3D('',#9346,#9347,#9348);
#9346 = CARTESIAN_POINT('',(20.820601,30.390599,-4.6E-02));
#9347 = DIRECTION('',(-0.,-0.,-1.));
#9348 = DIRECTION('',(-0.,-1.,0.));
#9349 = ADVANCED_FACE('',(#9350),#9361,.F.);
#9350 = FACE_BOUND('',#9351,.T.);
#9351 = EDGE_LOOP('',(#9352,#9353,#9359,#9360));
#9352 = ORIENTED_EDGE('',*,*,#4418,.T.);
#9353 = ORIENTED_EDGE('',*,*,#9354,.T.);
#9354 = EDGE_CURVE('',#4419,#6460,#9355,.T.);
#9355 = LINE('',#9356,#9357);
#9356 = CARTESIAN_POINT('',(23.360601,5.460599,-4.6E-02));
#9357 = VECTOR('',#9358,1.);
#9358 = DIRECTION('',(0.,0.,1.));
#9359 = ORIENTED_EDGE('',*,*,#6459,.F.);
#9360 = ORIENTED_EDGE('',*,*,#9354,.F.);
#9361 = CYLINDRICAL_SURFACE('',#9362,0.85);
#9362 = AXIS2_PLACEMENT_3D('',#9363,#9364,#9365);
#9363 = CARTESIAN_POINT('',(23.360601,6.310599,-4.6E-02));
#9364 = DIRECTION('',(-0.,-0.,-1.));
#9365 = DIRECTION('',(-4.17966315153E-15,-1.,0.));
#9366 = ADVANCED_FACE('',(#9367),#9378,.F.);
#9367 = FACE_BOUND('',#9368,.T.);
#9368 = EDGE_LOOP('',(#9369,#9370,#9376,#9377));
#9369 = ORIENTED_EDGE('',*,*,#4429,.T.);
#9370 = ORIENTED_EDGE('',*,*,#9371,.T.);
#9371 = EDGE_CURVE('',#4430,#6471,#9372,.T.);
#9372 = LINE('',#9373,#9374);
#9373 = CARTESIAN_POINT('',(32.300601,5.460599,-4.6E-02));
#9374 = VECTOR('',#9375,1.);
#9375 = DIRECTION('',(0.,0.,1.));
#9376 = ORIENTED_EDGE('',*,*,#6470,.F.);
#9377 = ORIENTED_EDGE('',*,*,#9371,.F.);
#9378 = CYLINDRICAL_SURFACE('',#9379,0.85);
#9379 = AXIS2_PLACEMENT_3D('',#9380,#9381,#9382);
#9380 = CARTESIAN_POINT('',(32.300601,6.310599,-4.6E-02));
#9381 = DIRECTION('',(-0.,-0.,-1.));
#9382 = DIRECTION('',(-0.,-1.,0.));
#9383 = ADVANCED_FACE('',(#9384),#9395,.F.);
#9384 = FACE_BOUND('',#9385,.T.);
#9385 = EDGE_LOOP('',(#9386,#9387,#9393,#9394));
#9386 = ORIENTED_EDGE('',*,*,#4440,.T.);
#9387 = ORIENTED_EDGE('',*,*,#9388,.T.);
#9388 = EDGE_CURVE('',#4441,#6482,#9389,.T.);
#9389 = LINE('',#9390,#9391);
#9390 = CARTESIAN_POINT('',(33.570601,8.100599,-4.6E-02));
#9391 = VECTOR('',#9392,1.);
#9392 = DIRECTION('',(0.,0.,1.));
#9393 = ORIENTED_EDGE('',*,*,#6481,.F.);
#9394 = ORIENTED_EDGE('',*,*,#9388,.F.);
#9395 = CYLINDRICAL_SURFACE('',#9396,0.75);
#9396 = AXIS2_PLACEMENT_3D('',#9397,#9398,#9399);
#9397 = CARTESIAN_POINT('',(33.570601,8.850599,-4.6E-02));
#9398 = DIRECTION('',(-0.,-0.,-1.));
#9399 = DIRECTION('',(-0.,-1.,0.));
#9400 = ADVANCED_FACE('',(#9401),#9412,.F.);
#9401 = FACE_BOUND('',#9402,.T.);
#9402 = EDGE_LOOP('',(#9403,#9404,#9410,#9411));
#9403 = ORIENTED_EDGE('',*,*,#4451,.T.);
#9404 = ORIENTED_EDGE('',*,*,#9405,.T.);
#9405 = EDGE_CURVE('',#4452,#6493,#9406,.T.);
#9406 = LINE('',#9407,#9408);
#9407 = CARTESIAN_POINT('',(37.380601,4.310599,-4.6E-02));
#9408 = VECTOR('',#9409,1.);
#9409 = DIRECTION('',(0.,0.,1.));
#9410 = ORIENTED_EDGE('',*,*,#6492,.F.);
#9411 = ORIENTED_EDGE('',*,*,#9405,.F.);
#9412 = CYLINDRICAL_SURFACE('',#9413,2.);
#9413 = AXIS2_PLACEMENT_3D('',#9414,#9415,#9416);
#9414 = CARTESIAN_POINT('',(37.380601,6.310599,-4.6E-02));
#9415 = DIRECTION('',(-0.,-0.,-1.));
#9416 = DIRECTION('',(-0.,-1.,0.));
#9417 = ADVANCED_FACE('',(#9418),#9429,.F.);
#9418 = FACE_BOUND('',#9419,.T.);
#9419 = EDGE_LOOP('',(#9420,#9421,#9427,#9428));
#9420 = ORIENTED_EDGE('',*,*,#4462,.T.);
#9421 = ORIENTED_EDGE('',*,*,#9422,.T.);
#9422 = EDGE_CURVE('',#4463,#6504,#9423,.T.);
#9423 = LINE('',#9424,#9425);
#9424 = CARTESIAN_POINT('',(42.460601,5.460599,-4.6E-02));
#9425 = VECTOR('',#9426,1.);
#9426 = DIRECTION('',(0.,0.,1.));
#9427 = ORIENTED_EDGE('',*,*,#6503,.F.);
#9428 = ORIENTED_EDGE('',*,*,#9422,.F.);
#9429 = CYLINDRICAL_SURFACE('',#9430,0.85);
#9430 = AXIS2_PLACEMENT_3D('',#9431,#9432,#9433);
#9431 = CARTESIAN_POINT('',(42.460601,6.310599,-4.6E-02));
#9432 = DIRECTION('',(-0.,-0.,-1.));
#9433 = DIRECTION('',(-0.,-1.,0.));
#9434 = ADVANCED_FACE('',(#9435),#9446,.F.);
#9435 = FACE_BOUND('',#9436,.T.);
#9436 = EDGE_LOOP('',(#9437,#9438,#9444,#9445));
#9437 = ORIENTED_EDGE('',*,*,#4473,.T.);
#9438 = ORIENTED_EDGE('',*,*,#9439,.T.);
#9439 = EDGE_CURVE('',#4474,#6515,#9440,.T.);
#9440 = LINE('',#9441,#9442);
#9441 = CARTESIAN_POINT('',(39.920601,10.640599,-4.6E-02));
#9442 = VECTOR('',#9443,1.);
#9443 = DIRECTION('',(0.,0.,1.));
#9444 = ORIENTED_EDGE('',*,*,#6514,.F.);
#9445 = ORIENTED_EDGE('',*,*,#9439,.F.);
#9446 = CYLINDRICAL_SURFACE('',#9447,0.75);
#9447 = AXIS2_PLACEMENT_3D('',#9448,#9449,#9450);
#9448 = CARTESIAN_POINT('',(39.920601,11.390599,-4.6E-02));
#9449 = DIRECTION('',(-0.,-0.,-1.));
#9450 = DIRECTION('',(-0.,-1.,0.));
#9451 = ADVANCED_FACE('',(#9452),#9463,.F.);
#9452 = FACE_BOUND('',#9453,.T.);
#9453 = EDGE_LOOP('',(#9454,#9455,#9461,#9462));
#9454 = ORIENTED_EDGE('',*,*,#4484,.T.);
#9455 = ORIENTED_EDGE('',*,*,#9456,.T.);
#9456 = EDGE_CURVE('',#4485,#6526,#9457,.T.);
#9457 = LINE('',#9458,#9459);
#9458 = CARTESIAN_POINT('',(23.360601,24.460599,-4.6E-02));
#9459 = VECTOR('',#9460,1.);
#9460 = DIRECTION('',(0.,0.,1.));
#9461 = ORIENTED_EDGE('',*,*,#6525,.F.);
#9462 = ORIENTED_EDGE('',*,*,#9456,.F.);
#9463 = CYLINDRICAL_SURFACE('',#9464,0.85);
#9464 = AXIS2_PLACEMENT_3D('',#9465,#9466,#9467);
#9465 = CARTESIAN_POINT('',(23.360601,25.310599,-4.6E-02));
#9466 = DIRECTION('',(-0.,-0.,-1.));
#9467 = DIRECTION('',(-4.17966315153E-15,-1.,0.));
#9468 = ADVANCED_FACE('',(#9469),#9480,.F.);
#9469 = FACE_BOUND('',#9470,.T.);
#9470 = EDGE_LOOP('',(#9471,#9472,#9478,#9479));
#9471 = ORIENTED_EDGE('',*,*,#4495,.T.);
#9472 = ORIENTED_EDGE('',*,*,#9473,.T.);
#9473 = EDGE_CURVE('',#4496,#6537,#9474,.T.);
#9474 = LINE('',#9475,#9476);
#9475 = CARTESIAN_POINT('',(32.300601,24.460599,-4.6E-02));
#9476 = VECTOR('',#9477,1.);
#9477 = DIRECTION('',(0.,0.,1.));
#9478 = ORIENTED_EDGE('',*,*,#6536,.F.);
#9479 = ORIENTED_EDGE('',*,*,#9473,.F.);
#9480 = CYLINDRICAL_SURFACE('',#9481,0.85);
#9481 = AXIS2_PLACEMENT_3D('',#9482,#9483,#9484);
#9482 = CARTESIAN_POINT('',(32.300601,25.310599,-4.6E-02));
#9483 = DIRECTION('',(-0.,-0.,-1.));
#9484 = DIRECTION('',(-0.,-1.,0.));
#9485 = ADVANCED_FACE('',(#9486),#9497,.F.);
#9486 = FACE_BOUND('',#9487,.T.);
#9487 = EDGE_LOOP('',(#9488,#9489,#9495,#9496));
#9488 = ORIENTED_EDGE('',*,*,#4506,.T.);
#9489 = ORIENTED_EDGE('',*,*,#9490,.T.);
#9490 = EDGE_CURVE('',#4507,#6548,#9491,.T.);
#9491 = LINE('',#9492,#9493);
#9492 = CARTESIAN_POINT('',(33.570601,27.100599,-4.6E-02));
#9493 = VECTOR('',#9494,1.);
#9494 = DIRECTION('',(0.,0.,1.));
#9495 = ORIENTED_EDGE('',*,*,#6547,.F.);
#9496 = ORIENTED_EDGE('',*,*,#9490,.F.);
#9497 = CYLINDRICAL_SURFACE('',#9498,0.75);
#9498 = AXIS2_PLACEMENT_3D('',#9499,#9500,#9501);
#9499 = CARTESIAN_POINT('',(33.570601,27.850599,-4.6E-02));
#9500 = DIRECTION('',(-0.,-0.,-1.));
#9501 = DIRECTION('',(-0.,-1.,0.));
#9502 = ADVANCED_FACE('',(#9503),#9514,.F.);
#9503 = FACE_BOUND('',#9504,.T.);
#9504 = EDGE_LOOP('',(#9505,#9506,#9512,#9513));
#9505 = ORIENTED_EDGE('',*,*,#4517,.T.);
#9506 = ORIENTED_EDGE('',*,*,#9507,.T.);
#9507 = EDGE_CURVE('',#4518,#6559,#9508,.T.);
#9508 = LINE('',#9509,#9510);
#9509 = CARTESIAN_POINT('',(37.380601,23.310599,-4.6E-02));
#9510 = VECTOR('',#9511,1.);
#9511 = DIRECTION('',(0.,0.,1.));
#9512 = ORIENTED_EDGE('',*,*,#6558,.F.);
#9513 = ORIENTED_EDGE('',*,*,#9507,.F.);
#9514 = CYLINDRICAL_SURFACE('',#9515,2.);
#9515 = AXIS2_PLACEMENT_3D('',#9516,#9517,#9518);
#9516 = CARTESIAN_POINT('',(37.380601,25.310599,-4.6E-02));
#9517 = DIRECTION('',(-0.,-0.,-1.));
#9518 = DIRECTION('',(-0.,-1.,0.));
#9519 = ADVANCED_FACE('',(#9520),#9531,.F.);
#9520 = FACE_BOUND('',#9521,.T.);
#9521 = EDGE_LOOP('',(#9522,#9523,#9529,#9530));
#9522 = ORIENTED_EDGE('',*,*,#4528,.T.);
#9523 = ORIENTED_EDGE('',*,*,#9524,.T.);
#9524 = EDGE_CURVE('',#4529,#6570,#9525,.T.);
#9525 = LINE('',#9526,#9527);
#9526 = CARTESIAN_POINT('',(42.460601,24.460599,-4.6E-02));
#9527 = VECTOR('',#9528,1.);
#9528 = DIRECTION('',(0.,0.,1.));
#9529 = ORIENTED_EDGE('',*,*,#6569,.F.);
#9530 = ORIENTED_EDGE('',*,*,#9524,.F.);
#9531 = CYLINDRICAL_SURFACE('',#9532,0.85);
#9532 = AXIS2_PLACEMENT_3D('',#9533,#9534,#9535);
#9533 = CARTESIAN_POINT('',(42.460601,25.310599,-4.6E-02));
#9534 = DIRECTION('',(-0.,-0.,-1.));
#9535 = DIRECTION('',(-0.,-1.,0.));
#9536 = ADVANCED_FACE('',(#9537),#9548,.F.);
#9537 = FACE_BOUND('',#9538,.T.);
#9538 = EDGE_LOOP('',(#9539,#9540,#9546,#9547));
#9539 = ORIENTED_EDGE('',*,*,#4539,.T.);
#9540 = ORIENTED_EDGE('',*,*,#9541,.T.);
#9541 = EDGE_CURVE('',#4540,#6581,#9542,.T.);
#9542 = LINE('',#9543,#9544);
#9543 = CARTESIAN_POINT('',(39.920601,29.640599,-4.6E-02));
#9544 = VECTOR('',#9545,1.);
#9545 = DIRECTION('',(0.,0.,1.));
#9546 = ORIENTED_EDGE('',*,*,#6580,.F.);
#9547 = ORIENTED_EDGE('',*,*,#9541,.F.);
#9548 = CYLINDRICAL_SURFACE('',#9549,0.75);
#9549 = AXIS2_PLACEMENT_3D('',#9550,#9551,#9552);
#9550 = CARTESIAN_POINT('',(39.920601,30.390599,-4.6E-02));
#9551 = DIRECTION('',(-0.,-0.,-1.));
#9552 = DIRECTION('',(-0.,-1.,0.));
#9553 = ADVANCED_FACE('',(#9554),#9565,.F.);
#9554 = FACE_BOUND('',#9555,.T.);
#9555 = EDGE_LOOP('',(#9556,#9557,#9563,#9564));
#9556 = ORIENTED_EDGE('',*,*,#4550,.T.);
#9557 = ORIENTED_EDGE('',*,*,#9558,.T.);
#9558 = EDGE_CURVE('',#4551,#6592,#9559,.T.);
#9559 = LINE('',#9560,#9561);
#9560 = CARTESIAN_POINT('',(2.160601,38.910599,-4.6E-02));
#9561 = VECTOR('',#9562,1.);
#9562 = DIRECTION('',(0.,0.,1.));
#9563 = ORIENTED_EDGE('',*,*,#6591,.F.);
#9564 = ORIENTED_EDGE('',*,*,#9558,.F.);
#9565 = CYLINDRICAL_SURFACE('',#9566,0.5);
#9566 = AXIS2_PLACEMENT_3D('',#9567,#9568,#9569);
#9567 = CARTESIAN_POINT('',(2.160601,39.410599,-4.6E-02));
#9568 = DIRECTION('',(-0.,-0.,-1.));
#9569 = DIRECTION('',(-0.,-1.,0.));
#9570 = ADVANCED_FACE('',(#9571),#9582,.F.);
#9571 = FACE_BOUND('',#9572,.T.);
#9572 = EDGE_LOOP('',(#9573,#9574,#9580,#9581));
#9573 = ORIENTED_EDGE('',*,*,#4561,.T.);
#9574 = ORIENTED_EDGE('',*,*,#9575,.T.);
#9575 = EDGE_CURVE('',#4562,#6603,#9576,.T.);
#9576 = LINE('',#9577,#9578);
#9577 = CARTESIAN_POINT('',(4.700601,38.910599,-4.6E-02));
#9578 = VECTOR('',#9579,1.);
#9579 = DIRECTION('',(0.,0.,1.));
#9580 = ORIENTED_EDGE('',*,*,#6602,.F.);
#9581 = ORIENTED_EDGE('',*,*,#9575,.F.);
#9582 = CYLINDRICAL_SURFACE('',#9583,0.5);
#9583 = AXIS2_PLACEMENT_3D('',#9584,#9585,#9586);
#9584 = CARTESIAN_POINT('',(4.700601,39.410599,-4.6E-02));
#9585 = DIRECTION('',(-0.,-0.,-1.));
#9586 = DIRECTION('',(-0.,-1.,0.));
#9587 = ADVANCED_FACE('',(#9588),#9599,.F.);
#9588 = FACE_BOUND('',#9589,.T.);
#9589 = EDGE_LOOP('',(#9590,#9591,#9597,#9598));
#9590 = ORIENTED_EDGE('',*,*,#4572,.T.);
#9591 = ORIENTED_EDGE('',*,*,#9592,.T.);
#9592 = EDGE_CURVE('',#4573,#6614,#9593,.T.);
#9593 = LINE('',#9594,#9595);
#9594 = CARTESIAN_POINT('',(7.240601,38.910599,-4.6E-02));
#9595 = VECTOR('',#9596,1.);
#9596 = DIRECTION('',(0.,0.,1.));
#9597 = ORIENTED_EDGE('',*,*,#6613,.F.);
#9598 = ORIENTED_EDGE('',*,*,#9592,.F.);
#9599 = CYLINDRICAL_SURFACE('',#9600,0.5);
#9600 = AXIS2_PLACEMENT_3D('',#9601,#9602,#9603);
#9601 = CARTESIAN_POINT('',(7.240601,39.410599,-4.6E-02));
#9602 = DIRECTION('',(-0.,-0.,-1.));
#9603 = DIRECTION('',(-0.,-1.,0.));
#9604 = ADVANCED_FACE('',(#9605),#9616,.F.);
#9605 = FACE_BOUND('',#9606,.T.);
#9606 = EDGE_LOOP('',(#9607,#9608,#9614,#9615));
#9607 = ORIENTED_EDGE('',*,*,#4583,.T.);
#9608 = ORIENTED_EDGE('',*,*,#9609,.T.);
#9609 = EDGE_CURVE('',#4584,#6625,#9610,.T.);
#9610 = LINE('',#9611,#9612);
#9611 = CARTESIAN_POINT('',(9.780601,38.910599,-4.6E-02));
#9612 = VECTOR('',#9613,1.);
#9613 = DIRECTION('',(0.,0.,1.));
#9614 = ORIENTED_EDGE('',*,*,#6624,.F.);
#9615 = ORIENTED_EDGE('',*,*,#9609,.F.);
#9616 = CYLINDRICAL_SURFACE('',#9617,0.5);
#9617 = AXIS2_PLACEMENT_3D('',#9618,#9619,#9620);
#9618 = CARTESIAN_POINT('',(9.780601,39.410599,-4.6E-02));
#9619 = DIRECTION('',(-0.,-0.,-1.));
#9620 = DIRECTION('',(-0.,-1.,0.));
#9621 = ADVANCED_FACE('',(#9622),#9633,.F.);
#9622 = FACE_BOUND('',#9623,.T.);
#9623 = EDGE_LOOP('',(#9624,#9625,#9631,#9632));
#9624 = ORIENTED_EDGE('',*,*,#4594,.T.);
#9625 = ORIENTED_EDGE('',*,*,#9626,.T.);
#9626 = EDGE_CURVE('',#4595,#6636,#9627,.T.);
#9627 = LINE('',#9628,#9629);
#9628 = CARTESIAN_POINT('',(12.320601,38.910599,-4.6E-02));
#9629 = VECTOR('',#9630,1.);
#9630 = DIRECTION('',(0.,0.,1.));
#9631 = ORIENTED_EDGE('',*,*,#6635,.F.);
#9632 = ORIENTED_EDGE('',*,*,#9626,.F.);
#9633 = CYLINDRICAL_SURFACE('',#9634,0.5);
#9634 = AXIS2_PLACEMENT_3D('',#9635,#9636,#9637);
#9635 = CARTESIAN_POINT('',(12.320601,39.410599,-4.6E-02));
#9636 = DIRECTION('',(-0.,-0.,-1.));
#9637 = DIRECTION('',(-0.,-1.,0.));
#9638 = ADVANCED_FACE('',(#9639),#9650,.F.);
#9639 = FACE_BOUND('',#9640,.T.);
#9640 = EDGE_LOOP('',(#9641,#9642,#9648,#9649));
#9641 = ORIENTED_EDGE('',*,*,#4605,.T.);
#9642 = ORIENTED_EDGE('',*,*,#9643,.T.);
#9643 = EDGE_CURVE('',#4606,#6647,#9644,.T.);
#9644 = LINE('',#9645,#9646);
#9645 = CARTESIAN_POINT('',(14.860601,38.910599,-4.6E-02));
#9646 = VECTOR('',#9647,1.);
#9647 = DIRECTION('',(0.,0.,1.));
#9648 = ORIENTED_EDGE('',*,*,#6646,.F.);
#9649 = ORIENTED_EDGE('',*,*,#9643,.F.);
#9650 = CYLINDRICAL_SURFACE('',#9651,0.5);
#9651 = AXIS2_PLACEMENT_3D('',#9652,#9653,#9654);
#9652 = CARTESIAN_POINT('',(14.860601,39.410599,-4.6E-02));
#9653 = DIRECTION('',(-0.,-0.,-1.));
#9654 = DIRECTION('',(-0.,-1.,0.));
#9655 = ADVANCED_FACE('',(#9656),#9667,.F.);
#9656 = FACE_BOUND('',#9657,.T.);
#9657 = EDGE_LOOP('',(#9658,#9659,#9665,#9666));
#9658 = ORIENTED_EDGE('',*,*,#4616,.T.);
#9659 = ORIENTED_EDGE('',*,*,#9660,.T.);
#9660 = EDGE_CURVE('',#4617,#6658,#9661,.T.);
#9661 = LINE('',#9662,#9663);
#9662 = CARTESIAN_POINT('',(17.400601,38.910599,-4.6E-02));
#9663 = VECTOR('',#9664,1.);
#9664 = DIRECTION('',(0.,0.,1.));
#9665 = ORIENTED_EDGE('',*,*,#6657,.F.);
#9666 = ORIENTED_EDGE('',*,*,#9660,.F.);
#9667 = CYLINDRICAL_SURFACE('',#9668,0.5);
#9668 = AXIS2_PLACEMENT_3D('',#9669,#9670,#9671);
#9669 = CARTESIAN_POINT('',(17.400601,39.410599,-4.6E-02));
#9670 = DIRECTION('',(-0.,-0.,-1.));
#9671 = DIRECTION('',(-0.,-1.,0.));
#9672 = ADVANCED_FACE('',(#9673),#9684,.F.);
#9673 = FACE_BOUND('',#9674,.T.);
#9674 = EDGE_LOOP('',(#9675,#9676,#9682,#9683));
#9675 = ORIENTED_EDGE('',*,*,#4627,.T.);
#9676 = ORIENTED_EDGE('',*,*,#9677,.T.);
#9677 = EDGE_CURVE('',#4628,#6669,#9678,.T.);
#9678 = LINE('',#9679,#9680);
#9679 = CARTESIAN_POINT('',(19.940601,38.910599,-4.6E-02));
#9680 = VECTOR('',#9681,1.);
#9681 = DIRECTION('',(0.,0.,1.));
#9682 = ORIENTED_EDGE('',*,*,#6668,.F.);
#9683 = ORIENTED_EDGE('',*,*,#9677,.F.);
#9684 = CYLINDRICAL_SURFACE('',#9685,0.5);
#9685 = AXIS2_PLACEMENT_3D('',#9686,#9687,#9688);
#9686 = CARTESIAN_POINT('',(19.940601,39.410599,-4.6E-02));
#9687 = DIRECTION('',(-0.,-0.,-1.));
#9688 = DIRECTION('',(-0.,-1.,0.));
#9689 = ADVANCED_FACE('',(#9690),#9701,.F.);
#9690 = FACE_BOUND('',#9691,.T.);
#9691 = EDGE_LOOP('',(#9692,#9693,#9699,#9700));
#9692 = ORIENTED_EDGE('',*,*,#4638,.T.);
#9693 = ORIENTED_EDGE('',*,*,#9694,.T.);
#9694 = EDGE_CURVE('',#4639,#6680,#9695,.T.);
#9695 = LINE('',#9696,#9697);
#9696 = CARTESIAN_POINT('',(22.480601,38.910599,-4.6E-02));
#9697 = VECTOR('',#9698,1.);
#9698 = DIRECTION('',(0.,0.,1.));
#9699 = ORIENTED_EDGE('',*,*,#6679,.F.);
#9700 = ORIENTED_EDGE('',*,*,#9694,.F.);
#9701 = CYLINDRICAL_SURFACE('',#9702,0.5);
#9702 = AXIS2_PLACEMENT_3D('',#9703,#9704,#9705);
#9703 = CARTESIAN_POINT('',(22.480601,39.410599,-4.6E-02));
#9704 = DIRECTION('',(-0.,-0.,-1.));
#9705 = DIRECTION('',(-0.,-1.,0.));
#9706 = ADVANCED_FACE('',(#9707),#9718,.F.);
#9707 = FACE_BOUND('',#9708,.T.);
#9708 = EDGE_LOOP('',(#9709,#9710,#9716,#9717));
#9709 = ORIENTED_EDGE('',*,*,#4649,.T.);
#9710 = ORIENTED_EDGE('',*,*,#9711,.T.);
#9711 = EDGE_CURVE('',#4650,#6691,#9712,.T.);
#9712 = LINE('',#9713,#9714);
#9713 = CARTESIAN_POINT('',(12.320601,59.230599,-4.6E-02));
#9714 = VECTOR('',#9715,1.);
#9715 = DIRECTION('',(0.,0.,1.));
#9716 = ORIENTED_EDGE('',*,*,#6690,.F.);
#9717 = ORIENTED_EDGE('',*,*,#9711,.F.);
#9718 = CYLINDRICAL_SURFACE('',#9719,0.5);
#9719 = AXIS2_PLACEMENT_3D('',#9720,#9721,#9722);
#9720 = CARTESIAN_POINT('',(12.320601,59.730599,-4.6E-02));
#9721 = DIRECTION('',(-0.,-0.,-1.));
#9722 = DIRECTION('',(-0.,-1.,0.));
#9723 = ADVANCED_FACE('',(#9724),#9735,.F.);
#9724 = FACE_BOUND('',#9725,.T.);
#9725 = EDGE_LOOP('',(#9726,#9727,#9733,#9734));
#9726 = ORIENTED_EDGE('',*,*,#4660,.T.);
#9727 = ORIENTED_EDGE('',*,*,#9728,.T.);
#9728 = EDGE_CURVE('',#4661,#6702,#9729,.T.);
#9729 = LINE('',#9730,#9731);
#9730 = CARTESIAN_POINT('',(14.860601,59.230599,-4.6E-02));
#9731 = VECTOR('',#9732,1.);
#9732 = DIRECTION('',(0.,0.,1.));
#9733 = ORIENTED_EDGE('',*,*,#6701,.F.);
#9734 = ORIENTED_EDGE('',*,*,#9728,.F.);
#9735 = CYLINDRICAL_SURFACE('',#9736,0.5);
#9736 = AXIS2_PLACEMENT_3D('',#9737,#9738,#9739);
#9737 = CARTESIAN_POINT('',(14.860601,59.730599,-4.6E-02));
#9738 = DIRECTION('',(-0.,-0.,-1.));
#9739 = DIRECTION('',(-0.,-1.,0.));
#9740 = ADVANCED_FACE('',(#9741),#9752,.F.);
#9741 = FACE_BOUND('',#9742,.T.);
#9742 = EDGE_LOOP('',(#9743,#9744,#9750,#9751));
#9743 = ORIENTED_EDGE('',*,*,#4671,.T.);
#9744 = ORIENTED_EDGE('',*,*,#9745,.T.);
#9745 = EDGE_CURVE('',#4672,#6713,#9746,.T.);
#9746 = LINE('',#9747,#9748);
#9747 = CARTESIAN_POINT('',(17.400601,59.230599,-4.6E-02));
#9748 = VECTOR('',#9749,1.);
#9749 = DIRECTION('',(0.,0.,1.));
#9750 = ORIENTED_EDGE('',*,*,#6712,.F.);
#9751 = ORIENTED_EDGE('',*,*,#9745,.F.);
#9752 = CYLINDRICAL_SURFACE('',#9753,0.5);
#9753 = AXIS2_PLACEMENT_3D('',#9754,#9755,#9756);
#9754 = CARTESIAN_POINT('',(17.400601,59.730599,-4.6E-02));
#9755 = DIRECTION('',(-0.,-0.,-1.));
#9756 = DIRECTION('',(-0.,-1.,0.));
#9757 = ADVANCED_FACE('',(#9758),#9769,.F.);
#9758 = FACE_BOUND('',#9759,.T.);
#9759 = EDGE_LOOP('',(#9760,#9761,#9767,#9768));
#9760 = ORIENTED_EDGE('',*,*,#4682,.T.);
#9761 = ORIENTED_EDGE('',*,*,#9762,.T.);
#9762 = EDGE_CURVE('',#4683,#6724,#9763,.T.);
#9763 = LINE('',#9764,#9765);
#9764 = CARTESIAN_POINT('',(19.940601,59.230599,-4.6E-02));
#9765 = VECTOR('',#9766,1.);
#9766 = DIRECTION('',(0.,0.,1.));
#9767 = ORIENTED_EDGE('',*,*,#6723,.F.);
#9768 = ORIENTED_EDGE('',*,*,#9762,.F.);
#9769 = CYLINDRICAL_SURFACE('',#9770,0.5);
#9770 = AXIS2_PLACEMENT_3D('',#9771,#9772,#9773);
#9771 = CARTESIAN_POINT('',(19.940601,59.730599,-4.6E-02));
#9772 = DIRECTION('',(-0.,-0.,-1.));
#9773 = DIRECTION('',(-0.,-1.,0.));
#9774 = ADVANCED_FACE('',(#9775),#9786,.F.);
#9775 = FACE_BOUND('',#9776,.T.);
#9776 = EDGE_LOOP('',(#9777,#9778,#9784,#9785));
#9777 = ORIENTED_EDGE('',*,*,#4693,.T.);
#9778 = ORIENTED_EDGE('',*,*,#9779,.T.);
#9779 = EDGE_CURVE('',#4694,#6735,#9780,.T.);
#9780 = LINE('',#9781,#9782);
#9781 = CARTESIAN_POINT('',(22.480601,59.230599,-4.6E-02));
#9782 = VECTOR('',#9783,1.);
#9783 = DIRECTION('',(0.,0.,1.));
#9784 = ORIENTED_EDGE('',*,*,#6734,.F.);
#9785 = ORIENTED_EDGE('',*,*,#9779,.F.);
#9786 = CYLINDRICAL_SURFACE('',#9787,0.5);
#9787 = AXIS2_PLACEMENT_3D('',#9788,#9789,#9790);
#9788 = CARTESIAN_POINT('',(22.480601,59.730599,-4.6E-02));
#9789 = DIRECTION('',(-0.,-0.,-1.));
#9790 = DIRECTION('',(-0.,-1.,0.));
#9791 = ADVANCED_FACE('',(#9792),#9803,.F.);
#9792 = FACE_BOUND('',#9793,.T.);
#9793 = EDGE_LOOP('',(#9794,#9795,#9801,#9802));
#9794 = ORIENTED_EDGE('',*,*,#4704,.T.);
#9795 = ORIENTED_EDGE('',*,*,#9796,.T.);
#9796 = EDGE_CURVE('',#4705,#6746,#9797,.T.);
#9797 = LINE('',#9798,#9799);
#9798 = CARTESIAN_POINT('',(25.020601,38.910599,-4.6E-02));
#9799 = VECTOR('',#9800,1.);
#9800 = DIRECTION('',(0.,0.,1.));
#9801 = ORIENTED_EDGE('',*,*,#6745,.F.);
#9802 = ORIENTED_EDGE('',*,*,#9796,.F.);
#9803 = CYLINDRICAL_SURFACE('',#9804,0.5);
#9804 = AXIS2_PLACEMENT_3D('',#9805,#9806,#9807);
#9805 = CARTESIAN_POINT('',(25.020601,39.410599,-4.6E-02));
#9806 = DIRECTION('',(-0.,-0.,-1.));
#9807 = DIRECTION('',(-0.,-1.,0.));
#9808 = ADVANCED_FACE('',(#9809),#9820,.F.);
#9809 = FACE_BOUND('',#9810,.T.);
#9810 = EDGE_LOOP('',(#9811,#9812,#9818,#9819));
#9811 = ORIENTED_EDGE('',*,*,#4715,.T.);
#9812 = ORIENTED_EDGE('',*,*,#9813,.T.);
#9813 = EDGE_CURVE('',#4716,#6757,#9814,.T.);
#9814 = LINE('',#9815,#9816);
#9815 = CARTESIAN_POINT('',(27.560601,38.910599,-4.6E-02));
#9816 = VECTOR('',#9817,1.);
#9817 = DIRECTION('',(0.,0.,1.));
#9818 = ORIENTED_EDGE('',*,*,#6756,.F.);
#9819 = ORIENTED_EDGE('',*,*,#9813,.F.);
#9820 = CYLINDRICAL_SURFACE('',#9821,0.5);
#9821 = AXIS2_PLACEMENT_3D('',#9822,#9823,#9824);
#9822 = CARTESIAN_POINT('',(27.560601,39.410599,-4.6E-02));
#9823 = DIRECTION('',(-0.,-0.,-1.));
#9824 = DIRECTION('',(-0.,-1.,0.));
#9825 = ADVANCED_FACE('',(#9826),#9837,.F.);
#9826 = FACE_BOUND('',#9827,.T.);
#9827 = EDGE_LOOP('',(#9828,#9829,#9835,#9836));
#9828 = ORIENTED_EDGE('',*,*,#4726,.T.);
#9829 = ORIENTED_EDGE('',*,*,#9830,.T.);
#9830 = EDGE_CURVE('',#4727,#6768,#9831,.T.);
#9831 = LINE('',#9832,#9833);
#9832 = CARTESIAN_POINT('',(30.100601,38.910599,-4.6E-02));
#9833 = VECTOR('',#9834,1.);
#9834 = DIRECTION('',(0.,0.,1.));
#9835 = ORIENTED_EDGE('',*,*,#6767,.F.);
#9836 = ORIENTED_EDGE('',*,*,#9830,.F.);
#9837 = CYLINDRICAL_SURFACE('',#9838,0.5);
#9838 = AXIS2_PLACEMENT_3D('',#9839,#9840,#9841);
#9839 = CARTESIAN_POINT('',(30.100601,39.410599,-4.6E-02));
#9840 = DIRECTION('',(-0.,-0.,-1.));
#9841 = DIRECTION('',(-0.,-1.,0.));
#9842 = ADVANCED_FACE('',(#9843),#9854,.F.);
#9843 = FACE_BOUND('',#9844,.T.);
#9844 = EDGE_LOOP('',(#9845,#9846,#9852,#9853));
#9845 = ORIENTED_EDGE('',*,*,#4737,.T.);
#9846 = ORIENTED_EDGE('',*,*,#9847,.T.);
#9847 = EDGE_CURVE('',#4738,#6779,#9848,.T.);
#9848 = LINE('',#9849,#9850);
#9849 = CARTESIAN_POINT('',(32.640601,38.910599,-4.6E-02));
#9850 = VECTOR('',#9851,1.);
#9851 = DIRECTION('',(0.,0.,1.));
#9852 = ORIENTED_EDGE('',*,*,#6778,.F.);
#9853 = ORIENTED_EDGE('',*,*,#9847,.F.);
#9854 = CYLINDRICAL_SURFACE('',#9855,0.5);
#9855 = AXIS2_PLACEMENT_3D('',#9856,#9857,#9858);
#9856 = CARTESIAN_POINT('',(32.640601,39.410599,-4.6E-02));
#9857 = DIRECTION('',(-0.,-0.,-1.));
#9858 = DIRECTION('',(-0.,-1.,0.));
#9859 = ADVANCED_FACE('',(#9860),#9871,.F.);
#9860 = FACE_BOUND('',#9861,.T.);
#9861 = EDGE_LOOP('',(#9862,#9863,#9869,#9870));
#9862 = ORIENTED_EDGE('',*,*,#4748,.T.);
#9863 = ORIENTED_EDGE('',*,*,#9864,.T.);
#9864 = EDGE_CURVE('',#4749,#6790,#9865,.T.);
#9865 = LINE('',#9866,#9867);
#9866 = CARTESIAN_POINT('',(35.180601,38.910599,-4.6E-02));
#9867 = VECTOR('',#9868,1.);
#9868 = DIRECTION('',(0.,0.,1.));
#9869 = ORIENTED_EDGE('',*,*,#6789,.F.);
#9870 = ORIENTED_EDGE('',*,*,#9864,.F.);
#9871 = CYLINDRICAL_SURFACE('',#9872,0.5);
#9872 = AXIS2_PLACEMENT_3D('',#9873,#9874,#9875);
#9873 = CARTESIAN_POINT('',(35.180601,39.410599,-4.6E-02));
#9874 = DIRECTION('',(-0.,-0.,-1.));
#9875 = DIRECTION('',(-0.,-1.,0.));
#9876 = ADVANCED_FACE('',(#9877),#9888,.F.);
#9877 = FACE_BOUND('',#9878,.T.);
#9878 = EDGE_LOOP('',(#9879,#9880,#9886,#9887));
#9879 = ORIENTED_EDGE('',*,*,#4759,.T.);
#9880 = ORIENTED_EDGE('',*,*,#9881,.T.);
#9881 = EDGE_CURVE('',#4760,#6801,#9882,.T.);
#9882 = LINE('',#9883,#9884);
#9883 = CARTESIAN_POINT('',(37.720601,38.910599,-4.6E-02));
#9884 = VECTOR('',#9885,1.);
#9885 = DIRECTION('',(0.,0.,1.));
#9886 = ORIENTED_EDGE('',*,*,#6800,.F.);
#9887 = ORIENTED_EDGE('',*,*,#9881,.F.);
#9888 = CYLINDRICAL_SURFACE('',#9889,0.5);
#9889 = AXIS2_PLACEMENT_3D('',#9890,#9891,#9892);
#9890 = CARTESIAN_POINT('',(37.720601,39.410599,-4.6E-02));
#9891 = DIRECTION('',(-0.,-0.,-1.));
#9892 = DIRECTION('',(-0.,-1.,0.));
#9893 = ADVANCED_FACE('',(#9894),#9905,.F.);
#9894 = FACE_BOUND('',#9895,.T.);
#9895 = EDGE_LOOP('',(#9896,#9897,#9903,#9904));
#9896 = ORIENTED_EDGE('',*,*,#4770,.T.);
#9897 = ORIENTED_EDGE('',*,*,#9898,.T.);
#9898 = EDGE_CURVE('',#4771,#6812,#9899,.T.);
#9899 = LINE('',#9900,#9901);
#9900 = CARTESIAN_POINT('',(40.260601,38.910599,-4.6E-02));
#9901 = VECTOR('',#9902,1.);
#9902 = DIRECTION('',(0.,0.,1.));
#9903 = ORIENTED_EDGE('',*,*,#6811,.F.);
#9904 = ORIENTED_EDGE('',*,*,#9898,.F.);
#9905 = CYLINDRICAL_SURFACE('',#9906,0.5);
#9906 = AXIS2_PLACEMENT_3D('',#9907,#9908,#9909);
#9907 = CARTESIAN_POINT('',(40.260601,39.410599,-4.6E-02));
#9908 = DIRECTION('',(-0.,-0.,-1.));
#9909 = DIRECTION('',(-0.,-1.,0.));
#9910 = ADVANCED_FACE('',(#9911),#9922,.F.);
#9911 = FACE_BOUND('',#9912,.T.);
#9912 = EDGE_LOOP('',(#9913,#9914,#9920,#9921));
#9913 = ORIENTED_EDGE('',*,*,#4781,.T.);
#9914 = ORIENTED_EDGE('',*,*,#9915,.T.);
#9915 = EDGE_CURVE('',#4782,#6823,#9916,.T.);
#9916 = LINE('',#9917,#9918);
#9917 = CARTESIAN_POINT('',(44.070601,39.410599,-4.6E-02));
#9918 = VECTOR('',#9919,1.);
#9919 = DIRECTION('',(0.,0.,1.));
#9920 = ORIENTED_EDGE('',*,*,#6822,.F.);
#9921 = ORIENTED_EDGE('',*,*,#9915,.F.);
#9922 = CYLINDRICAL_SURFACE('',#9923,1.27);
#9923 = AXIS2_PLACEMENT_3D('',#9924,#9925,#9926);
#9924 = CARTESIAN_POINT('',(44.070601,40.680599,-4.6E-02));
#9925 = DIRECTION('',(-0.,0.,-1.));
#9926 = DIRECTION('',(5.594824691024E-15,-1.,-0.));
#9927 = ADVANCED_FACE('',(#9928),#9939,.F.);
#9928 = FACE_BOUND('',#9929,.T.);
#9929 = EDGE_LOOP('',(#9930,#9931,#9937,#9938));
#9930 = ORIENTED_EDGE('',*,*,#4792,.T.);
#9931 = ORIENTED_EDGE('',*,*,#9932,.T.);
#9932 = EDGE_CURVE('',#4793,#6834,#9933,.T.);
#9933 = LINE('',#9934,#9935);
#9934 = CARTESIAN_POINT('',(25.020601,59.230599,-4.6E-02));
#9935 = VECTOR('',#9936,1.);
#9936 = DIRECTION('',(0.,0.,1.));
#9937 = ORIENTED_EDGE('',*,*,#6833,.F.);
#9938 = ORIENTED_EDGE('',*,*,#9932,.F.);
#9939 = CYLINDRICAL_SURFACE('',#9940,0.5);
#9940 = AXIS2_PLACEMENT_3D('',#9941,#9942,#9943);
#9941 = CARTESIAN_POINT('',(25.020601,59.730599,-4.6E-02));
#9942 = DIRECTION('',(-0.,-0.,-1.));
#9943 = DIRECTION('',(-0.,-1.,0.));
#9944 = ADVANCED_FACE('',(#9945),#9956,.F.);
#9945 = FACE_BOUND('',#9946,.T.);
#9946 = EDGE_LOOP('',(#9947,#9948,#9954,#9955));
#9947 = ORIENTED_EDGE('',*,*,#4803,.T.);
#9948 = ORIENTED_EDGE('',*,*,#9949,.T.);
#9949 = EDGE_CURVE('',#4804,#6845,#9950,.T.);
#9950 = LINE('',#9951,#9952);
#9951 = CARTESIAN_POINT('',(27.560601,59.230599,-4.6E-02));
#9952 = VECTOR('',#9953,1.);
#9953 = DIRECTION('',(0.,0.,1.));
#9954 = ORIENTED_EDGE('',*,*,#6844,.F.);
#9955 = ORIENTED_EDGE('',*,*,#9949,.F.);
#9956 = CYLINDRICAL_SURFACE('',#9957,0.5);
#9957 = AXIS2_PLACEMENT_3D('',#9958,#9959,#9960);
#9958 = CARTESIAN_POINT('',(27.560601,59.730599,-4.6E-02));
#9959 = DIRECTION('',(-0.,-0.,-1.));
#9960 = DIRECTION('',(-0.,-1.,0.));
#9961 = ADVANCED_FACE('',(#9962),#9973,.F.);
#9962 = FACE_BOUND('',#9963,.T.);
#9963 = EDGE_LOOP('',(#9964,#9965,#9971,#9972));
#9964 = ORIENTED_EDGE('',*,*,#4814,.T.);
#9965 = ORIENTED_EDGE('',*,*,#9966,.T.);
#9966 = EDGE_CURVE('',#4815,#6856,#9967,.T.);
#9967 = LINE('',#9968,#9969);
#9968 = CARTESIAN_POINT('',(30.100601,59.230599,-4.6E-02));
#9969 = VECTOR('',#9970,1.);
#9970 = DIRECTION('',(0.,0.,1.));
#9971 = ORIENTED_EDGE('',*,*,#6855,.F.);
#9972 = ORIENTED_EDGE('',*,*,#9966,.F.);
#9973 = CYLINDRICAL_SURFACE('',#9974,0.5);
#9974 = AXIS2_PLACEMENT_3D('',#9975,#9976,#9977);
#9975 = CARTESIAN_POINT('',(30.100601,59.730599,-4.6E-02));
#9976 = DIRECTION('',(-0.,-0.,-1.));
#9977 = DIRECTION('',(-0.,-1.,0.));
#9978 = ADVANCED_FACE('',(#9979),#9990,.F.);
#9979 = FACE_BOUND('',#9980,.T.);
#9980 = EDGE_LOOP('',(#9981,#9982,#9988,#9989));
#9981 = ORIENTED_EDGE('',*,*,#4825,.T.);
#9982 = ORIENTED_EDGE('',*,*,#9983,.T.);
#9983 = EDGE_CURVE('',#4826,#6867,#9984,.T.);
#9984 = LINE('',#9985,#9986);
#9985 = CARTESIAN_POINT('',(32.640601,59.230599,-4.6E-02));
#9986 = VECTOR('',#9987,1.);
#9987 = DIRECTION('',(0.,0.,1.));
#9988 = ORIENTED_EDGE('',*,*,#6866,.F.);
#9989 = ORIENTED_EDGE('',*,*,#9983,.F.);
#9990 = CYLINDRICAL_SURFACE('',#9991,0.5);
#9991 = AXIS2_PLACEMENT_3D('',#9992,#9993,#9994);
#9992 = CARTESIAN_POINT('',(32.640601,59.730599,-4.6E-02));
#9993 = DIRECTION('',(-0.,-0.,-1.));
#9994 = DIRECTION('',(-0.,-1.,0.));
#9995 = ADVANCED_FACE('',(#9996),#10007,.F.);
#9996 = FACE_BOUND('',#9997,.T.);
#9997 = EDGE_LOOP('',(#9998,#9999,#10005,#10006));
#9998 = ORIENTED_EDGE('',*,*,#4836,.T.);
#9999 = ORIENTED_EDGE('',*,*,#10000,.T.);
#10000 = EDGE_CURVE('',#4837,#6878,#10001,.T.);
#10001 = LINE('',#10002,#10003);
#10002 = CARTESIAN_POINT('',(35.180601,59.230599,-4.6E-02));
#10003 = VECTOR('',#10004,1.);
#10004 = DIRECTION('',(0.,0.,1.));
#10005 = ORIENTED_EDGE('',*,*,#6877,.F.);
#10006 = ORIENTED_EDGE('',*,*,#10000,.F.);
#10007 = CYLINDRICAL_SURFACE('',#10008,0.5);
#10008 = AXIS2_PLACEMENT_3D('',#10009,#10010,#10011);
#10009 = CARTESIAN_POINT('',(35.180601,59.730599,-4.6E-02));
#10010 = DIRECTION('',(-0.,-0.,-1.));
#10011 = DIRECTION('',(-0.,-1.,0.));
#10012 = ADVANCED_FACE('',(#10013),#10024,.F.);
#10013 = FACE_BOUND('',#10014,.T.);
#10014 = EDGE_LOOP('',(#10015,#10016,#10022,#10023));
#10015 = ORIENTED_EDGE('',*,*,#4847,.T.);
#10016 = ORIENTED_EDGE('',*,*,#10017,.T.);
#10017 = EDGE_CURVE('',#4848,#6889,#10018,.T.);
#10018 = LINE('',#10019,#10020);
#10019 = CARTESIAN_POINT('',(37.720601,59.230599,-4.6E-02));
#10020 = VECTOR('',#10021,1.);
#10021 = DIRECTION('',(0.,0.,1.));
#10022 = ORIENTED_EDGE('',*,*,#6888,.F.);
#10023 = ORIENTED_EDGE('',*,*,#10017,.F.);
#10024 = CYLINDRICAL_SURFACE('',#10025,0.5);
#10025 = AXIS2_PLACEMENT_3D('',#10026,#10027,#10028);
#10026 = CARTESIAN_POINT('',(37.720601,59.730599,-4.6E-02));
#10027 = DIRECTION('',(-0.,-0.,-1.));
#10028 = DIRECTION('',(-0.,-1.,0.));
#10029 = ADVANCED_FACE('',(#10030),#10041,.F.);
#10030 = FACE_BOUND('',#10031,.T.);
#10031 = EDGE_LOOP('',(#10032,#10033,#10039,#10040));
#10032 = ORIENTED_EDGE('',*,*,#4858,.T.);
#10033 = ORIENTED_EDGE('',*,*,#10034,.T.);
#10034 = EDGE_CURVE('',#4859,#6900,#10035,.T.);
#10035 = LINE('',#10036,#10037);
#10036 = CARTESIAN_POINT('',(40.260601,59.230599,-4.6E-02));
#10037 = VECTOR('',#10038,1.);
#10038 = DIRECTION('',(0.,0.,1.));
#10039 = ORIENTED_EDGE('',*,*,#6899,.F.);
#10040 = ORIENTED_EDGE('',*,*,#10034,.F.);
#10041 = CYLINDRICAL_SURFACE('',#10042,0.5);
#10042 = AXIS2_PLACEMENT_3D('',#10043,#10044,#10045);
#10043 = CARTESIAN_POINT('',(40.260601,59.730599,-4.6E-02));
#10044 = DIRECTION('',(-0.,-0.,-1.));
#10045 = DIRECTION('',(-0.,-1.,0.));
#10046 = ADVANCED_FACE('',(#10047),#10058,.F.);
#10047 = FACE_BOUND('',#10048,.T.);
#10048 = EDGE_LOOP('',(#10049,#10050,#10056,#10057));
#10049 = ORIENTED_EDGE('',*,*,#4869,.T.);
#10050 = ORIENTED_EDGE('',*,*,#10051,.T.);
#10051 = EDGE_CURVE('',#4870,#6911,#10052,.T.);
#10052 = LINE('',#10053,#10054);
#10053 = CARTESIAN_POINT('',(44.070601,57.190599,-4.6E-02));
#10054 = VECTOR('',#10055,1.);
#10055 = DIRECTION('',(0.,0.,1.));
#10056 = ORIENTED_EDGE('',*,*,#6910,.F.);
#10057 = ORIENTED_EDGE('',*,*,#10051,.F.);
#10058 = CYLINDRICAL_SURFACE('',#10059,1.27);
#10059 = AXIS2_PLACEMENT_3D('',#10060,#10061,#10062);
#10060 = CARTESIAN_POINT('',(44.070601,58.460599,-4.6E-02));
#10061 = DIRECTION('',(-0.,0.,-1.));
#10062 = DIRECTION('',(5.594824691024E-15,-1.,-0.));
#10063 = ( GEOMETRIC_REPRESENTATION_CONTEXT(3) 
GLOBAL_UNCERTAINTY_ASSIGNED_CONTEXT((#10067)) 
GLOBAL_UNIT_ASSIGNED_CONTEXT((#10064,#10065,#10066)) 
REPRESENTATION_CONTEXT('Context #1',
  '3D Context with UNIT and UNCERTAINTY') );
#10064 = ( LENGTH_UNIT() NAMED_UNIT(*) SI_UNIT(.MILLI.,.METRE.) );
#10065 = ( NAMED_UNIT(*) PLANE_ANGLE_UNIT() SI_UNIT($,.RADIAN.) );
#10066 = ( NAMED_UNIT(*) SI_UNIT($,.STERADIAN.) SOLID_ANGLE_UNIT() );
#10067 = UNCERTAINTY_MEASURE_WITH_UNIT(LENGTH_MEASURE(1.E-07),#10064,
  'distance_accuracy_value','confusion accuracy');
#10068 = CONTEXT_DEPENDENT_SHAPE_REPRESENTATION(#10069,#10071);
#10069 = ( REPRESENTATION_RELATIONSHIP('','',#2736,#10) 
REPRESENTATION_RELATIONSHIP_WITH_TRANSFORMATION(#10070) 
SHAPE_REPRESENTATION_RELATIONSHIP() );
#10070 = ITEM_DEFINED_TRANSFORMATION('','',#11,#99);
#10071 = PRODUCT_DEFINITION_SHAPE('Placement','Placement of an item',
  #10072);
#10072 = NEXT_ASSEMBLY_USAGE_OCCURRENCE('24','=>[0:1:1:6]','',#5,#2731,$
  );
#10073 = PRODUCT_RELATED_PRODUCT_CATEGORY('part',$,(#2733));
#10074 = MECHANICAL_DESIGN_GEOMETRIC_PRESENTATION_REPRESENTATION('',(
    #10075),#10063);
#10075 = STYLED_ITEM('color',(#10076),#2737);
#10076 = PRESENTATION_STYLE_ASSIGNMENT((#10077));
#10077 = SURFACE_STYLE_USAGE(.BOTH.,#10078);
#10078 = SURFACE_SIDE_STYLE('',(#10079));
#10079 = SURFACE_STYLE_FILL_AREA(#10080);
#10080 = FILL_AREA_STYLE('',(#10081));
#10081 = FILL_AREA_STYLE_COLOUR('',#10082);
#10082 = COLOUR_RGB('',0.313304153717,0.484529207832,0.410020903123);
#10083 = MECHANICAL_DESIGN_GEOMETRIC_PRESENTATION_REPRESENTATION('',(
    #10084,#10092,#10099,#10106,#10113,#10120,#10127,#10134,#10141,
    #10148,#10155,#10162,#10169,#10176,#10183,#10190,#10197,#10204,
    #10211,#10218,#10225,#10232,#10239,#10247,#10254,#10261,#10268,
    #10275,#10282,#10289,#10296,#10303,#10310,#10317,#10324,#10331,
    #10338,#10345,#10352,#10359,#10366,#10373,#10380,#10387,#10394,
    #10401,#10408,#10415,#10422,#10429,#10436,#10443,#10450,#10457,
    #10464,#10471,#10478,#10485,#10492,#10499,#10506,#10513,#10520,
    #10527,#10534,#10541,#10548,#10555,#10562,#10569,#10576,#10583,
    #10590,#10597,#10604,#10611),#2653);
#10084 = STYLED_ITEM('color',(#10085),#549);
#10085 = PRESENTATION_STYLE_ASSIGNMENT((#10086));
#10086 = SURFACE_STYLE_USAGE(.BOTH.,#10087);
#10087 = SURFACE_SIDE_STYLE('',(#10088));
#10088 = SURFACE_STYLE_FILL_AREA(#10089);
#10089 = FILL_AREA_STYLE('',(#10090));
#10090 = FILL_AREA_STYLE_COLOUR('',#10091);
#10091 = COLOUR_RGB('',0.147999998088,0.144999993226,0.144999993226);
#10092 = STYLED_ITEM('color',(#10093),#589);
#10093 = PRESENTATION_STYLE_ASSIGNMENT((#10094));
#10094 = SURFACE_STYLE_USAGE(.BOTH.,#10095);
#10095 = SURFACE_SIDE_STYLE('',(#10096));
#10096 = SURFACE_STYLE_FILL_AREA(#10097);
#10097 = FILL_AREA_STYLE('',(#10098));
#10098 = FILL_AREA_STYLE_COLOUR('',#10091);
#10099 = STYLED_ITEM('color',(#10100),#620);
#10100 = PRESENTATION_STYLE_ASSIGNMENT((#10101));
#10101 = SURFACE_STYLE_USAGE(.BOTH.,#10102);
#10102 = SURFACE_SIDE_STYLE('',(#10103));
#10103 = SURFACE_STYLE_FILL_AREA(#10104);
#10104 = FILL_AREA_STYLE('',(#10105));
#10105 = FILL_AREA_STYLE_COLOUR('',#10091);
#10106 = STYLED_ITEM('color',(#10107),#651);
#10107 = PRESENTATION_STYLE_ASSIGNMENT((#10108));
#10108 = SURFACE_STYLE_USAGE(.BOTH.,#10109);
#10109 = SURFACE_SIDE_STYLE('',(#10110));
#10110 = SURFACE_STYLE_FILL_AREA(#10111);
#10111 = FILL_AREA_STYLE('',(#10112));
#10112 = FILL_AREA_STYLE_COLOUR('',#10091);
#10113 = STYLED_ITEM('color',(#10114),#898);
#10114 = PRESENTATION_STYLE_ASSIGNMENT((#10115));
#10115 = SURFACE_STYLE_USAGE(.BOTH.,#10116);
#10116 = SURFACE_SIDE_STYLE('',(#10117));
#10117 = SURFACE_STYLE_FILL_AREA(#10118);
#10118 = FILL_AREA_STYLE('',(#10119));
#10119 = FILL_AREA_STYLE_COLOUR('',#10091);
#10120 = STYLED_ITEM('color',(#10121),#1145);
#10121 = PRESENTATION_STYLE_ASSIGNMENT((#10122));
#10122 = SURFACE_STYLE_USAGE(.BOTH.,#10123);
#10123 = SURFACE_SIDE_STYLE('',(#10124));
#10124 = SURFACE_STYLE_FILL_AREA(#10125);
#10125 = FILL_AREA_STYLE('',(#10126));
#10126 = FILL_AREA_STYLE_COLOUR('',#10091);
#10127 = STYLED_ITEM('color',(#10128),#1162);
#10128 = PRESENTATION_STYLE_ASSIGNMENT((#10129));
#10129 = SURFACE_STYLE_USAGE(.BOTH.,#10130);
#10130 = SURFACE_SIDE_STYLE('',(#10131));
#10131 = SURFACE_STYLE_FILL_AREA(#10132);
#10132 = FILL_AREA_STYLE('',(#10133));
#10133 = FILL_AREA_STYLE_COLOUR('',#10091);
#10134 = STYLED_ITEM('color',(#10135),#1179);
#10135 = PRESENTATION_STYLE_ASSIGNMENT((#10136));
#10136 = SURFACE_STYLE_USAGE(.BOTH.,#10137);
#10137 = SURFACE_SIDE_STYLE('',(#10138));
#10138 = SURFACE_STYLE_FILL_AREA(#10139);
#10139 = FILL_AREA_STYLE('',(#10140));
#10140 = FILL_AREA_STYLE_COLOUR('',#10091);
#10141 = STYLED_ITEM('color',(#10142),#1196);
#10142 = PRESENTATION_STYLE_ASSIGNMENT((#10143));
#10143 = SURFACE_STYLE_USAGE(.BOTH.,#10144);
#10144 = SURFACE_SIDE_STYLE('',(#10145));
#10145 = SURFACE_STYLE_FILL_AREA(#10146);
#10146 = FILL_AREA_STYLE('',(#10147));
#10147 = FILL_AREA_STYLE_COLOUR('',#10091);
#10148 = STYLED_ITEM('color',(#10149),#1213);
#10149 = PRESENTATION_STYLE_ASSIGNMENT((#10150));
#10150 = SURFACE_STYLE_USAGE(.BOTH.,#10151);
#10151 = SURFACE_SIDE_STYLE('',(#10152));
#10152 = SURFACE_STYLE_FILL_AREA(#10153);
#10153 = FILL_AREA_STYLE('',(#10154));
#10154 = FILL_AREA_STYLE_COLOUR('',#10091);
#10155 = STYLED_ITEM('color',(#10156),#1230);
#10156 = PRESENTATION_STYLE_ASSIGNMENT((#10157));
#10157 = SURFACE_STYLE_USAGE(.BOTH.,#10158);
#10158 = SURFACE_SIDE_STYLE('',(#10159));
#10159 = SURFACE_STYLE_FILL_AREA(#10160);
#10160 = FILL_AREA_STYLE('',(#10161));
#10161 = FILL_AREA_STYLE_COLOUR('',#10091);
#10162 = STYLED_ITEM('color',(#10163),#1247);
#10163 = PRESENTATION_STYLE_ASSIGNMENT((#10164));
#10164 = SURFACE_STYLE_USAGE(.BOTH.,#10165);
#10165 = SURFACE_SIDE_STYLE('',(#10166));
#10166 = SURFACE_STYLE_FILL_AREA(#10167);
#10167 = FILL_AREA_STYLE('',(#10168));
#10168 = FILL_AREA_STYLE_COLOUR('',#10091);
#10169 = STYLED_ITEM('color',(#10170),#1264);
#10170 = PRESENTATION_STYLE_ASSIGNMENT((#10171));
#10171 = SURFACE_STYLE_USAGE(.BOTH.,#10172);
#10172 = SURFACE_SIDE_STYLE('',(#10173));
#10173 = SURFACE_STYLE_FILL_AREA(#10174);
#10174 = FILL_AREA_STYLE('',(#10175));
#10175 = FILL_AREA_STYLE_COLOUR('',#10091);
#10176 = STYLED_ITEM('color',(#10177),#1281);
#10177 = PRESENTATION_STYLE_ASSIGNMENT((#10178));
#10178 = SURFACE_STYLE_USAGE(.BOTH.,#10179);
#10179 = SURFACE_SIDE_STYLE('',(#10180));
#10180 = SURFACE_STYLE_FILL_AREA(#10181);
#10181 = FILL_AREA_STYLE('',(#10182));
#10182 = FILL_AREA_STYLE_COLOUR('',#10091);
#10183 = STYLED_ITEM('color',(#10184),#1298);
#10184 = PRESENTATION_STYLE_ASSIGNMENT((#10185));
#10185 = SURFACE_STYLE_USAGE(.BOTH.,#10186);
#10186 = SURFACE_SIDE_STYLE('',(#10187));
#10187 = SURFACE_STYLE_FILL_AREA(#10188);
#10188 = FILL_AREA_STYLE('',(#10189));
#10189 = FILL_AREA_STYLE_COLOUR('',#10091);
#10190 = STYLED_ITEM('color',(#10191),#1315);
#10191 = PRESENTATION_STYLE_ASSIGNMENT((#10192));
#10192 = SURFACE_STYLE_USAGE(.BOTH.,#10193);
#10193 = SURFACE_SIDE_STYLE('',(#10194));
#10194 = SURFACE_STYLE_FILL_AREA(#10195);
#10195 = FILL_AREA_STYLE('',(#10196));
#10196 = FILL_AREA_STYLE_COLOUR('',#10091);
#10197 = STYLED_ITEM('color',(#10198),#1332);
#10198 = PRESENTATION_STYLE_ASSIGNMENT((#10199));
#10199 = SURFACE_STYLE_USAGE(.BOTH.,#10200);
#10200 = SURFACE_SIDE_STYLE('',(#10201));
#10201 = SURFACE_STYLE_FILL_AREA(#10202);
#10202 = FILL_AREA_STYLE('',(#10203));
#10203 = FILL_AREA_STYLE_COLOUR('',#10091);
#10204 = STYLED_ITEM('color',(#10205),#1349);
#10205 = PRESENTATION_STYLE_ASSIGNMENT((#10206));
#10206 = SURFACE_STYLE_USAGE(.BOTH.,#10207);
#10207 = SURFACE_SIDE_STYLE('',(#10208));
#10208 = SURFACE_STYLE_FILL_AREA(#10209);
#10209 = FILL_AREA_STYLE('',(#10210));
#10210 = FILL_AREA_STYLE_COLOUR('',#10091);
#10211 = STYLED_ITEM('color',(#10212),#1366);
#10212 = PRESENTATION_STYLE_ASSIGNMENT((#10213));
#10213 = SURFACE_STYLE_USAGE(.BOTH.,#10214);
#10214 = SURFACE_SIDE_STYLE('',(#10215));
#10215 = SURFACE_STYLE_FILL_AREA(#10216);
#10216 = FILL_AREA_STYLE('',(#10217));
#10217 = FILL_AREA_STYLE_COLOUR('',#10091);
#10218 = STYLED_ITEM('color',(#10219),#1383);
#10219 = PRESENTATION_STYLE_ASSIGNMENT((#10220));
#10220 = SURFACE_STYLE_USAGE(.BOTH.,#10221);
#10221 = SURFACE_SIDE_STYLE('',(#10222));
#10222 = SURFACE_STYLE_FILL_AREA(#10223);
#10223 = FILL_AREA_STYLE('',(#10224));
#10224 = FILL_AREA_STYLE_COLOUR('',#10091);
#10225 = STYLED_ITEM('color',(#10226),#1400);
#10226 = PRESENTATION_STYLE_ASSIGNMENT((#10227));
#10227 = SURFACE_STYLE_USAGE(.BOTH.,#10228);
#10228 = SURFACE_SIDE_STYLE('',(#10229));
#10229 = SURFACE_STYLE_FILL_AREA(#10230);
#10230 = FILL_AREA_STYLE('',(#10231));
#10231 = FILL_AREA_STYLE_COLOUR('',#10091);
#10232 = STYLED_ITEM('color',(#10233),#1417);
#10233 = PRESENTATION_STYLE_ASSIGNMENT((#10234));
#10234 = SURFACE_STYLE_USAGE(.BOTH.,#10235);
#10235 = SURFACE_SIDE_STYLE('',(#10236));
#10236 = SURFACE_STYLE_FILL_AREA(#10237);
#10237 = FILL_AREA_STYLE('',(#10238));
#10238 = FILL_AREA_STYLE_COLOUR('',#10091);
#10239 = STYLED_ITEM('color',(#10240),#1429);
#10240 = PRESENTATION_STYLE_ASSIGNMENT((#10241));
#10241 = SURFACE_STYLE_USAGE(.BOTH.,#10242);
#10242 = SURFACE_SIDE_STYLE('',(#10243));
#10243 = SURFACE_STYLE_FILL_AREA(#10244);
#10244 = FILL_AREA_STYLE('',(#10245));
#10245 = FILL_AREA_STYLE_COLOUR('',#10246);
#10246 = COLOUR_RGB('',0.859000020776,0.737999965183,0.495999988746);
#10247 = STYLED_ITEM('color',(#10248),#1460);
#10248 = PRESENTATION_STYLE_ASSIGNMENT((#10249));
#10249 = SURFACE_STYLE_USAGE(.BOTH.,#10250);
#10250 = SURFACE_SIDE_STYLE('',(#10251));
#10251 = SURFACE_STYLE_FILL_AREA(#10252);
#10252 = FILL_AREA_STYLE('',(#10253));
#10253 = FILL_AREA_STYLE_COLOUR('',#10246);
#10254 = STYLED_ITEM('color',(#10255),#1484);
#10255 = PRESENTATION_STYLE_ASSIGNMENT((#10256));
#10256 = SURFACE_STYLE_USAGE(.BOTH.,#10257);
#10257 = SURFACE_SIDE_STYLE('',(#10258));
#10258 = SURFACE_STYLE_FILL_AREA(#10259);
#10259 = FILL_AREA_STYLE('',(#10260));
#10260 = FILL_AREA_STYLE_COLOUR('',#10246);
#10261 = STYLED_ITEM('color',(#10262),#1508);
#10262 = PRESENTATION_STYLE_ASSIGNMENT((#10263));
#10263 = SURFACE_STYLE_USAGE(.BOTH.,#10264);
#10264 = SURFACE_SIDE_STYLE('',(#10265));
#10265 = SURFACE_STYLE_FILL_AREA(#10266);
#10266 = FILL_AREA_STYLE('',(#10267));
#10267 = FILL_AREA_STYLE_COLOUR('',#10246);
#10268 = STYLED_ITEM('color',(#10269),#1525);
#10269 = PRESENTATION_STYLE_ASSIGNMENT((#10270));
#10270 = SURFACE_STYLE_USAGE(.BOTH.,#10271);
#10271 = SURFACE_SIDE_STYLE('',(#10272));
#10272 = SURFACE_STYLE_FILL_AREA(#10273);
#10273 = FILL_AREA_STYLE('',(#10274));
#10274 = FILL_AREA_STYLE_COLOUR('',#10246);
#10275 = STYLED_ITEM('color',(#10276),#1556);
#10276 = PRESENTATION_STYLE_ASSIGNMENT((#10277));
#10277 = SURFACE_STYLE_USAGE(.BOTH.,#10278);
#10278 = SURFACE_SIDE_STYLE('',(#10279));
#10279 = SURFACE_STYLE_FILL_AREA(#10280);
#10280 = FILL_AREA_STYLE('',(#10281));
#10281 = FILL_AREA_STYLE_COLOUR('',#10246);
#10282 = STYLED_ITEM('color',(#10283),#1580);
#10283 = PRESENTATION_STYLE_ASSIGNMENT((#10284));
#10284 = SURFACE_STYLE_USAGE(.BOTH.,#10285);
#10285 = SURFACE_SIDE_STYLE('',(#10286));
#10286 = SURFACE_STYLE_FILL_AREA(#10287);
#10287 = FILL_AREA_STYLE('',(#10288));
#10288 = FILL_AREA_STYLE_COLOUR('',#10246);
#10289 = STYLED_ITEM('color',(#10290),#1604);
#10290 = PRESENTATION_STYLE_ASSIGNMENT((#10291));
#10291 = SURFACE_STYLE_USAGE(.BOTH.,#10292);
#10292 = SURFACE_SIDE_STYLE('',(#10293));
#10293 = SURFACE_STYLE_FILL_AREA(#10294);
#10294 = FILL_AREA_STYLE('',(#10295));
#10295 = FILL_AREA_STYLE_COLOUR('',#10246);
#10296 = STYLED_ITEM('color',(#10297),#1621);
#10297 = PRESENTATION_STYLE_ASSIGNMENT((#10298));
#10298 = SURFACE_STYLE_USAGE(.BOTH.,#10299);
#10299 = SURFACE_SIDE_STYLE('',(#10300));
#10300 = SURFACE_STYLE_FILL_AREA(#10301);
#10301 = FILL_AREA_STYLE('',(#10302));
#10302 = FILL_AREA_STYLE_COLOUR('',#10246);
#10303 = STYLED_ITEM('color',(#10304),#1652);
#10304 = PRESENTATION_STYLE_ASSIGNMENT((#10305));
#10305 = SURFACE_STYLE_USAGE(.BOTH.,#10306);
#10306 = SURFACE_SIDE_STYLE('',(#10307));
#10307 = SURFACE_STYLE_FILL_AREA(#10308);
#10308 = FILL_AREA_STYLE('',(#10309));
#10309 = FILL_AREA_STYLE_COLOUR('',#10246);
#10310 = STYLED_ITEM('color',(#10311),#1676);
#10311 = PRESENTATION_STYLE_ASSIGNMENT((#10312));
#10312 = SURFACE_STYLE_USAGE(.BOTH.,#10313);
#10313 = SURFACE_SIDE_STYLE('',(#10314));
#10314 = SURFACE_STYLE_FILL_AREA(#10315);
#10315 = FILL_AREA_STYLE('',(#10316));
#10316 = FILL_AREA_STYLE_COLOUR('',#10246);
#10317 = STYLED_ITEM('color',(#10318),#1700);
#10318 = PRESENTATION_STYLE_ASSIGNMENT((#10319));
#10319 = SURFACE_STYLE_USAGE(.BOTH.,#10320);
#10320 = SURFACE_SIDE_STYLE('',(#10321));
#10321 = SURFACE_STYLE_FILL_AREA(#10322);
#10322 = FILL_AREA_STYLE('',(#10323));
#10323 = FILL_AREA_STYLE_COLOUR('',#10246);
#10324 = STYLED_ITEM('color',(#10325),#1717);
#10325 = PRESENTATION_STYLE_ASSIGNMENT((#10326));
#10326 = SURFACE_STYLE_USAGE(.BOTH.,#10327);
#10327 = SURFACE_SIDE_STYLE('',(#10328));
#10328 = SURFACE_STYLE_FILL_AREA(#10329);
#10329 = FILL_AREA_STYLE('',(#10330));
#10330 = FILL_AREA_STYLE_COLOUR('',#10246);
#10331 = STYLED_ITEM('color',(#10332),#1748);
#10332 = PRESENTATION_STYLE_ASSIGNMENT((#10333));
#10333 = SURFACE_STYLE_USAGE(.BOTH.,#10334);
#10334 = SURFACE_SIDE_STYLE('',(#10335));
#10335 = SURFACE_STYLE_FILL_AREA(#10336);
#10336 = FILL_AREA_STYLE('',(#10337));
#10337 = FILL_AREA_STYLE_COLOUR('',#10246);
#10338 = STYLED_ITEM('color',(#10339),#1772);
#10339 = PRESENTATION_STYLE_ASSIGNMENT((#10340));
#10340 = SURFACE_STYLE_USAGE(.BOTH.,#10341);
#10341 = SURFACE_SIDE_STYLE('',(#10342));
#10342 = SURFACE_STYLE_FILL_AREA(#10343);
#10343 = FILL_AREA_STYLE('',(#10344));
#10344 = FILL_AREA_STYLE_COLOUR('',#10246);
#10345 = STYLED_ITEM('color',(#10346),#1796);
#10346 = PRESENTATION_STYLE_ASSIGNMENT((#10347));
#10347 = SURFACE_STYLE_USAGE(.BOTH.,#10348);
#10348 = SURFACE_SIDE_STYLE('',(#10349));
#10349 = SURFACE_STYLE_FILL_AREA(#10350);
#10350 = FILL_AREA_STYLE('',(#10351));
#10351 = FILL_AREA_STYLE_COLOUR('',#10246);
#10352 = STYLED_ITEM('color',(#10353),#1813);
#10353 = PRESENTATION_STYLE_ASSIGNMENT((#10354));
#10354 = SURFACE_STYLE_USAGE(.BOTH.,#10355);
#10355 = SURFACE_SIDE_STYLE('',(#10356));
#10356 = SURFACE_STYLE_FILL_AREA(#10357);
#10357 = FILL_AREA_STYLE('',(#10358));
#10358 = FILL_AREA_STYLE_COLOUR('',#10246);
#10359 = STYLED_ITEM('color',(#10360),#1844);
#10360 = PRESENTATION_STYLE_ASSIGNMENT((#10361));
#10361 = SURFACE_STYLE_USAGE(.BOTH.,#10362);
#10362 = SURFACE_SIDE_STYLE('',(#10363));
#10363 = SURFACE_STYLE_FILL_AREA(#10364);
#10364 = FILL_AREA_STYLE('',(#10365));
#10365 = FILL_AREA_STYLE_COLOUR('',#10246);
#10366 = STYLED_ITEM('color',(#10367),#1868);
#10367 = PRESENTATION_STYLE_ASSIGNMENT((#10368));
#10368 = SURFACE_STYLE_USAGE(.BOTH.,#10369);
#10369 = SURFACE_SIDE_STYLE('',(#10370));
#10370 = SURFACE_STYLE_FILL_AREA(#10371);
#10371 = FILL_AREA_STYLE('',(#10372));
#10372 = FILL_AREA_STYLE_COLOUR('',#10246);
#10373 = STYLED_ITEM('color',(#10374),#1892);
#10374 = PRESENTATION_STYLE_ASSIGNMENT((#10375));
#10375 = SURFACE_STYLE_USAGE(.BOTH.,#10376);
#10376 = SURFACE_SIDE_STYLE('',(#10377));
#10377 = SURFACE_STYLE_FILL_AREA(#10378);
#10378 = FILL_AREA_STYLE('',(#10379));
#10379 = FILL_AREA_STYLE_COLOUR('',#10246);
#10380 = STYLED_ITEM('color',(#10381),#1909);
#10381 = PRESENTATION_STYLE_ASSIGNMENT((#10382));
#10382 = SURFACE_STYLE_USAGE(.BOTH.,#10383);
#10383 = SURFACE_SIDE_STYLE('',(#10384));
#10384 = SURFACE_STYLE_FILL_AREA(#10385);
#10385 = FILL_AREA_STYLE('',(#10386));
#10386 = FILL_AREA_STYLE_COLOUR('',#10246);
#10387 = STYLED_ITEM('color',(#10388),#1940);
#10388 = PRESENTATION_STYLE_ASSIGNMENT((#10389));
#10389 = SURFACE_STYLE_USAGE(.BOTH.,#10390);
#10390 = SURFACE_SIDE_STYLE('',(#10391));
#10391 = SURFACE_STYLE_FILL_AREA(#10392);
#10392 = FILL_AREA_STYLE('',(#10393));
#10393 = FILL_AREA_STYLE_COLOUR('',#10246);
#10394 = STYLED_ITEM('color',(#10395),#1964);
#10395 = PRESENTATION_STYLE_ASSIGNMENT((#10396));
#10396 = SURFACE_STYLE_USAGE(.BOTH.,#10397);
#10397 = SURFACE_SIDE_STYLE('',(#10398));
#10398 = SURFACE_STYLE_FILL_AREA(#10399);
#10399 = FILL_AREA_STYLE('',(#10400));
#10400 = FILL_AREA_STYLE_COLOUR('',#10246);
#10401 = STYLED_ITEM('color',(#10402),#1988);
#10402 = PRESENTATION_STYLE_ASSIGNMENT((#10403));
#10403 = SURFACE_STYLE_USAGE(.BOTH.,#10404);
#10404 = SURFACE_SIDE_STYLE('',(#10405));
#10405 = SURFACE_STYLE_FILL_AREA(#10406);
#10406 = FILL_AREA_STYLE('',(#10407));
#10407 = FILL_AREA_STYLE_COLOUR('',#10246);
#10408 = STYLED_ITEM('color',(#10409),#2005);
#10409 = PRESENTATION_STYLE_ASSIGNMENT((#10410));
#10410 = SURFACE_STYLE_USAGE(.BOTH.,#10411);
#10411 = SURFACE_SIDE_STYLE('',(#10412));
#10412 = SURFACE_STYLE_FILL_AREA(#10413);
#10413 = FILL_AREA_STYLE('',(#10414));
#10414 = FILL_AREA_STYLE_COLOUR('',#10246);
#10415 = STYLED_ITEM('color',(#10416),#2036);
#10416 = PRESENTATION_STYLE_ASSIGNMENT((#10417));
#10417 = SURFACE_STYLE_USAGE(.BOTH.,#10418);
#10418 = SURFACE_SIDE_STYLE('',(#10419));
#10419 = SURFACE_STYLE_FILL_AREA(#10420);
#10420 = FILL_AREA_STYLE('',(#10421));
#10421 = FILL_AREA_STYLE_COLOUR('',#10246);
#10422 = STYLED_ITEM('color',(#10423),#2060);
#10423 = PRESENTATION_STYLE_ASSIGNMENT((#10424));
#10424 = SURFACE_STYLE_USAGE(.BOTH.,#10425);
#10425 = SURFACE_SIDE_STYLE('',(#10426));
#10426 = SURFACE_STYLE_FILL_AREA(#10427);
#10427 = FILL_AREA_STYLE('',(#10428));
#10428 = FILL_AREA_STYLE_COLOUR('',#10246);
#10429 = STYLED_ITEM('color',(#10430),#2084);
#10430 = PRESENTATION_STYLE_ASSIGNMENT((#10431));
#10431 = SURFACE_STYLE_USAGE(.BOTH.,#10432);
#10432 = SURFACE_SIDE_STYLE('',(#10433));
#10433 = SURFACE_STYLE_FILL_AREA(#10434);
#10434 = FILL_AREA_STYLE('',(#10435));
#10435 = FILL_AREA_STYLE_COLOUR('',#10246);
#10436 = STYLED_ITEM('color',(#10437),#2101);
#10437 = PRESENTATION_STYLE_ASSIGNMENT((#10438));
#10438 = SURFACE_STYLE_USAGE(.BOTH.,#10439);
#10439 = SURFACE_SIDE_STYLE('',(#10440));
#10440 = SURFACE_STYLE_FILL_AREA(#10441);
#10441 = FILL_AREA_STYLE('',(#10442));
#10442 = FILL_AREA_STYLE_COLOUR('',#10246);
#10443 = STYLED_ITEM('color',(#10444),#2132);
#10444 = PRESENTATION_STYLE_ASSIGNMENT((#10445));
#10445 = SURFACE_STYLE_USAGE(.BOTH.,#10446);
#10446 = SURFACE_SIDE_STYLE('',(#10447));
#10447 = SURFACE_STYLE_FILL_AREA(#10448);
#10448 = FILL_AREA_STYLE('',(#10449));
#10449 = FILL_AREA_STYLE_COLOUR('',#10246);
#10450 = STYLED_ITEM('color',(#10451),#2156);
#10451 = PRESENTATION_STYLE_ASSIGNMENT((#10452));
#10452 = SURFACE_STYLE_USAGE(.BOTH.,#10453);
#10453 = SURFACE_SIDE_STYLE('',(#10454));
#10454 = SURFACE_STYLE_FILL_AREA(#10455);
#10455 = FILL_AREA_STYLE('',(#10456));
#10456 = FILL_AREA_STYLE_COLOUR('',#10246);
#10457 = STYLED_ITEM('color',(#10458),#2180);
#10458 = PRESENTATION_STYLE_ASSIGNMENT((#10459));
#10459 = SURFACE_STYLE_USAGE(.BOTH.,#10460);
#10460 = SURFACE_SIDE_STYLE('',(#10461));
#10461 = SURFACE_STYLE_FILL_AREA(#10462);
#10462 = FILL_AREA_STYLE('',(#10463));
#10463 = FILL_AREA_STYLE_COLOUR('',#10246);
#10464 = STYLED_ITEM('color',(#10465),#2197);
#10465 = PRESENTATION_STYLE_ASSIGNMENT((#10466));
#10466 = SURFACE_STYLE_USAGE(.BOTH.,#10467);
#10467 = SURFACE_SIDE_STYLE('',(#10468));
#10468 = SURFACE_STYLE_FILL_AREA(#10469);
#10469 = FILL_AREA_STYLE('',(#10470));
#10470 = FILL_AREA_STYLE_COLOUR('',#10246);
#10471 = STYLED_ITEM('color',(#10472),#2228);
#10472 = PRESENTATION_STYLE_ASSIGNMENT((#10473));
#10473 = SURFACE_STYLE_USAGE(.BOTH.,#10474);
#10474 = SURFACE_SIDE_STYLE('',(#10475));
#10475 = SURFACE_STYLE_FILL_AREA(#10476);
#10476 = FILL_AREA_STYLE('',(#10477));
#10477 = FILL_AREA_STYLE_COLOUR('',#10246);
#10478 = STYLED_ITEM('color',(#10479),#2252);
#10479 = PRESENTATION_STYLE_ASSIGNMENT((#10480));
#10480 = SURFACE_STYLE_USAGE(.BOTH.,#10481);
#10481 = SURFACE_SIDE_STYLE('',(#10482));
#10482 = SURFACE_STYLE_FILL_AREA(#10483);
#10483 = FILL_AREA_STYLE('',(#10484));
#10484 = FILL_AREA_STYLE_COLOUR('',#10246);
#10485 = STYLED_ITEM('color',(#10486),#2276);
#10486 = PRESENTATION_STYLE_ASSIGNMENT((#10487));
#10487 = SURFACE_STYLE_USAGE(.BOTH.,#10488);
#10488 = SURFACE_SIDE_STYLE('',(#10489));
#10489 = SURFACE_STYLE_FILL_AREA(#10490);
#10490 = FILL_AREA_STYLE('',(#10491));
#10491 = FILL_AREA_STYLE_COLOUR('',#10246);
#10492 = STYLED_ITEM('color',(#10493),#2293);
#10493 = PRESENTATION_STYLE_ASSIGNMENT((#10494));
#10494 = SURFACE_STYLE_USAGE(.BOTH.,#10495);
#10495 = SURFACE_SIDE_STYLE('',(#10496));
#10496 = SURFACE_STYLE_FILL_AREA(#10497);
#10497 = FILL_AREA_STYLE('',(#10498));
#10498 = FILL_AREA_STYLE_COLOUR('',#10246);
#10499 = STYLED_ITEM('color',(#10500),#2324);
#10500 = PRESENTATION_STYLE_ASSIGNMENT((#10501));
#10501 = SURFACE_STYLE_USAGE(.BOTH.,#10502);
#10502 = SURFACE_SIDE_STYLE('',(#10503));
#10503 = SURFACE_STYLE_FILL_AREA(#10504);
#10504 = FILL_AREA_STYLE('',(#10505));
#10505 = FILL_AREA_STYLE_COLOUR('',#10246);
#10506 = STYLED_ITEM('color',(#10507),#2348);
#10507 = PRESENTATION_STYLE_ASSIGNMENT((#10508));
#10508 = SURFACE_STYLE_USAGE(.BOTH.,#10509);
#10509 = SURFACE_SIDE_STYLE('',(#10510));
#10510 = SURFACE_STYLE_FILL_AREA(#10511);
#10511 = FILL_AREA_STYLE('',(#10512));
#10512 = FILL_AREA_STYLE_COLOUR('',#10246);
#10513 = STYLED_ITEM('color',(#10514),#2372);
#10514 = PRESENTATION_STYLE_ASSIGNMENT((#10515));
#10515 = SURFACE_STYLE_USAGE(.BOTH.,#10516);
#10516 = SURFACE_SIDE_STYLE('',(#10517));
#10517 = SURFACE_STYLE_FILL_AREA(#10518);
#10518 = FILL_AREA_STYLE('',(#10519));
#10519 = FILL_AREA_STYLE_COLOUR('',#10246);
#10520 = STYLED_ITEM('color',(#10521),#2389);
#10521 = PRESENTATION_STYLE_ASSIGNMENT((#10522));
#10522 = SURFACE_STYLE_USAGE(.BOTH.,#10523);
#10523 = SURFACE_SIDE_STYLE('',(#10524));
#10524 = SURFACE_STYLE_FILL_AREA(#10525);
#10525 = FILL_AREA_STYLE('',(#10526));
#10526 = FILL_AREA_STYLE_COLOUR('',#10246);
#10527 = STYLED_ITEM('color',(#10528),#2420);
#10528 = PRESENTATION_STYLE_ASSIGNMENT((#10529));
#10529 = SURFACE_STYLE_USAGE(.BOTH.,#10530);
#10530 = SURFACE_SIDE_STYLE('',(#10531));
#10531 = SURFACE_STYLE_FILL_AREA(#10532);
#10532 = FILL_AREA_STYLE('',(#10533));
#10533 = FILL_AREA_STYLE_COLOUR('',#10246);
#10534 = STYLED_ITEM('color',(#10535),#2444);
#10535 = PRESENTATION_STYLE_ASSIGNMENT((#10536));
#10536 = SURFACE_STYLE_USAGE(.BOTH.,#10537);
#10537 = SURFACE_SIDE_STYLE('',(#10538));
#10538 = SURFACE_STYLE_FILL_AREA(#10539);
#10539 = FILL_AREA_STYLE('',(#10540));
#10540 = FILL_AREA_STYLE_COLOUR('',#10246);
#10541 = STYLED_ITEM('color',(#10542),#2468);
#10542 = PRESENTATION_STYLE_ASSIGNMENT((#10543));
#10543 = SURFACE_STYLE_USAGE(.BOTH.,#10544);
#10544 = SURFACE_SIDE_STYLE('',(#10545));
#10545 = SURFACE_STYLE_FILL_AREA(#10546);
#10546 = FILL_AREA_STYLE('',(#10547));
#10547 = FILL_AREA_STYLE_COLOUR('',#10246);
#10548 = STYLED_ITEM('color',(#10549),#2485);
#10549 = PRESENTATION_STYLE_ASSIGNMENT((#10550));
#10550 = SURFACE_STYLE_USAGE(.BOTH.,#10551);
#10551 = SURFACE_SIDE_STYLE('',(#10552));
#10552 = SURFACE_STYLE_FILL_AREA(#10553);
#10553 = FILL_AREA_STYLE('',(#10554));
#10554 = FILL_AREA_STYLE_COLOUR('',#10246);
#10555 = STYLED_ITEM('color',(#10556),#2516);
#10556 = PRESENTATION_STYLE_ASSIGNMENT((#10557));
#10557 = SURFACE_STYLE_USAGE(.BOTH.,#10558);
#10558 = SURFACE_SIDE_STYLE('',(#10559));
#10559 = SURFACE_STYLE_FILL_AREA(#10560);
#10560 = FILL_AREA_STYLE('',(#10561));
#10561 = FILL_AREA_STYLE_COLOUR('',#10246);
#10562 = STYLED_ITEM('color',(#10563),#2540);
#10563 = PRESENTATION_STYLE_ASSIGNMENT((#10564));
#10564 = SURFACE_STYLE_USAGE(.BOTH.,#10565);
#10565 = SURFACE_SIDE_STYLE('',(#10566));
#10566 = SURFACE_STYLE_FILL_AREA(#10567);
#10567 = FILL_AREA_STYLE('',(#10568));
#10568 = FILL_AREA_STYLE_COLOUR('',#10246);
#10569 = STYLED_ITEM('color',(#10570),#2564);
#10570 = PRESENTATION_STYLE_ASSIGNMENT((#10571));
#10571 = SURFACE_STYLE_USAGE(.BOTH.,#10572);
#10572 = SURFACE_SIDE_STYLE('',(#10573));
#10573 = SURFACE_STYLE_FILL_AREA(#10574);
#10574 = FILL_AREA_STYLE('',(#10575));
#10575 = FILL_AREA_STYLE_COLOUR('',#10246);
#10576 = STYLED_ITEM('color',(#10577),#2581);
#10577 = PRESENTATION_STYLE_ASSIGNMENT((#10578));
#10578 = SURFACE_STYLE_USAGE(.BOTH.,#10579);
#10579 = SURFACE_SIDE_STYLE('',(#10580));
#10580 = SURFACE_STYLE_FILL_AREA(#10581);
#10581 = FILL_AREA_STYLE('',(#10582));
#10582 = FILL_AREA_STYLE_COLOUR('',#10246);
#10583 = STYLED_ITEM('color',(#10584),#2593);
#10584 = PRESENTATION_STYLE_ASSIGNMENT((#10585));
#10585 = SURFACE_STYLE_USAGE(.BOTH.,#10586);
#10586 = SURFACE_SIDE_STYLE('',(#10587));
#10587 = SURFACE_STYLE_FILL_AREA(#10588);
#10588 = FILL_AREA_STYLE('',(#10589));
#10589 = FILL_AREA_STYLE_COLOUR('',#10246);
#10590 = STYLED_ITEM('color',(#10591),#2605);
#10591 = PRESENTATION_STYLE_ASSIGNMENT((#10592));
#10592 = SURFACE_STYLE_USAGE(.BOTH.,#10593);
#10593 = SURFACE_SIDE_STYLE('',(#10594));
#10594 = SURFACE_STYLE_FILL_AREA(#10595);
#10595 = FILL_AREA_STYLE('',(#10596));
#10596 = FILL_AREA_STYLE_COLOUR('',#10246);
#10597 = STYLED_ITEM('color',(#10598),#2617);
#10598 = PRESENTATION_STYLE_ASSIGNMENT((#10599));
#10599 = SURFACE_STYLE_USAGE(.BOTH.,#10600);
#10600 = SURFACE_SIDE_STYLE('',(#10601));
#10601 = SURFACE_STYLE_FILL_AREA(#10602);
#10602 = FILL_AREA_STYLE('',(#10603));
#10603 = FILL_AREA_STYLE_COLOUR('',#10246);
#10604 = STYLED_ITEM('color',(#10605),#2629);
#10605 = PRESENTATION_STYLE_ASSIGNMENT((#10606));
#10606 = SURFACE_STYLE_USAGE(.BOTH.,#10607);
#10607 = SURFACE_SIDE_STYLE('',(#10608));
#10608 = SURFACE_STYLE_FILL_AREA(#10609);
#10609 = FILL_AREA_STYLE('',(#10610));
#10610 = FILL_AREA_STYLE_COLOUR('',#10246);
#10611 = STYLED_ITEM('color',(#10612),#2641);
#10612 = PRESENTATION_STYLE_ASSIGNMENT((#10613));
#10613 = SURFACE_STYLE_USAGE(.BOTH.,#10614);
#10614 = SURFACE_SIDE_STYLE('',(#10615));
#10615 = SURFACE_STYLE_FILL_AREA(#10616);
#10616 = FILL_AREA_STYLE('',(#10617));
#10617 = FILL_AREA_STYLE_COLOUR('',#10246);
#10618 = MECHANICAL_DESIGN_GEOMETRIC_PRESENTATION_REPRESENTATION('',(
    #10619,#10627,#10634,#10641,#10648,#10655,#10662,#10670,#10677,
    #10684,#10691,#10698,#10705,#10712,#10719),#475);
#10619 = STYLED_ITEM('color',(#10620),#142);
#10620 = PRESENTATION_STYLE_ASSIGNMENT((#10621));
#10621 = SURFACE_STYLE_USAGE(.BOTH.,#10622);
#10622 = SURFACE_SIDE_STYLE('',(#10623));
#10623 = SURFACE_STYLE_FILL_AREA(#10624);
#10624 = FILL_AREA_STYLE('',(#10625));
#10625 = FILL_AREA_STYLE_COLOUR('',#10626);
#10626 = COLOUR_RGB('',0.823999987314,0.819999987296,0.781000009244);
#10627 = STYLED_ITEM('color',(#10628),#175);
#10628 = PRESENTATION_STYLE_ASSIGNMENT((#10629));
#10629 = SURFACE_STYLE_USAGE(.BOTH.,#10630);
#10630 = SURFACE_SIDE_STYLE('',(#10631));
#10631 = SURFACE_STYLE_FILL_AREA(#10632);
#10632 = FILL_AREA_STYLE('',(#10633));
#10633 = FILL_AREA_STYLE_COLOUR('',#10626);
#10634 = STYLED_ITEM('color',(#10635),#184);
#10635 = PRESENTATION_STYLE_ASSIGNMENT((#10636));
#10636 = SURFACE_STYLE_USAGE(.BOTH.,#10637);
#10637 = SURFACE_SIDE_STYLE('',(#10638));
#10638 = SURFACE_STYLE_FILL_AREA(#10639);
#10639 = FILL_AREA_STYLE('',(#10640));
#10640 = FILL_AREA_STYLE_COLOUR('',#10626);
#10641 = STYLED_ITEM('color',(#10642),#210);
#10642 = PRESENTATION_STYLE_ASSIGNMENT((#10643));
#10643 = SURFACE_STYLE_USAGE(.BOTH.,#10644);
#10644 = SURFACE_SIDE_STYLE('',(#10645));
#10645 = SURFACE_STYLE_FILL_AREA(#10646);
#10646 = FILL_AREA_STYLE('',(#10647));
#10647 = FILL_AREA_STYLE_COLOUR('',#10626);
#10648 = STYLED_ITEM('color',(#10649),#235);
#10649 = PRESENTATION_STYLE_ASSIGNMENT((#10650));
#10650 = SURFACE_STYLE_USAGE(.BOTH.,#10651);
#10651 = SURFACE_SIDE_STYLE('',(#10652));
#10652 = SURFACE_STYLE_FILL_AREA(#10653);
#10653 = FILL_AREA_STYLE('',(#10654));
#10654 = FILL_AREA_STYLE_COLOUR('',#10091);
#10655 = STYLED_ITEM('color',(#10656),#255);
#10656 = PRESENTATION_STYLE_ASSIGNMENT((#10657));
#10657 = SURFACE_STYLE_USAGE(.BOTH.,#10658);
#10658 = SURFACE_SIDE_STYLE('',(#10659));
#10659 = SURFACE_STYLE_FILL_AREA(#10660);
#10660 = FILL_AREA_STYLE('',(#10661));
#10661 = FILL_AREA_STYLE_COLOUR('',#10091);
#10662 = STYLED_ITEM('color',(#10663),#280);
#10663 = PRESENTATION_STYLE_ASSIGNMENT((#10664));
#10664 = SURFACE_STYLE_USAGE(.BOTH.,#10665);
#10665 = SURFACE_SIDE_STYLE('',(#10666));
#10666 = SURFACE_STYLE_FILL_AREA(#10667);
#10667 = FILL_AREA_STYLE('',(#10668));
#10668 = FILL_AREA_STYLE_COLOUR('',#10669);
#10669 = COLOUR_RGB('',0.894999966383,0.890999961016,0.813000030345);
#10670 = STYLED_ITEM('color',(#10671),#300);
#10671 = PRESENTATION_STYLE_ASSIGNMENT((#10672));
#10672 = SURFACE_STYLE_USAGE(.BOTH.,#10673);
#10673 = SURFACE_SIDE_STYLE('',(#10674));
#10674 = SURFACE_STYLE_FILL_AREA(#10675);
#10675 = FILL_AREA_STYLE('',(#10676));
#10676 = FILL_AREA_STYLE_COLOUR('',#10669);
#10677 = STYLED_ITEM('color',(#10678),#325);
#10678 = PRESENTATION_STYLE_ASSIGNMENT((#10679));
#10679 = SURFACE_STYLE_USAGE(.BOTH.,#10680);
#10680 = SURFACE_SIDE_STYLE('',(#10681));
#10681 = SURFACE_STYLE_FILL_AREA(#10682);
#10682 = FILL_AREA_STYLE('',(#10683));
#10683 = FILL_AREA_STYLE_COLOUR('',#10669);
#10684 = STYLED_ITEM('color',(#10685),#345);
#10685 = PRESENTATION_STYLE_ASSIGNMENT((#10686));
#10686 = SURFACE_STYLE_USAGE(.BOTH.,#10687);
#10687 = SURFACE_SIDE_STYLE('',(#10688));
#10688 = SURFACE_STYLE_FILL_AREA(#10689);
#10689 = FILL_AREA_STYLE('',(#10690));
#10690 = FILL_AREA_STYLE_COLOUR('',#10091);
#10691 = STYLED_ITEM('color',(#10692),#370);
#10692 = PRESENTATION_STYLE_ASSIGNMENT((#10693));
#10693 = SURFACE_STYLE_USAGE(.BOTH.,#10694);
#10694 = SURFACE_SIDE_STYLE('',(#10695));
#10695 = SURFACE_STYLE_FILL_AREA(#10696);
#10696 = FILL_AREA_STYLE('',(#10697));
#10697 = FILL_AREA_STYLE_COLOUR('',#10091);
#10698 = STYLED_ITEM('color',(#10699),#390);
#10699 = PRESENTATION_STYLE_ASSIGNMENT((#10700));
#10700 = SURFACE_STYLE_USAGE(.BOTH.,#10701);
#10701 = SURFACE_SIDE_STYLE('',(#10702));
#10702 = SURFACE_STYLE_FILL_AREA(#10703);
#10703 = FILL_AREA_STYLE('',(#10704));
#10704 = FILL_AREA_STYLE_COLOUR('',#10626);
#10705 = STYLED_ITEM('color',(#10706),#415);
#10706 = PRESENTATION_STYLE_ASSIGNMENT((#10707));
#10707 = SURFACE_STYLE_USAGE(.BOTH.,#10708);
#10708 = SURFACE_SIDE_STYLE('',(#10709));
#10709 = SURFACE_STYLE_FILL_AREA(#10710);
#10710 = FILL_AREA_STYLE('',(#10711));
#10711 = FILL_AREA_STYLE_COLOUR('',#10626);
#10712 = STYLED_ITEM('color',(#10713),#441);
#10713 = PRESENTATION_STYLE_ASSIGNMENT((#10714));
#10714 = SURFACE_STYLE_USAGE(.BOTH.,#10715);
#10715 = SURFACE_SIDE_STYLE('',(#10716));
#10716 = SURFACE_STYLE_FILL_AREA(#10717);
#10717 = FILL_AREA_STYLE('',(#10718));
#10718 = FILL_AREA_STYLE_COLOUR('',#10626);
#10719 = STYLED_ITEM('color',(#10720),#466);
#10720 = PRESENTATION_STYLE_ASSIGNMENT((#10721));
#10721 = SURFACE_STYLE_USAGE(.BOTH.,#10722);
#10722 = SURFACE_SIDE_STYLE('',(#10723));
#10723 = SURFACE_STYLE_FILL_AREA(#10724);
#10724 = FILL_AREA_STYLE('',(#10725));
#10725 = FILL_AREA_STYLE_COLOUR('',#10626);
ENDSEC;
END-ISO-10303-21;
