ISO-10303-21;
HEADER;
/* Generated by software containing ST-Developer
 * from STEP Tools, Inc. (www.steptools.com) 
 */

FILE_DESCRIPTION(
/* description */ ('KiCad electronic assembly'),
/* implementation_level */ '2;1');

FILE_NAME(
/* name */ 'Case.step',
/* time_stamp */ '2026-06-21T13:51:36+04:00',
/* author */ (''),
/* organization */ (''),
/* preprocessor_version */ 'ST-DEVELOPER v20.1',
/* originating_system */ 'Autodesk Translation Framework v15.8.0.0',
/* authorisation */ '');

FILE_SCHEMA (('AUTOMOTIVE_DESIGN { 1 0 10303 214 3 1 1 }'));
ENDSEC;

DATA;
#10=MECHANICAL_DESIGN_GEOMETRIC_PRESENTATION_REPRESENTATION('',(#59,#60,
#61,#62,#63,#64,#65,#66,#67,#68,#69,#70,#71,#72,#73,#74,#75,#76,#77,#78,
#79,#80,#81,#82),#21051);
#11=ITEM_DEFINED_TRANSFORMATION($,$,#12287,#13801);
#12=(
REPRESENTATION_RELATIONSHIP($,$,#21062,#21061)
REPRESENTATION_RELATIONSHIP_WITH_TRANSFORMATION(#11)
SHAPE_REPRESENTATION_RELATIONSHIP()
);
#13=CONTEXT_DEPENDENT_SHAPE_REPRESENTATION(#12,#21060);
#14=NEXT_ASSEMBLY_USAGE_OCCURRENCE('Calc_PCB:1','Calc_PCB:1',
'Calc_PCB:1',#21064,#21065,'Calc_PCB:1');
#15=SHAPE_REPRESENTATION_RELATIONSHIP('SRR','None',#21062,#17);
#16=SHAPE_REPRESENTATION_RELATIONSHIP('SRR','None',#21061,#18);
#17=ADVANCED_BREP_SHAPE_REPRESENTATION('',(#83,#84,#85,#86,#87,#88,#89,
#90,#91,#92,#93,#94,#95,#96,#97,#98,#99,#100,#101,#102,#103,#104),#21050);
#18=ADVANCED_BREP_SHAPE_REPRESENTATION('',(#105,#106),#21049);
#19=TOROIDAL_SURFACE('',#12851,0.6,0.3);
#20=TOROIDAL_SURFACE('',#12874,0.6,0.3);
#21=TOROIDAL_SURFACE('',#12886,0.6,0.3);
#22=TOROIDAL_SURFACE('',#12909,0.6,0.3);
#23=TOROIDAL_SURFACE('',#12921,0.6,0.3);
#24=TOROIDAL_SURFACE('',#12944,0.6,0.3);
#25=TOROIDAL_SURFACE('',#12956,0.6,0.3);
#26=TOROIDAL_SURFACE('',#12979,0.6,0.3);
#27=TOROIDAL_SURFACE('',#12991,0.6,0.3);
#28=TOROIDAL_SURFACE('',#13014,0.6,0.3);
#29=TOROIDAL_SURFACE('',#13026,0.6,0.3);
#30=TOROIDAL_SURFACE('',#13049,0.6,0.3);
#31=TOROIDAL_SURFACE('',#13061,0.6,0.3);
#32=TOROIDAL_SURFACE('',#13084,0.6,0.3);
#33=TOROIDAL_SURFACE('',#13096,0.6,0.3);
#34=TOROIDAL_SURFACE('',#13119,0.6,0.3);
#35=TOROIDAL_SURFACE('',#13131,0.6,0.3);
#36=TOROIDAL_SURFACE('',#13154,0.6,0.3);
#37=TOROIDAL_SURFACE('',#13166,0.6,0.3);
#38=TOROIDAL_SURFACE('',#13189,0.6,0.3);
#39=TOROIDAL_SURFACE('',#13201,0.6,0.3);
#40=TOROIDAL_SURFACE('',#13224,0.6,0.3);
#41=TOROIDAL_SURFACE('',#13236,0.6,0.3);
#42=TOROIDAL_SURFACE('',#13259,0.6,0.3);
#43=TOROIDAL_SURFACE('',#13271,0.6,0.3);
#44=TOROIDAL_SURFACE('',#13294,0.6,0.3);
#45=TOROIDAL_SURFACE('',#13306,0.6,0.3);
#46=TOROIDAL_SURFACE('',#13329,0.6,0.3);
#47=TOROIDAL_SURFACE('',#13341,0.6,0.3);
#48=TOROIDAL_SURFACE('',#13364,0.6,0.3);
#49=TOROIDAL_SURFACE('',#13376,0.6,0.3);
#50=TOROIDAL_SURFACE('',#13399,0.6,0.3);
#51=TOROIDAL_SURFACE('',#13411,0.6,0.3);
#52=TOROIDAL_SURFACE('',#13434,0.6,0.3);
#53=TOROIDAL_SURFACE('',#13522,0.6,0.3);
#54=TOROIDAL_SURFACE('',#13545,0.6,0.3);
#55=TOROIDAL_SURFACE('',#13557,0.6,0.3);
#56=TOROIDAL_SURFACE('',#13580,0.6,0.3);
#57=TOROIDAL_SURFACE('',#13592,0.6,0.3);
#58=TOROIDAL_SURFACE('',#13615,0.6,0.3);
#59=STYLED_ITEM('',(#21076),#83);
#60=STYLED_ITEM('',(#21076),#84);
#61=STYLED_ITEM('',(#21076),#85);
#62=STYLED_ITEM('',(#21076),#86);
#63=STYLED_ITEM('',(#21076),#87);
#64=STYLED_ITEM('',(#21076),#88);
#65=STYLED_ITEM('',(#21076),#89);
#66=STYLED_ITEM('',(#21076),#90);
#67=STYLED_ITEM('',(#21076),#91);
#68=STYLED_ITEM('',(#21076),#92);
#69=STYLED_ITEM('',(#21076),#93);
#70=STYLED_ITEM('',(#21076),#94);
#71=STYLED_ITEM('',(#21076),#95);
#72=STYLED_ITEM('',(#21076),#96);
#73=STYLED_ITEM('',(#21076),#97);
#74=STYLED_ITEM('',(#21076),#98);
#75=STYLED_ITEM('',(#21076),#99);
#76=STYLED_ITEM('',(#21076),#100);
#77=STYLED_ITEM('',(#21076),#101);
#78=STYLED_ITEM('',(#21076),#102);
#79=STYLED_ITEM('',(#21076),#103);
#80=STYLED_ITEM('',(#21076),#104);
#81=STYLED_ITEM('',(#21075),#105);
#82=STYLED_ITEM('',(#21075),#106);
#83=MANIFOLD_SOLID_BREP('Body1',#12250);
#84=MANIFOLD_SOLID_BREP('Body2',#12251);
#85=MANIFOLD_SOLID_BREP('Body3',#12252);
#86=MANIFOLD_SOLID_BREP('Body4',#12253);
#87=MANIFOLD_SOLID_BREP('Body5',#12254);
#88=MANIFOLD_SOLID_BREP('Body6',#12255);
#89=MANIFOLD_SOLID_BREP('Body7',#12256);
#90=MANIFOLD_SOLID_BREP('Body8',#12257);
#91=MANIFOLD_SOLID_BREP('Body9',#12258);
#92=MANIFOLD_SOLID_BREP('Body10',#12259);
#93=MANIFOLD_SOLID_BREP('Body11',#12260);
#94=MANIFOLD_SOLID_BREP('Body12',#12261);
#95=MANIFOLD_SOLID_BREP('Body13',#12262);
#96=MANIFOLD_SOLID_BREP('Body14',#12263);
#97=MANIFOLD_SOLID_BREP('Body15',#12264);
#98=MANIFOLD_SOLID_BREP('Body16',#12265);
#99=MANIFOLD_SOLID_BREP('Body17',#12266);
#100=MANIFOLD_SOLID_BREP('Body18',#12267);
#101=MANIFOLD_SOLID_BREP('Body19',#12268);
#102=MANIFOLD_SOLID_BREP('Body20',#12269);
#103=MANIFOLD_SOLID_BREP('Body21',#12270);
#104=MANIFOLD_SOLID_BREP('Body22',#12271);
#105=MANIFOLD_SOLID_BREP('Body1',#12272);
#106=MANIFOLD_SOLID_BREP('Body19',#12273);
#107=CYLINDRICAL_SURFACE('',#12662,0.45);
#108=CYLINDRICAL_SURFACE('',#12663,0.45);
#109=CYLINDRICAL_SURFACE('',#12664,0.45);
#110=CYLINDRICAL_SURFACE('',#12665,0.45);
#111=CYLINDRICAL_SURFACE('',#12666,0.45);
#112=CYLINDRICAL_SURFACE('',#12667,0.85);
#113=CYLINDRICAL_SURFACE('',#12668,0.75);
#114=CYLINDRICAL_SURFACE('',#12669,0.45);
#115=CYLINDRICAL_SURFACE('',#12670,0.15);
#116=CYLINDRICAL_SURFACE('',#12671,0.45);
#117=CYLINDRICAL_SURFACE('',#12672,0.45);
#118=CYLINDRICAL_SURFACE('',#12673,0.45);
#119=CYLINDRICAL_SURFACE('',#12674,0.45);
#120=CYLINDRICAL_SURFACE('',#12675,0.45);
#121=CYLINDRICAL_SURFACE('',#12676,0.85);
#122=CYLINDRICAL_SURFACE('',#12677,0.45);
#123=CYLINDRICAL_SURFACE('',#12678,0.75);
#124=CYLINDRICAL_SURFACE('',#12679,2.);
#125=CYLINDRICAL_SURFACE('',#12680,0.85);
#126=CYLINDRICAL_SURFACE('',#12681,0.75);
#127=CYLINDRICAL_SURFACE('',#12682,0.85);
#128=CYLINDRICAL_SURFACE('',#12683,2.);
#129=CYLINDRICAL_SURFACE('',#12684,0.75);
#130=CYLINDRICAL_SURFACE('',#12685,2.);
#131=CYLINDRICAL_SURFACE('',#12686,0.85);
#132=CYLINDRICAL_SURFACE('',#12687,0.75);
#133=CYLINDRICAL_SURFACE('',#12688,0.85);
#134=CYLINDRICAL_SURFACE('',#12689,2.);
#135=CYLINDRICAL_SURFACE('',#12690,0.75);
#136=CYLINDRICAL_SURFACE('',#12691,0.45);
#137=CYLINDRICAL_SURFACE('',#12692,0.45);
#138=CYLINDRICAL_SURFACE('',#12693,0.45);
#139=CYLINDRICAL_SURFACE('',#12694,0.45);
#140=CYLINDRICAL_SURFACE('',#12695,0.45);
#141=CYLINDRICAL_SURFACE('',#12696,0.15);
#142=CYLINDRICAL_SURFACE('',#12697,0.45);
#143=CYLINDRICAL_SURFACE('',#12698,0.45);
#144=CYLINDRICAL_SURFACE('',#12699,0.45);
#145=CYLINDRICAL_SURFACE('',#12700,0.85);
#146=CYLINDRICAL_SURFACE('',#12701,0.45);
#147=CYLINDRICAL_SURFACE('',#12702,0.45);
#148=CYLINDRICAL_SURFACE('',#12703,0.45);
#149=CYLINDRICAL_SURFACE('',#12704,0.15);
#150=CYLINDRICAL_SURFACE('',#12705,0.45);
#151=CYLINDRICAL_SURFACE('',#12706,0.75);
#152=CYLINDRICAL_SURFACE('',#12707,0.45);
#153=CYLINDRICAL_SURFACE('',#12708,0.45);
#154=CYLINDRICAL_SURFACE('',#12709,2.);
#155=CYLINDRICAL_SURFACE('',#12710,0.85);
#156=CYLINDRICAL_SURFACE('',#12711,0.85);
#157=CYLINDRICAL_SURFACE('',#12712,2.);
#158=CYLINDRICAL_SURFACE('',#12713,0.75);
#159=CYLINDRICAL_SURFACE('',#12714,0.75);
#160=CYLINDRICAL_SURFACE('',#12715,0.15);
#161=CYLINDRICAL_SURFACE('',#12716,0.85);
#162=CYLINDRICAL_SURFACE('',#12717,0.75);
#163=CYLINDRICAL_SURFACE('',#12718,0.15);
#164=CYLINDRICAL_SURFACE('',#12719,0.85);
#165=CYLINDRICAL_SURFACE('',#12720,0.75);
#166=CYLINDRICAL_SURFACE('',#12721,2.);
#167=CYLINDRICAL_SURFACE('',#12722,0.75);
#168=CYLINDRICAL_SURFACE('',#12723,0.85);
#169=CYLINDRICAL_SURFACE('',#12724,0.75);
#170=CYLINDRICAL_SURFACE('',#12725,0.85);
#171=CYLINDRICAL_SURFACE('',#12726,2.);
#172=CYLINDRICAL_SURFACE('',#12727,0.75);
#173=CYLINDRICAL_SURFACE('',#12728,0.75);
#174=CYLINDRICAL_SURFACE('',#12729,0.85);
#175=CYLINDRICAL_SURFACE('',#12730,0.85);
#176=CYLINDRICAL_SURFACE('',#12731,0.75);
#177=CYLINDRICAL_SURFACE('',#12732,2.);
#178=CYLINDRICAL_SURFACE('',#12733,0.85);
#179=CYLINDRICAL_SURFACE('',#12734,0.75);
#180=CYLINDRICAL_SURFACE('',#12735,0.85);
#181=CYLINDRICAL_SURFACE('',#12736,0.85);
#182=CYLINDRICAL_SURFACE('',#12737,0.75);
#183=CYLINDRICAL_SURFACE('',#12738,2.);
#184=CYLINDRICAL_SURFACE('',#12739,0.85);
#185=CYLINDRICAL_SURFACE('',#12740,0.75);
#186=CYLINDRICAL_SURFACE('',#12741,0.85);
#187=CYLINDRICAL_SURFACE('',#12742,0.85);
#188=CYLINDRICAL_SURFACE('',#12743,2.);
#189=CYLINDRICAL_SURFACE('',#12744,0.75);
#190=CYLINDRICAL_SURFACE('',#12745,0.15);
#191=CYLINDRICAL_SURFACE('',#12746,0.75);
#192=CYLINDRICAL_SURFACE('',#12747,0.75);
#193=CYLINDRICAL_SURFACE('',#12748,0.85);
#194=CYLINDRICAL_SURFACE('',#12749,0.85);
#195=CYLINDRICAL_SURFACE('',#12750,2.);
#196=CYLINDRICAL_SURFACE('',#12751,0.85);
#197=CYLINDRICAL_SURFACE('',#12752,0.75);
#198=CYLINDRICAL_SURFACE('',#12753,0.75);
#199=CYLINDRICAL_SURFACE('',#12754,0.45);
#200=CYLINDRICAL_SURFACE('',#12755,0.45);
#201=CYLINDRICAL_SURFACE('',#12756,0.45);
#202=CYLINDRICAL_SURFACE('',#12757,0.45);
#203=CYLINDRICAL_SURFACE('',#12758,0.85);
#204=CYLINDRICAL_SURFACE('',#12759,0.75);
#205=CYLINDRICAL_SURFACE('',#12760,0.45);
#206=CYLINDRICAL_SURFACE('',#12761,0.15);
#207=CYLINDRICAL_SURFACE('',#12762,0.45);
#208=CYLINDRICAL_SURFACE('',#12763,0.45);
#209=CYLINDRICAL_SURFACE('',#12764,0.45);
#210=CYLINDRICAL_SURFACE('',#12765,0.45);
#211=CYLINDRICAL_SURFACE('',#12766,0.45);
#212=CYLINDRICAL_SURFACE('',#12767,0.45);
#213=CYLINDRICAL_SURFACE('',#12768,0.45);
#214=CYLINDRICAL_SURFACE('',#12769,0.85);
#215=CYLINDRICAL_SURFACE('',#12770,0.75);
#216=CYLINDRICAL_SURFACE('',#12771,2.);
#217=CYLINDRICAL_SURFACE('',#12772,0.85);
#218=CYLINDRICAL_SURFACE('',#12773,0.75);
#219=CYLINDRICAL_SURFACE('',#12774,0.85);
#220=CYLINDRICAL_SURFACE('',#12775,2.);
#221=CYLINDRICAL_SURFACE('',#12776,0.75);
#222=CYLINDRICAL_SURFACE('',#12777,2.);
#223=CYLINDRICAL_SURFACE('',#12778,0.75);
#224=CYLINDRICAL_SURFACE('',#12779,0.85);
#225=CYLINDRICAL_SURFACE('',#12780,0.85);
#226=CYLINDRICAL_SURFACE('',#12781,0.75);
#227=CYLINDRICAL_SURFACE('',#12782,2.);
#228=CYLINDRICAL_SURFACE('',#12783,0.45);
#229=CYLINDRICAL_SURFACE('',#12784,0.45);
#230=CYLINDRICAL_SURFACE('',#12785,0.15);
#231=CYLINDRICAL_SURFACE('',#12786,1.6);
#232=CYLINDRICAL_SURFACE('',#12787,1.27);
#233=CYLINDRICAL_SURFACE('',#12788,0.25);
#234=CYLINDRICAL_SURFACE('',#12789,0.25);
#235=CYLINDRICAL_SURFACE('',#12790,0.25);
#236=CYLINDRICAL_SURFACE('',#12791,1.27);
#237=CYLINDRICAL_SURFACE('',#12792,0.85);
#238=CYLINDRICAL_SURFACE('',#12793,0.75);
#239=CYLINDRICAL_SURFACE('',#12794,0.85);
#240=CYLINDRICAL_SURFACE('',#12795,0.75);
#241=CYLINDRICAL_SURFACE('',#12796,2.);
#242=CYLINDRICAL_SURFACE('',#12797,0.75);
#243=CYLINDRICAL_SURFACE('',#12798,0.85);
#244=CYLINDRICAL_SURFACE('',#12799,0.75);
#245=CYLINDRICAL_SURFACE('',#12800,0.85);
#246=CYLINDRICAL_SURFACE('',#12801,0.75);
#247=CYLINDRICAL_SURFACE('',#12802,2.);
#248=CYLINDRICAL_SURFACE('',#12803,0.75);
#249=CYLINDRICAL_SURFACE('',#12804,0.85);
#250=CYLINDRICAL_SURFACE('',#12805,0.85);
#251=CYLINDRICAL_SURFACE('',#12806,0.75);
#252=CYLINDRICAL_SURFACE('',#12807,2.);
#253=CYLINDRICAL_SURFACE('',#12808,0.85);
#254=CYLINDRICAL_SURFACE('',#12809,0.75);
#255=CYLINDRICAL_SURFACE('',#12810,0.85);
#256=CYLINDRICAL_SURFACE('',#12811,0.85);
#257=CYLINDRICAL_SURFACE('',#12812,0.75);
#258=CYLINDRICAL_SURFACE('',#12813,2.);
#259=CYLINDRICAL_SURFACE('',#12814,0.85);
#260=CYLINDRICAL_SURFACE('',#12815,0.75);
#261=CYLINDRICAL_SURFACE('',#12816,0.5);
#262=CYLINDRICAL_SURFACE('',#12817,0.5);
#263=CYLINDRICAL_SURFACE('',#12818,0.5);
#264=CYLINDRICAL_SURFACE('',#12819,0.5);
#265=CYLINDRICAL_SURFACE('',#12820,0.5);
#266=CYLINDRICAL_SURFACE('',#12821,0.5);
#267=CYLINDRICAL_SURFACE('',#12822,0.5);
#268=CYLINDRICAL_SURFACE('',#12823,0.5);
#269=CYLINDRICAL_SURFACE('',#12824,0.5);
#270=CYLINDRICAL_SURFACE('',#12825,0.5);
#271=CYLINDRICAL_SURFACE('',#12826,0.5);
#272=CYLINDRICAL_SURFACE('',#12827,0.5);
#273=CYLINDRICAL_SURFACE('',#12828,0.5);
#274=CYLINDRICAL_SURFACE('',#12829,0.5);
#275=CYLINDRICAL_SURFACE('',#12830,0.5);
#276=CYLINDRICAL_SURFACE('',#12831,0.5);
#277=CYLINDRICAL_SURFACE('',#12832,0.5);
#278=CYLINDRICAL_SURFACE('',#12833,0.5);
#279=CYLINDRICAL_SURFACE('',#12834,0.5);
#280=CYLINDRICAL_SURFACE('',#12835,0.5);
#281=CYLINDRICAL_SURFACE('',#12836,0.5);
#282=CYLINDRICAL_SURFACE('',#12837,1.27);
#283=CYLINDRICAL_SURFACE('',#12838,0.5);
#284=CYLINDRICAL_SURFACE('',#12839,0.5);
#285=CYLINDRICAL_SURFACE('',#12840,0.5);
#286=CYLINDRICAL_SURFACE('',#12841,0.5);
#287=CYLINDRICAL_SURFACE('',#12842,0.5);
#288=CYLINDRICAL_SURFACE('',#12843,0.5);
#289=CYLINDRICAL_SURFACE('',#12844,0.5);
#290=CYLINDRICAL_SURFACE('',#12845,1.27);
#291=CYLINDRICAL_SURFACE('',#12846,0.3);
#292=CYLINDRICAL_SURFACE('',#12855,0.3);
#293=CYLINDRICAL_SURFACE('',#12859,1.35);
#294=CYLINDRICAL_SURFACE('',#12863,1.36);
#295=CYLINDRICAL_SURFACE('',#12867,1.35);
#296=CYLINDRICAL_SURFACE('',#12871,0.3);
#297=CYLINDRICAL_SURFACE('',#12878,0.3);
#298=CYLINDRICAL_SURFACE('',#12881,0.3);
#299=CYLINDRICAL_SURFACE('',#12890,0.3);
#300=CYLINDRICAL_SURFACE('',#12894,1.35);
#301=CYLINDRICAL_SURFACE('',#12898,1.36);
#302=CYLINDRICAL_SURFACE('',#12902,1.35);
#303=CYLINDRICAL_SURFACE('',#12906,0.3);
#304=CYLINDRICAL_SURFACE('',#12913,0.3);
#305=CYLINDRICAL_SURFACE('',#12916,0.3);
#306=CYLINDRICAL_SURFACE('',#12925,0.3);
#307=CYLINDRICAL_SURFACE('',#12929,1.35);
#308=CYLINDRICAL_SURFACE('',#12933,1.36);
#309=CYLINDRICAL_SURFACE('',#12937,1.35);
#310=CYLINDRICAL_SURFACE('',#12941,0.3);
#311=CYLINDRICAL_SURFACE('',#12948,0.3);
#312=CYLINDRICAL_SURFACE('',#12951,0.3);
#313=CYLINDRICAL_SURFACE('',#12960,0.3);
#314=CYLINDRICAL_SURFACE('',#12964,1.35);
#315=CYLINDRICAL_SURFACE('',#12968,1.36);
#316=CYLINDRICAL_SURFACE('',#12972,1.35);
#317=CYLINDRICAL_SURFACE('',#12976,0.3);
#318=CYLINDRICAL_SURFACE('',#12983,0.3);
#319=CYLINDRICAL_SURFACE('',#12986,0.3);
#320=CYLINDRICAL_SURFACE('',#12995,0.3);
#321=CYLINDRICAL_SURFACE('',#12999,1.35);
#322=CYLINDRICAL_SURFACE('',#13003,1.36);
#323=CYLINDRICAL_SURFACE('',#13007,1.35);
#324=CYLINDRICAL_SURFACE('',#13011,0.3);
#325=CYLINDRICAL_SURFACE('',#13018,0.3);
#326=CYLINDRICAL_SURFACE('',#13021,0.3);
#327=CYLINDRICAL_SURFACE('',#13030,0.3);
#328=CYLINDRICAL_SURFACE('',#13034,1.35);
#329=CYLINDRICAL_SURFACE('',#13038,1.36);
#330=CYLINDRICAL_SURFACE('',#13042,1.35);
#331=CYLINDRICAL_SURFACE('',#13046,0.3);
#332=CYLINDRICAL_SURFACE('',#13053,0.3);
#333=CYLINDRICAL_SURFACE('',#13056,0.3);
#334=CYLINDRICAL_SURFACE('',#13065,0.3);
#335=CYLINDRICAL_SURFACE('',#13069,1.35);
#336=CYLINDRICAL_SURFACE('',#13073,1.36);
#337=CYLINDRICAL_SURFACE('',#13077,1.35);
#338=CYLINDRICAL_SURFACE('',#13081,0.3);
#339=CYLINDRICAL_SURFACE('',#13088,0.3);
#340=CYLINDRICAL_SURFACE('',#13091,0.3);
#341=CYLINDRICAL_SURFACE('',#13100,0.3);
#342=CYLINDRICAL_SURFACE('',#13104,1.35);
#343=CYLINDRICAL_SURFACE('',#13108,1.36);
#344=CYLINDRICAL_SURFACE('',#13112,1.35);
#345=CYLINDRICAL_SURFACE('',#13116,0.3);
#346=CYLINDRICAL_SURFACE('',#13123,0.3);
#347=CYLINDRICAL_SURFACE('',#13126,0.3);
#348=CYLINDRICAL_SURFACE('',#13135,0.3);
#349=CYLINDRICAL_SURFACE('',#13139,1.35);
#350=CYLINDRICAL_SURFACE('',#13143,1.36);
#351=CYLINDRICAL_SURFACE('',#13147,1.35);
#352=CYLINDRICAL_SURFACE('',#13151,0.3);
#353=CYLINDRICAL_SURFACE('',#13158,0.3);
#354=CYLINDRICAL_SURFACE('',#13161,0.3);
#355=CYLINDRICAL_SURFACE('',#13170,0.3);
#356=CYLINDRICAL_SURFACE('',#13174,1.35);
#357=CYLINDRICAL_SURFACE('',#13178,1.36);
#358=CYLINDRICAL_SURFACE('',#13182,1.35);
#359=CYLINDRICAL_SURFACE('',#13186,0.3);
#360=CYLINDRICAL_SURFACE('',#13193,0.3);
#361=CYLINDRICAL_SURFACE('',#13196,0.3);
#362=CYLINDRICAL_SURFACE('',#13205,0.3);
#363=CYLINDRICAL_SURFACE('',#13209,1.35);
#364=CYLINDRICAL_SURFACE('',#13213,1.36);
#365=CYLINDRICAL_SURFACE('',#13217,1.35);
#366=CYLINDRICAL_SURFACE('',#13221,0.3);
#367=CYLINDRICAL_SURFACE('',#13228,0.3);
#368=CYLINDRICAL_SURFACE('',#13231,0.3);
#369=CYLINDRICAL_SURFACE('',#13240,0.3);
#370=CYLINDRICAL_SURFACE('',#13244,1.35);
#371=CYLINDRICAL_SURFACE('',#13248,1.36);
#372=CYLINDRICAL_SURFACE('',#13252,1.35);
#373=CYLINDRICAL_SURFACE('',#13256,0.3);
#374=CYLINDRICAL_SURFACE('',#13263,0.3);
#375=CYLINDRICAL_SURFACE('',#13266,0.3);
#376=CYLINDRICAL_SURFACE('',#13275,0.3);
#377=CYLINDRICAL_SURFACE('',#13279,1.35);
#378=CYLINDRICAL_SURFACE('',#13283,1.36);
#379=CYLINDRICAL_SURFACE('',#13287,1.35);
#380=CYLINDRICAL_SURFACE('',#13291,0.3);
#381=CYLINDRICAL_SURFACE('',#13298,0.3);
#382=CYLINDRICAL_SURFACE('',#13301,0.3);
#383=CYLINDRICAL_SURFACE('',#13310,0.3);
#384=CYLINDRICAL_SURFACE('',#13314,1.35);
#385=CYLINDRICAL_SURFACE('',#13318,1.36);
#386=CYLINDRICAL_SURFACE('',#13322,1.35);
#387=CYLINDRICAL_SURFACE('',#13326,0.3);
#388=CYLINDRICAL_SURFACE('',#13333,0.3);
#389=CYLINDRICAL_SURFACE('',#13336,0.3);
#390=CYLINDRICAL_SURFACE('',#13345,0.3);
#391=CYLINDRICAL_SURFACE('',#13349,1.35);
#392=CYLINDRICAL_SURFACE('',#13353,1.36);
#393=CYLINDRICAL_SURFACE('',#13357,1.35);
#394=CYLINDRICAL_SURFACE('',#13361,0.3);
#395=CYLINDRICAL_SURFACE('',#13368,0.3);
#396=CYLINDRICAL_SURFACE('',#13371,0.3);
#397=CYLINDRICAL_SURFACE('',#13380,0.3);
#398=CYLINDRICAL_SURFACE('',#13384,1.35);
#399=CYLINDRICAL_SURFACE('',#13388,1.36);
#400=CYLINDRICAL_SURFACE('',#13392,1.35);
#401=CYLINDRICAL_SURFACE('',#13396,0.3);
#402=CYLINDRICAL_SURFACE('',#13403,0.3);
#403=CYLINDRICAL_SURFACE('',#13406,0.3);
#404=CYLINDRICAL_SURFACE('',#13415,0.3);
#405=CYLINDRICAL_SURFACE('',#13419,1.35);
#406=CYLINDRICAL_SURFACE('',#13423,1.36);
#407=CYLINDRICAL_SURFACE('',#13427,1.35);
#408=CYLINDRICAL_SURFACE('',#13431,0.3);
#409=CYLINDRICAL_SURFACE('',#13438,0.3);
#410=CYLINDRICAL_SURFACE('',#13517,0.3);
#411=CYLINDRICAL_SURFACE('',#13526,0.3);
#412=CYLINDRICAL_SURFACE('',#13530,1.35);
#413=CYLINDRICAL_SURFACE('',#13534,1.36);
#414=CYLINDRICAL_SURFACE('',#13538,1.35);
#415=CYLINDRICAL_SURFACE('',#13542,0.3);
#416=CYLINDRICAL_SURFACE('',#13549,0.3);
#417=CYLINDRICAL_SURFACE('',#13552,0.3);
#418=CYLINDRICAL_SURFACE('',#13561,0.3);
#419=CYLINDRICAL_SURFACE('',#13565,1.35);
#420=CYLINDRICAL_SURFACE('',#13569,1.36);
#421=CYLINDRICAL_SURFACE('',#13573,1.35);
#422=CYLINDRICAL_SURFACE('',#13577,0.3);
#423=CYLINDRICAL_SURFACE('',#13584,0.3);
#424=CYLINDRICAL_SURFACE('',#13587,0.3);
#425=CYLINDRICAL_SURFACE('',#13596,0.3);
#426=CYLINDRICAL_SURFACE('',#13600,1.35);
#427=CYLINDRICAL_SURFACE('',#13604,1.36);
#428=CYLINDRICAL_SURFACE('',#13608,1.35);
#429=CYLINDRICAL_SURFACE('',#13612,0.3);
#430=CYLINDRICAL_SURFACE('',#13619,0.3);
#431=CYLINDRICAL_SURFACE('',#13622,2.);
#432=CYLINDRICAL_SURFACE('',#13625,2.);
#433=CYLINDRICAL_SURFACE('',#13628,2.);
#434=CYLINDRICAL_SURFACE('',#13631,2.);
#435=CYLINDRICAL_SURFACE('',#13634,2.35);
#436=CYLINDRICAL_SURFACE('',#13638,2.35);
#437=CYLINDRICAL_SURFACE('',#13642,2.35);
#438=CYLINDRICAL_SURFACE('',#13646,2.35);
#439=CYLINDRICAL_SURFACE('',#13686,0.150000000000001);
#440=CYLINDRICAL_SURFACE('',#13699,0.15);
#441=CYLINDRICAL_SURFACE('',#13768,2.);
#442=CYLINDRICAL_SURFACE('',#13771,2.);
#443=CYLINDRICAL_SURFACE('',#13774,2.);
#444=CYLINDRICAL_SURFACE('',#13777,2.);
#445=CYLINDRICAL_SURFACE('',#13780,2.35);
#446=CYLINDRICAL_SURFACE('',#13783,2.35);
#447=CYLINDRICAL_SURFACE('',#13786,2.35);
#448=CYLINDRICAL_SURFACE('',#13789,2.35);
#449=FACE_BOUND('',#2464,.T.);
#450=FACE_BOUND('',#2465,.T.);
#451=FACE_BOUND('',#2466,.T.);
#452=FACE_BOUND('',#2467,.T.);
#453=FACE_BOUND('',#2468,.T.);
#454=FACE_BOUND('',#2469,.T.);
#455=FACE_BOUND('',#2470,.T.);
#456=FACE_BOUND('',#2471,.T.);
#457=FACE_BOUND('',#2472,.T.);
#458=FACE_BOUND('',#2473,.T.);
#459=FACE_BOUND('',#2474,.T.);
#460=FACE_BOUND('',#2475,.T.);
#461=FACE_BOUND('',#2476,.T.);
#462=FACE_BOUND('',#2477,.T.);
#463=FACE_BOUND('',#2478,.T.);
#464=FACE_BOUND('',#2479,.T.);
#465=FACE_BOUND('',#2480,.T.);
#466=FACE_BOUND('',#2481,.T.);
#467=FACE_BOUND('',#2482,.T.);
#468=FACE_BOUND('',#2483,.T.);
#469=FACE_BOUND('',#2484,.T.);
#470=FACE_BOUND('',#2485,.T.);
#471=FACE_BOUND('',#2486,.T.);
#472=FACE_BOUND('',#2487,.T.);
#473=FACE_BOUND('',#2488,.T.);
#474=FACE_BOUND('',#2489,.T.);
#475=FACE_BOUND('',#2490,.T.);
#476=FACE_BOUND('',#2491,.T.);
#477=FACE_BOUND('',#2492,.T.);
#478=FACE_BOUND('',#2493,.T.);
#479=FACE_BOUND('',#2494,.T.);
#480=FACE_BOUND('',#2495,.T.);
#481=FACE_BOUND('',#2496,.T.);
#482=FACE_BOUND('',#2497,.T.);
#483=FACE_BOUND('',#2498,.T.);
#484=FACE_BOUND('',#2499,.T.);
#485=FACE_BOUND('',#2500,.T.);
#486=FACE_BOUND('',#2501,.T.);
#487=FACE_BOUND('',#2502,.T.);
#488=FACE_BOUND('',#2503,.T.);
#489=FACE_BOUND('',#2504,.T.);
#490=FACE_BOUND('',#2505,.T.);
#491=FACE_BOUND('',#2506,.T.);
#492=FACE_BOUND('',#2507,.T.);
#493=FACE_BOUND('',#2508,.T.);
#494=FACE_BOUND('',#2509,.T.);
#495=FACE_BOUND('',#2510,.T.);
#496=FACE_BOUND('',#2511,.T.);
#497=FACE_BOUND('',#2512,.T.);
#498=FACE_BOUND('',#2513,.T.);
#499=FACE_BOUND('',#2514,.T.);
#500=FACE_BOUND('',#2515,.T.);
#501=FACE_BOUND('',#2516,.T.);
#502=FACE_BOUND('',#2517,.T.);
#503=FACE_BOUND('',#2518,.T.);
#504=FACE_BOUND('',#2519,.T.);
#505=FACE_BOUND('',#2520,.T.);
#506=FACE_BOUND('',#2521,.T.);
#507=FACE_BOUND('',#2522,.T.);
#508=FACE_BOUND('',#2523,.T.);
#509=FACE_BOUND('',#2524,.T.);
#510=FACE_BOUND('',#2525,.T.);
#511=FACE_BOUND('',#2526,.T.);
#512=FACE_BOUND('',#2527,.T.);
#513=FACE_BOUND('',#2528,.T.);
#514=FACE_BOUND('',#2529,.T.);
#515=FACE_BOUND('',#2530,.T.);
#516=FACE_BOUND('',#2531,.T.);
#517=FACE_BOUND('',#2532,.T.);
#518=FACE_BOUND('',#2533,.T.);
#519=FACE_BOUND('',#2534,.T.);
#520=FACE_BOUND('',#2535,.T.);
#521=FACE_BOUND('',#2536,.T.);
#522=FACE_BOUND('',#2537,.T.);
#523=FACE_BOUND('',#2538,.T.);
#524=FACE_BOUND('',#2539,.T.);
#525=FACE_BOUND('',#2540,.T.);
#526=FACE_BOUND('',#2541,.T.);
#527=FACE_BOUND('',#2542,.T.);
#528=FACE_BOUND('',#2543,.T.);
#529=FACE_BOUND('',#2544,.T.);
#530=FACE_BOUND('',#2545,.T.);
#531=FACE_BOUND('',#2546,.T.);
#532=FACE_BOUND('',#2547,.T.);
#533=FACE_BOUND('',#2548,.T.);
#534=FACE_BOUND('',#2549,.T.);
#535=FACE_BOUND('',#2550,.T.);
#536=FACE_BOUND('',#2551,.T.);
#537=FACE_BOUND('',#2552,.T.);
#538=FACE_BOUND('',#2553,.T.);
#539=FACE_BOUND('',#2554,.T.);
#540=FACE_BOUND('',#2555,.T.);
#541=FACE_BOUND('',#2556,.T.);
#542=FACE_BOUND('',#2557,.T.);
#543=FACE_BOUND('',#2558,.T.);
#544=FACE_BOUND('',#2559,.T.);
#545=FACE_BOUND('',#2560,.T.);
#546=FACE_BOUND('',#2561,.T.);
#547=FACE_BOUND('',#2562,.T.);
#548=FACE_BOUND('',#2563,.T.);
#549=FACE_BOUND('',#2564,.T.);
#550=FACE_BOUND('',#2565,.T.);
#551=FACE_BOUND('',#2566,.T.);
#552=FACE_BOUND('',#2567,.T.);
#553=FACE_BOUND('',#2568,.T.);
#554=FACE_BOUND('',#2569,.T.);
#555=FACE_BOUND('',#2570,.T.);
#556=FACE_BOUND('',#2571,.T.);
#557=FACE_BOUND('',#2572,.T.);
#558=FACE_BOUND('',#2573,.T.);
#559=FACE_BOUND('',#2574,.T.);
#560=FACE_BOUND('',#2575,.T.);
#561=FACE_BOUND('',#2576,.T.);
#562=FACE_BOUND('',#2577,.T.);
#563=FACE_BOUND('',#2578,.T.);
#564=FACE_BOUND('',#2579,.T.);
#565=FACE_BOUND('',#2580,.T.);
#566=FACE_BOUND('',#2581,.T.);
#567=FACE_BOUND('',#2582,.T.);
#568=FACE_BOUND('',#2583,.T.);
#569=FACE_BOUND('',#2584,.T.);
#570=FACE_BOUND('',#2585,.T.);
#571=FACE_BOUND('',#2586,.T.);
#572=FACE_BOUND('',#2587,.T.);
#573=FACE_BOUND('',#2588,.T.);
#574=FACE_BOUND('',#2589,.T.);
#575=FACE_BOUND('',#2590,.T.);
#576=FACE_BOUND('',#2591,.T.);
#577=FACE_BOUND('',#2592,.T.);
#578=FACE_BOUND('',#2593,.T.);
#579=FACE_BOUND('',#2594,.T.);
#580=FACE_BOUND('',#2595,.T.);
#581=FACE_BOUND('',#2596,.T.);
#582=FACE_BOUND('',#2597,.T.);
#583=FACE_BOUND('',#2598,.T.);
#584=FACE_BOUND('',#2599,.T.);
#585=FACE_BOUND('',#2600,.T.);
#586=FACE_BOUND('',#2601,.T.);
#587=FACE_BOUND('',#2602,.T.);
#588=FACE_BOUND('',#2603,.T.);
#589=FACE_BOUND('',#2604,.T.);
#590=FACE_BOUND('',#2605,.T.);
#591=FACE_BOUND('',#2606,.T.);
#592=FACE_BOUND('',#2607,.T.);
#593=FACE_BOUND('',#2608,.T.);
#594=FACE_BOUND('',#2609,.T.);
#595=FACE_BOUND('',#2610,.T.);
#596=FACE_BOUND('',#2611,.T.);
#597=FACE_BOUND('',#2612,.T.);
#598=FACE_BOUND('',#2613,.T.);
#599=FACE_BOUND('',#2614,.T.);
#600=FACE_BOUND('',#2615,.T.);
#601=FACE_BOUND('',#2616,.T.);
#602=FACE_BOUND('',#2617,.T.);
#603=FACE_BOUND('',#2618,.T.);
#604=FACE_BOUND('',#2619,.T.);
#605=FACE_BOUND('',#2620,.T.);
#606=FACE_BOUND('',#2621,.T.);
#607=FACE_BOUND('',#2622,.T.);
#608=FACE_BOUND('',#2623,.T.);
#609=FACE_BOUND('',#2624,.T.);
#610=FACE_BOUND('',#2625,.T.);
#611=FACE_BOUND('',#2626,.T.);
#612=FACE_BOUND('',#2627,.T.);
#613=FACE_BOUND('',#2628,.T.);
#614=FACE_BOUND('',#2629,.T.);
#615=FACE_BOUND('',#2630,.T.);
#616=FACE_BOUND('',#2631,.T.);
#617=FACE_BOUND('',#2632,.T.);
#618=FACE_BOUND('',#2633,.T.);
#619=FACE_BOUND('',#2634,.T.);
#620=FACE_BOUND('',#2635,.T.);
#621=FACE_BOUND('',#2636,.T.);
#622=FACE_BOUND('',#2637,.T.);
#623=FACE_BOUND('',#2638,.T.);
#624=FACE_BOUND('',#2639,.T.);
#625=FACE_BOUND('',#2640,.T.);
#626=FACE_BOUND('',#2641,.T.);
#627=FACE_BOUND('',#2642,.T.);
#628=FACE_BOUND('',#2643,.T.);
#629=FACE_BOUND('',#2644,.T.);
#630=FACE_BOUND('',#2645,.T.);
#631=FACE_BOUND('',#2646,.T.);
#632=FACE_BOUND('',#2647,.T.);
#633=FACE_BOUND('',#2649,.T.);
#634=FACE_BOUND('',#2650,.T.);
#635=FACE_BOUND('',#2651,.T.);
#636=FACE_BOUND('',#2652,.T.);
#637=FACE_BOUND('',#2653,.T.);
#638=FACE_BOUND('',#2654,.T.);
#639=FACE_BOUND('',#2655,.T.);
#640=FACE_BOUND('',#2656,.T.);
#641=FACE_BOUND('',#2657,.T.);
#642=FACE_BOUND('',#2658,.T.);
#643=FACE_BOUND('',#2659,.T.);
#644=FACE_BOUND('',#2660,.T.);
#645=FACE_BOUND('',#2661,.T.);
#646=FACE_BOUND('',#2662,.T.);
#647=FACE_BOUND('',#2663,.T.);
#648=FACE_BOUND('',#2664,.T.);
#649=FACE_BOUND('',#2665,.T.);
#650=FACE_BOUND('',#2666,.T.);
#651=FACE_BOUND('',#2667,.T.);
#652=FACE_BOUND('',#2668,.T.);
#653=FACE_BOUND('',#2669,.T.);
#654=FACE_BOUND('',#2670,.T.);
#655=FACE_BOUND('',#2671,.T.);
#656=FACE_BOUND('',#2672,.T.);
#657=FACE_BOUND('',#2673,.T.);
#658=FACE_BOUND('',#2674,.T.);
#659=FACE_BOUND('',#2675,.T.);
#660=FACE_BOUND('',#2676,.T.);
#661=FACE_BOUND('',#2677,.T.);
#662=FACE_BOUND('',#2678,.T.);
#663=FACE_BOUND('',#2679,.T.);
#664=FACE_BOUND('',#2680,.T.);
#665=FACE_BOUND('',#2681,.T.);
#666=FACE_BOUND('',#2682,.T.);
#667=FACE_BOUND('',#2683,.T.);
#668=FACE_BOUND('',#2684,.T.);
#669=FACE_BOUND('',#2685,.T.);
#670=FACE_BOUND('',#2686,.T.);
#671=FACE_BOUND('',#2687,.T.);
#672=FACE_BOUND('',#2688,.T.);
#673=FACE_BOUND('',#2689,.T.);
#674=FACE_BOUND('',#2690,.T.);
#675=FACE_BOUND('',#2691,.T.);
#676=FACE_BOUND('',#2692,.T.);
#677=FACE_BOUND('',#2693,.T.);
#678=FACE_BOUND('',#2694,.T.);
#679=FACE_BOUND('',#2695,.T.);
#680=FACE_BOUND('',#2696,.T.);
#681=FACE_BOUND('',#2697,.T.);
#682=FACE_BOUND('',#2698,.T.);
#683=FACE_BOUND('',#2699,.T.);
#684=FACE_BOUND('',#2700,.T.);
#685=FACE_BOUND('',#2701,.T.);
#686=FACE_BOUND('',#2702,.T.);
#687=FACE_BOUND('',#2703,.T.);
#688=FACE_BOUND('',#2704,.T.);
#689=FACE_BOUND('',#2705,.T.);
#690=FACE_BOUND('',#2706,.T.);
#691=FACE_BOUND('',#2707,.T.);
#692=FACE_BOUND('',#2708,.T.);
#693=FACE_BOUND('',#2709,.T.);
#694=FACE_BOUND('',#2710,.T.);
#695=FACE_BOUND('',#2711,.T.);
#696=FACE_BOUND('',#2712,.T.);
#697=FACE_BOUND('',#2713,.T.);
#698=FACE_BOUND('',#2714,.T.);
#699=FACE_BOUND('',#2715,.T.);
#700=FACE_BOUND('',#2716,.T.);
#701=FACE_BOUND('',#2717,.T.);
#702=FACE_BOUND('',#2718,.T.);
#703=FACE_BOUND('',#2719,.T.);
#704=FACE_BOUND('',#2720,.T.);
#705=FACE_BOUND('',#2721,.T.);
#706=FACE_BOUND('',#2722,.T.);
#707=FACE_BOUND('',#2723,.T.);
#708=FACE_BOUND('',#2724,.T.);
#709=FACE_BOUND('',#2725,.T.);
#710=FACE_BOUND('',#2726,.T.);
#711=FACE_BOUND('',#2727,.T.);
#712=FACE_BOUND('',#2728,.T.);
#713=FACE_BOUND('',#2729,.T.);
#714=FACE_BOUND('',#2730,.T.);
#715=FACE_BOUND('',#2731,.T.);
#716=FACE_BOUND('',#2732,.T.);
#717=FACE_BOUND('',#2733,.T.);
#718=FACE_BOUND('',#2734,.T.);
#719=FACE_BOUND('',#2735,.T.);
#720=FACE_BOUND('',#2736,.T.);
#721=FACE_BOUND('',#2737,.T.);
#722=FACE_BOUND('',#2738,.T.);
#723=FACE_BOUND('',#2739,.T.);
#724=FACE_BOUND('',#2740,.T.);
#725=FACE_BOUND('',#2741,.T.);
#726=FACE_BOUND('',#2742,.T.);
#727=FACE_BOUND('',#2743,.T.);
#728=FACE_BOUND('',#2744,.T.);
#729=FACE_BOUND('',#2745,.T.);
#730=FACE_BOUND('',#2746,.T.);
#731=FACE_BOUND('',#2747,.T.);
#732=FACE_BOUND('',#2748,.T.);
#733=FACE_BOUND('',#2749,.T.);
#734=FACE_BOUND('',#2750,.T.);
#735=FACE_BOUND('',#2751,.T.);
#736=FACE_BOUND('',#2752,.T.);
#737=FACE_BOUND('',#2753,.T.);
#738=FACE_BOUND('',#2754,.T.);
#739=FACE_BOUND('',#2755,.T.);
#740=FACE_BOUND('',#2756,.T.);
#741=FACE_BOUND('',#2757,.T.);
#742=FACE_BOUND('',#2758,.T.);
#743=FACE_BOUND('',#2759,.T.);
#744=FACE_BOUND('',#2760,.T.);
#745=FACE_BOUND('',#2761,.T.);
#746=FACE_BOUND('',#2762,.T.);
#747=FACE_BOUND('',#2763,.T.);
#748=FACE_BOUND('',#2764,.T.);
#749=FACE_BOUND('',#2765,.T.);
#750=FACE_BOUND('',#2766,.T.);
#751=FACE_BOUND('',#2767,.T.);
#752=FACE_BOUND('',#2768,.T.);
#753=FACE_BOUND('',#2769,.T.);
#754=FACE_BOUND('',#2770,.T.);
#755=FACE_BOUND('',#2771,.T.);
#756=FACE_BOUND('',#2772,.T.);
#757=FACE_BOUND('',#2773,.T.);
#758=FACE_BOUND('',#2774,.T.);
#759=FACE_BOUND('',#2775,.T.);
#760=FACE_BOUND('',#2776,.T.);
#761=FACE_BOUND('',#2777,.T.);
#762=FACE_BOUND('',#2778,.T.);
#763=FACE_BOUND('',#2779,.T.);
#764=FACE_BOUND('',#2780,.T.);
#765=FACE_BOUND('',#2781,.T.);
#766=FACE_BOUND('',#2782,.T.);
#767=FACE_BOUND('',#2783,.T.);
#768=FACE_BOUND('',#2784,.T.);
#769=FACE_BOUND('',#2785,.T.);
#770=FACE_BOUND('',#2786,.T.);
#771=FACE_BOUND('',#2787,.T.);
#772=FACE_BOUND('',#2788,.T.);
#773=FACE_BOUND('',#2789,.T.);
#774=FACE_BOUND('',#2790,.T.);
#775=FACE_BOUND('',#2791,.T.);
#776=FACE_BOUND('',#2792,.T.);
#777=FACE_BOUND('',#2793,.T.);
#778=FACE_BOUND('',#2794,.T.);
#779=FACE_BOUND('',#2795,.T.);
#780=FACE_BOUND('',#2796,.T.);
#781=FACE_BOUND('',#2797,.T.);
#782=FACE_BOUND('',#2798,.T.);
#783=FACE_BOUND('',#2799,.T.);
#784=FACE_BOUND('',#2800,.T.);
#785=FACE_BOUND('',#2801,.T.);
#786=FACE_BOUND('',#2802,.T.);
#787=FACE_BOUND('',#2803,.T.);
#788=FACE_BOUND('',#2804,.T.);
#789=FACE_BOUND('',#2805,.T.);
#790=FACE_BOUND('',#2806,.T.);
#791=FACE_BOUND('',#2807,.T.);
#792=FACE_BOUND('',#2808,.T.);
#793=FACE_BOUND('',#2809,.T.);
#794=FACE_BOUND('',#2810,.T.);
#795=FACE_BOUND('',#2811,.T.);
#796=FACE_BOUND('',#2812,.T.);
#797=FACE_BOUND('',#2813,.T.);
#798=FACE_BOUND('',#2814,.T.);
#799=FACE_BOUND('',#2815,.T.);
#800=FACE_BOUND('',#2816,.T.);
#801=FACE_BOUND('',#2817,.T.);
#802=FACE_BOUND('',#2818,.T.);
#803=FACE_BOUND('',#2819,.T.);
#804=FACE_BOUND('',#2820,.T.);
#805=FACE_BOUND('',#2821,.T.);
#806=FACE_BOUND('',#2822,.T.);
#807=FACE_BOUND('',#2823,.T.);
#808=FACE_BOUND('',#2824,.T.);
#809=FACE_BOUND('',#2825,.T.);
#810=FACE_BOUND('',#2826,.T.);
#811=FACE_BOUND('',#2827,.T.);
#812=FACE_BOUND('',#2828,.T.);
#813=FACE_BOUND('',#2829,.T.);
#814=FACE_BOUND('',#2830,.T.);
#815=FACE_BOUND('',#2831,.T.);
#816=FACE_BOUND('',#2832,.T.);
#817=FACE_BOUND('',#3023,.T.);
#818=FACE_BOUND('',#3026,.T.);
#819=FACE_BOUND('',#3029,.T.);
#820=FACE_BOUND('',#3032,.T.);
#821=FACE_BOUND('',#3042,.T.);
#822=FACE_BOUND('',#3045,.T.);
#823=FACE_BOUND('',#3048,.T.);
#824=FACE_BOUND('',#3051,.T.);
#825=FACE_BOUND('',#3061,.T.);
#826=FACE_BOUND('',#3064,.T.);
#827=FACE_BOUND('',#3067,.T.);
#828=FACE_BOUND('',#3070,.T.);
#829=FACE_BOUND('',#3080,.T.);
#830=FACE_BOUND('',#3083,.T.);
#831=FACE_BOUND('',#3086,.T.);
#832=FACE_BOUND('',#3089,.T.);
#833=FACE_BOUND('',#3099,.T.);
#834=FACE_BOUND('',#3102,.T.);
#835=FACE_BOUND('',#3105,.T.);
#836=FACE_BOUND('',#3108,.T.);
#837=FACE_BOUND('',#3118,.T.);
#838=FACE_BOUND('',#3121,.T.);
#839=FACE_BOUND('',#3124,.T.);
#840=FACE_BOUND('',#3127,.T.);
#841=FACE_BOUND('',#3137,.T.);
#842=FACE_BOUND('',#3140,.T.);
#843=FACE_BOUND('',#3143,.T.);
#844=FACE_BOUND('',#3146,.T.);
#845=FACE_BOUND('',#3156,.T.);
#846=FACE_BOUND('',#3159,.T.);
#847=FACE_BOUND('',#3162,.T.);
#848=FACE_BOUND('',#3165,.T.);
#849=FACE_BOUND('',#3175,.T.);
#850=FACE_BOUND('',#3178,.T.);
#851=FACE_BOUND('',#3181,.T.);
#852=FACE_BOUND('',#3184,.T.);
#853=FACE_BOUND('',#3194,.T.);
#854=FACE_BOUND('',#3197,.T.);
#855=FACE_BOUND('',#3200,.T.);
#856=FACE_BOUND('',#3203,.T.);
#857=FACE_BOUND('',#3213,.T.);
#858=FACE_BOUND('',#3216,.T.);
#859=FACE_BOUND('',#3219,.T.);
#860=FACE_BOUND('',#3222,.T.);
#861=FACE_BOUND('',#3232,.T.);
#862=FACE_BOUND('',#3235,.T.);
#863=FACE_BOUND('',#3238,.T.);
#864=FACE_BOUND('',#3241,.T.);
#865=FACE_BOUND('',#3251,.T.);
#866=FACE_BOUND('',#3254,.T.);
#867=FACE_BOUND('',#3257,.T.);
#868=FACE_BOUND('',#3260,.T.);
#869=FACE_BOUND('',#3270,.T.);
#870=FACE_BOUND('',#3273,.T.);
#871=FACE_BOUND('',#3276,.T.);
#872=FACE_BOUND('',#3279,.T.);
#873=FACE_BOUND('',#3289,.T.);
#874=FACE_BOUND('',#3292,.T.);
#875=FACE_BOUND('',#3295,.T.);
#876=FACE_BOUND('',#3298,.T.);
#877=FACE_BOUND('',#3308,.T.);
#878=FACE_BOUND('',#3311,.T.);
#879=FACE_BOUND('',#3314,.T.);
#880=FACE_BOUND('',#3317,.T.);
#881=FACE_BOUND('',#3327,.T.);
#882=FACE_BOUND('',#3330,.T.);
#883=FACE_BOUND('',#3333,.T.);
#884=FACE_BOUND('',#3336,.T.);
#885=FACE_BOUND('',#3345,.T.);
#886=FACE_BOUND('',#3346,.T.);
#887=FACE_BOUND('',#3347,.T.);
#888=FACE_BOUND('',#3349,.T.);
#889=FACE_BOUND('',#3350,.T.);
#890=FACE_BOUND('',#3351,.T.);
#891=FACE_BOUND('',#3428,.T.);
#892=FACE_BOUND('',#3431,.T.);
#893=FACE_BOUND('',#3434,.T.);
#894=FACE_BOUND('',#3437,.T.);
#895=FACE_BOUND('',#3447,.T.);
#896=FACE_BOUND('',#3450,.T.);
#897=FACE_BOUND('',#3453,.T.);
#898=FACE_BOUND('',#3456,.T.);
#899=FACE_BOUND('',#3466,.T.);
#900=FACE_BOUND('',#3469,.T.);
#901=FACE_BOUND('',#3472,.T.);
#902=FACE_BOUND('',#3475,.T.);
#903=FACE_BOUND('',#3486,.T.);
#904=FACE_BOUND('',#3489,.T.);
#905=FACE_BOUND('',#3492,.T.);
#906=FACE_BOUND('',#3495,.T.);
#907=FACE_BOUND('',#3498,.T.);
#908=FACE_BOUND('',#3499,.T.);
#909=FACE_BOUND('',#3500,.T.);
#910=FACE_BOUND('',#3501,.T.);
#911=FACE_BOUND('',#3502,.T.);
#912=FACE_BOUND('',#3503,.T.);
#913=FACE_BOUND('',#3504,.T.);
#914=FACE_BOUND('',#3505,.T.);
#915=FACE_BOUND('',#3506,.T.);
#916=FACE_BOUND('',#3507,.T.);
#917=FACE_BOUND('',#3508,.T.);
#918=FACE_BOUND('',#3509,.T.);
#919=FACE_BOUND('',#3510,.T.);
#920=FACE_BOUND('',#3511,.T.);
#921=FACE_BOUND('',#3512,.T.);
#922=FACE_BOUND('',#3513,.T.);
#923=FACE_BOUND('',#3514,.T.);
#924=FACE_BOUND('',#3551,.T.);
#925=FACE_BOUND('',#3567,.T.);
#926=FACE_BOUND('',#3579,.T.);
#927=FACE_BOUND('',#3580,.T.);
#928=FACE_BOUND('',#3581,.T.);
#929=FACE_BOUND('',#3582,.T.);
#930=FACE_BOUND('',#3583,.T.);
#931=FACE_BOUND('',#3624,.T.);
#932=FACE_BOUND('',#3625,.T.);
#933=FACE_BOUND('',#3626,.T.);
#934=FACE_BOUND('',#3627,.T.);
#935=FACE_BOUND('',#3632,.T.);
#936=FACE_BOUND('',#3633,.T.);
#937=FACE_BOUND('',#3634,.T.);
#938=FACE_BOUND('',#3635,.T.);
#939=FACE_BOUND('',#3644,.T.);
#940=FACE_BOUND('',#3647,.T.);
#941=FACE_BOUND('',#3650,.T.);
#942=FACE_BOUND('',#3653,.T.);
#943=FACE_BOUND('',#3663,.T.);
#944=FACE_BOUND('',#3664,.T.);
#945=FACE_BOUND('',#3665,.T.);
#946=FACE_BOUND('',#3666,.T.);
#947=CIRCLE('',#12292,0.45);
#948=CIRCLE('',#12293,0.45);
#949=CIRCLE('',#12294,0.45);
#950=CIRCLE('',#12295,0.45);
#951=CIRCLE('',#12296,0.45);
#952=CIRCLE('',#12297,0.85);
#953=CIRCLE('',#12298,0.75);
#954=CIRCLE('',#12299,0.45);
#955=CIRCLE('',#12300,0.15);
#956=CIRCLE('',#12301,0.45);
#957=CIRCLE('',#12302,0.45);
#958=CIRCLE('',#12303,0.45);
#959=CIRCLE('',#12304,0.45);
#960=CIRCLE('',#12305,0.45);
#961=CIRCLE('',#12306,0.85);
#962=CIRCLE('',#12307,0.45);
#963=CIRCLE('',#12308,0.75);
#964=CIRCLE('',#12309,2.);
#965=CIRCLE('',#12310,0.85);
#966=CIRCLE('',#12311,0.75);
#967=CIRCLE('',#12312,0.85);
#968=CIRCLE('',#12313,2.);
#969=CIRCLE('',#12314,0.75);
#970=CIRCLE('',#12315,2.);
#971=CIRCLE('',#12316,0.85);
#972=CIRCLE('',#12317,0.75);
#973=CIRCLE('',#12318,0.85);
#974=CIRCLE('',#12319,2.);
#975=CIRCLE('',#12320,0.75);
#976=CIRCLE('',#12321,0.45);
#977=CIRCLE('',#12322,0.45);
#978=CIRCLE('',#12323,0.45);
#979=CIRCLE('',#12324,0.45);
#980=CIRCLE('',#12325,0.45);
#981=CIRCLE('',#12326,0.15);
#982=CIRCLE('',#12327,0.45);
#983=CIRCLE('',#12328,0.45);
#984=CIRCLE('',#12329,0.45);
#985=CIRCLE('',#12330,0.85);
#986=CIRCLE('',#12331,0.45);
#987=CIRCLE('',#12332,0.45);
#988=CIRCLE('',#12333,0.45);
#989=CIRCLE('',#12334,0.15);
#990=CIRCLE('',#12335,0.45);
#991=CIRCLE('',#12336,0.75);
#992=CIRCLE('',#12337,0.45);
#993=CIRCLE('',#12338,0.45);
#994=CIRCLE('',#12339,2.);
#995=CIRCLE('',#12340,0.85);
#996=CIRCLE('',#12341,0.85);
#997=CIRCLE('',#12342,2.);
#998=CIRCLE('',#12343,0.75);
#999=CIRCLE('',#12344,0.75);
#1000=CIRCLE('',#12345,0.15);
#1001=CIRCLE('',#12346,0.85);
#1002=CIRCLE('',#12347,0.75);
#1003=CIRCLE('',#12348,0.15);
#1004=CIRCLE('',#12349,0.85);
#1005=CIRCLE('',#12350,0.75);
#1006=CIRCLE('',#12351,2.);
#1007=CIRCLE('',#12352,0.75);
#1008=CIRCLE('',#12353,0.85);
#1009=CIRCLE('',#12354,0.75);
#1010=CIRCLE('',#12355,0.85);
#1011=CIRCLE('',#12356,2.);
#1012=CIRCLE('',#12357,0.75);
#1013=CIRCLE('',#12358,0.75);
#1014=CIRCLE('',#12359,0.85);
#1015=CIRCLE('',#12360,0.85);
#1016=CIRCLE('',#12361,0.75);
#1017=CIRCLE('',#12362,2.);
#1018=CIRCLE('',#12363,0.85);
#1019=CIRCLE('',#12364,0.75);
#1020=CIRCLE('',#12365,0.85);
#1021=CIRCLE('',#12366,0.85);
#1022=CIRCLE('',#12367,0.75);
#1023=CIRCLE('',#12368,2.);
#1024=CIRCLE('',#12369,0.85);
#1025=CIRCLE('',#12370,0.75);
#1026=CIRCLE('',#12371,0.85);
#1027=CIRCLE('',#12372,0.85);
#1028=CIRCLE('',#12373,2.);
#1029=CIRCLE('',#12374,0.75);
#1030=CIRCLE('',#12375,0.15);
#1031=CIRCLE('',#12376,0.75);
#1032=CIRCLE('',#12377,0.75);
#1033=CIRCLE('',#12378,0.85);
#1034=CIRCLE('',#12379,0.85);
#1035=CIRCLE('',#12380,2.);
#1036=CIRCLE('',#12381,0.85);
#1037=CIRCLE('',#12382,0.75);
#1038=CIRCLE('',#12383,0.75);
#1039=CIRCLE('',#12384,0.45);
#1040=CIRCLE('',#12385,0.45);
#1041=CIRCLE('',#12386,0.45);
#1042=CIRCLE('',#12387,0.45);
#1043=CIRCLE('',#12388,0.85);
#1044=CIRCLE('',#12389,0.75);
#1045=CIRCLE('',#12390,0.45);
#1046=CIRCLE('',#12391,0.15);
#1047=CIRCLE('',#12392,0.45);
#1048=CIRCLE('',#12393,0.45);
#1049=CIRCLE('',#12394,0.45);
#1050=CIRCLE('',#12395,0.45);
#1051=CIRCLE('',#12396,0.45);
#1052=CIRCLE('',#12397,0.45);
#1053=CIRCLE('',#12398,0.45);
#1054=CIRCLE('',#12399,0.85);
#1055=CIRCLE('',#12400,0.75);
#1056=CIRCLE('',#12401,2.);
#1057=CIRCLE('',#12402,0.85);
#1058=CIRCLE('',#12403,0.75);
#1059=CIRCLE('',#12404,0.85);
#1060=CIRCLE('',#12405,2.);
#1061=CIRCLE('',#12406,0.75);
#1062=CIRCLE('',#12407,2.);
#1063=CIRCLE('',#12408,0.75);
#1064=CIRCLE('',#12409,0.85);
#1065=CIRCLE('',#12410,0.85);
#1066=CIRCLE('',#12411,0.75);
#1067=CIRCLE('',#12412,2.);
#1068=CIRCLE('',#12413,0.45);
#1069=CIRCLE('',#12414,0.45);
#1070=CIRCLE('',#12415,0.15);
#1071=CIRCLE('',#12416,1.6);
#1072=CIRCLE('',#12417,1.27);
#1073=CIRCLE('',#12418,0.25);
#1074=CIRCLE('',#12419,0.25);
#1075=CIRCLE('',#12420,0.25);
#1076=CIRCLE('',#12421,1.27);
#1077=CIRCLE('',#12422,0.85);
#1078=CIRCLE('',#12423,0.75);
#1079=CIRCLE('',#12424,0.85);
#1080=CIRCLE('',#12425,0.75);
#1081=CIRCLE('',#12426,2.);
#1082=CIRCLE('',#12427,0.75);
#1083=CIRCLE('',#12428,0.85);
#1084=CIRCLE('',#12429,0.75);
#1085=CIRCLE('',#12430,0.85);
#1086=CIRCLE('',#12431,0.75);
#1087=CIRCLE('',#12432,2.);
#1088=CIRCLE('',#12433,0.75);
#1089=CIRCLE('',#12434,0.85);
#1090=CIRCLE('',#12435,0.85);
#1091=CIRCLE('',#12436,0.75);
#1092=CIRCLE('',#12437,2.);
#1093=CIRCLE('',#12438,0.85);
#1094=CIRCLE('',#12439,0.75);
#1095=CIRCLE('',#12440,0.85);
#1096=CIRCLE('',#12441,0.85);
#1097=CIRCLE('',#12442,0.75);
#1098=CIRCLE('',#12443,2.);
#1099=CIRCLE('',#12444,0.85);
#1100=CIRCLE('',#12445,0.75);
#1101=CIRCLE('',#12446,0.5);
#1102=CIRCLE('',#12447,0.5);
#1103=CIRCLE('',#12448,0.5);
#1104=CIRCLE('',#12449,0.5);
#1105=CIRCLE('',#12450,0.5);
#1106=CIRCLE('',#12451,0.5);
#1107=CIRCLE('',#12452,0.5);
#1108=CIRCLE('',#12453,0.5);
#1109=CIRCLE('',#12454,0.5);
#1110=CIRCLE('',#12455,0.5);
#1111=CIRCLE('',#12456,0.5);
#1112=CIRCLE('',#12457,0.5);
#1113=CIRCLE('',#12458,0.5);
#1114=CIRCLE('',#12459,0.5);
#1115=CIRCLE('',#12460,0.5);
#1116=CIRCLE('',#12461,0.5);
#1117=CIRCLE('',#12462,0.5);
#1118=CIRCLE('',#12463,0.5);
#1119=CIRCLE('',#12464,0.5);
#1120=CIRCLE('',#12465,0.5);
#1121=CIRCLE('',#12466,0.5);
#1122=CIRCLE('',#12467,1.27);
#1123=CIRCLE('',#12468,0.5);
#1124=CIRCLE('',#12469,0.5);
#1125=CIRCLE('',#12470,0.5);
#1126=CIRCLE('',#12471,0.5);
#1127=CIRCLE('',#12472,0.5);
#1128=CIRCLE('',#12473,0.5);
#1129=CIRCLE('',#12474,0.5);
#1130=CIRCLE('',#12475,1.27);
#1131=CIRCLE('',#12477,0.45);
#1132=CIRCLE('',#12478,0.45);
#1133=CIRCLE('',#12479,0.45);
#1134=CIRCLE('',#12480,0.45);
#1135=CIRCLE('',#12481,0.45);
#1136=CIRCLE('',#12482,0.85);
#1137=CIRCLE('',#12483,0.75);
#1138=CIRCLE('',#12484,0.45);
#1139=CIRCLE('',#12485,0.15);
#1140=CIRCLE('',#12486,0.45);
#1141=CIRCLE('',#12487,0.45);
#1142=CIRCLE('',#12488,0.45);
#1143=CIRCLE('',#12489,0.45);
#1144=CIRCLE('',#12490,0.45);
#1145=CIRCLE('',#12491,0.85);
#1146=CIRCLE('',#12492,0.45);
#1147=CIRCLE('',#12493,0.75);
#1148=CIRCLE('',#12494,2.);
#1149=CIRCLE('',#12495,0.85);
#1150=CIRCLE('',#12496,0.75);
#1151=CIRCLE('',#12497,0.85);
#1152=CIRCLE('',#12498,2.);
#1153=CIRCLE('',#12499,0.75);
#1154=CIRCLE('',#12500,2.);
#1155=CIRCLE('',#12501,0.85);
#1156=CIRCLE('',#12502,0.75);
#1157=CIRCLE('',#12503,0.85);
#1158=CIRCLE('',#12504,2.);
#1159=CIRCLE('',#12505,0.75);
#1160=CIRCLE('',#12506,0.45);
#1161=CIRCLE('',#12507,0.45);
#1162=CIRCLE('',#12508,0.45);
#1163=CIRCLE('',#12509,0.45);
#1164=CIRCLE('',#12510,0.45);
#1165=CIRCLE('',#12511,0.15);
#1166=CIRCLE('',#12512,0.45);
#1167=CIRCLE('',#12513,0.45);
#1168=CIRCLE('',#12514,0.45);
#1169=CIRCLE('',#12515,0.85);
#1170=CIRCLE('',#12516,0.45);
#1171=CIRCLE('',#12517,0.45);
#1172=CIRCLE('',#12518,0.45);
#1173=CIRCLE('',#12519,0.15);
#1174=CIRCLE('',#12520,0.45);
#1175=CIRCLE('',#12521,0.75);
#1176=CIRCLE('',#12522,0.45);
#1177=CIRCLE('',#12523,0.45);
#1178=CIRCLE('',#12524,2.);
#1179=CIRCLE('',#12525,0.85);
#1180=CIRCLE('',#12526,0.85);
#1181=CIRCLE('',#12527,2.);
#1182=CIRCLE('',#12528,0.75);
#1183=CIRCLE('',#12529,0.75);
#1184=CIRCLE('',#12530,0.15);
#1185=CIRCLE('',#12531,0.85);
#1186=CIRCLE('',#12532,0.75);
#1187=CIRCLE('',#12533,0.15);
#1188=CIRCLE('',#12534,0.85);
#1189=CIRCLE('',#12535,0.75);
#1190=CIRCLE('',#12536,2.);
#1191=CIRCLE('',#12537,0.75);
#1192=CIRCLE('',#12538,0.85);
#1193=CIRCLE('',#12539,0.75);
#1194=CIRCLE('',#12540,0.85);
#1195=CIRCLE('',#12541,2.);
#1196=CIRCLE('',#12542,0.75);
#1197=CIRCLE('',#12543,0.75);
#1198=CIRCLE('',#12544,0.85);
#1199=CIRCLE('',#12545,0.85);
#1200=CIRCLE('',#12546,0.75);
#1201=CIRCLE('',#12547,2.);
#1202=CIRCLE('',#12548,0.85);
#1203=CIRCLE('',#12549,0.75);
#1204=CIRCLE('',#12550,0.85);
#1205=CIRCLE('',#12551,0.85);
#1206=CIRCLE('',#12552,0.75);
#1207=CIRCLE('',#12553,2.);
#1208=CIRCLE('',#12554,0.85);
#1209=CIRCLE('',#12555,0.75);
#1210=CIRCLE('',#12556,0.85);
#1211=CIRCLE('',#12557,0.85);
#1212=CIRCLE('',#12558,2.);
#1213=CIRCLE('',#12559,0.75);
#1214=CIRCLE('',#12560,0.15);
#1215=CIRCLE('',#12561,0.75);
#1216=CIRCLE('',#12562,0.75);
#1217=CIRCLE('',#12563,0.85);
#1218=CIRCLE('',#12564,0.85);
#1219=CIRCLE('',#12565,2.);
#1220=CIRCLE('',#12566,0.85);
#1221=CIRCLE('',#12567,0.75);
#1222=CIRCLE('',#12568,0.75);
#1223=CIRCLE('',#12569,0.45);
#1224=CIRCLE('',#12570,0.45);
#1225=CIRCLE('',#12571,0.45);
#1226=CIRCLE('',#12572,0.45);
#1227=CIRCLE('',#12573,0.85);
#1228=CIRCLE('',#12574,0.75);
#1229=CIRCLE('',#12575,0.45);
#1230=CIRCLE('',#12576,0.15);
#1231=CIRCLE('',#12577,0.45);
#1232=CIRCLE('',#12578,0.45);
#1233=CIRCLE('',#12579,0.45);
#1234=CIRCLE('',#12580,0.45);
#1235=CIRCLE('',#12581,0.45);
#1236=CIRCLE('',#12582,0.45);
#1237=CIRCLE('',#12583,0.45);
#1238=CIRCLE('',#12584,0.85);
#1239=CIRCLE('',#12585,0.75);
#1240=CIRCLE('',#12586,2.);
#1241=CIRCLE('',#12587,0.85);
#1242=CIRCLE('',#12588,0.75);
#1243=CIRCLE('',#12589,0.85);
#1244=CIRCLE('',#12590,2.);
#1245=CIRCLE('',#12591,0.75);
#1246=CIRCLE('',#12592,2.);
#1247=CIRCLE('',#12593,0.75);
#1248=CIRCLE('',#12594,0.85);
#1249=CIRCLE('',#12595,0.85);
#1250=CIRCLE('',#12596,0.75);
#1251=CIRCLE('',#12597,2.);
#1252=CIRCLE('',#12598,0.45);
#1253=CIRCLE('',#12599,0.45);
#1254=CIRCLE('',#12600,0.15);
#1255=CIRCLE('',#12601,1.6);
#1256=CIRCLE('',#12602,1.27);
#1257=CIRCLE('',#12603,0.25);
#1258=CIRCLE('',#12604,0.25);
#1259=CIRCLE('',#12605,0.25);
#1260=CIRCLE('',#12606,1.27);
#1261=CIRCLE('',#12607,0.85);
#1262=CIRCLE('',#12608,0.75);
#1263=CIRCLE('',#12609,0.85);
#1264=CIRCLE('',#12610,0.75);
#1265=CIRCLE('',#12611,2.);
#1266=CIRCLE('',#12612,0.75);
#1267=CIRCLE('',#12613,0.85);
#1268=CIRCLE('',#12614,0.75);
#1269=CIRCLE('',#12615,0.85);
#1270=CIRCLE('',#12616,0.75);
#1271=CIRCLE('',#12617,2.);
#1272=CIRCLE('',#12618,0.75);
#1273=CIRCLE('',#12619,0.85);
#1274=CIRCLE('',#12620,0.85);
#1275=CIRCLE('',#12621,0.75);
#1276=CIRCLE('',#12622,2.);
#1277=CIRCLE('',#12623,0.85);
#1278=CIRCLE('',#12624,0.75);
#1279=CIRCLE('',#12625,0.85);
#1280=CIRCLE('',#12626,0.85);
#1281=CIRCLE('',#12627,0.75);
#1282=CIRCLE('',#12628,2.);
#1283=CIRCLE('',#12629,0.85);
#1284=CIRCLE('',#12630,0.75);
#1285=CIRCLE('',#12631,0.5);
#1286=CIRCLE('',#12632,0.5);
#1287=CIRCLE('',#12633,0.5);
#1288=CIRCLE('',#12634,0.5);
#1289=CIRCLE('',#12635,0.5);
#1290=CIRCLE('',#12636,0.5);
#1291=CIRCLE('',#12637,0.5);
#1292=CIRCLE('',#12638,0.5);
#1293=CIRCLE('',#12639,0.5);
#1294=CIRCLE('',#12640,0.5);
#1295=CIRCLE('',#12641,0.5);
#1296=CIRCLE('',#12642,0.5);
#1297=CIRCLE('',#12643,0.5);
#1298=CIRCLE('',#12644,0.5);
#1299=CIRCLE('',#12645,0.5);
#1300=CIRCLE('',#12646,0.5);
#1301=CIRCLE('',#12647,0.5);
#1302=CIRCLE('',#12648,0.5);
#1303=CIRCLE('',#12649,0.5);
#1304=CIRCLE('',#12650,0.5);
#1305=CIRCLE('',#12651,0.5);
#1306=CIRCLE('',#12652,1.27);
#1307=CIRCLE('',#12653,0.5);
#1308=CIRCLE('',#12654,0.5);
#1309=CIRCLE('',#12655,0.5);
#1310=CIRCLE('',#12656,0.5);
#1311=CIRCLE('',#12657,0.5);
#1312=CIRCLE('',#12658,0.5);
#1313=CIRCLE('',#12659,0.5);
#1314=CIRCLE('',#12660,1.27);
#1315=CIRCLE('',#12847,0.3);
#1316=CIRCLE('',#12848,0.3);
#1317=CIRCLE('',#12849,0.3);
#1318=CIRCLE('',#12852,0.3);
#1319=CIRCLE('',#12853,0.3);
#1320=CIRCLE('',#12854,0.300000000000002);
#1321=CIRCLE('',#12856,0.3);
#1322=CIRCLE('',#12858,1.35);
#1323=CIRCLE('',#12860,1.35);
#1324=CIRCLE('',#12862,1.36);
#1325=CIRCLE('',#12864,1.36);
#1326=CIRCLE('',#12866,1.35);
#1327=CIRCLE('',#12868,1.35);
#1328=CIRCLE('',#12870,0.3);
#1329=CIRCLE('',#12872,0.3);
#1330=CIRCLE('',#12873,0.3);
#1331=CIRCLE('',#12875,0.3);
#1332=CIRCLE('',#12876,0.3);
#1333=CIRCLE('',#12877,0.299999999999998);
#1334=CIRCLE('',#12879,0.3);
#1335=CIRCLE('',#12882,0.3);
#1336=CIRCLE('',#12883,0.3);
#1337=CIRCLE('',#12884,0.3);
#1338=CIRCLE('',#12887,0.3);
#1339=CIRCLE('',#12888,0.3);
#1340=CIRCLE('',#12889,0.300000000000002);
#1341=CIRCLE('',#12891,0.3);
#1342=CIRCLE('',#12893,1.35);
#1343=CIRCLE('',#12895,1.35);
#1344=CIRCLE('',#12897,1.36);
#1345=CIRCLE('',#12899,1.36);
#1346=CIRCLE('',#12901,1.35);
#1347=CIRCLE('',#12903,1.35);
#1348=CIRCLE('',#12905,0.3);
#1349=CIRCLE('',#12907,0.3);
#1350=CIRCLE('',#12908,0.3);
#1351=CIRCLE('',#12910,0.3);
#1352=CIRCLE('',#12911,0.3);
#1353=CIRCLE('',#12912,0.299999999999998);
#1354=CIRCLE('',#12914,0.3);
#1355=CIRCLE('',#12917,0.3);
#1356=CIRCLE('',#12918,0.3);
#1357=CIRCLE('',#12919,0.3);
#1358=CIRCLE('',#12922,0.3);
#1359=CIRCLE('',#12923,0.3);
#1360=CIRCLE('',#12924,0.300000000000002);
#1361=CIRCLE('',#12926,0.3);
#1362=CIRCLE('',#12928,1.35);
#1363=CIRCLE('',#12930,1.35);
#1364=CIRCLE('',#12932,1.36);
#1365=CIRCLE('',#12934,1.36);
#1366=CIRCLE('',#12936,1.35);
#1367=CIRCLE('',#12938,1.35);
#1368=CIRCLE('',#12940,0.3);
#1369=CIRCLE('',#12942,0.3);
#1370=CIRCLE('',#12943,0.3);
#1371=CIRCLE('',#12945,0.3);
#1372=CIRCLE('',#12946,0.3);
#1373=CIRCLE('',#12947,0.299999999999998);
#1374=CIRCLE('',#12949,0.3);
#1375=CIRCLE('',#12952,0.3);
#1376=CIRCLE('',#12953,0.3);
#1377=CIRCLE('',#12954,0.3);
#1378=CIRCLE('',#12957,0.3);
#1379=CIRCLE('',#12958,0.3);
#1380=CIRCLE('',#12959,0.300000000000002);
#1381=CIRCLE('',#12961,0.3);
#1382=CIRCLE('',#12963,1.35);
#1383=CIRCLE('',#12965,1.35);
#1384=CIRCLE('',#12967,1.36);
#1385=CIRCLE('',#12969,1.36);
#1386=CIRCLE('',#12971,1.35);
#1387=CIRCLE('',#12973,1.35);
#1388=CIRCLE('',#12975,0.3);
#1389=CIRCLE('',#12977,0.3);
#1390=CIRCLE('',#12978,0.3);
#1391=CIRCLE('',#12980,0.3);
#1392=CIRCLE('',#12981,0.3);
#1393=CIRCLE('',#12982,0.299999999999998);
#1394=CIRCLE('',#12984,0.3);
#1395=CIRCLE('',#12987,0.3);
#1396=CIRCLE('',#12988,0.3);
#1397=CIRCLE('',#12989,0.3);
#1398=CIRCLE('',#12992,0.3);
#1399=CIRCLE('',#12993,0.3);
#1400=CIRCLE('',#12994,0.300000000000002);
#1401=CIRCLE('',#12996,0.3);
#1402=CIRCLE('',#12998,1.35);
#1403=CIRCLE('',#13000,1.35);
#1404=CIRCLE('',#13002,1.36);
#1405=CIRCLE('',#13004,1.36);
#1406=CIRCLE('',#13006,1.35);
#1407=CIRCLE('',#13008,1.35);
#1408=CIRCLE('',#13010,0.3);
#1409=CIRCLE('',#13012,0.3);
#1410=CIRCLE('',#13013,0.3);
#1411=CIRCLE('',#13015,0.3);
#1412=CIRCLE('',#13016,0.3);
#1413=CIRCLE('',#13017,0.299999999999998);
#1414=CIRCLE('',#13019,0.3);
#1415=CIRCLE('',#13022,0.3);
#1416=CIRCLE('',#13023,0.3);
#1417=CIRCLE('',#13024,0.3);
#1418=CIRCLE('',#13027,0.3);
#1419=CIRCLE('',#13028,0.3);
#1420=CIRCLE('',#13029,0.300000000000002);
#1421=CIRCLE('',#13031,0.3);
#1422=CIRCLE('',#13033,1.35);
#1423=CIRCLE('',#13035,1.35);
#1424=CIRCLE('',#13037,1.36);
#1425=CIRCLE('',#13039,1.36);
#1426=CIRCLE('',#13041,1.35);
#1427=CIRCLE('',#13043,1.35);
#1428=CIRCLE('',#13045,0.3);
#1429=CIRCLE('',#13047,0.3);
#1430=CIRCLE('',#13048,0.3);
#1431=CIRCLE('',#13050,0.3);
#1432=CIRCLE('',#13051,0.3);
#1433=CIRCLE('',#13052,0.299999999999998);
#1434=CIRCLE('',#13054,0.3);
#1435=CIRCLE('',#13057,0.3);
#1436=CIRCLE('',#13058,0.3);
#1437=CIRCLE('',#13059,0.3);
#1438=CIRCLE('',#13062,0.3);
#1439=CIRCLE('',#13063,0.3);
#1440=CIRCLE('',#13064,0.300000000000002);
#1441=CIRCLE('',#13066,0.3);
#1442=CIRCLE('',#13068,1.35);
#1443=CIRCLE('',#13070,1.35);
#1444=CIRCLE('',#13072,1.36);
#1445=CIRCLE('',#13074,1.36);
#1446=CIRCLE('',#13076,1.35);
#1447=CIRCLE('',#13078,1.35);
#1448=CIRCLE('',#13080,0.3);
#1449=CIRCLE('',#13082,0.3);
#1450=CIRCLE('',#13083,0.3);
#1451=CIRCLE('',#13085,0.3);
#1452=CIRCLE('',#13086,0.3);
#1453=CIRCLE('',#13087,0.299999999999998);
#1454=CIRCLE('',#13089,0.3);
#1455=CIRCLE('',#13092,0.3);
#1456=CIRCLE('',#13093,0.3);
#1457=CIRCLE('',#13094,0.3);
#1458=CIRCLE('',#13097,0.3);
#1459=CIRCLE('',#13098,0.3);
#1460=CIRCLE('',#13099,0.300000000000002);
#1461=CIRCLE('',#13101,0.3);
#1462=CIRCLE('',#13103,1.35);
#1463=CIRCLE('',#13105,1.35);
#1464=CIRCLE('',#13107,1.36);
#1465=CIRCLE('',#13109,1.36);
#1466=CIRCLE('',#13111,1.35);
#1467=CIRCLE('',#13113,1.35);
#1468=CIRCLE('',#13115,0.3);
#1469=CIRCLE('',#13117,0.3);
#1470=CIRCLE('',#13118,0.3);
#1471=CIRCLE('',#13120,0.3);
#1472=CIRCLE('',#13121,0.3);
#1473=CIRCLE('',#13122,0.299999999999998);
#1474=CIRCLE('',#13124,0.3);
#1475=CIRCLE('',#13127,0.3);
#1476=CIRCLE('',#13128,0.3);
#1477=CIRCLE('',#13129,0.3);
#1478=CIRCLE('',#13132,0.3);
#1479=CIRCLE('',#13133,0.3);
#1480=CIRCLE('',#13134,0.300000000000002);
#1481=CIRCLE('',#13136,0.3);
#1482=CIRCLE('',#13138,1.35);
#1483=CIRCLE('',#13140,1.35);
#1484=CIRCLE('',#13142,1.36);
#1485=CIRCLE('',#13144,1.36);
#1486=CIRCLE('',#13146,1.35);
#1487=CIRCLE('',#13148,1.35);
#1488=CIRCLE('',#13150,0.3);
#1489=CIRCLE('',#13152,0.3);
#1490=CIRCLE('',#13153,0.3);
#1491=CIRCLE('',#13155,0.3);
#1492=CIRCLE('',#13156,0.3);
#1493=CIRCLE('',#13157,0.299999999999998);
#1494=CIRCLE('',#13159,0.3);
#1495=CIRCLE('',#13162,0.3);
#1496=CIRCLE('',#13163,0.3);
#1497=CIRCLE('',#13164,0.3);
#1498=CIRCLE('',#13167,0.3);
#1499=CIRCLE('',#13168,0.3);
#1500=CIRCLE('',#13169,0.300000000000002);
#1501=CIRCLE('',#13171,0.3);
#1502=CIRCLE('',#13173,1.35);
#1503=CIRCLE('',#13175,1.35);
#1504=CIRCLE('',#13177,1.36);
#1505=CIRCLE('',#13179,1.36);
#1506=CIRCLE('',#13181,1.35);
#1507=CIRCLE('',#13183,1.35);
#1508=CIRCLE('',#13185,0.3);
#1509=CIRCLE('',#13187,0.3);
#1510=CIRCLE('',#13188,0.3);
#1511=CIRCLE('',#13190,0.3);
#1512=CIRCLE('',#13191,0.3);
#1513=CIRCLE('',#13192,0.299999999999998);
#1514=CIRCLE('',#13194,0.3);
#1515=CIRCLE('',#13197,0.3);
#1516=CIRCLE('',#13198,0.3);
#1517=CIRCLE('',#13199,0.3);
#1518=CIRCLE('',#13202,0.3);
#1519=CIRCLE('',#13203,0.3);
#1520=CIRCLE('',#13204,0.300000000000002);
#1521=CIRCLE('',#13206,0.3);
#1522=CIRCLE('',#13208,1.35);
#1523=CIRCLE('',#13210,1.35);
#1524=CIRCLE('',#13212,1.36);
#1525=CIRCLE('',#13214,1.36);
#1526=CIRCLE('',#13216,1.35);
#1527=CIRCLE('',#13218,1.35);
#1528=CIRCLE('',#13220,0.3);
#1529=CIRCLE('',#13222,0.3);
#1530=CIRCLE('',#13223,0.3);
#1531=CIRCLE('',#13225,0.3);
#1532=CIRCLE('',#13226,0.3);
#1533=CIRCLE('',#13227,0.299999999999998);
#1534=CIRCLE('',#13229,0.3);
#1535=CIRCLE('',#13232,0.3);
#1536=CIRCLE('',#13233,0.3);
#1537=CIRCLE('',#13234,0.3);
#1538=CIRCLE('',#13237,0.3);
#1539=CIRCLE('',#13238,0.3);
#1540=CIRCLE('',#13239,0.300000000000002);
#1541=CIRCLE('',#13241,0.3);
#1542=CIRCLE('',#13243,1.35);
#1543=CIRCLE('',#13245,1.35);
#1544=CIRCLE('',#13247,1.36);
#1545=CIRCLE('',#13249,1.36);
#1546=CIRCLE('',#13251,1.35);
#1547=CIRCLE('',#13253,1.35);
#1548=CIRCLE('',#13255,0.3);
#1549=CIRCLE('',#13257,0.3);
#1550=CIRCLE('',#13258,0.3);
#1551=CIRCLE('',#13260,0.3);
#1552=CIRCLE('',#13261,0.3);
#1553=CIRCLE('',#13262,0.299999999999998);
#1554=CIRCLE('',#13264,0.3);
#1555=CIRCLE('',#13267,0.3);
#1556=CIRCLE('',#13268,0.3);
#1557=CIRCLE('',#13269,0.3);
#1558=CIRCLE('',#13272,0.3);
#1559=CIRCLE('',#13273,0.3);
#1560=CIRCLE('',#13274,0.300000000000002);
#1561=CIRCLE('',#13276,0.3);
#1562=CIRCLE('',#13278,1.35);
#1563=CIRCLE('',#13280,1.35);
#1564=CIRCLE('',#13282,1.36);
#1565=CIRCLE('',#13284,1.36);
#1566=CIRCLE('',#13286,1.35);
#1567=CIRCLE('',#13288,1.35);
#1568=CIRCLE('',#13290,0.3);
#1569=CIRCLE('',#13292,0.3);
#1570=CIRCLE('',#13293,0.3);
#1571=CIRCLE('',#13295,0.3);
#1572=CIRCLE('',#13296,0.3);
#1573=CIRCLE('',#13297,0.299999999999998);
#1574=CIRCLE('',#13299,0.3);
#1575=CIRCLE('',#13302,0.3);
#1576=CIRCLE('',#13303,0.3);
#1577=CIRCLE('',#13304,0.3);
#1578=CIRCLE('',#13307,0.3);
#1579=CIRCLE('',#13308,0.3);
#1580=CIRCLE('',#13309,0.300000000000002);
#1581=CIRCLE('',#13311,0.3);
#1582=CIRCLE('',#13313,1.35);
#1583=CIRCLE('',#13315,1.35);
#1584=CIRCLE('',#13317,1.36);
#1585=CIRCLE('',#13319,1.36);
#1586=CIRCLE('',#13321,1.35);
#1587=CIRCLE('',#13323,1.35);
#1588=CIRCLE('',#13325,0.3);
#1589=CIRCLE('',#13327,0.3);
#1590=CIRCLE('',#13328,0.3);
#1591=CIRCLE('',#13330,0.3);
#1592=CIRCLE('',#13331,0.3);
#1593=CIRCLE('',#13332,0.299999999999998);
#1594=CIRCLE('',#13334,0.3);
#1595=CIRCLE('',#13337,0.3);
#1596=CIRCLE('',#13338,0.3);
#1597=CIRCLE('',#13339,0.3);
#1598=CIRCLE('',#13342,0.3);
#1599=CIRCLE('',#13343,0.3);
#1600=CIRCLE('',#13344,0.300000000000002);
#1601=CIRCLE('',#13346,0.3);
#1602=CIRCLE('',#13348,1.35);
#1603=CIRCLE('',#13350,1.35);
#1604=CIRCLE('',#13352,1.36);
#1605=CIRCLE('',#13354,1.36);
#1606=CIRCLE('',#13356,1.35);
#1607=CIRCLE('',#13358,1.35);
#1608=CIRCLE('',#13360,0.3);
#1609=CIRCLE('',#13362,0.3);
#1610=CIRCLE('',#13363,0.3);
#1611=CIRCLE('',#13365,0.3);
#1612=CIRCLE('',#13366,0.3);
#1613=CIRCLE('',#13367,0.299999999999998);
#1614=CIRCLE('',#13369,0.3);
#1615=CIRCLE('',#13372,0.3);
#1616=CIRCLE('',#13373,0.3);
#1617=CIRCLE('',#13374,0.3);
#1618=CIRCLE('',#13377,0.3);
#1619=CIRCLE('',#13378,0.3);
#1620=CIRCLE('',#13379,0.300000000000002);
#1621=CIRCLE('',#13381,0.3);
#1622=CIRCLE('',#13383,1.35);
#1623=CIRCLE('',#13385,1.35);
#1624=CIRCLE('',#13387,1.36);
#1625=CIRCLE('',#13389,1.36);
#1626=CIRCLE('',#13391,1.35);
#1627=CIRCLE('',#13393,1.35);
#1628=CIRCLE('',#13395,0.3);
#1629=CIRCLE('',#13397,0.3);
#1630=CIRCLE('',#13398,0.3);
#1631=CIRCLE('',#13400,0.3);
#1632=CIRCLE('',#13401,0.3);
#1633=CIRCLE('',#13402,0.299999999999998);
#1634=CIRCLE('',#13404,0.3);
#1635=CIRCLE('',#13407,0.3);
#1636=CIRCLE('',#13408,0.3);
#1637=CIRCLE('',#13409,0.3);
#1638=CIRCLE('',#13412,0.3);
#1639=CIRCLE('',#13413,0.3);
#1640=CIRCLE('',#13414,0.300000000000002);
#1641=CIRCLE('',#13416,0.3);
#1642=CIRCLE('',#13418,1.35);
#1643=CIRCLE('',#13420,1.35);
#1644=CIRCLE('',#13422,1.36);
#1645=CIRCLE('',#13424,1.36);
#1646=CIRCLE('',#13426,1.35);
#1647=CIRCLE('',#13428,1.35);
#1648=CIRCLE('',#13430,0.3);
#1649=CIRCLE('',#13432,0.3);
#1650=CIRCLE('',#13433,0.3);
#1651=CIRCLE('',#13435,0.3);
#1652=CIRCLE('',#13436,0.3);
#1653=CIRCLE('',#13437,0.299999999999998);
#1654=CIRCLE('',#13439,0.3);
#1655=CIRCLE('',#13518,0.3);
#1656=CIRCLE('',#13519,0.3);
#1657=CIRCLE('',#13520,0.3);
#1658=CIRCLE('',#13523,0.3);
#1659=CIRCLE('',#13524,0.3);
#1660=CIRCLE('',#13525,0.300000000000002);
#1661=CIRCLE('',#13527,0.3);
#1662=CIRCLE('',#13529,1.35);
#1663=CIRCLE('',#13531,1.35);
#1664=CIRCLE('',#13533,1.36);
#1665=CIRCLE('',#13535,1.36);
#1666=CIRCLE('',#13537,1.35);
#1667=CIRCLE('',#13539,1.35);
#1668=CIRCLE('',#13541,0.3);
#1669=CIRCLE('',#13543,0.3);
#1670=CIRCLE('',#13544,0.3);
#1671=CIRCLE('',#13546,0.3);
#1672=CIRCLE('',#13547,0.3);
#1673=CIRCLE('',#13548,0.299999999999998);
#1674=CIRCLE('',#13550,0.3);
#1675=CIRCLE('',#13553,0.3);
#1676=CIRCLE('',#13554,0.3);
#1677=CIRCLE('',#13555,0.3);
#1678=CIRCLE('',#13558,0.3);
#1679=CIRCLE('',#13559,0.3);
#1680=CIRCLE('',#13560,0.300000000000002);
#1681=CIRCLE('',#13562,0.3);
#1682=CIRCLE('',#13564,1.35);
#1683=CIRCLE('',#13566,1.35);
#1684=CIRCLE('',#13568,1.36);
#1685=CIRCLE('',#13570,1.36);
#1686=CIRCLE('',#13572,1.35);
#1687=CIRCLE('',#13574,1.35);
#1688=CIRCLE('',#13576,0.3);
#1689=CIRCLE('',#13578,0.3);
#1690=CIRCLE('',#13579,0.3);
#1691=CIRCLE('',#13581,0.3);
#1692=CIRCLE('',#13582,0.3);
#1693=CIRCLE('',#13583,0.299999999999998);
#1694=CIRCLE('',#13585,0.3);
#1695=CIRCLE('',#13588,0.3);
#1696=CIRCLE('',#13589,0.3);
#1697=CIRCLE('',#13590,0.3);
#1698=CIRCLE('',#13593,0.3);
#1699=CIRCLE('',#13594,0.3);
#1700=CIRCLE('',#13595,0.300000000000002);
#1701=CIRCLE('',#13597,0.3);
#1702=CIRCLE('',#13599,1.35);
#1703=CIRCLE('',#13601,1.35);
#1704=CIRCLE('',#13603,1.36);
#1705=CIRCLE('',#13605,1.36);
#1706=CIRCLE('',#13607,1.35);
#1707=CIRCLE('',#13609,1.35);
#1708=CIRCLE('',#13611,0.3);
#1709=CIRCLE('',#13613,0.3);
#1710=CIRCLE('',#13614,0.3);
#1711=CIRCLE('',#13616,0.3);
#1712=CIRCLE('',#13617,0.3);
#1713=CIRCLE('',#13618,0.299999999999998);
#1714=CIRCLE('',#13620,0.3);
#1715=CIRCLE('',#13623,2.);
#1716=CIRCLE('',#13624,2.);
#1717=CIRCLE('',#13626,2.);
#1718=CIRCLE('',#13627,2.);
#1719=CIRCLE('',#13629,2.);
#1720=CIRCLE('',#13630,2.);
#1721=CIRCLE('',#13632,2.);
#1722=CIRCLE('',#13633,2.);
#1723=CIRCLE('',#13635,2.35);
#1724=CIRCLE('',#13636,2.35);
#1725=CIRCLE('',#13639,2.35);
#1726=CIRCLE('',#13640,2.35);
#1727=CIRCLE('',#13643,2.35);
#1728=CIRCLE('',#13644,2.35);
#1729=CIRCLE('',#13647,2.35);
#1730=CIRCLE('',#13648,2.35);
#1731=CIRCLE('',#13651,0.150000000000001);
#1732=CIRCLE('',#13653,0.15);
#1733=CIRCLE('',#13687,0.150000000000001);
#1734=CIRCLE('',#13700,0.15);
#1735=CIRCLE('',#13762,2.35);
#1736=CIRCLE('',#13763,2.35);
#1737=CIRCLE('',#13764,2.35);
#1738=CIRCLE('',#13765,2.35);
#1739=CIRCLE('',#13769,2.);
#1740=CIRCLE('',#13770,2.);
#1741=CIRCLE('',#13772,2.);
#1742=CIRCLE('',#13773,2.);
#1743=CIRCLE('',#13775,2.);
#1744=CIRCLE('',#13776,2.);
#1745=CIRCLE('',#13778,2.);
#1746=CIRCLE('',#13779,2.);
#1747=CIRCLE('',#13781,2.35);
#1748=CIRCLE('',#13784,2.35);
#1749=CIRCLE('',#13787,2.35);
#1750=CIRCLE('',#13790,2.35);
#1751=FACE_OUTER_BOUND('',#2460,.T.);
#1752=FACE_OUTER_BOUND('',#2461,.T.);
#1753=FACE_OUTER_BOUND('',#2462,.T.);
#1754=FACE_OUTER_BOUND('',#2463,.T.);
#1755=FACE_OUTER_BOUND('',#2648,.T.);
#1756=FACE_OUTER_BOUND('',#2833,.T.);
#1757=FACE_OUTER_BOUND('',#2834,.T.);
#1758=FACE_OUTER_BOUND('',#2835,.T.);
#1759=FACE_OUTER_BOUND('',#2836,.T.);
#1760=FACE_OUTER_BOUND('',#2837,.T.);
#1761=FACE_OUTER_BOUND('',#2838,.T.);
#1762=FACE_OUTER_BOUND('',#2839,.T.);
#1763=FACE_OUTER_BOUND('',#2840,.T.);
#1764=FACE_OUTER_BOUND('',#2841,.T.);
#1765=FACE_OUTER_BOUND('',#2842,.T.);
#1766=FACE_OUTER_BOUND('',#2843,.T.);
#1767=FACE_OUTER_BOUND('',#2844,.T.);
#1768=FACE_OUTER_BOUND('',#2845,.T.);
#1769=FACE_OUTER_BOUND('',#2846,.T.);
#1770=FACE_OUTER_BOUND('',#2847,.T.);
#1771=FACE_OUTER_BOUND('',#2848,.T.);
#1772=FACE_OUTER_BOUND('',#2849,.T.);
#1773=FACE_OUTER_BOUND('',#2850,.T.);
#1774=FACE_OUTER_BOUND('',#2851,.T.);
#1775=FACE_OUTER_BOUND('',#2852,.T.);
#1776=FACE_OUTER_BOUND('',#2853,.T.);
#1777=FACE_OUTER_BOUND('',#2854,.T.);
#1778=FACE_OUTER_BOUND('',#2855,.T.);
#1779=FACE_OUTER_BOUND('',#2856,.T.);
#1780=FACE_OUTER_BOUND('',#2857,.T.);
#1781=FACE_OUTER_BOUND('',#2858,.T.);
#1782=FACE_OUTER_BOUND('',#2859,.T.);
#1783=FACE_OUTER_BOUND('',#2860,.T.);
#1784=FACE_OUTER_BOUND('',#2861,.T.);
#1785=FACE_OUTER_BOUND('',#2862,.T.);
#1786=FACE_OUTER_BOUND('',#2863,.T.);
#1787=FACE_OUTER_BOUND('',#2864,.T.);
#1788=FACE_OUTER_BOUND('',#2865,.T.);
#1789=FACE_OUTER_BOUND('',#2866,.T.);
#1790=FACE_OUTER_BOUND('',#2867,.T.);
#1791=FACE_OUTER_BOUND('',#2868,.T.);
#1792=FACE_OUTER_BOUND('',#2869,.T.);
#1793=FACE_OUTER_BOUND('',#2870,.T.);
#1794=FACE_OUTER_BOUND('',#2871,.T.);
#1795=FACE_OUTER_BOUND('',#2872,.T.);
#1796=FACE_OUTER_BOUND('',#2873,.T.);
#1797=FACE_OUTER_BOUND('',#2874,.T.);
#1798=FACE_OUTER_BOUND('',#2875,.T.);
#1799=FACE_OUTER_BOUND('',#2876,.T.);
#1800=FACE_OUTER_BOUND('',#2877,.T.);
#1801=FACE_OUTER_BOUND('',#2878,.T.);
#1802=FACE_OUTER_BOUND('',#2879,.T.);
#1803=FACE_OUTER_BOUND('',#2880,.T.);
#1804=FACE_OUTER_BOUND('',#2881,.T.);
#1805=FACE_OUTER_BOUND('',#2882,.T.);
#1806=FACE_OUTER_BOUND('',#2883,.T.);
#1807=FACE_OUTER_BOUND('',#2884,.T.);
#1808=FACE_OUTER_BOUND('',#2885,.T.);
#1809=FACE_OUTER_BOUND('',#2886,.T.);
#1810=FACE_OUTER_BOUND('',#2887,.T.);
#1811=FACE_OUTER_BOUND('',#2888,.T.);
#1812=FACE_OUTER_BOUND('',#2889,.T.);
#1813=FACE_OUTER_BOUND('',#2890,.T.);
#1814=FACE_OUTER_BOUND('',#2891,.T.);
#1815=FACE_OUTER_BOUND('',#2892,.T.);
#1816=FACE_OUTER_BOUND('',#2893,.T.);
#1817=FACE_OUTER_BOUND('',#2894,.T.);
#1818=FACE_OUTER_BOUND('',#2895,.T.);
#1819=FACE_OUTER_BOUND('',#2896,.T.);
#1820=FACE_OUTER_BOUND('',#2897,.T.);
#1821=FACE_OUTER_BOUND('',#2898,.T.);
#1822=FACE_OUTER_BOUND('',#2899,.T.);
#1823=FACE_OUTER_BOUND('',#2900,.T.);
#1824=FACE_OUTER_BOUND('',#2901,.T.);
#1825=FACE_OUTER_BOUND('',#2902,.T.);
#1826=FACE_OUTER_BOUND('',#2903,.T.);
#1827=FACE_OUTER_BOUND('',#2904,.T.);
#1828=FACE_OUTER_BOUND('',#2905,.T.);
#1829=FACE_OUTER_BOUND('',#2906,.T.);
#1830=FACE_OUTER_BOUND('',#2907,.T.);
#1831=FACE_OUTER_BOUND('',#2908,.T.);
#1832=FACE_OUTER_BOUND('',#2909,.T.);
#1833=FACE_OUTER_BOUND('',#2910,.T.);
#1834=FACE_OUTER_BOUND('',#2911,.T.);
#1835=FACE_OUTER_BOUND('',#2912,.T.);
#1836=FACE_OUTER_BOUND('',#2913,.T.);
#1837=FACE_OUTER_BOUND('',#2914,.T.);
#1838=FACE_OUTER_BOUND('',#2915,.T.);
#1839=FACE_OUTER_BOUND('',#2916,.T.);
#1840=FACE_OUTER_BOUND('',#2917,.T.);
#1841=FACE_OUTER_BOUND('',#2918,.T.);
#1842=FACE_OUTER_BOUND('',#2919,.T.);
#1843=FACE_OUTER_BOUND('',#2920,.T.);
#1844=FACE_OUTER_BOUND('',#2921,.T.);
#1845=FACE_OUTER_BOUND('',#2922,.T.);
#1846=FACE_OUTER_BOUND('',#2923,.T.);
#1847=FACE_OUTER_BOUND('',#2924,.T.);
#1848=FACE_OUTER_BOUND('',#2925,.T.);
#1849=FACE_OUTER_BOUND('',#2926,.T.);
#1850=FACE_OUTER_BOUND('',#2927,.T.);
#1851=FACE_OUTER_BOUND('',#2928,.T.);
#1852=FACE_OUTER_BOUND('',#2929,.T.);
#1853=FACE_OUTER_BOUND('',#2930,.T.);
#1854=FACE_OUTER_BOUND('',#2931,.T.);
#1855=FACE_OUTER_BOUND('',#2932,.T.);
#1856=FACE_OUTER_BOUND('',#2933,.T.);
#1857=FACE_OUTER_BOUND('',#2934,.T.);
#1858=FACE_OUTER_BOUND('',#2935,.T.);
#1859=FACE_OUTER_BOUND('',#2936,.T.);
#1860=FACE_OUTER_BOUND('',#2937,.T.);
#1861=FACE_OUTER_BOUND('',#2938,.T.);
#1862=FACE_OUTER_BOUND('',#2939,.T.);
#1863=FACE_OUTER_BOUND('',#2940,.T.);
#1864=FACE_OUTER_BOUND('',#2941,.T.);
#1865=FACE_OUTER_BOUND('',#2942,.T.);
#1866=FACE_OUTER_BOUND('',#2943,.T.);
#1867=FACE_OUTER_BOUND('',#2944,.T.);
#1868=FACE_OUTER_BOUND('',#2945,.T.);
#1869=FACE_OUTER_BOUND('',#2946,.T.);
#1870=FACE_OUTER_BOUND('',#2947,.T.);
#1871=FACE_OUTER_BOUND('',#2948,.T.);
#1872=FACE_OUTER_BOUND('',#2949,.T.);
#1873=FACE_OUTER_BOUND('',#2950,.T.);
#1874=FACE_OUTER_BOUND('',#2951,.T.);
#1875=FACE_OUTER_BOUND('',#2952,.T.);
#1876=FACE_OUTER_BOUND('',#2953,.T.);
#1877=FACE_OUTER_BOUND('',#2954,.T.);
#1878=FACE_OUTER_BOUND('',#2955,.T.);
#1879=FACE_OUTER_BOUND('',#2956,.T.);
#1880=FACE_OUTER_BOUND('',#2957,.T.);
#1881=FACE_OUTER_BOUND('',#2958,.T.);
#1882=FACE_OUTER_BOUND('',#2959,.T.);
#1883=FACE_OUTER_BOUND('',#2960,.T.);
#1884=FACE_OUTER_BOUND('',#2961,.T.);
#1885=FACE_OUTER_BOUND('',#2962,.T.);
#1886=FACE_OUTER_BOUND('',#2963,.T.);
#1887=FACE_OUTER_BOUND('',#2964,.T.);
#1888=FACE_OUTER_BOUND('',#2965,.T.);
#1889=FACE_OUTER_BOUND('',#2966,.T.);
#1890=FACE_OUTER_BOUND('',#2967,.T.);
#1891=FACE_OUTER_BOUND('',#2968,.T.);
#1892=FACE_OUTER_BOUND('',#2969,.T.);
#1893=FACE_OUTER_BOUND('',#2970,.T.);
#1894=FACE_OUTER_BOUND('',#2971,.T.);
#1895=FACE_OUTER_BOUND('',#2972,.T.);
#1896=FACE_OUTER_BOUND('',#2973,.T.);
#1897=FACE_OUTER_BOUND('',#2974,.T.);
#1898=FACE_OUTER_BOUND('',#2975,.T.);
#1899=FACE_OUTER_BOUND('',#2976,.T.);
#1900=FACE_OUTER_BOUND('',#2977,.T.);
#1901=FACE_OUTER_BOUND('',#2978,.T.);
#1902=FACE_OUTER_BOUND('',#2979,.T.);
#1903=FACE_OUTER_BOUND('',#2980,.T.);
#1904=FACE_OUTER_BOUND('',#2981,.T.);
#1905=FACE_OUTER_BOUND('',#2982,.T.);
#1906=FACE_OUTER_BOUND('',#2983,.T.);
#1907=FACE_OUTER_BOUND('',#2984,.T.);
#1908=FACE_OUTER_BOUND('',#2985,.T.);
#1909=FACE_OUTER_BOUND('',#2986,.T.);
#1910=FACE_OUTER_BOUND('',#2987,.T.);
#1911=FACE_OUTER_BOUND('',#2988,.T.);
#1912=FACE_OUTER_BOUND('',#2989,.T.);
#1913=FACE_OUTER_BOUND('',#2990,.T.);
#1914=FACE_OUTER_BOUND('',#2991,.T.);
#1915=FACE_OUTER_BOUND('',#2992,.T.);
#1916=FACE_OUTER_BOUND('',#2993,.T.);
#1917=FACE_OUTER_BOUND('',#2994,.T.);
#1918=FACE_OUTER_BOUND('',#2995,.T.);
#1919=FACE_OUTER_BOUND('',#2996,.T.);
#1920=FACE_OUTER_BOUND('',#2997,.T.);
#1921=FACE_OUTER_BOUND('',#2998,.T.);
#1922=FACE_OUTER_BOUND('',#2999,.T.);
#1923=FACE_OUTER_BOUND('',#3000,.T.);
#1924=FACE_OUTER_BOUND('',#3001,.T.);
#1925=FACE_OUTER_BOUND('',#3002,.T.);
#1926=FACE_OUTER_BOUND('',#3003,.T.);
#1927=FACE_OUTER_BOUND('',#3004,.T.);
#1928=FACE_OUTER_BOUND('',#3005,.T.);
#1929=FACE_OUTER_BOUND('',#3006,.T.);
#1930=FACE_OUTER_BOUND('',#3007,.T.);
#1931=FACE_OUTER_BOUND('',#3008,.T.);
#1932=FACE_OUTER_BOUND('',#3009,.T.);
#1933=FACE_OUTER_BOUND('',#3010,.T.);
#1934=FACE_OUTER_BOUND('',#3011,.T.);
#1935=FACE_OUTER_BOUND('',#3012,.T.);
#1936=FACE_OUTER_BOUND('',#3013,.T.);
#1937=FACE_OUTER_BOUND('',#3014,.T.);
#1938=FACE_OUTER_BOUND('',#3015,.T.);
#1939=FACE_OUTER_BOUND('',#3016,.T.);
#1940=FACE_OUTER_BOUND('',#3017,.T.);
#1941=FACE_OUTER_BOUND('',#3018,.T.);
#1942=FACE_OUTER_BOUND('',#3019,.T.);
#1943=FACE_OUTER_BOUND('',#3020,.T.);
#1944=FACE_OUTER_BOUND('',#3021,.T.);
#1945=FACE_OUTER_BOUND('',#3022,.T.);
#1946=FACE_OUTER_BOUND('',#3024,.T.);
#1947=FACE_OUTER_BOUND('',#3025,.T.);
#1948=FACE_OUTER_BOUND('',#3027,.T.);
#1949=FACE_OUTER_BOUND('',#3028,.T.);
#1950=FACE_OUTER_BOUND('',#3030,.T.);
#1951=FACE_OUTER_BOUND('',#3031,.T.);
#1952=FACE_OUTER_BOUND('',#3033,.T.);
#1953=FACE_OUTER_BOUND('',#3034,.T.);
#1954=FACE_OUTER_BOUND('',#3035,.T.);
#1955=FACE_OUTER_BOUND('',#3036,.T.);
#1956=FACE_OUTER_BOUND('',#3037,.T.);
#1957=FACE_OUTER_BOUND('',#3038,.T.);
#1958=FACE_OUTER_BOUND('',#3039,.T.);
#1959=FACE_OUTER_BOUND('',#3040,.T.);
#1960=FACE_OUTER_BOUND('',#3041,.T.);
#1961=FACE_OUTER_BOUND('',#3043,.T.);
#1962=FACE_OUTER_BOUND('',#3044,.T.);
#1963=FACE_OUTER_BOUND('',#3046,.T.);
#1964=FACE_OUTER_BOUND('',#3047,.T.);
#1965=FACE_OUTER_BOUND('',#3049,.T.);
#1966=FACE_OUTER_BOUND('',#3050,.T.);
#1967=FACE_OUTER_BOUND('',#3052,.T.);
#1968=FACE_OUTER_BOUND('',#3053,.T.);
#1969=FACE_OUTER_BOUND('',#3054,.T.);
#1970=FACE_OUTER_BOUND('',#3055,.T.);
#1971=FACE_OUTER_BOUND('',#3056,.T.);
#1972=FACE_OUTER_BOUND('',#3057,.T.);
#1973=FACE_OUTER_BOUND('',#3058,.T.);
#1974=FACE_OUTER_BOUND('',#3059,.T.);
#1975=FACE_OUTER_BOUND('',#3060,.T.);
#1976=FACE_OUTER_BOUND('',#3062,.T.);
#1977=FACE_OUTER_BOUND('',#3063,.T.);
#1978=FACE_OUTER_BOUND('',#3065,.T.);
#1979=FACE_OUTER_BOUND('',#3066,.T.);
#1980=FACE_OUTER_BOUND('',#3068,.T.);
#1981=FACE_OUTER_BOUND('',#3069,.T.);
#1982=FACE_OUTER_BOUND('',#3071,.T.);
#1983=FACE_OUTER_BOUND('',#3072,.T.);
#1984=FACE_OUTER_BOUND('',#3073,.T.);
#1985=FACE_OUTER_BOUND('',#3074,.T.);
#1986=FACE_OUTER_BOUND('',#3075,.T.);
#1987=FACE_OUTER_BOUND('',#3076,.T.);
#1988=FACE_OUTER_BOUND('',#3077,.T.);
#1989=FACE_OUTER_BOUND('',#3078,.T.);
#1990=FACE_OUTER_BOUND('',#3079,.T.);
#1991=FACE_OUTER_BOUND('',#3081,.T.);
#1992=FACE_OUTER_BOUND('',#3082,.T.);
#1993=FACE_OUTER_BOUND('',#3084,.T.);
#1994=FACE_OUTER_BOUND('',#3085,.T.);
#1995=FACE_OUTER_BOUND('',#3087,.T.);
#1996=FACE_OUTER_BOUND('',#3088,.T.);
#1997=FACE_OUTER_BOUND('',#3090,.T.);
#1998=FACE_OUTER_BOUND('',#3091,.T.);
#1999=FACE_OUTER_BOUND('',#3092,.T.);
#2000=FACE_OUTER_BOUND('',#3093,.T.);
#2001=FACE_OUTER_BOUND('',#3094,.T.);
#2002=FACE_OUTER_BOUND('',#3095,.T.);
#2003=FACE_OUTER_BOUND('',#3096,.T.);
#2004=FACE_OUTER_BOUND('',#3097,.T.);
#2005=FACE_OUTER_BOUND('',#3098,.T.);
#2006=FACE_OUTER_BOUND('',#3100,.T.);
#2007=FACE_OUTER_BOUND('',#3101,.T.);
#2008=FACE_OUTER_BOUND('',#3103,.T.);
#2009=FACE_OUTER_BOUND('',#3104,.T.);
#2010=FACE_OUTER_BOUND('',#3106,.T.);
#2011=FACE_OUTER_BOUND('',#3107,.T.);
#2012=FACE_OUTER_BOUND('',#3109,.T.);
#2013=FACE_OUTER_BOUND('',#3110,.T.);
#2014=FACE_OUTER_BOUND('',#3111,.T.);
#2015=FACE_OUTER_BOUND('',#3112,.T.);
#2016=FACE_OUTER_BOUND('',#3113,.T.);
#2017=FACE_OUTER_BOUND('',#3114,.T.);
#2018=FACE_OUTER_BOUND('',#3115,.T.);
#2019=FACE_OUTER_BOUND('',#3116,.T.);
#2020=FACE_OUTER_BOUND('',#3117,.T.);
#2021=FACE_OUTER_BOUND('',#3119,.T.);
#2022=FACE_OUTER_BOUND('',#3120,.T.);
#2023=FACE_OUTER_BOUND('',#3122,.T.);
#2024=FACE_OUTER_BOUND('',#3123,.T.);
#2025=FACE_OUTER_BOUND('',#3125,.T.);
#2026=FACE_OUTER_BOUND('',#3126,.T.);
#2027=FACE_OUTER_BOUND('',#3128,.T.);
#2028=FACE_OUTER_BOUND('',#3129,.T.);
#2029=FACE_OUTER_BOUND('',#3130,.T.);
#2030=FACE_OUTER_BOUND('',#3131,.T.);
#2031=FACE_OUTER_BOUND('',#3132,.T.);
#2032=FACE_OUTER_BOUND('',#3133,.T.);
#2033=FACE_OUTER_BOUND('',#3134,.T.);
#2034=FACE_OUTER_BOUND('',#3135,.T.);
#2035=FACE_OUTER_BOUND('',#3136,.T.);
#2036=FACE_OUTER_BOUND('',#3138,.T.);
#2037=FACE_OUTER_BOUND('',#3139,.T.);
#2038=FACE_OUTER_BOUND('',#3141,.T.);
#2039=FACE_OUTER_BOUND('',#3142,.T.);
#2040=FACE_OUTER_BOUND('',#3144,.T.);
#2041=FACE_OUTER_BOUND('',#3145,.T.);
#2042=FACE_OUTER_BOUND('',#3147,.T.);
#2043=FACE_OUTER_BOUND('',#3148,.T.);
#2044=FACE_OUTER_BOUND('',#3149,.T.);
#2045=FACE_OUTER_BOUND('',#3150,.T.);
#2046=FACE_OUTER_BOUND('',#3151,.T.);
#2047=FACE_OUTER_BOUND('',#3152,.T.);
#2048=FACE_OUTER_BOUND('',#3153,.T.);
#2049=FACE_OUTER_BOUND('',#3154,.T.);
#2050=FACE_OUTER_BOUND('',#3155,.T.);
#2051=FACE_OUTER_BOUND('',#3157,.T.);
#2052=FACE_OUTER_BOUND('',#3158,.T.);
#2053=FACE_OUTER_BOUND('',#3160,.T.);
#2054=FACE_OUTER_BOUND('',#3161,.T.);
#2055=FACE_OUTER_BOUND('',#3163,.T.);
#2056=FACE_OUTER_BOUND('',#3164,.T.);
#2057=FACE_OUTER_BOUND('',#3166,.T.);
#2058=FACE_OUTER_BOUND('',#3167,.T.);
#2059=FACE_OUTER_BOUND('',#3168,.T.);
#2060=FACE_OUTER_BOUND('',#3169,.T.);
#2061=FACE_OUTER_BOUND('',#3170,.T.);
#2062=FACE_OUTER_BOUND('',#3171,.T.);
#2063=FACE_OUTER_BOUND('',#3172,.T.);
#2064=FACE_OUTER_BOUND('',#3173,.T.);
#2065=FACE_OUTER_BOUND('',#3174,.T.);
#2066=FACE_OUTER_BOUND('',#3176,.T.);
#2067=FACE_OUTER_BOUND('',#3177,.T.);
#2068=FACE_OUTER_BOUND('',#3179,.T.);
#2069=FACE_OUTER_BOUND('',#3180,.T.);
#2070=FACE_OUTER_BOUND('',#3182,.T.);
#2071=FACE_OUTER_BOUND('',#3183,.T.);
#2072=FACE_OUTER_BOUND('',#3185,.T.);
#2073=FACE_OUTER_BOUND('',#3186,.T.);
#2074=FACE_OUTER_BOUND('',#3187,.T.);
#2075=FACE_OUTER_BOUND('',#3188,.T.);
#2076=FACE_OUTER_BOUND('',#3189,.T.);
#2077=FACE_OUTER_BOUND('',#3190,.T.);
#2078=FACE_OUTER_BOUND('',#3191,.T.);
#2079=FACE_OUTER_BOUND('',#3192,.T.);
#2080=FACE_OUTER_BOUND('',#3193,.T.);
#2081=FACE_OUTER_BOUND('',#3195,.T.);
#2082=FACE_OUTER_BOUND('',#3196,.T.);
#2083=FACE_OUTER_BOUND('',#3198,.T.);
#2084=FACE_OUTER_BOUND('',#3199,.T.);
#2085=FACE_OUTER_BOUND('',#3201,.T.);
#2086=FACE_OUTER_BOUND('',#3202,.T.);
#2087=FACE_OUTER_BOUND('',#3204,.T.);
#2088=FACE_OUTER_BOUND('',#3205,.T.);
#2089=FACE_OUTER_BOUND('',#3206,.T.);
#2090=FACE_OUTER_BOUND('',#3207,.T.);
#2091=FACE_OUTER_BOUND('',#3208,.T.);
#2092=FACE_OUTER_BOUND('',#3209,.T.);
#2093=FACE_OUTER_BOUND('',#3210,.T.);
#2094=FACE_OUTER_BOUND('',#3211,.T.);
#2095=FACE_OUTER_BOUND('',#3212,.T.);
#2096=FACE_OUTER_BOUND('',#3214,.T.);
#2097=FACE_OUTER_BOUND('',#3215,.T.);
#2098=FACE_OUTER_BOUND('',#3217,.T.);
#2099=FACE_OUTER_BOUND('',#3218,.T.);
#2100=FACE_OUTER_BOUND('',#3220,.T.);
#2101=FACE_OUTER_BOUND('',#3221,.T.);
#2102=FACE_OUTER_BOUND('',#3223,.T.);
#2103=FACE_OUTER_BOUND('',#3224,.T.);
#2104=FACE_OUTER_BOUND('',#3225,.T.);
#2105=FACE_OUTER_BOUND('',#3226,.T.);
#2106=FACE_OUTER_BOUND('',#3227,.T.);
#2107=FACE_OUTER_BOUND('',#3228,.T.);
#2108=FACE_OUTER_BOUND('',#3229,.T.);
#2109=FACE_OUTER_BOUND('',#3230,.T.);
#2110=FACE_OUTER_BOUND('',#3231,.T.);
#2111=FACE_OUTER_BOUND('',#3233,.T.);
#2112=FACE_OUTER_BOUND('',#3234,.T.);
#2113=FACE_OUTER_BOUND('',#3236,.T.);
#2114=FACE_OUTER_BOUND('',#3237,.T.);
#2115=FACE_OUTER_BOUND('',#3239,.T.);
#2116=FACE_OUTER_BOUND('',#3240,.T.);
#2117=FACE_OUTER_BOUND('',#3242,.T.);
#2118=FACE_OUTER_BOUND('',#3243,.T.);
#2119=FACE_OUTER_BOUND('',#3244,.T.);
#2120=FACE_OUTER_BOUND('',#3245,.T.);
#2121=FACE_OUTER_BOUND('',#3246,.T.);
#2122=FACE_OUTER_BOUND('',#3247,.T.);
#2123=FACE_OUTER_BOUND('',#3248,.T.);
#2124=FACE_OUTER_BOUND('',#3249,.T.);
#2125=FACE_OUTER_BOUND('',#3250,.T.);
#2126=FACE_OUTER_BOUND('',#3252,.T.);
#2127=FACE_OUTER_BOUND('',#3253,.T.);
#2128=FACE_OUTER_BOUND('',#3255,.T.);
#2129=FACE_OUTER_BOUND('',#3256,.T.);
#2130=FACE_OUTER_BOUND('',#3258,.T.);
#2131=FACE_OUTER_BOUND('',#3259,.T.);
#2132=FACE_OUTER_BOUND('',#3261,.T.);
#2133=FACE_OUTER_BOUND('',#3262,.T.);
#2134=FACE_OUTER_BOUND('',#3263,.T.);
#2135=FACE_OUTER_BOUND('',#3264,.T.);
#2136=FACE_OUTER_BOUND('',#3265,.T.);
#2137=FACE_OUTER_BOUND('',#3266,.T.);
#2138=FACE_OUTER_BOUND('',#3267,.T.);
#2139=FACE_OUTER_BOUND('',#3268,.T.);
#2140=FACE_OUTER_BOUND('',#3269,.T.);
#2141=FACE_OUTER_BOUND('',#3271,.T.);
#2142=FACE_OUTER_BOUND('',#3272,.T.);
#2143=FACE_OUTER_BOUND('',#3274,.T.);
#2144=FACE_OUTER_BOUND('',#3275,.T.);
#2145=FACE_OUTER_BOUND('',#3277,.T.);
#2146=FACE_OUTER_BOUND('',#3278,.T.);
#2147=FACE_OUTER_BOUND('',#3280,.T.);
#2148=FACE_OUTER_BOUND('',#3281,.T.);
#2149=FACE_OUTER_BOUND('',#3282,.T.);
#2150=FACE_OUTER_BOUND('',#3283,.T.);
#2151=FACE_OUTER_BOUND('',#3284,.T.);
#2152=FACE_OUTER_BOUND('',#3285,.T.);
#2153=FACE_OUTER_BOUND('',#3286,.T.);
#2154=FACE_OUTER_BOUND('',#3287,.T.);
#2155=FACE_OUTER_BOUND('',#3288,.T.);
#2156=FACE_OUTER_BOUND('',#3290,.T.);
#2157=FACE_OUTER_BOUND('',#3291,.T.);
#2158=FACE_OUTER_BOUND('',#3293,.T.);
#2159=FACE_OUTER_BOUND('',#3294,.T.);
#2160=FACE_OUTER_BOUND('',#3296,.T.);
#2161=FACE_OUTER_BOUND('',#3297,.T.);
#2162=FACE_OUTER_BOUND('',#3299,.T.);
#2163=FACE_OUTER_BOUND('',#3300,.T.);
#2164=FACE_OUTER_BOUND('',#3301,.T.);
#2165=FACE_OUTER_BOUND('',#3302,.T.);
#2166=FACE_OUTER_BOUND('',#3303,.T.);
#2167=FACE_OUTER_BOUND('',#3304,.T.);
#2168=FACE_OUTER_BOUND('',#3305,.T.);
#2169=FACE_OUTER_BOUND('',#3306,.T.);
#2170=FACE_OUTER_BOUND('',#3307,.T.);
#2171=FACE_OUTER_BOUND('',#3309,.T.);
#2172=FACE_OUTER_BOUND('',#3310,.T.);
#2173=FACE_OUTER_BOUND('',#3312,.T.);
#2174=FACE_OUTER_BOUND('',#3313,.T.);
#2175=FACE_OUTER_BOUND('',#3315,.T.);
#2176=FACE_OUTER_BOUND('',#3316,.T.);
#2177=FACE_OUTER_BOUND('',#3318,.T.);
#2178=FACE_OUTER_BOUND('',#3319,.T.);
#2179=FACE_OUTER_BOUND('',#3320,.T.);
#2180=FACE_OUTER_BOUND('',#3321,.T.);
#2181=FACE_OUTER_BOUND('',#3322,.T.);
#2182=FACE_OUTER_BOUND('',#3323,.T.);
#2183=FACE_OUTER_BOUND('',#3324,.T.);
#2184=FACE_OUTER_BOUND('',#3325,.T.);
#2185=FACE_OUTER_BOUND('',#3326,.T.);
#2186=FACE_OUTER_BOUND('',#3328,.T.);
#2187=FACE_OUTER_BOUND('',#3329,.T.);
#2188=FACE_OUTER_BOUND('',#3331,.T.);
#2189=FACE_OUTER_BOUND('',#3332,.T.);
#2190=FACE_OUTER_BOUND('',#3334,.T.);
#2191=FACE_OUTER_BOUND('',#3335,.T.);
#2192=FACE_OUTER_BOUND('',#3337,.T.);
#2193=FACE_OUTER_BOUND('',#3338,.T.);
#2194=FACE_OUTER_BOUND('',#3339,.T.);
#2195=FACE_OUTER_BOUND('',#3340,.T.);
#2196=FACE_OUTER_BOUND('',#3341,.T.);
#2197=FACE_OUTER_BOUND('',#3342,.T.);
#2198=FACE_OUTER_BOUND('',#3343,.T.);
#2199=FACE_OUTER_BOUND('',#3344,.T.);
#2200=FACE_OUTER_BOUND('',#3348,.T.);
#2201=FACE_OUTER_BOUND('',#3352,.T.);
#2202=FACE_OUTER_BOUND('',#3353,.T.);
#2203=FACE_OUTER_BOUND('',#3354,.T.);
#2204=FACE_OUTER_BOUND('',#3355,.T.);
#2205=FACE_OUTER_BOUND('',#3356,.T.);
#2206=FACE_OUTER_BOUND('',#3357,.T.);
#2207=FACE_OUTER_BOUND('',#3358,.T.);
#2208=FACE_OUTER_BOUND('',#3359,.T.);
#2209=FACE_OUTER_BOUND('',#3360,.T.);
#2210=FACE_OUTER_BOUND('',#3361,.T.);
#2211=FACE_OUTER_BOUND('',#3362,.T.);
#2212=FACE_OUTER_BOUND('',#3363,.T.);
#2213=FACE_OUTER_BOUND('',#3364,.T.);
#2214=FACE_OUTER_BOUND('',#3365,.T.);
#2215=FACE_OUTER_BOUND('',#3366,.T.);
#2216=FACE_OUTER_BOUND('',#3367,.T.);
#2217=FACE_OUTER_BOUND('',#3368,.T.);
#2218=FACE_OUTER_BOUND('',#3369,.T.);
#2219=FACE_OUTER_BOUND('',#3370,.T.);
#2220=FACE_OUTER_BOUND('',#3371,.T.);
#2221=FACE_OUTER_BOUND('',#3372,.T.);
#2222=FACE_OUTER_BOUND('',#3373,.T.);
#2223=FACE_OUTER_BOUND('',#3374,.T.);
#2224=FACE_OUTER_BOUND('',#3375,.T.);
#2225=FACE_OUTER_BOUND('',#3376,.T.);
#2226=FACE_OUTER_BOUND('',#3377,.T.);
#2227=FACE_OUTER_BOUND('',#3378,.T.);
#2228=FACE_OUTER_BOUND('',#3379,.T.);
#2229=FACE_OUTER_BOUND('',#3380,.T.);
#2230=FACE_OUTER_BOUND('',#3381,.T.);
#2231=FACE_OUTER_BOUND('',#3382,.T.);
#2232=FACE_OUTER_BOUND('',#3383,.T.);
#2233=FACE_OUTER_BOUND('',#3384,.T.);
#2234=FACE_OUTER_BOUND('',#3385,.T.);
#2235=FACE_OUTER_BOUND('',#3386,.T.);
#2236=FACE_OUTER_BOUND('',#3387,.T.);
#2237=FACE_OUTER_BOUND('',#3388,.T.);
#2238=FACE_OUTER_BOUND('',#3389,.T.);
#2239=FACE_OUTER_BOUND('',#3390,.T.);
#2240=FACE_OUTER_BOUND('',#3391,.T.);
#2241=FACE_OUTER_BOUND('',#3392,.T.);
#2242=FACE_OUTER_BOUND('',#3393,.T.);
#2243=FACE_OUTER_BOUND('',#3394,.T.);
#2244=FACE_OUTER_BOUND('',#3395,.T.);
#2245=FACE_OUTER_BOUND('',#3396,.T.);
#2246=FACE_OUTER_BOUND('',#3397,.T.);
#2247=FACE_OUTER_BOUND('',#3398,.T.);
#2248=FACE_OUTER_BOUND('',#3399,.T.);
#2249=FACE_OUTER_BOUND('',#3400,.T.);
#2250=FACE_OUTER_BOUND('',#3401,.T.);
#2251=FACE_OUTER_BOUND('',#3402,.T.);
#2252=FACE_OUTER_BOUND('',#3403,.T.);
#2253=FACE_OUTER_BOUND('',#3404,.T.);
#2254=FACE_OUTER_BOUND('',#3405,.T.);
#2255=FACE_OUTER_BOUND('',#3406,.T.);
#2256=FACE_OUTER_BOUND('',#3407,.T.);
#2257=FACE_OUTER_BOUND('',#3408,.T.);
#2258=FACE_OUTER_BOUND('',#3409,.T.);
#2259=FACE_OUTER_BOUND('',#3410,.T.);
#2260=FACE_OUTER_BOUND('',#3411,.T.);
#2261=FACE_OUTER_BOUND('',#3412,.T.);
#2262=FACE_OUTER_BOUND('',#3413,.T.);
#2263=FACE_OUTER_BOUND('',#3414,.T.);
#2264=FACE_OUTER_BOUND('',#3415,.T.);
#2265=FACE_OUTER_BOUND('',#3416,.T.);
#2266=FACE_OUTER_BOUND('',#3417,.T.);
#2267=FACE_OUTER_BOUND('',#3418,.T.);
#2268=FACE_OUTER_BOUND('',#3419,.T.);
#2269=FACE_OUTER_BOUND('',#3420,.T.);
#2270=FACE_OUTER_BOUND('',#3421,.T.);
#2271=FACE_OUTER_BOUND('',#3422,.T.);
#2272=FACE_OUTER_BOUND('',#3423,.T.);
#2273=FACE_OUTER_BOUND('',#3424,.T.);
#2274=FACE_OUTER_BOUND('',#3425,.T.);
#2275=FACE_OUTER_BOUND('',#3426,.T.);
#2276=FACE_OUTER_BOUND('',#3427,.T.);
#2277=FACE_OUTER_BOUND('',#3429,.T.);
#2278=FACE_OUTER_BOUND('',#3430,.T.);
#2279=FACE_OUTER_BOUND('',#3432,.T.);
#2280=FACE_OUTER_BOUND('',#3433,.T.);
#2281=FACE_OUTER_BOUND('',#3435,.T.);
#2282=FACE_OUTER_BOUND('',#3436,.T.);
#2283=FACE_OUTER_BOUND('',#3438,.T.);
#2284=FACE_OUTER_BOUND('',#3439,.T.);
#2285=FACE_OUTER_BOUND('',#3440,.T.);
#2286=FACE_OUTER_BOUND('',#3441,.T.);
#2287=FACE_OUTER_BOUND('',#3442,.T.);
#2288=FACE_OUTER_BOUND('',#3443,.T.);
#2289=FACE_OUTER_BOUND('',#3444,.T.);
#2290=FACE_OUTER_BOUND('',#3445,.T.);
#2291=FACE_OUTER_BOUND('',#3446,.T.);
#2292=FACE_OUTER_BOUND('',#3448,.T.);
#2293=FACE_OUTER_BOUND('',#3449,.T.);
#2294=FACE_OUTER_BOUND('',#3451,.T.);
#2295=FACE_OUTER_BOUND('',#3452,.T.);
#2296=FACE_OUTER_BOUND('',#3454,.T.);
#2297=FACE_OUTER_BOUND('',#3455,.T.);
#2298=FACE_OUTER_BOUND('',#3457,.T.);
#2299=FACE_OUTER_BOUND('',#3458,.T.);
#2300=FACE_OUTER_BOUND('',#3459,.T.);
#2301=FACE_OUTER_BOUND('',#3460,.T.);
#2302=FACE_OUTER_BOUND('',#3461,.T.);
#2303=FACE_OUTER_BOUND('',#3462,.T.);
#2304=FACE_OUTER_BOUND('',#3463,.T.);
#2305=FACE_OUTER_BOUND('',#3464,.T.);
#2306=FACE_OUTER_BOUND('',#3465,.T.);
#2307=FACE_OUTER_BOUND('',#3467,.T.);
#2308=FACE_OUTER_BOUND('',#3468,.T.);
#2309=FACE_OUTER_BOUND('',#3470,.T.);
#2310=FACE_OUTER_BOUND('',#3471,.T.);
#2311=FACE_OUTER_BOUND('',#3473,.T.);
#2312=FACE_OUTER_BOUND('',#3474,.T.);
#2313=FACE_OUTER_BOUND('',#3476,.T.);
#2314=FACE_OUTER_BOUND('',#3477,.T.);
#2315=FACE_OUTER_BOUND('',#3478,.T.);
#2316=FACE_OUTER_BOUND('',#3479,.T.);
#2317=FACE_OUTER_BOUND('',#3480,.T.);
#2318=FACE_OUTER_BOUND('',#3481,.T.);
#2319=FACE_OUTER_BOUND('',#3482,.T.);
#2320=FACE_OUTER_BOUND('',#3483,.T.);
#2321=FACE_OUTER_BOUND('',#3484,.T.);
#2322=FACE_OUTER_BOUND('',#3485,.T.);
#2323=FACE_OUTER_BOUND('',#3487,.T.);
#2324=FACE_OUTER_BOUND('',#3488,.T.);
#2325=FACE_OUTER_BOUND('',#3490,.T.);
#2326=FACE_OUTER_BOUND('',#3491,.T.);
#2327=FACE_OUTER_BOUND('',#3493,.T.);
#2328=FACE_OUTER_BOUND('',#3494,.T.);
#2329=FACE_OUTER_BOUND('',#3496,.T.);
#2330=FACE_OUTER_BOUND('',#3497,.T.);
#2331=FACE_OUTER_BOUND('',#3515,.T.);
#2332=FACE_OUTER_BOUND('',#3516,.T.);
#2333=FACE_OUTER_BOUND('',#3517,.T.);
#2334=FACE_OUTER_BOUND('',#3518,.T.);
#2335=FACE_OUTER_BOUND('',#3519,.T.);
#2336=FACE_OUTER_BOUND('',#3520,.T.);
#2337=FACE_OUTER_BOUND('',#3521,.T.);
#2338=FACE_OUTER_BOUND('',#3522,.T.);
#2339=FACE_OUTER_BOUND('',#3523,.T.);
#2340=FACE_OUTER_BOUND('',#3524,.T.);
#2341=FACE_OUTER_BOUND('',#3525,.T.);
#2342=FACE_OUTER_BOUND('',#3526,.T.);
#2343=FACE_OUTER_BOUND('',#3527,.T.);
#2344=FACE_OUTER_BOUND('',#3528,.T.);
#2345=FACE_OUTER_BOUND('',#3529,.T.);
#2346=FACE_OUTER_BOUND('',#3530,.T.);
#2347=FACE_OUTER_BOUND('',#3531,.T.);
#2348=FACE_OUTER_BOUND('',#3532,.T.);
#2349=FACE_OUTER_BOUND('',#3533,.T.);
#2350=FACE_OUTER_BOUND('',#3534,.T.);
#2351=FACE_OUTER_BOUND('',#3535,.T.);
#2352=FACE_OUTER_BOUND('',#3536,.T.);
#2353=FACE_OUTER_BOUND('',#3537,.T.);
#2354=FACE_OUTER_BOUND('',#3538,.T.);
#2355=FACE_OUTER_BOUND('',#3539,.T.);
#2356=FACE_OUTER_BOUND('',#3540,.T.);
#2357=FACE_OUTER_BOUND('',#3541,.T.);
#2358=FACE_OUTER_BOUND('',#3542,.T.);
#2359=FACE_OUTER_BOUND('',#3543,.T.);
#2360=FACE_OUTER_BOUND('',#3544,.T.);
#2361=FACE_OUTER_BOUND('',#3545,.T.);
#2362=FACE_OUTER_BOUND('',#3546,.T.);
#2363=FACE_OUTER_BOUND('',#3547,.T.);
#2364=FACE_OUTER_BOUND('',#3548,.T.);
#2365=FACE_OUTER_BOUND('',#3549,.T.);
#2366=FACE_OUTER_BOUND('',#3550,.T.);
#2367=FACE_OUTER_BOUND('',#3552,.T.);
#2368=FACE_OUTER_BOUND('',#3553,.T.);
#2369=FACE_OUTER_BOUND('',#3554,.T.);
#2370=FACE_OUTER_BOUND('',#3555,.T.);
#2371=FACE_OUTER_BOUND('',#3556,.T.);
#2372=FACE_OUTER_BOUND('',#3557,.T.);
#2373=FACE_OUTER_BOUND('',#3558,.T.);
#2374=FACE_OUTER_BOUND('',#3559,.T.);
#2375=FACE_OUTER_BOUND('',#3560,.T.);
#2376=FACE_OUTER_BOUND('',#3561,.T.);
#2377=FACE_OUTER_BOUND('',#3562,.T.);
#2378=FACE_OUTER_BOUND('',#3563,.T.);
#2379=FACE_OUTER_BOUND('',#3564,.T.);
#2380=FACE_OUTER_BOUND('',#3565,.T.);
#2381=FACE_OUTER_BOUND('',#3566,.T.);
#2382=FACE_OUTER_BOUND('',#3568,.T.);
#2383=FACE_OUTER_BOUND('',#3569,.T.);
#2384=FACE_OUTER_BOUND('',#3570,.T.);
#2385=FACE_OUTER_BOUND('',#3571,.T.);
#2386=FACE_OUTER_BOUND('',#3572,.T.);
#2387=FACE_OUTER_BOUND('',#3573,.T.);
#2388=FACE_OUTER_BOUND('',#3574,.T.);
#2389=FACE_OUTER_BOUND('',#3575,.T.);
#2390=FACE_OUTER_BOUND('',#3576,.T.);
#2391=FACE_OUTER_BOUND('',#3577,.T.);
#2392=FACE_OUTER_BOUND('',#3578,.T.);
#2393=FACE_OUTER_BOUND('',#3584,.T.);
#2394=FACE_OUTER_BOUND('',#3585,.T.);
#2395=FACE_OUTER_BOUND('',#3586,.T.);
#2396=FACE_OUTER_BOUND('',#3587,.T.);
#2397=FACE_OUTER_BOUND('',#3588,.T.);
#2398=FACE_OUTER_BOUND('',#3589,.T.);
#2399=FACE_OUTER_BOUND('',#3590,.T.);
#2400=FACE_OUTER_BOUND('',#3591,.T.);
#2401=FACE_OUTER_BOUND('',#3592,.T.);
#2402=FACE_OUTER_BOUND('',#3593,.T.);
#2403=FACE_OUTER_BOUND('',#3594,.T.);
#2404=FACE_OUTER_BOUND('',#3595,.T.);
#2405=FACE_OUTER_BOUND('',#3596,.T.);
#2406=FACE_OUTER_BOUND('',#3597,.T.);
#2407=FACE_OUTER_BOUND('',#3598,.T.);
#2408=FACE_OUTER_BOUND('',#3599,.T.);
#2409=FACE_OUTER_BOUND('',#3600,.T.);
#2410=FACE_OUTER_BOUND('',#3601,.T.);
#2411=FACE_OUTER_BOUND('',#3602,.T.);
#2412=FACE_OUTER_BOUND('',#3603,.T.);
#2413=FACE_OUTER_BOUND('',#3604,.T.);
#2414=FACE_OUTER_BOUND('',#3605,.T.);
#2415=FACE_OUTER_BOUND('',#3606,.T.);
#2416=FACE_OUTER_BOUND('',#3607,.T.);
#2417=FACE_OUTER_BOUND('',#3608,.T.);
#2418=FACE_OUTER_BOUND('',#3609,.T.);
#2419=FACE_OUTER_BOUND('',#3610,.T.);
#2420=FACE_OUTER_BOUND('',#3611,.T.);
#2421=FACE_OUTER_BOUND('',#3612,.T.);
#2422=FACE_OUTER_BOUND('',#3613,.T.);
#2423=FACE_OUTER_BOUND('',#3614,.T.);
#2424=FACE_OUTER_BOUND('',#3615,.T.);
#2425=FACE_OUTER_BOUND('',#3616,.T.);
#2426=FACE_OUTER_BOUND('',#3617,.T.);
#2427=FACE_OUTER_BOUND('',#3618,.T.);
#2428=FACE_OUTER_BOUND('',#3619,.T.);
#2429=FACE_OUTER_BOUND('',#3620,.T.);
#2430=FACE_OUTER_BOUND('',#3621,.T.);
#2431=FACE_OUTER_BOUND('',#3622,.T.);
#2432=FACE_OUTER_BOUND('',#3623,.T.);
#2433=FACE_OUTER_BOUND('',#3628,.T.);
#2434=FACE_OUTER_BOUND('',#3629,.T.);
#2435=FACE_OUTER_BOUND('',#3630,.T.);
#2436=FACE_OUTER_BOUND('',#3631,.T.);
#2437=FACE_OUTER_BOUND('',#3636,.T.);
#2438=FACE_OUTER_BOUND('',#3637,.T.);
#2439=FACE_OUTER_BOUND('',#3638,.T.);
#2440=FACE_OUTER_BOUND('',#3639,.T.);
#2441=FACE_OUTER_BOUND('',#3640,.T.);
#2442=FACE_OUTER_BOUND('',#3641,.T.);
#2443=FACE_OUTER_BOUND('',#3642,.T.);
#2444=FACE_OUTER_BOUND('',#3643,.T.);
#2445=FACE_OUTER_BOUND('',#3645,.T.);
#2446=FACE_OUTER_BOUND('',#3646,.T.);
#2447=FACE_OUTER_BOUND('',#3648,.T.);
#2448=FACE_OUTER_BOUND('',#3649,.T.);
#2449=FACE_OUTER_BOUND('',#3651,.T.);
#2450=FACE_OUTER_BOUND('',#3652,.T.);
#2451=FACE_OUTER_BOUND('',#3654,.T.);
#2452=FACE_OUTER_BOUND('',#3655,.T.);
#2453=FACE_OUTER_BOUND('',#3656,.T.);
#2454=FACE_OUTER_BOUND('',#3657,.T.);
#2455=FACE_OUTER_BOUND('',#3658,.T.);
#2456=FACE_OUTER_BOUND('',#3659,.T.);
#2457=FACE_OUTER_BOUND('',#3660,.T.);
#2458=FACE_OUTER_BOUND('',#3661,.T.);
#2459=FACE_OUTER_BOUND('',#3662,.T.);
#2460=EDGE_LOOP('',(#7980,#7981,#7982,#7983));
#2461=EDGE_LOOP('',(#7984,#7985,#7986,#7987));
#2462=EDGE_LOOP('',(#7988,#7989,#7990,#7991));
#2463=EDGE_LOOP('',(#7992,#7993,#7994,#7995));
#2464=EDGE_LOOP('',(#7996));
#2465=EDGE_LOOP('',(#7997));
#2466=EDGE_LOOP('',(#7998));
#2467=EDGE_LOOP('',(#7999));
#2468=EDGE_LOOP('',(#8000));
#2469=EDGE_LOOP('',(#8001));
#2470=EDGE_LOOP('',(#8002));
#2471=EDGE_LOOP('',(#8003));
#2472=EDGE_LOOP('',(#8004));
#2473=EDGE_LOOP('',(#8005));
#2474=EDGE_LOOP('',(#8006));
#2475=EDGE_LOOP('',(#8007));
#2476=EDGE_LOOP('',(#8008));
#2477=EDGE_LOOP('',(#8009));
#2478=EDGE_LOOP('',(#8010));
#2479=EDGE_LOOP('',(#8011));
#2480=EDGE_LOOP('',(#8012));
#2481=EDGE_LOOP('',(#8013));
#2482=EDGE_LOOP('',(#8014));
#2483=EDGE_LOOP('',(#8015));
#2484=EDGE_LOOP('',(#8016));
#2485=EDGE_LOOP('',(#8017));
#2486=EDGE_LOOP('',(#8018));
#2487=EDGE_LOOP('',(#8019));
#2488=EDGE_LOOP('',(#8020));
#2489=EDGE_LOOP('',(#8021));
#2490=EDGE_LOOP('',(#8022));
#2491=EDGE_LOOP('',(#8023));
#2492=EDGE_LOOP('',(#8024));
#2493=EDGE_LOOP('',(#8025));
#2494=EDGE_LOOP('',(#8026));
#2495=EDGE_LOOP('',(#8027));
#2496=EDGE_LOOP('',(#8028));
#2497=EDGE_LOOP('',(#8029));
#2498=EDGE_LOOP('',(#8030));
#2499=EDGE_LOOP('',(#8031));
#2500=EDGE_LOOP('',(#8032));
#2501=EDGE_LOOP('',(#8033));
#2502=EDGE_LOOP('',(#8034));
#2503=EDGE_LOOP('',(#8035));
#2504=EDGE_LOOP('',(#8036));
#2505=EDGE_LOOP('',(#8037));
#2506=EDGE_LOOP('',(#8038));
#2507=EDGE_LOOP('',(#8039));
#2508=EDGE_LOOP('',(#8040));
#2509=EDGE_LOOP('',(#8041));
#2510=EDGE_LOOP('',(#8042));
#2511=EDGE_LOOP('',(#8043));
#2512=EDGE_LOOP('',(#8044));
#2513=EDGE_LOOP('',(#8045));
#2514=EDGE_LOOP('',(#8046));
#2515=EDGE_LOOP('',(#8047));
#2516=EDGE_LOOP('',(#8048));
#2517=EDGE_LOOP('',(#8049));
#2518=EDGE_LOOP('',(#8050));
#2519=EDGE_LOOP('',(#8051));
#2520=EDGE_LOOP('',(#8052));
#2521=EDGE_LOOP('',(#8053));
#2522=EDGE_LOOP('',(#8054));
#2523=EDGE_LOOP('',(#8055));
#2524=EDGE_LOOP('',(#8056));
#2525=EDGE_LOOP('',(#8057));
#2526=EDGE_LOOP('',(#8058));
#2527=EDGE_LOOP('',(#8059));
#2528=EDGE_LOOP('',(#8060));
#2529=EDGE_LOOP('',(#8061));
#2530=EDGE_LOOP('',(#8062));
#2531=EDGE_LOOP('',(#8063));
#2532=EDGE_LOOP('',(#8064));
#2533=EDGE_LOOP('',(#8065));
#2534=EDGE_LOOP('',(#8066));
#2535=EDGE_LOOP('',(#8067));
#2536=EDGE_LOOP('',(#8068));
#2537=EDGE_LOOP('',(#8069));
#2538=EDGE_LOOP('',(#8070));
#2539=EDGE_LOOP('',(#8071));
#2540=EDGE_LOOP('',(#8072));
#2541=EDGE_LOOP('',(#8073));
#2542=EDGE_LOOP('',(#8074));
#2543=EDGE_LOOP('',(#8075));
#2544=EDGE_LOOP('',(#8076));
#2545=EDGE_LOOP('',(#8077));
#2546=EDGE_LOOP('',(#8078));
#2547=EDGE_LOOP('',(#8079));
#2548=EDGE_LOOP('',(#8080));
#2549=EDGE_LOOP('',(#8081));
#2550=EDGE_LOOP('',(#8082));
#2551=EDGE_LOOP('',(#8083));
#2552=EDGE_LOOP('',(#8084));
#2553=EDGE_LOOP('',(#8085));
#2554=EDGE_LOOP('',(#8086));
#2555=EDGE_LOOP('',(#8087));
#2556=EDGE_LOOP('',(#8088));
#2557=EDGE_LOOP('',(#8089));
#2558=EDGE_LOOP('',(#8090));
#2559=EDGE_LOOP('',(#8091));
#2560=EDGE_LOOP('',(#8092));
#2561=EDGE_LOOP('',(#8093));
#2562=EDGE_LOOP('',(#8094));
#2563=EDGE_LOOP('',(#8095));
#2564=EDGE_LOOP('',(#8096));
#2565=EDGE_LOOP('',(#8097));
#2566=EDGE_LOOP('',(#8098));
#2567=EDGE_LOOP('',(#8099));
#2568=EDGE_LOOP('',(#8100));
#2569=EDGE_LOOP('',(#8101));
#2570=EDGE_LOOP('',(#8102));
#2571=EDGE_LOOP('',(#8103));
#2572=EDGE_LOOP('',(#8104));
#2573=EDGE_LOOP('',(#8105));
#2574=EDGE_LOOP('',(#8106));
#2575=EDGE_LOOP('',(#8107));
#2576=EDGE_LOOP('',(#8108));
#2577=EDGE_LOOP('',(#8109));
#2578=EDGE_LOOP('',(#8110));
#2579=EDGE_LOOP('',(#8111));
#2580=EDGE_LOOP('',(#8112));
#2581=EDGE_LOOP('',(#8113));
#2582=EDGE_LOOP('',(#8114));
#2583=EDGE_LOOP('',(#8115));
#2584=EDGE_LOOP('',(#8116));
#2585=EDGE_LOOP('',(#8117));
#2586=EDGE_LOOP('',(#8118));
#2587=EDGE_LOOP('',(#8119));
#2588=EDGE_LOOP('',(#8120));
#2589=EDGE_LOOP('',(#8121));
#2590=EDGE_LOOP('',(#8122));
#2591=EDGE_LOOP('',(#8123));
#2592=EDGE_LOOP('',(#8124));
#2593=EDGE_LOOP('',(#8125));
#2594=EDGE_LOOP('',(#8126));
#2595=EDGE_LOOP('',(#8127));
#2596=EDGE_LOOP('',(#8128));
#2597=EDGE_LOOP('',(#8129));
#2598=EDGE_LOOP('',(#8130));
#2599=EDGE_LOOP('',(#8131));
#2600=EDGE_LOOP('',(#8132));
#2601=EDGE_LOOP('',(#8133));
#2602=EDGE_LOOP('',(#8134));
#2603=EDGE_LOOP('',(#8135));
#2604=EDGE_LOOP('',(#8136));
#2605=EDGE_LOOP('',(#8137));
#2606=EDGE_LOOP('',(#8138));
#2607=EDGE_LOOP('',(#8139));
#2608=EDGE_LOOP('',(#8140));
#2609=EDGE_LOOP('',(#8141));
#2610=EDGE_LOOP('',(#8142));
#2611=EDGE_LOOP('',(#8143));
#2612=EDGE_LOOP('',(#8144));
#2613=EDGE_LOOP('',(#8145));
#2614=EDGE_LOOP('',(#8146));
#2615=EDGE_LOOP('',(#8147));
#2616=EDGE_LOOP('',(#8148));
#2617=EDGE_LOOP('',(#8149));
#2618=EDGE_LOOP('',(#8150));
#2619=EDGE_LOOP('',(#8151));
#2620=EDGE_LOOP('',(#8152));
#2621=EDGE_LOOP('',(#8153));
#2622=EDGE_LOOP('',(#8154));
#2623=EDGE_LOOP('',(#8155));
#2624=EDGE_LOOP('',(#8156));
#2625=EDGE_LOOP('',(#8157));
#2626=EDGE_LOOP('',(#8158));
#2627=EDGE_LOOP('',(#8159));
#2628=EDGE_LOOP('',(#8160));
#2629=EDGE_LOOP('',(#8161));
#2630=EDGE_LOOP('',(#8162));
#2631=EDGE_LOOP('',(#8163));
#2632=EDGE_LOOP('',(#8164));
#2633=EDGE_LOOP('',(#8165));
#2634=EDGE_LOOP('',(#8166));
#2635=EDGE_LOOP('',(#8167));
#2636=EDGE_LOOP('',(#8168));
#2637=EDGE_LOOP('',(#8169));
#2638=EDGE_LOOP('',(#8170));
#2639=EDGE_LOOP('',(#8171));
#2640=EDGE_LOOP('',(#8172));
#2641=EDGE_LOOP('',(#8173));
#2642=EDGE_LOOP('',(#8174));
#2643=EDGE_LOOP('',(#8175));
#2644=EDGE_LOOP('',(#8176));
#2645=EDGE_LOOP('',(#8177));
#2646=EDGE_LOOP('',(#8178));
#2647=EDGE_LOOP('',(#8179));
#2648=EDGE_LOOP('',(#8180,#8181,#8182,#8183));
#2649=EDGE_LOOP('',(#8184));
#2650=EDGE_LOOP('',(#8185));
#2651=EDGE_LOOP('',(#8186));
#2652=EDGE_LOOP('',(#8187));
#2653=EDGE_LOOP('',(#8188));
#2654=EDGE_LOOP('',(#8189));
#2655=EDGE_LOOP('',(#8190));
#2656=EDGE_LOOP('',(#8191));
#2657=EDGE_LOOP('',(#8192));
#2658=EDGE_LOOP('',(#8193));
#2659=EDGE_LOOP('',(#8194));
#2660=EDGE_LOOP('',(#8195));
#2661=EDGE_LOOP('',(#8196));
#2662=EDGE_LOOP('',(#8197));
#2663=EDGE_LOOP('',(#8198));
#2664=EDGE_LOOP('',(#8199));
#2665=EDGE_LOOP('',(#8200));
#2666=EDGE_LOOP('',(#8201));
#2667=EDGE_LOOP('',(#8202));
#2668=EDGE_LOOP('',(#8203));
#2669=EDGE_LOOP('',(#8204));
#2670=EDGE_LOOP('',(#8205));
#2671=EDGE_LOOP('',(#8206));
#2672=EDGE_LOOP('',(#8207));
#2673=EDGE_LOOP('',(#8208));
#2674=EDGE_LOOP('',(#8209));
#2675=EDGE_LOOP('',(#8210));
#2676=EDGE_LOOP('',(#8211));
#2677=EDGE_LOOP('',(#8212));
#2678=EDGE_LOOP('',(#8213));
#2679=EDGE_LOOP('',(#8214));
#2680=EDGE_LOOP('',(#8215));
#2681=EDGE_LOOP('',(#8216));
#2682=EDGE_LOOP('',(#8217));
#2683=EDGE_LOOP('',(#8218));
#2684=EDGE_LOOP('',(#8219));
#2685=EDGE_LOOP('',(#8220));
#2686=EDGE_LOOP('',(#8221));
#2687=EDGE_LOOP('',(#8222));
#2688=EDGE_LOOP('',(#8223));
#2689=EDGE_LOOP('',(#8224));
#2690=EDGE_LOOP('',(#8225));
#2691=EDGE_LOOP('',(#8226));
#2692=EDGE_LOOP('',(#8227));
#2693=EDGE_LOOP('',(#8228));
#2694=EDGE_LOOP('',(#8229));
#2695=EDGE_LOOP('',(#8230));
#2696=EDGE_LOOP('',(#8231));
#2697=EDGE_LOOP('',(#8232));
#2698=EDGE_LOOP('',(#8233));
#2699=EDGE_LOOP('',(#8234));
#2700=EDGE_LOOP('',(#8235));
#2701=EDGE_LOOP('',(#8236));
#2702=EDGE_LOOP('',(#8237));
#2703=EDGE_LOOP('',(#8238));
#2704=EDGE_LOOP('',(#8239));
#2705=EDGE_LOOP('',(#8240));
#2706=EDGE_LOOP('',(#8241));
#2707=EDGE_LOOP('',(#8242));
#2708=EDGE_LOOP('',(#8243));
#2709=EDGE_LOOP('',(#8244));
#2710=EDGE_LOOP('',(#8245));
#2711=EDGE_LOOP('',(#8246));
#2712=EDGE_LOOP('',(#8247));
#2713=EDGE_LOOP('',(#8248));
#2714=EDGE_LOOP('',(#8249));
#2715=EDGE_LOOP('',(#8250));
#2716=EDGE_LOOP('',(#8251));
#2717=EDGE_LOOP('',(#8252));
#2718=EDGE_LOOP('',(#8253));
#2719=EDGE_LOOP('',(#8254));
#2720=EDGE_LOOP('',(#8255));
#2721=EDGE_LOOP('',(#8256));
#2722=EDGE_LOOP('',(#8257));
#2723=EDGE_LOOP('',(#8258));
#2724=EDGE_LOOP('',(#8259));
#2725=EDGE_LOOP('',(#8260));
#2726=EDGE_LOOP('',(#8261));
#2727=EDGE_LOOP('',(#8262));
#2728=EDGE_LOOP('',(#8263));
#2729=EDGE_LOOP('',(#8264));
#2730=EDGE_LOOP('',(#8265));
#2731=EDGE_LOOP('',(#8266));
#2732=EDGE_LOOP('',(#8267));
#2733=EDGE_LOOP('',(#8268));
#2734=EDGE_LOOP('',(#8269));
#2735=EDGE_LOOP('',(#8270));
#2736=EDGE_LOOP('',(#8271));
#2737=EDGE_LOOP('',(#8272));
#2738=EDGE_LOOP('',(#8273));
#2739=EDGE_LOOP('',(#8274));
#2740=EDGE_LOOP('',(#8275));
#2741=EDGE_LOOP('',(#8276));
#2742=EDGE_LOOP('',(#8277));
#2743=EDGE_LOOP('',(#8278));
#2744=EDGE_LOOP('',(#8279));
#2745=EDGE_LOOP('',(#8280));
#2746=EDGE_LOOP('',(#8281));
#2747=EDGE_LOOP('',(#8282));
#2748=EDGE_LOOP('',(#8283));
#2749=EDGE_LOOP('',(#8284));
#2750=EDGE_LOOP('',(#8285));
#2751=EDGE_LOOP('',(#8286));
#2752=EDGE_LOOP('',(#8287));
#2753=EDGE_LOOP('',(#8288));
#2754=EDGE_LOOP('',(#8289));
#2755=EDGE_LOOP('',(#8290));
#2756=EDGE_LOOP('',(#8291));
#2757=EDGE_LOOP('',(#8292));
#2758=EDGE_LOOP('',(#8293));
#2759=EDGE_LOOP('',(#8294));
#2760=EDGE_LOOP('',(#8295));
#2761=EDGE_LOOP('',(#8296));
#2762=EDGE_LOOP('',(#8297));
#2763=EDGE_LOOP('',(#8298));
#2764=EDGE_LOOP('',(#8299));
#2765=EDGE_LOOP('',(#8300));
#2766=EDGE_LOOP('',(#8301));
#2767=EDGE_LOOP('',(#8302));
#2768=EDGE_LOOP('',(#8303));
#2769=EDGE_LOOP('',(#8304));
#2770=EDGE_LOOP('',(#8305));
#2771=EDGE_LOOP('',(#8306));
#2772=EDGE_LOOP('',(#8307));
#2773=EDGE_LOOP('',(#8308));
#2774=EDGE_LOOP('',(#8309));
#2775=EDGE_LOOP('',(#8310));
#2776=EDGE_LOOP('',(#8311));
#2777=EDGE_LOOP('',(#8312));
#2778=EDGE_LOOP('',(#8313));
#2779=EDGE_LOOP('',(#8314));
#2780=EDGE_LOOP('',(#8315));
#2781=EDGE_LOOP('',(#8316));
#2782=EDGE_LOOP('',(#8317));
#2783=EDGE_LOOP('',(#8318));
#2784=EDGE_LOOP('',(#8319));
#2785=EDGE_LOOP('',(#8320));
#2786=EDGE_LOOP('',(#8321));
#2787=EDGE_LOOP('',(#8322));
#2788=EDGE_LOOP('',(#8323));
#2789=EDGE_LOOP('',(#8324));
#2790=EDGE_LOOP('',(#8325));
#2791=EDGE_LOOP('',(#8326));
#2792=EDGE_LOOP('',(#8327));
#2793=EDGE_LOOP('',(#8328));
#2794=EDGE_LOOP('',(#8329));
#2795=EDGE_LOOP('',(#8330));
#2796=EDGE_LOOP('',(#8331));
#2797=EDGE_LOOP('',(#8332));
#2798=EDGE_LOOP('',(#8333));
#2799=EDGE_LOOP('',(#8334));
#2800=EDGE_LOOP('',(#8335));
#2801=EDGE_LOOP('',(#8336));
#2802=EDGE_LOOP('',(#8337));
#2803=EDGE_LOOP('',(#8338));
#2804=EDGE_LOOP('',(#8339));
#2805=EDGE_LOOP('',(#8340));
#2806=EDGE_LOOP('',(#8341));
#2807=EDGE_LOOP('',(#8342));
#2808=EDGE_LOOP('',(#8343));
#2809=EDGE_LOOP('',(#8344));
#2810=EDGE_LOOP('',(#8345));
#2811=EDGE_LOOP('',(#8346));
#2812=EDGE_LOOP('',(#8347));
#2813=EDGE_LOOP('',(#8348));
#2814=EDGE_LOOP('',(#8349));
#2815=EDGE_LOOP('',(#8350));
#2816=EDGE_LOOP('',(#8351));
#2817=EDGE_LOOP('',(#8352));
#2818=EDGE_LOOP('',(#8353));
#2819=EDGE_LOOP('',(#8354));
#2820=EDGE_LOOP('',(#8355));
#2821=EDGE_LOOP('',(#8356));
#2822=EDGE_LOOP('',(#8357));
#2823=EDGE_LOOP('',(#8358));
#2824=EDGE_LOOP('',(#8359));
#2825=EDGE_LOOP('',(#8360));
#2826=EDGE_LOOP('',(#8361));
#2827=EDGE_LOOP('',(#8362));
#2828=EDGE_LOOP('',(#8363));
#2829=EDGE_LOOP('',(#8364));
#2830=EDGE_LOOP('',(#8365));
#2831=EDGE_LOOP('',(#8366));
#2832=EDGE_LOOP('',(#8367));
#2833=EDGE_LOOP('',(#8368,#8369,#8370,#8371));
#2834=EDGE_LOOP('',(#8372,#8373,#8374,#8375));
#2835=EDGE_LOOP('',(#8376,#8377,#8378,#8379));
#2836=EDGE_LOOP('',(#8380,#8381,#8382,#8383));
#2837=EDGE_LOOP('',(#8384,#8385,#8386,#8387));
#2838=EDGE_LOOP('',(#8388,#8389,#8390,#8391));
#2839=EDGE_LOOP('',(#8392,#8393,#8394,#8395));
#2840=EDGE_LOOP('',(#8396,#8397,#8398,#8399));
#2841=EDGE_LOOP('',(#8400,#8401,#8402,#8403));
#2842=EDGE_LOOP('',(#8404,#8405,#8406,#8407));
#2843=EDGE_LOOP('',(#8408,#8409,#8410,#8411));
#2844=EDGE_LOOP('',(#8412,#8413,#8414,#8415));
#2845=EDGE_LOOP('',(#8416,#8417,#8418,#8419));
#2846=EDGE_LOOP('',(#8420,#8421,#8422,#8423));
#2847=EDGE_LOOP('',(#8424,#8425,#8426,#8427));
#2848=EDGE_LOOP('',(#8428,#8429,#8430,#8431));
#2849=EDGE_LOOP('',(#8432,#8433,#8434,#8435));
#2850=EDGE_LOOP('',(#8436,#8437,#8438,#8439));
#2851=EDGE_LOOP('',(#8440,#8441,#8442,#8443));
#2852=EDGE_LOOP('',(#8444,#8445,#8446,#8447));
#2853=EDGE_LOOP('',(#8448,#8449,#8450,#8451));
#2854=EDGE_LOOP('',(#8452,#8453,#8454,#8455));
#2855=EDGE_LOOP('',(#8456,#8457,#8458,#8459));
#2856=EDGE_LOOP('',(#8460,#8461,#8462,#8463));
#2857=EDGE_LOOP('',(#8464,#8465,#8466,#8467));
#2858=EDGE_LOOP('',(#8468,#8469,#8470,#8471));
#2859=EDGE_LOOP('',(#8472,#8473,#8474,#8475));
#2860=EDGE_LOOP('',(#8476,#8477,#8478,#8479));
#2861=EDGE_LOOP('',(#8480,#8481,#8482,#8483));
#2862=EDGE_LOOP('',(#8484,#8485,#8486,#8487));
#2863=EDGE_LOOP('',(#8488,#8489,#8490,#8491));
#2864=EDGE_LOOP('',(#8492,#8493,#8494,#8495));
#2865=EDGE_LOOP('',(#8496,#8497,#8498,#8499));
#2866=EDGE_LOOP('',(#8500,#8501,#8502,#8503));
#2867=EDGE_LOOP('',(#8504,#8505,#8506,#8507));
#2868=EDGE_LOOP('',(#8508,#8509,#8510,#8511));
#2869=EDGE_LOOP('',(#8512,#8513,#8514,#8515));
#2870=EDGE_LOOP('',(#8516,#8517,#8518,#8519));
#2871=EDGE_LOOP('',(#8520,#8521,#8522,#8523));
#2872=EDGE_LOOP('',(#8524,#8525,#8526,#8527));
#2873=EDGE_LOOP('',(#8528,#8529,#8530,#8531));
#2874=EDGE_LOOP('',(#8532,#8533,#8534,#8535));
#2875=EDGE_LOOP('',(#8536,#8537,#8538,#8539));
#2876=EDGE_LOOP('',(#8540,#8541,#8542,#8543));
#2877=EDGE_LOOP('',(#8544,#8545,#8546,#8547));
#2878=EDGE_LOOP('',(#8548,#8549,#8550,#8551));
#2879=EDGE_LOOP('',(#8552,#8553,#8554,#8555));
#2880=EDGE_LOOP('',(#8556,#8557,#8558,#8559));
#2881=EDGE_LOOP('',(#8560,#8561,#8562,#8563));
#2882=EDGE_LOOP('',(#8564,#8565,#8566,#8567));
#2883=EDGE_LOOP('',(#8568,#8569,#8570,#8571));
#2884=EDGE_LOOP('',(#8572,#8573,#8574,#8575));
#2885=EDGE_LOOP('',(#8576,#8577,#8578,#8579));
#2886=EDGE_LOOP('',(#8580,#8581,#8582,#8583));
#2887=EDGE_LOOP('',(#8584,#8585,#8586,#8587));
#2888=EDGE_LOOP('',(#8588,#8589,#8590,#8591));
#2889=EDGE_LOOP('',(#8592,#8593,#8594,#8595));
#2890=EDGE_LOOP('',(#8596,#8597,#8598,#8599));
#2891=EDGE_LOOP('',(#8600,#8601,#8602,#8603));
#2892=EDGE_LOOP('',(#8604,#8605,#8606,#8607));
#2893=EDGE_LOOP('',(#8608,#8609,#8610,#8611));
#2894=EDGE_LOOP('',(#8612,#8613,#8614,#8615));
#2895=EDGE_LOOP('',(#8616,#8617,#8618,#8619));
#2896=EDGE_LOOP('',(#8620,#8621,#8622,#8623));
#2897=EDGE_LOOP('',(#8624,#8625,#8626,#8627));
#2898=EDGE_LOOP('',(#8628,#8629,#8630,#8631));
#2899=EDGE_LOOP('',(#8632,#8633,#8634,#8635));
#2900=EDGE_LOOP('',(#8636,#8637,#8638,#8639));
#2901=EDGE_LOOP('',(#8640,#8641,#8642,#8643));
#2902=EDGE_LOOP('',(#8644,#8645,#8646,#8647));
#2903=EDGE_LOOP('',(#8648,#8649,#8650,#8651));
#2904=EDGE_LOOP('',(#8652,#8653,#8654,#8655));
#2905=EDGE_LOOP('',(#8656,#8657,#8658,#8659));
#2906=EDGE_LOOP('',(#8660,#8661,#8662,#8663));
#2907=EDGE_LOOP('',(#8664,#8665,#8666,#8667));
#2908=EDGE_LOOP('',(#8668,#8669,#8670,#8671));
#2909=EDGE_LOOP('',(#8672,#8673,#8674,#8675));
#2910=EDGE_LOOP('',(#8676,#8677,#8678,#8679));
#2911=EDGE_LOOP('',(#8680,#8681,#8682,#8683));
#2912=EDGE_LOOP('',(#8684,#8685,#8686,#8687));
#2913=EDGE_LOOP('',(#8688,#8689,#8690,#8691));
#2914=EDGE_LOOP('',(#8692,#8693,#8694,#8695));
#2915=EDGE_LOOP('',(#8696,#8697,#8698,#8699));
#2916=EDGE_LOOP('',(#8700,#8701,#8702,#8703));
#2917=EDGE_LOOP('',(#8704,#8705,#8706,#8707));
#2918=EDGE_LOOP('',(#8708,#8709,#8710,#8711));
#2919=EDGE_LOOP('',(#8712,#8713,#8714,#8715));
#2920=EDGE_LOOP('',(#8716,#8717,#8718,#8719));
#2921=EDGE_LOOP('',(#8720,#8721,#8722,#8723));
#2922=EDGE_LOOP('',(#8724,#8725,#8726,#8727));
#2923=EDGE_LOOP('',(#8728,#8729,#8730,#8731));
#2924=EDGE_LOOP('',(#8732,#8733,#8734,#8735));
#2925=EDGE_LOOP('',(#8736,#8737,#8738,#8739));
#2926=EDGE_LOOP('',(#8740,#8741,#8742,#8743));
#2927=EDGE_LOOP('',(#8744,#8745,#8746,#8747));
#2928=EDGE_LOOP('',(#8748,#8749,#8750,#8751));
#2929=EDGE_LOOP('',(#8752,#8753,#8754,#8755));
#2930=EDGE_LOOP('',(#8756,#8757,#8758,#8759));
#2931=EDGE_LOOP('',(#8760,#8761,#8762,#8763));
#2932=EDGE_LOOP('',(#8764,#8765,#8766,#8767));
#2933=EDGE_LOOP('',(#8768,#8769,#8770,#8771));
#2934=EDGE_LOOP('',(#8772,#8773,#8774,#8775));
#2935=EDGE_LOOP('',(#8776,#8777,#8778,#8779));
#2936=EDGE_LOOP('',(#8780,#8781,#8782,#8783));
#2937=EDGE_LOOP('',(#8784,#8785,#8786,#8787));
#2938=EDGE_LOOP('',(#8788,#8789,#8790,#8791));
#2939=EDGE_LOOP('',(#8792,#8793,#8794,#8795));
#2940=EDGE_LOOP('',(#8796,#8797,#8798,#8799));
#2941=EDGE_LOOP('',(#8800,#8801,#8802,#8803));
#2942=EDGE_LOOP('',(#8804,#8805,#8806,#8807));
#2943=EDGE_LOOP('',(#8808,#8809,#8810,#8811));
#2944=EDGE_LOOP('',(#8812,#8813,#8814,#8815));
#2945=EDGE_LOOP('',(#8816,#8817,#8818,#8819));
#2946=EDGE_LOOP('',(#8820,#8821,#8822,#8823));
#2947=EDGE_LOOP('',(#8824,#8825,#8826,#8827));
#2948=EDGE_LOOP('',(#8828,#8829,#8830,#8831));
#2949=EDGE_LOOP('',(#8832,#8833,#8834,#8835));
#2950=EDGE_LOOP('',(#8836,#8837,#8838,#8839));
#2951=EDGE_LOOP('',(#8840,#8841,#8842,#8843));
#2952=EDGE_LOOP('',(#8844,#8845,#8846,#8847));
#2953=EDGE_LOOP('',(#8848,#8849,#8850,#8851));
#2954=EDGE_LOOP('',(#8852,#8853,#8854,#8855));
#2955=EDGE_LOOP('',(#8856,#8857,#8858,#8859));
#2956=EDGE_LOOP('',(#8860,#8861,#8862,#8863));
#2957=EDGE_LOOP('',(#8864,#8865,#8866,#8867));
#2958=EDGE_LOOP('',(#8868,#8869,#8870,#8871));
#2959=EDGE_LOOP('',(#8872,#8873,#8874,#8875));
#2960=EDGE_LOOP('',(#8876,#8877,#8878,#8879));
#2961=EDGE_LOOP('',(#8880,#8881,#8882,#8883));
#2962=EDGE_LOOP('',(#8884,#8885,#8886,#8887));
#2963=EDGE_LOOP('',(#8888,#8889,#8890,#8891));
#2964=EDGE_LOOP('',(#8892,#8893,#8894,#8895));
#2965=EDGE_LOOP('',(#8896,#8897,#8898,#8899));
#2966=EDGE_LOOP('',(#8900,#8901,#8902,#8903));
#2967=EDGE_LOOP('',(#8904,#8905,#8906,#8907));
#2968=EDGE_LOOP('',(#8908,#8909,#8910,#8911));
#2969=EDGE_LOOP('',(#8912,#8913,#8914,#8915));
#2970=EDGE_LOOP('',(#8916,#8917,#8918,#8919));
#2971=EDGE_LOOP('',(#8920,#8921,#8922,#8923));
#2972=EDGE_LOOP('',(#8924,#8925,#8926,#8927));
#2973=EDGE_LOOP('',(#8928,#8929,#8930,#8931));
#2974=EDGE_LOOP('',(#8932,#8933,#8934,#8935));
#2975=EDGE_LOOP('',(#8936,#8937,#8938,#8939));
#2976=EDGE_LOOP('',(#8940,#8941,#8942,#8943));
#2977=EDGE_LOOP('',(#8944,#8945,#8946,#8947));
#2978=EDGE_LOOP('',(#8948,#8949,#8950,#8951));
#2979=EDGE_LOOP('',(#8952,#8953,#8954,#8955));
#2980=EDGE_LOOP('',(#8956,#8957,#8958,#8959));
#2981=EDGE_LOOP('',(#8960,#8961,#8962,#8963));
#2982=EDGE_LOOP('',(#8964,#8965,#8966,#8967));
#2983=EDGE_LOOP('',(#8968,#8969,#8970,#8971));
#2984=EDGE_LOOP('',(#8972,#8973,#8974,#8975));
#2985=EDGE_LOOP('',(#8976,#8977,#8978,#8979));
#2986=EDGE_LOOP('',(#8980,#8981,#8982,#8983));
#2987=EDGE_LOOP('',(#8984,#8985,#8986,#8987));
#2988=EDGE_LOOP('',(#8988,#8989,#8990,#8991));
#2989=EDGE_LOOP('',(#8992,#8993,#8994,#8995));
#2990=EDGE_LOOP('',(#8996,#8997,#8998,#8999));
#2991=EDGE_LOOP('',(#9000,#9001,#9002,#9003));
#2992=EDGE_LOOP('',(#9004,#9005,#9006,#9007));
#2993=EDGE_LOOP('',(#9008,#9009,#9010,#9011));
#2994=EDGE_LOOP('',(#9012,#9013,#9014,#9015));
#2995=EDGE_LOOP('',(#9016,#9017,#9018,#9019));
#2996=EDGE_LOOP('',(#9020,#9021,#9022,#9023));
#2997=EDGE_LOOP('',(#9024,#9025,#9026,#9027));
#2998=EDGE_LOOP('',(#9028,#9029,#9030,#9031));
#2999=EDGE_LOOP('',(#9032,#9033,#9034,#9035));
#3000=EDGE_LOOP('',(#9036,#9037,#9038,#9039));
#3001=EDGE_LOOP('',(#9040,#9041,#9042,#9043));
#3002=EDGE_LOOP('',(#9044,#9045,#9046,#9047));
#3003=EDGE_LOOP('',(#9048,#9049,#9050,#9051));
#3004=EDGE_LOOP('',(#9052,#9053,#9054,#9055));
#3005=EDGE_LOOP('',(#9056,#9057,#9058,#9059));
#3006=EDGE_LOOP('',(#9060,#9061,#9062,#9063));
#3007=EDGE_LOOP('',(#9064,#9065,#9066,#9067));
#3008=EDGE_LOOP('',(#9068,#9069,#9070,#9071));
#3009=EDGE_LOOP('',(#9072,#9073,#9074,#9075));
#3010=EDGE_LOOP('',(#9076,#9077,#9078,#9079));
#3011=EDGE_LOOP('',(#9080,#9081,#9082,#9083));
#3012=EDGE_LOOP('',(#9084,#9085,#9086,#9087));
#3013=EDGE_LOOP('',(#9088,#9089,#9090,#9091));
#3014=EDGE_LOOP('',(#9092,#9093,#9094,#9095));
#3015=EDGE_LOOP('',(#9096,#9097,#9098,#9099));
#3016=EDGE_LOOP('',(#9100,#9101,#9102,#9103));
#3017=EDGE_LOOP('',(#9104,#9105,#9106,#9107));
#3018=EDGE_LOOP('',(#9108,#9109,#9110,#9111,#9112));
#3019=EDGE_LOOP('',(#9113));
#3020=EDGE_LOOP('',(#9114,#9115,#9116,#9117,#9118,#9119));
#3021=EDGE_LOOP('',(#9120,#9121,#9122,#9123,#9124));
#3022=EDGE_LOOP('',(#9125));
#3023=EDGE_LOOP('',(#9126));
#3024=EDGE_LOOP('',(#9127,#9128,#9129,#9130));
#3025=EDGE_LOOP('',(#9131));
#3026=EDGE_LOOP('',(#9132));
#3027=EDGE_LOOP('',(#9133,#9134,#9135,#9136));
#3028=EDGE_LOOP('',(#9137));
#3029=EDGE_LOOP('',(#9138));
#3030=EDGE_LOOP('',(#9139,#9140,#9141,#9142));
#3031=EDGE_LOOP('',(#9143));
#3032=EDGE_LOOP('',(#9144));
#3033=EDGE_LOOP('',(#9145,#9146,#9147,#9148,#9149));
#3034=EDGE_LOOP('',(#9150,#9151,#9152,#9153,#9154,#9155));
#3035=EDGE_LOOP('',(#9156,#9157,#9158,#9159,#9160));
#3036=EDGE_LOOP('',(#9161));
#3037=EDGE_LOOP('',(#9162,#9163,#9164,#9165,#9166));
#3038=EDGE_LOOP('',(#9167));
#3039=EDGE_LOOP('',(#9168,#9169,#9170,#9171,#9172,#9173));
#3040=EDGE_LOOP('',(#9174,#9175,#9176,#9177,#9178));
#3041=EDGE_LOOP('',(#9179));
#3042=EDGE_LOOP('',(#9180));
#3043=EDGE_LOOP('',(#9181,#9182,#9183,#9184));
#3044=EDGE_LOOP('',(#9185));
#3045=EDGE_LOOP('',(#9186));
#3046=EDGE_LOOP('',(#9187,#9188,#9189,#9190));
#3047=EDGE_LOOP('',(#9191));
#3048=EDGE_LOOP('',(#9192));
#3049=EDGE_LOOP('',(#9193,#9194,#9195,#9196));
#3050=EDGE_LOOP('',(#9197));
#3051=EDGE_LOOP('',(#9198));
#3052=EDGE_LOOP('',(#9199,#9200,#9201,#9202,#9203));
#3053=EDGE_LOOP('',(#9204,#9205,#9206,#9207,#9208,#9209));
#3054=EDGE_LOOP('',(#9210,#9211,#9212,#9213,#9214));
#3055=EDGE_LOOP('',(#9215));
#3056=EDGE_LOOP('',(#9216,#9217,#9218,#9219,#9220));
#3057=EDGE_LOOP('',(#9221));
#3058=EDGE_LOOP('',(#9222,#9223,#9224,#9225,#9226,#9227));
#3059=EDGE_LOOP('',(#9228,#9229,#9230,#9231,#9232));
#3060=EDGE_LOOP('',(#9233));
#3061=EDGE_LOOP('',(#9234));
#3062=EDGE_LOOP('',(#9235,#9236,#9237,#9238));
#3063=EDGE_LOOP('',(#9239));
#3064=EDGE_LOOP('',(#9240));
#3065=EDGE_LOOP('',(#9241,#9242,#9243,#9244));
#3066=EDGE_LOOP('',(#9245));
#3067=EDGE_LOOP('',(#9246));
#3068=EDGE_LOOP('',(#9247,#9248,#9249,#9250));
#3069=EDGE_LOOP('',(#9251));
#3070=EDGE_LOOP('',(#9252));
#3071=EDGE_LOOP('',(#9253,#9254,#9255,#9256,#9257));
#3072=EDGE_LOOP('',(#9258,#9259,#9260,#9261,#9262,#9263));
#3073=EDGE_LOOP('',(#9264,#9265,#9266,#9267,#9268));
#3074=EDGE_LOOP('',(#9269));
#3075=EDGE_LOOP('',(#9270,#9271,#9272,#9273,#9274));
#3076=EDGE_LOOP('',(#9275));
#3077=EDGE_LOOP('',(#9276,#9277,#9278,#9279,#9280,#9281));
#3078=EDGE_LOOP('',(#9282,#9283,#9284,#9285,#9286));
#3079=EDGE_LOOP('',(#9287));
#3080=EDGE_LOOP('',(#9288));
#3081=EDGE_LOOP('',(#9289,#9290,#9291,#9292));
#3082=EDGE_LOOP('',(#9293));
#3083=EDGE_LOOP('',(#9294));
#3084=EDGE_LOOP('',(#9295,#9296,#9297,#9298));
#3085=EDGE_LOOP('',(#9299));
#3086=EDGE_LOOP('',(#9300));
#3087=EDGE_LOOP('',(#9301,#9302,#9303,#9304));
#3088=EDGE_LOOP('',(#9305));
#3089=EDGE_LOOP('',(#9306));
#3090=EDGE_LOOP('',(#9307,#9308,#9309,#9310,#9311));
#3091=EDGE_LOOP('',(#9312,#9313,#9314,#9315,#9316,#9317));
#3092=EDGE_LOOP('',(#9318,#9319,#9320,#9321,#9322));
#3093=EDGE_LOOP('',(#9323));
#3094=EDGE_LOOP('',(#9324,#9325,#9326,#9327,#9328));
#3095=EDGE_LOOP('',(#9329));
#3096=EDGE_LOOP('',(#9330,#9331,#9332,#9333,#9334,#9335));
#3097=EDGE_LOOP('',(#9336,#9337,#9338,#9339,#9340));
#3098=EDGE_LOOP('',(#9341));
#3099=EDGE_LOOP('',(#9342));
#3100=EDGE_LOOP('',(#9343,#9344,#9345,#9346));
#3101=EDGE_LOOP('',(#9347));
#3102=EDGE_LOOP('',(#9348));
#3103=EDGE_LOOP('',(#9349,#9350,#9351,#9352));
#3104=EDGE_LOOP('',(#9353));
#3105=EDGE_LOOP('',(#9354));
#3106=EDGE_LOOP('',(#9355,#9356,#9357,#9358));
#3107=EDGE_LOOP('',(#9359));
#3108=EDGE_LOOP('',(#9360));
#3109=EDGE_LOOP('',(#9361,#9362,#9363,#9364,#9365));
#3110=EDGE_LOOP('',(#9366,#9367,#9368,#9369,#9370,#9371));
#3111=EDGE_LOOP('',(#9372,#9373,#9374,#9375,#9376));
#3112=EDGE_LOOP('',(#9377));
#3113=EDGE_LOOP('',(#9378,#9379,#9380,#9381,#9382));
#3114=EDGE_LOOP('',(#9383));
#3115=EDGE_LOOP('',(#9384,#9385,#9386,#9387,#9388,#9389));
#3116=EDGE_LOOP('',(#9390,#9391,#9392,#9393,#9394));
#3117=EDGE_LOOP('',(#9395));
#3118=EDGE_LOOP('',(#9396));
#3119=EDGE_LOOP('',(#9397,#9398,#9399,#9400));
#3120=EDGE_LOOP('',(#9401));
#3121=EDGE_LOOP('',(#9402));
#3122=EDGE_LOOP('',(#9403,#9404,#9405,#9406));
#3123=EDGE_LOOP('',(#9407));
#3124=EDGE_LOOP('',(#9408));
#3125=EDGE_LOOP('',(#9409,#9410,#9411,#9412));
#3126=EDGE_LOOP('',(#9413));
#3127=EDGE_LOOP('',(#9414));
#3128=EDGE_LOOP('',(#9415,#9416,#9417,#9418,#9419));
#3129=EDGE_LOOP('',(#9420,#9421,#9422,#9423,#9424,#9425));
#3130=EDGE_LOOP('',(#9426,#9427,#9428,#9429,#9430));
#3131=EDGE_LOOP('',(#9431));
#3132=EDGE_LOOP('',(#9432,#9433,#9434,#9435,#9436));
#3133=EDGE_LOOP('',(#9437));
#3134=EDGE_LOOP('',(#9438,#9439,#9440,#9441,#9442,#9443));
#3135=EDGE_LOOP('',(#9444,#9445,#9446,#9447,#9448));
#3136=EDGE_LOOP('',(#9449));
#3137=EDGE_LOOP('',(#9450));
#3138=EDGE_LOOP('',(#9451,#9452,#9453,#9454));
#3139=EDGE_LOOP('',(#9455));
#3140=EDGE_LOOP('',(#9456));
#3141=EDGE_LOOP('',(#9457,#9458,#9459,#9460));
#3142=EDGE_LOOP('',(#9461));
#3143=EDGE_LOOP('',(#9462));
#3144=EDGE_LOOP('',(#9463,#9464,#9465,#9466));
#3145=EDGE_LOOP('',(#9467));
#3146=EDGE_LOOP('',(#9468));
#3147=EDGE_LOOP('',(#9469,#9470,#9471,#9472,#9473));
#3148=EDGE_LOOP('',(#9474,#9475,#9476,#9477,#9478,#9479));
#3149=EDGE_LOOP('',(#9480,#9481,#9482,#9483,#9484));
#3150=EDGE_LOOP('',(#9485));
#3151=EDGE_LOOP('',(#9486,#9487,#9488,#9489,#9490));
#3152=EDGE_LOOP('',(#9491));
#3153=EDGE_LOOP('',(#9492,#9493,#9494,#9495,#9496,#9497));
#3154=EDGE_LOOP('',(#9498,#9499,#9500,#9501,#9502));
#3155=EDGE_LOOP('',(#9503));
#3156=EDGE_LOOP('',(#9504));
#3157=EDGE_LOOP('',(#9505,#9506,#9507,#9508));
#3158=EDGE_LOOP('',(#9509));
#3159=EDGE_LOOP('',(#9510));
#3160=EDGE_LOOP('',(#9511,#9512,#9513,#9514));
#3161=EDGE_LOOP('',(#9515));
#3162=EDGE_LOOP('',(#9516));
#3163=EDGE_LOOP('',(#9517,#9518,#9519,#9520));
#3164=EDGE_LOOP('',(#9521));
#3165=EDGE_LOOP('',(#9522));
#3166=EDGE_LOOP('',(#9523,#9524,#9525,#9526,#9527));
#3167=EDGE_LOOP('',(#9528,#9529,#9530,#9531,#9532,#9533));
#3168=EDGE_LOOP('',(#9534,#9535,#9536,#9537,#9538));
#3169=EDGE_LOOP('',(#9539));
#3170=EDGE_LOOP('',(#9540,#9541,#9542,#9543,#9544));
#3171=EDGE_LOOP('',(#9545));
#3172=EDGE_LOOP('',(#9546,#9547,#9548,#9549,#9550,#9551));
#3173=EDGE_LOOP('',(#9552,#9553,#9554,#9555,#9556));
#3174=EDGE_LOOP('',(#9557));
#3175=EDGE_LOOP('',(#9558));
#3176=EDGE_LOOP('',(#9559,#9560,#9561,#9562));
#3177=EDGE_LOOP('',(#9563));
#3178=EDGE_LOOP('',(#9564));
#3179=EDGE_LOOP('',(#9565,#9566,#9567,#9568));
#3180=EDGE_LOOP('',(#9569));
#3181=EDGE_LOOP('',(#9570));
#3182=EDGE_LOOP('',(#9571,#9572,#9573,#9574));
#3183=EDGE_LOOP('',(#9575));
#3184=EDGE_LOOP('',(#9576));
#3185=EDGE_LOOP('',(#9577,#9578,#9579,#9580,#9581));
#3186=EDGE_LOOP('',(#9582,#9583,#9584,#9585,#9586,#9587));
#3187=EDGE_LOOP('',(#9588,#9589,#9590,#9591,#9592));
#3188=EDGE_LOOP('',(#9593));
#3189=EDGE_LOOP('',(#9594,#9595,#9596,#9597,#9598));
#3190=EDGE_LOOP('',(#9599));
#3191=EDGE_LOOP('',(#9600,#9601,#9602,#9603,#9604,#9605));
#3192=EDGE_LOOP('',(#9606,#9607,#9608,#9609,#9610));
#3193=EDGE_LOOP('',(#9611));
#3194=EDGE_LOOP('',(#9612));
#3195=EDGE_LOOP('',(#9613,#9614,#9615,#9616));
#3196=EDGE_LOOP('',(#9617));
#3197=EDGE_LOOP('',(#9618));
#3198=EDGE_LOOP('',(#9619,#9620,#9621,#9622));
#3199=EDGE_LOOP('',(#9623));
#3200=EDGE_LOOP('',(#9624));
#3201=EDGE_LOOP('',(#9625,#9626,#9627,#9628));
#3202=EDGE_LOOP('',(#9629));
#3203=EDGE_LOOP('',(#9630));
#3204=EDGE_LOOP('',(#9631,#9632,#9633,#9634,#9635));
#3205=EDGE_LOOP('',(#9636,#9637,#9638,#9639,#9640,#9641));
#3206=EDGE_LOOP('',(#9642,#9643,#9644,#9645,#9646));
#3207=EDGE_LOOP('',(#9647));
#3208=EDGE_LOOP('',(#9648,#9649,#9650,#9651,#9652));
#3209=EDGE_LOOP('',(#9653));
#3210=EDGE_LOOP('',(#9654,#9655,#9656,#9657,#9658,#9659));
#3211=EDGE_LOOP('',(#9660,#9661,#9662,#9663,#9664));
#3212=EDGE_LOOP('',(#9665));
#3213=EDGE_LOOP('',(#9666));
#3214=EDGE_LOOP('',(#9667,#9668,#9669,#9670));
#3215=EDGE_LOOP('',(#9671));
#3216=EDGE_LOOP('',(#9672));
#3217=EDGE_LOOP('',(#9673,#9674,#9675,#9676));
#3218=EDGE_LOOP('',(#9677));
#3219=EDGE_LOOP('',(#9678));
#3220=EDGE_LOOP('',(#9679,#9680,#9681,#9682));
#3221=EDGE_LOOP('',(#9683));
#3222=EDGE_LOOP('',(#9684));
#3223=EDGE_LOOP('',(#9685,#9686,#9687,#9688,#9689));
#3224=EDGE_LOOP('',(#9690,#9691,#9692,#9693,#9694,#9695));
#3225=EDGE_LOOP('',(#9696,#9697,#9698,#9699,#9700));
#3226=EDGE_LOOP('',(#9701));
#3227=EDGE_LOOP('',(#9702,#9703,#9704,#9705,#9706));
#3228=EDGE_LOOP('',(#9707));
#3229=EDGE_LOOP('',(#9708,#9709,#9710,#9711,#9712,#9713));
#3230=EDGE_LOOP('',(#9714,#9715,#9716,#9717,#9718));
#3231=EDGE_LOOP('',(#9719));
#3232=EDGE_LOOP('',(#9720));
#3233=EDGE_LOOP('',(#9721,#9722,#9723,#9724));
#3234=EDGE_LOOP('',(#9725));
#3235=EDGE_LOOP('',(#9726));
#3236=EDGE_LOOP('',(#9727,#9728,#9729,#9730));
#3237=EDGE_LOOP('',(#9731));
#3238=EDGE_LOOP('',(#9732));
#3239=EDGE_LOOP('',(#9733,#9734,#9735,#9736));
#3240=EDGE_LOOP('',(#9737));
#3241=EDGE_LOOP('',(#9738));
#3242=EDGE_LOOP('',(#9739,#9740,#9741,#9742,#9743));
#3243=EDGE_LOOP('',(#9744,#9745,#9746,#9747,#9748,#9749));
#3244=EDGE_LOOP('',(#9750,#9751,#9752,#9753,#9754));
#3245=EDGE_LOOP('',(#9755));
#3246=EDGE_LOOP('',(#9756,#9757,#9758,#9759,#9760));
#3247=EDGE_LOOP('',(#9761));
#3248=EDGE_LOOP('',(#9762,#9763,#9764,#9765,#9766,#9767));
#3249=EDGE_LOOP('',(#9768,#9769,#9770,#9771,#9772));
#3250=EDGE_LOOP('',(#9773));
#3251=EDGE_LOOP('',(#9774));
#3252=EDGE_LOOP('',(#9775,#9776,#9777,#9778));
#3253=EDGE_LOOP('',(#9779));
#3254=EDGE_LOOP('',(#9780));
#3255=EDGE_LOOP('',(#9781,#9782,#9783,#9784));
#3256=EDGE_LOOP('',(#9785));
#3257=EDGE_LOOP('',(#9786));
#3258=EDGE_LOOP('',(#9787,#9788,#9789,#9790));
#3259=EDGE_LOOP('',(#9791));
#3260=EDGE_LOOP('',(#9792));
#3261=EDGE_LOOP('',(#9793,#9794,#9795,#9796,#9797));
#3262=EDGE_LOOP('',(#9798,#9799,#9800,#9801,#9802,#9803));
#3263=EDGE_LOOP('',(#9804,#9805,#9806,#9807,#9808));
#3264=EDGE_LOOP('',(#9809));
#3265=EDGE_LOOP('',(#9810,#9811,#9812,#9813,#9814));
#3266=EDGE_LOOP('',(#9815));
#3267=EDGE_LOOP('',(#9816,#9817,#9818,#9819,#9820,#9821));
#3268=EDGE_LOOP('',(#9822,#9823,#9824,#9825,#9826));
#3269=EDGE_LOOP('',(#9827));
#3270=EDGE_LOOP('',(#9828));
#3271=EDGE_LOOP('',(#9829,#9830,#9831,#9832));
#3272=EDGE_LOOP('',(#9833));
#3273=EDGE_LOOP('',(#9834));
#3274=EDGE_LOOP('',(#9835,#9836,#9837,#9838));
#3275=EDGE_LOOP('',(#9839));
#3276=EDGE_LOOP('',(#9840));
#3277=EDGE_LOOP('',(#9841,#9842,#9843,#9844));
#3278=EDGE_LOOP('',(#9845));
#3279=EDGE_LOOP('',(#9846));
#3280=EDGE_LOOP('',(#9847,#9848,#9849,#9850,#9851));
#3281=EDGE_LOOP('',(#9852,#9853,#9854,#9855,#9856,#9857));
#3282=EDGE_LOOP('',(#9858,#9859,#9860,#9861,#9862));
#3283=EDGE_LOOP('',(#9863));
#3284=EDGE_LOOP('',(#9864,#9865,#9866,#9867,#9868));
#3285=EDGE_LOOP('',(#9869));
#3286=EDGE_LOOP('',(#9870,#9871,#9872,#9873,#9874,#9875));
#3287=EDGE_LOOP('',(#9876,#9877,#9878,#9879,#9880));
#3288=EDGE_LOOP('',(#9881));
#3289=EDGE_LOOP('',(#9882));
#3290=EDGE_LOOP('',(#9883,#9884,#9885,#9886));
#3291=EDGE_LOOP('',(#9887));
#3292=EDGE_LOOP('',(#9888));
#3293=EDGE_LOOP('',(#9889,#9890,#9891,#9892));
#3294=EDGE_LOOP('',(#9893));
#3295=EDGE_LOOP('',(#9894));
#3296=EDGE_LOOP('',(#9895,#9896,#9897,#9898));
#3297=EDGE_LOOP('',(#9899));
#3298=EDGE_LOOP('',(#9900));
#3299=EDGE_LOOP('',(#9901,#9902,#9903,#9904,#9905));
#3300=EDGE_LOOP('',(#9906,#9907,#9908,#9909,#9910,#9911));
#3301=EDGE_LOOP('',(#9912,#9913,#9914,#9915,#9916));
#3302=EDGE_LOOP('',(#9917));
#3303=EDGE_LOOP('',(#9918,#9919,#9920,#9921,#9922));
#3304=EDGE_LOOP('',(#9923));
#3305=EDGE_LOOP('',(#9924,#9925,#9926,#9927,#9928,#9929));
#3306=EDGE_LOOP('',(#9930,#9931,#9932,#9933,#9934));
#3307=EDGE_LOOP('',(#9935));
#3308=EDGE_LOOP('',(#9936));
#3309=EDGE_LOOP('',(#9937,#9938,#9939,#9940));
#3310=EDGE_LOOP('',(#9941));
#3311=EDGE_LOOP('',(#9942));
#3312=EDGE_LOOP('',(#9943,#9944,#9945,#9946));
#3313=EDGE_LOOP('',(#9947));
#3314=EDGE_LOOP('',(#9948));
#3315=EDGE_LOOP('',(#9949,#9950,#9951,#9952));
#3316=EDGE_LOOP('',(#9953));
#3317=EDGE_LOOP('',(#9954));
#3318=EDGE_LOOP('',(#9955,#9956,#9957,#9958,#9959));
#3319=EDGE_LOOP('',(#9960,#9961,#9962,#9963,#9964,#9965));
#3320=EDGE_LOOP('',(#9966,#9967,#9968,#9969,#9970));
#3321=EDGE_LOOP('',(#9971));
#3322=EDGE_LOOP('',(#9972,#9973,#9974,#9975,#9976));
#3323=EDGE_LOOP('',(#9977));
#3324=EDGE_LOOP('',(#9978,#9979,#9980,#9981,#9982,#9983));
#3325=EDGE_LOOP('',(#9984,#9985,#9986,#9987,#9988));
#3326=EDGE_LOOP('',(#9989));
#3327=EDGE_LOOP('',(#9990));
#3328=EDGE_LOOP('',(#9991,#9992,#9993,#9994));
#3329=EDGE_LOOP('',(#9995));
#3330=EDGE_LOOP('',(#9996));
#3331=EDGE_LOOP('',(#9997,#9998,#9999,#10000));
#3332=EDGE_LOOP('',(#10001));
#3333=EDGE_LOOP('',(#10002));
#3334=EDGE_LOOP('',(#10003,#10004,#10005,#10006));
#3335=EDGE_LOOP('',(#10007));
#3336=EDGE_LOOP('',(#10008));
#3337=EDGE_LOOP('',(#10009,#10010,#10011,#10012,#10013));
#3338=EDGE_LOOP('',(#10014,#10015,#10016,#10017,#10018,#10019));
#3339=EDGE_LOOP('',(#10020,#10021,#10022,#10023,#10024));
#3340=EDGE_LOOP('',(#10025));
#3341=EDGE_LOOP('',(#10026,#10027,#10028,#10029));
#3342=EDGE_LOOP('',(#10030,#10031,#10032,#10033));
#3343=EDGE_LOOP('',(#10034,#10035,#10036,#10037));
#3344=EDGE_LOOP('',(#10038,#10039,#10040,#10041,#10042,#10043,#10044,#10045,
#10046,#10047,#10048,#10049,#10050,#10051,#10052,#10053,#10054,#10055,#10056,
#10057));
#3345=EDGE_LOOP('',(#10058,#10059,#10060,#10061));
#3346=EDGE_LOOP('',(#10062,#10063,#10064,#10065));
#3347=EDGE_LOOP('',(#10066,#10067,#10068,#10069));
#3348=EDGE_LOOP('',(#10070,#10071,#10072,#10073,#10074,#10075,#10076,#10077,
#10078,#10079,#10080,#10081,#10082,#10083,#10084,#10085,#10086,#10087,#10088,
#10089));
#3349=EDGE_LOOP('',(#10090,#10091,#10092,#10093));
#3350=EDGE_LOOP('',(#10094,#10095,#10096,#10097));
#3351=EDGE_LOOP('',(#10098,#10099,#10100,#10101));
#3352=EDGE_LOOP('',(#10102,#10103,#10104,#10105));
#3353=EDGE_LOOP('',(#10106,#10107,#10108,#10109));
#3354=EDGE_LOOP('',(#10110,#10111,#10112,#10113));
#3355=EDGE_LOOP('',(#10114,#10115,#10116,#10117));
#3356=EDGE_LOOP('',(#10118,#10119,#10120,#10121));
#3357=EDGE_LOOP('',(#10122,#10123,#10124,#10125));
#3358=EDGE_LOOP('',(#10126,#10127,#10128,#10129));
#3359=EDGE_LOOP('',(#10130,#10131,#10132,#10133));
#3360=EDGE_LOOP('',(#10134,#10135,#10136,#10137));
#3361=EDGE_LOOP('',(#10138,#10139,#10140,#10141));
#3362=EDGE_LOOP('',(#10142,#10143,#10144,#10145));
#3363=EDGE_LOOP('',(#10146,#10147,#10148,#10149));
#3364=EDGE_LOOP('',(#10150,#10151,#10152,#10153));
#3365=EDGE_LOOP('',(#10154,#10155,#10156,#10157));
#3366=EDGE_LOOP('',(#10158,#10159,#10160,#10161));
#3367=EDGE_LOOP('',(#10162,#10163,#10164,#10165));
#3368=EDGE_LOOP('',(#10166,#10167,#10168,#10169));
#3369=EDGE_LOOP('',(#10170,#10171,#10172,#10173));
#3370=EDGE_LOOP('',(#10174,#10175,#10176,#10177));
#3371=EDGE_LOOP('',(#10178,#10179,#10180,#10181));
#3372=EDGE_LOOP('',(#10182,#10183,#10184,#10185));
#3373=EDGE_LOOP('',(#10186,#10187,#10188,#10189));
#3374=EDGE_LOOP('',(#10190,#10191,#10192,#10193));
#3375=EDGE_LOOP('',(#10194,#10195,#10196,#10197));
#3376=EDGE_LOOP('',(#10198,#10199,#10200,#10201));
#3377=EDGE_LOOP('',(#10202,#10203,#10204,#10205));
#3378=EDGE_LOOP('',(#10206,#10207,#10208,#10209));
#3379=EDGE_LOOP('',(#10210,#10211,#10212,#10213));
#3380=EDGE_LOOP('',(#10214,#10215,#10216,#10217));
#3381=EDGE_LOOP('',(#10218,#10219,#10220,#10221));
#3382=EDGE_LOOP('',(#10222,#10223,#10224,#10225));
#3383=EDGE_LOOP('',(#10226,#10227,#10228,#10229));
#3384=EDGE_LOOP('',(#10230,#10231,#10232,#10233));
#3385=EDGE_LOOP('',(#10234,#10235,#10236,#10237));
#3386=EDGE_LOOP('',(#10238,#10239,#10240,#10241));
#3387=EDGE_LOOP('',(#10242,#10243,#10244,#10245));
#3388=EDGE_LOOP('',(#10246,#10247,#10248,#10249));
#3389=EDGE_LOOP('',(#10250,#10251,#10252,#10253));
#3390=EDGE_LOOP('',(#10254,#10255,#10256,#10257));
#3391=EDGE_LOOP('',(#10258,#10259,#10260,#10261));
#3392=EDGE_LOOP('',(#10262,#10263,#10264,#10265));
#3393=EDGE_LOOP('',(#10266,#10267,#10268,#10269));
#3394=EDGE_LOOP('',(#10270,#10271,#10272,#10273));
#3395=EDGE_LOOP('',(#10274,#10275,#10276,#10277));
#3396=EDGE_LOOP('',(#10278,#10279,#10280,#10281));
#3397=EDGE_LOOP('',(#10282,#10283,#10284,#10285));
#3398=EDGE_LOOP('',(#10286,#10287,#10288,#10289));
#3399=EDGE_LOOP('',(#10290,#10291,#10292,#10293));
#3400=EDGE_LOOP('',(#10294,#10295,#10296,#10297));
#3401=EDGE_LOOP('',(#10298,#10299,#10300,#10301));
#3402=EDGE_LOOP('',(#10302,#10303,#10304,#10305));
#3403=EDGE_LOOP('',(#10306,#10307,#10308,#10309));
#3404=EDGE_LOOP('',(#10310,#10311,#10312,#10313));
#3405=EDGE_LOOP('',(#10314,#10315,#10316,#10317));
#3406=EDGE_LOOP('',(#10318,#10319,#10320,#10321));
#3407=EDGE_LOOP('',(#10322,#10323,#10324,#10325));
#3408=EDGE_LOOP('',(#10326,#10327,#10328,#10329));
#3409=EDGE_LOOP('',(#10330,#10331,#10332,#10333));
#3410=EDGE_LOOP('',(#10334,#10335,#10336,#10337));
#3411=EDGE_LOOP('',(#10338,#10339,#10340,#10341));
#3412=EDGE_LOOP('',(#10342,#10343,#10344,#10345));
#3413=EDGE_LOOP('',(#10346,#10347,#10348,#10349));
#3414=EDGE_LOOP('',(#10350,#10351,#10352,#10353));
#3415=EDGE_LOOP('',(#10354,#10355,#10356,#10357));
#3416=EDGE_LOOP('',(#10358,#10359,#10360,#10361));
#3417=EDGE_LOOP('',(#10362,#10363,#10364,#10365));
#3418=EDGE_LOOP('',(#10366,#10367,#10368,#10369));
#3419=EDGE_LOOP('',(#10370,#10371,#10372,#10373));
#3420=EDGE_LOOP('',(#10374,#10375,#10376,#10377));
#3421=EDGE_LOOP('',(#10378,#10379,#10380,#10381));
#3422=EDGE_LOOP('',(#10382,#10383,#10384,#10385));
#3423=EDGE_LOOP('',(#10386,#10387,#10388,#10389,#10390));
#3424=EDGE_LOOP('',(#10391));
#3425=EDGE_LOOP('',(#10392,#10393,#10394,#10395,#10396,#10397));
#3426=EDGE_LOOP('',(#10398,#10399,#10400,#10401,#10402));
#3427=EDGE_LOOP('',(#10403));
#3428=EDGE_LOOP('',(#10404));
#3429=EDGE_LOOP('',(#10405,#10406,#10407,#10408));
#3430=EDGE_LOOP('',(#10409));
#3431=EDGE_LOOP('',(#10410));
#3432=EDGE_LOOP('',(#10411,#10412,#10413,#10414));
#3433=EDGE_LOOP('',(#10415));
#3434=EDGE_LOOP('',(#10416));
#3435=EDGE_LOOP('',(#10417,#10418,#10419,#10420));
#3436=EDGE_LOOP('',(#10421));
#3437=EDGE_LOOP('',(#10422));
#3438=EDGE_LOOP('',(#10423,#10424,#10425,#10426,#10427));
#3439=EDGE_LOOP('',(#10428,#10429,#10430,#10431,#10432,#10433));
#3440=EDGE_LOOP('',(#10434,#10435,#10436,#10437,#10438));
#3441=EDGE_LOOP('',(#10439));
#3442=EDGE_LOOP('',(#10440,#10441,#10442,#10443,#10444));
#3443=EDGE_LOOP('',(#10445));
#3444=EDGE_LOOP('',(#10446,#10447,#10448,#10449,#10450,#10451));
#3445=EDGE_LOOP('',(#10452,#10453,#10454,#10455,#10456));
#3446=EDGE_LOOP('',(#10457));
#3447=EDGE_LOOP('',(#10458));
#3448=EDGE_LOOP('',(#10459,#10460,#10461,#10462));
#3449=EDGE_LOOP('',(#10463));
#3450=EDGE_LOOP('',(#10464));
#3451=EDGE_LOOP('',(#10465,#10466,#10467,#10468));
#3452=EDGE_LOOP('',(#10469));
#3453=EDGE_LOOP('',(#10470));
#3454=EDGE_LOOP('',(#10471,#10472,#10473,#10474));
#3455=EDGE_LOOP('',(#10475));
#3456=EDGE_LOOP('',(#10476));
#3457=EDGE_LOOP('',(#10477,#10478,#10479,#10480,#10481));
#3458=EDGE_LOOP('',(#10482,#10483,#10484,#10485,#10486,#10487));
#3459=EDGE_LOOP('',(#10488,#10489,#10490,#10491,#10492));
#3460=EDGE_LOOP('',(#10493));
#3461=EDGE_LOOP('',(#10494,#10495,#10496,#10497,#10498));
#3462=EDGE_LOOP('',(#10499));
#3463=EDGE_LOOP('',(#10500,#10501,#10502,#10503,#10504,#10505));
#3464=EDGE_LOOP('',(#10506,#10507,#10508,#10509,#10510));
#3465=EDGE_LOOP('',(#10511));
#3466=EDGE_LOOP('',(#10512));
#3467=EDGE_LOOP('',(#10513,#10514,#10515,#10516));
#3468=EDGE_LOOP('',(#10517));
#3469=EDGE_LOOP('',(#10518));
#3470=EDGE_LOOP('',(#10519,#10520,#10521,#10522));
#3471=EDGE_LOOP('',(#10523));
#3472=EDGE_LOOP('',(#10524));
#3473=EDGE_LOOP('',(#10525,#10526,#10527,#10528));
#3474=EDGE_LOOP('',(#10529));
#3475=EDGE_LOOP('',(#10530));
#3476=EDGE_LOOP('',(#10531,#10532,#10533,#10534,#10535));
#3477=EDGE_LOOP('',(#10536,#10537,#10538,#10539,#10540,#10541));
#3478=EDGE_LOOP('',(#10542,#10543,#10544,#10545,#10546));
#3479=EDGE_LOOP('',(#10547));
#3480=EDGE_LOOP('',(#10548,#10549,#10550,#10551));
#3481=EDGE_LOOP('',(#10552,#10553,#10554,#10555));
#3482=EDGE_LOOP('',(#10556,#10557,#10558,#10559));
#3483=EDGE_LOOP('',(#10560,#10561,#10562,#10563));
#3484=EDGE_LOOP('',(#10564,#10565,#10566,#10567));
#3485=EDGE_LOOP('',(#10568));
#3486=EDGE_LOOP('',(#10569));
#3487=EDGE_LOOP('',(#10570,#10571,#10572,#10573));
#3488=EDGE_LOOP('',(#10574));
#3489=EDGE_LOOP('',(#10575));
#3490=EDGE_LOOP('',(#10576,#10577,#10578,#10579));
#3491=EDGE_LOOP('',(#10580));
#3492=EDGE_LOOP('',(#10581));
#3493=EDGE_LOOP('',(#10582,#10583,#10584,#10585));
#3494=EDGE_LOOP('',(#10586));
#3495=EDGE_LOOP('',(#10587));
#3496=EDGE_LOOP('',(#10588));
#3497=EDGE_LOOP('',(#10589,#10590,#10591,#10592));
#3498=EDGE_LOOP('',(#10593,#10594,#10595,#10596));
#3499=EDGE_LOOP('',(#10597,#10598,#10599,#10600));
#3500=EDGE_LOOP('',(#10601,#10602,#10603,#10604));
#3501=EDGE_LOOP('',(#10605,#10606,#10607,#10608));
#3502=EDGE_LOOP('',(#10609,#10610,#10611,#10612));
#3503=EDGE_LOOP('',(#10613,#10614,#10615,#10616));
#3504=EDGE_LOOP('',(#10617,#10618,#10619,#10620));
#3505=EDGE_LOOP('',(#10621,#10622,#10623,#10624));
#3506=EDGE_LOOP('',(#10625,#10626,#10627,#10628,#10629,#10630));
#3507=EDGE_LOOP('',(#10631,#10632,#10633,#10634));
#3508=EDGE_LOOP('',(#10635,#10636,#10637,#10638));
#3509=EDGE_LOOP('',(#10639,#10640,#10641,#10642));
#3510=EDGE_LOOP('',(#10643,#10644,#10645,#10646));
#3511=EDGE_LOOP('',(#10647,#10648,#10649,#10650));
#3512=EDGE_LOOP('',(#10651,#10652,#10653,#10654));
#3513=EDGE_LOOP('',(#10655,#10656,#10657,#10658));
#3514=EDGE_LOOP('',(#10659,#10660,#10661,#10662));
#3515=EDGE_LOOP('',(#10663,#10664,#10665,#10666));
#3516=EDGE_LOOP('',(#10667,#10668,#10669,#10670));
#3517=EDGE_LOOP('',(#10671,#10672,#10673,#10674));
#3518=EDGE_LOOP('',(#10675,#10676,#10677,#10678));
#3519=EDGE_LOOP('',(#10679,#10680,#10681,#10682));
#3520=EDGE_LOOP('',(#10683,#10684,#10685,#10686));
#3521=EDGE_LOOP('',(#10687,#10688,#10689,#10690));
#3522=EDGE_LOOP('',(#10691,#10692,#10693,#10694));
#3523=EDGE_LOOP('',(#10695,#10696,#10697,#10698));
#3524=EDGE_LOOP('',(#10699,#10700,#10701,#10702));
#3525=EDGE_LOOP('',(#10703,#10704,#10705,#10706));
#3526=EDGE_LOOP('',(#10707,#10708,#10709,#10710));
#3527=EDGE_LOOP('',(#10711,#10712,#10713,#10714));
#3528=EDGE_LOOP('',(#10715,#10716,#10717,#10718));
#3529=EDGE_LOOP('',(#10719,#10720,#10721,#10722));
#3530=EDGE_LOOP('',(#10723,#10724,#10725,#10726));
#3531=EDGE_LOOP('',(#10727,#10728,#10729,#10730));
#3532=EDGE_LOOP('',(#10731,#10732,#10733,#10734));
#3533=EDGE_LOOP('',(#10735,#10736,#10737,#10738));
#3534=EDGE_LOOP('',(#10739,#10740,#10741,#10742));
#3535=EDGE_LOOP('',(#10743,#10744,#10745,#10746));
#3536=EDGE_LOOP('',(#10747,#10748,#10749,#10750));
#3537=EDGE_LOOP('',(#10751,#10752,#10753,#10754));
#3538=EDGE_LOOP('',(#10755,#10756,#10757,#10758));
#3539=EDGE_LOOP('',(#10759,#10760,#10761,#10762));
#3540=EDGE_LOOP('',(#10763,#10764,#10765,#10766));
#3541=EDGE_LOOP('',(#10767,#10768,#10769,#10770));
#3542=EDGE_LOOP('',(#10771,#10772,#10773,#10774));
#3543=EDGE_LOOP('',(#10775,#10776,#10777,#10778));
#3544=EDGE_LOOP('',(#10779,#10780,#10781,#10782));
#3545=EDGE_LOOP('',(#10783,#10784,#10785,#10786));
#3546=EDGE_LOOP('',(#10787,#10788,#10789,#10790));
#3547=EDGE_LOOP('',(#10791,#10792,#10793,#10794));
#3548=EDGE_LOOP('',(#10795,#10796,#10797,#10798));
#3549=EDGE_LOOP('',(#10799,#10800,#10801,#10802));
#3550=EDGE_LOOP('',(#10803,#10804,#10805,#10806));
#3551=EDGE_LOOP('',(#10807));
#3552=EDGE_LOOP('',(#10808,#10809,#10810,#10811));
#3553=EDGE_LOOP('',(#10812,#10813,#10814,#10815));
#3554=EDGE_LOOP('',(#10816,#10817,#10818,#10819));
#3555=EDGE_LOOP('',(#10820,#10821,#10822,#10823));
#3556=EDGE_LOOP('',(#10824,#10825,#10826,#10827));
#3557=EDGE_LOOP('',(#10828,#10829,#10830,#10831));
#3558=EDGE_LOOP('',(#10832,#10833,#10834,#10835));
#3559=EDGE_LOOP('',(#10836,#10837,#10838,#10839));
#3560=EDGE_LOOP('',(#10840,#10841,#10842,#10843));
#3561=EDGE_LOOP('',(#10844,#10845,#10846,#10847));
#3562=EDGE_LOOP('',(#10848,#10849,#10850,#10851));
#3563=EDGE_LOOP('',(#10852,#10853,#10854,#10855,#10856,#10857));
#3564=EDGE_LOOP('',(#10858,#10859,#10860,#10861));
#3565=EDGE_LOOP('',(#10862,#10863,#10864,#10865));
#3566=EDGE_LOOP('',(#10866,#10867,#10868,#10869));
#3567=EDGE_LOOP('',(#10870,#10871,#10872,#10873));
#3568=EDGE_LOOP('',(#10874,#10875,#10876,#10877));
#3569=EDGE_LOOP('',(#10878,#10879,#10880,#10881));
#3570=EDGE_LOOP('',(#10882,#10883,#10884,#10885));
#3571=EDGE_LOOP('',(#10886,#10887,#10888,#10889));
#3572=EDGE_LOOP('',(#10890,#10891,#10892,#10893));
#3573=EDGE_LOOP('',(#10894,#10895,#10896,#10897));
#3574=EDGE_LOOP('',(#10898,#10899,#10900,#10901));
#3575=EDGE_LOOP('',(#10902,#10903,#10904,#10905));
#3576=EDGE_LOOP('',(#10906,#10907,#10908,#10909));
#3577=EDGE_LOOP('',(#10910,#10911,#10912,#10913));
#3578=EDGE_LOOP('',(#10914,#10915,#10916,#10917));
#3579=EDGE_LOOP('',(#10918,#10919,#10920,#10921));
#3580=EDGE_LOOP('',(#10922));
#3581=EDGE_LOOP('',(#10923));
#3582=EDGE_LOOP('',(#10924));
#3583=EDGE_LOOP('',(#10925));
#3584=EDGE_LOOP('',(#10926,#10927,#10928,#10929));
#3585=EDGE_LOOP('',(#10930,#10931,#10932,#10933));
#3586=EDGE_LOOP('',(#10934,#10935,#10936,#10937));
#3587=EDGE_LOOP('',(#10938,#10939,#10940,#10941));
#3588=EDGE_LOOP('',(#10942,#10943,#10944,#10945));
#3589=EDGE_LOOP('',(#10946,#10947,#10948,#10949));
#3590=EDGE_LOOP('',(#10950,#10951,#10952,#10953));
#3591=EDGE_LOOP('',(#10954,#10955,#10956,#10957));
#3592=EDGE_LOOP('',(#10958,#10959,#10960,#10961));
#3593=EDGE_LOOP('',(#10962,#10963,#10964,#10965));
#3594=EDGE_LOOP('',(#10966,#10967,#10968,#10969));
#3595=EDGE_LOOP('',(#10970,#10971,#10972,#10973));
#3596=EDGE_LOOP('',(#10974,#10975,#10976,#10977));
#3597=EDGE_LOOP('',(#10978,#10979,#10980,#10981));
#3598=EDGE_LOOP('',(#10982,#10983,#10984,#10985));
#3599=EDGE_LOOP('',(#10986,#10987,#10988,#10989));
#3600=EDGE_LOOP('',(#10990,#10991,#10992,#10993));
#3601=EDGE_LOOP('',(#10994,#10995,#10996,#10997));
#3602=EDGE_LOOP('',(#10998,#10999,#11000,#11001));
#3603=EDGE_LOOP('',(#11002,#11003,#11004,#11005));
#3604=EDGE_LOOP('',(#11006,#11007,#11008,#11009));
#3605=EDGE_LOOP('',(#11010,#11011,#11012,#11013));
#3606=EDGE_LOOP('',(#11014,#11015,#11016,#11017));
#3607=EDGE_LOOP('',(#11018,#11019,#11020,#11021));
#3608=EDGE_LOOP('',(#11022,#11023,#11024,#11025));
#3609=EDGE_LOOP('',(#11026,#11027,#11028,#11029));
#3610=EDGE_LOOP('',(#11030,#11031,#11032,#11033));
#3611=EDGE_LOOP('',(#11034,#11035,#11036,#11037));
#3612=EDGE_LOOP('',(#11038,#11039,#11040,#11041));
#3613=EDGE_LOOP('',(#11042,#11043,#11044,#11045));
#3614=EDGE_LOOP('',(#11046,#11047,#11048,#11049));
#3615=EDGE_LOOP('',(#11050,#11051,#11052,#11053));
#3616=EDGE_LOOP('',(#11054,#11055,#11056,#11057));
#3617=EDGE_LOOP('',(#11058,#11059,#11060,#11061));
#3618=EDGE_LOOP('',(#11062,#11063,#11064,#11065));
#3619=EDGE_LOOP('',(#11066,#11067,#11068,#11069));
#3620=EDGE_LOOP('',(#11070,#11071,#11072,#11073));
#3621=EDGE_LOOP('',(#11074,#11075,#11076,#11077));
#3622=EDGE_LOOP('',(#11078,#11079,#11080,#11081));
#3623=EDGE_LOOP('',(#11082,#11083,#11084,#11085));
#3624=EDGE_LOOP('',(#11086));
#3625=EDGE_LOOP('',(#11087));
#3626=EDGE_LOOP('',(#11088));
#3627=EDGE_LOOP('',(#11089));
#3628=EDGE_LOOP('',(#11090,#11091,#11092,#11093));
#3629=EDGE_LOOP('',(#11094,#11095,#11096,#11097));
#3630=EDGE_LOOP('',(#11098,#11099,#11100,#11101));
#3631=EDGE_LOOP('',(#11102,#11103,#11104,#11105,#11106,#11107,#11108,#11109,
#11110,#11111,#11112,#11113));
#3632=EDGE_LOOP('',(#11114));
#3633=EDGE_LOOP('',(#11115));
#3634=EDGE_LOOP('',(#11116));
#3635=EDGE_LOOP('',(#11117));
#3636=EDGE_LOOP('',(#11118,#11119,#11120,#11121));
#3637=EDGE_LOOP('',(#11122,#11123,#11124,#11125));
#3638=EDGE_LOOP('',(#11126,#11127,#11128,#11129));
#3639=EDGE_LOOP('',(#11130,#11131,#11132,#11133));
#3640=EDGE_LOOP('',(#11134,#11135,#11136,#11137));
#3641=EDGE_LOOP('',(#11138,#11139,#11140,#11141));
#3642=EDGE_LOOP('',(#11142,#11143,#11144,#11145));
#3643=EDGE_LOOP('',(#11146));
#3644=EDGE_LOOP('',(#11147));
#3645=EDGE_LOOP('',(#11148,#11149,#11150,#11151));
#3646=EDGE_LOOP('',(#11152));
#3647=EDGE_LOOP('',(#11153));
#3648=EDGE_LOOP('',(#11154,#11155,#11156,#11157));
#3649=EDGE_LOOP('',(#11158));
#3650=EDGE_LOOP('',(#11159));
#3651=EDGE_LOOP('',(#11160,#11161,#11162,#11163));
#3652=EDGE_LOOP('',(#11164));
#3653=EDGE_LOOP('',(#11165));
#3654=EDGE_LOOP('',(#11166,#11167,#11168,#11169));
#3655=EDGE_LOOP('',(#11170,#11171,#11172,#11173));
#3656=EDGE_LOOP('',(#11174,#11175,#11176,#11177));
#3657=EDGE_LOOP('',(#11178,#11179,#11180,#11181));
#3658=EDGE_LOOP('',(#11182,#11183,#11184,#11185));
#3659=EDGE_LOOP('',(#11186,#11187,#11188,#11189));
#3660=EDGE_LOOP('',(#11190,#11191,#11192,#11193));
#3661=EDGE_LOOP('',(#11194,#11195,#11196,#11197));
#3662=EDGE_LOOP('',(#11198,#11199,#11200,#11201,#11202,#11203,#11204,#11205,
#11206,#11207,#11208,#11209));
#3663=EDGE_LOOP('',(#11210));
#3664=EDGE_LOOP('',(#11211));
#3665=EDGE_LOOP('',(#11212));
#3666=EDGE_LOOP('',(#11213));
#3667=LINE('',#17652,#4480);
#3668=LINE('',#17654,#4481);
#3669=LINE('',#17656,#4482);
#3670=LINE('',#17657,#4483);
#3671=LINE('',#17661,#4484);
#3672=LINE('',#17662,#4485);
#3673=LINE('',#17663,#4486);
#3674=LINE('',#17666,#4487);
#3675=LINE('',#17668,#4488);
#3676=LINE('',#17669,#4489);
#3677=LINE('',#17671,#4490);
#3678=LINE('',#18041,#4491);
#3679=LINE('',#18412,#4492);
#3680=LINE('',#18414,#4493);
#3681=LINE('',#18416,#4494);
#3682=LINE('',#18418,#4495);
#3683=LINE('',#18420,#4496);
#3684=LINE('',#18422,#4497);
#3685=LINE('',#18424,#4498);
#3686=LINE('',#18426,#4499);
#3687=LINE('',#18428,#4500);
#3688=LINE('',#18430,#4501);
#3689=LINE('',#18432,#4502);
#3690=LINE('',#18434,#4503);
#3691=LINE('',#18436,#4504);
#3692=LINE('',#18438,#4505);
#3693=LINE('',#18440,#4506);
#3694=LINE('',#18442,#4507);
#3695=LINE('',#18444,#4508);
#3696=LINE('',#18446,#4509);
#3697=LINE('',#18448,#4510);
#3698=LINE('',#18450,#4511);
#3699=LINE('',#18452,#4512);
#3700=LINE('',#18454,#4513);
#3701=LINE('',#18456,#4514);
#3702=LINE('',#18458,#4515);
#3703=LINE('',#18460,#4516);
#3704=LINE('',#18462,#4517);
#3705=LINE('',#18464,#4518);
#3706=LINE('',#18466,#4519);
#3707=LINE('',#18468,#4520);
#3708=LINE('',#18470,#4521);
#3709=LINE('',#18472,#4522);
#3710=LINE('',#18474,#4523);
#3711=LINE('',#18476,#4524);
#3712=LINE('',#18478,#4525);
#3713=LINE('',#18480,#4526);
#3714=LINE('',#18482,#4527);
#3715=LINE('',#18484,#4528);
#3716=LINE('',#18486,#4529);
#3717=LINE('',#18488,#4530);
#3718=LINE('',#18490,#4531);
#3719=LINE('',#18492,#4532);
#3720=LINE('',#18494,#4533);
#3721=LINE('',#18496,#4534);
#3722=LINE('',#18498,#4535);
#3723=LINE('',#18500,#4536);
#3724=LINE('',#18502,#4537);
#3725=LINE('',#18504,#4538);
#3726=LINE('',#18506,#4539);
#3727=LINE('',#18508,#4540);
#3728=LINE('',#18510,#4541);
#3729=LINE('',#18512,#4542);
#3730=LINE('',#18514,#4543);
#3731=LINE('',#18516,#4544);
#3732=LINE('',#18518,#4545);
#3733=LINE('',#18520,#4546);
#3734=LINE('',#18522,#4547);
#3735=LINE('',#18524,#4548);
#3736=LINE('',#18526,#4549);
#3737=LINE('',#18528,#4550);
#3738=LINE('',#18530,#4551);
#3739=LINE('',#18532,#4552);
#3740=LINE('',#18534,#4553);
#3741=LINE('',#18536,#4554);
#3742=LINE('',#18538,#4555);
#3743=LINE('',#18540,#4556);
#3744=LINE('',#18542,#4557);
#3745=LINE('',#18544,#4558);
#3746=LINE('',#18546,#4559);
#3747=LINE('',#18548,#4560);
#3748=LINE('',#18550,#4561);
#3749=LINE('',#18552,#4562);
#3750=LINE('',#18554,#4563);
#3751=LINE('',#18556,#4564);
#3752=LINE('',#18558,#4565);
#3753=LINE('',#18560,#4566);
#3754=LINE('',#18562,#4567);
#3755=LINE('',#18564,#4568);
#3756=LINE('',#18566,#4569);
#3757=LINE('',#18568,#4570);
#3758=LINE('',#18570,#4571);
#3759=LINE('',#18572,#4572);
#3760=LINE('',#18574,#4573);
#3761=LINE('',#18576,#4574);
#3762=LINE('',#18578,#4575);
#3763=LINE('',#18580,#4576);
#3764=LINE('',#18582,#4577);
#3765=LINE('',#18584,#4578);
#3766=LINE('',#18586,#4579);
#3767=LINE('',#18588,#4580);
#3768=LINE('',#18590,#4581);
#3769=LINE('',#18592,#4582);
#3770=LINE('',#18594,#4583);
#3771=LINE('',#18596,#4584);
#3772=LINE('',#18598,#4585);
#3773=LINE('',#18600,#4586);
#3774=LINE('',#18602,#4587);
#3775=LINE('',#18604,#4588);
#3776=LINE('',#18606,#4589);
#3777=LINE('',#18608,#4590);
#3778=LINE('',#18610,#4591);
#3779=LINE('',#18612,#4592);
#3780=LINE('',#18614,#4593);
#3781=LINE('',#18616,#4594);
#3782=LINE('',#18618,#4595);
#3783=LINE('',#18620,#4596);
#3784=LINE('',#18622,#4597);
#3785=LINE('',#18624,#4598);
#3786=LINE('',#18626,#4599);
#3787=LINE('',#18628,#4600);
#3788=LINE('',#18630,#4601);
#3789=LINE('',#18632,#4602);
#3790=LINE('',#18634,#4603);
#3791=LINE('',#18636,#4604);
#3792=LINE('',#18638,#4605);
#3793=LINE('',#18640,#4606);
#3794=LINE('',#18642,#4607);
#3795=LINE('',#18644,#4608);
#3796=LINE('',#18646,#4609);
#3797=LINE('',#18648,#4610);
#3798=LINE('',#18650,#4611);
#3799=LINE('',#18652,#4612);
#3800=LINE('',#18654,#4613);
#3801=LINE('',#18656,#4614);
#3802=LINE('',#18658,#4615);
#3803=LINE('',#18660,#4616);
#3804=LINE('',#18662,#4617);
#3805=LINE('',#18664,#4618);
#3806=LINE('',#18666,#4619);
#3807=LINE('',#18668,#4620);
#3808=LINE('',#18670,#4621);
#3809=LINE('',#18672,#4622);
#3810=LINE('',#18674,#4623);
#3811=LINE('',#18676,#4624);
#3812=LINE('',#18678,#4625);
#3813=LINE('',#18680,#4626);
#3814=LINE('',#18682,#4627);
#3815=LINE('',#18684,#4628);
#3816=LINE('',#18686,#4629);
#3817=LINE('',#18688,#4630);
#3818=LINE('',#18690,#4631);
#3819=LINE('',#18692,#4632);
#3820=LINE('',#18694,#4633);
#3821=LINE('',#18696,#4634);
#3822=LINE('',#18698,#4635);
#3823=LINE('',#18700,#4636);
#3824=LINE('',#18702,#4637);
#3825=LINE('',#18704,#4638);
#3826=LINE('',#18706,#4639);
#3827=LINE('',#18708,#4640);
#3828=LINE('',#18710,#4641);
#3829=LINE('',#18712,#4642);
#3830=LINE('',#18714,#4643);
#3831=LINE('',#18716,#4644);
#3832=LINE('',#18718,#4645);
#3833=LINE('',#18720,#4646);
#3834=LINE('',#18722,#4647);
#3835=LINE('',#18724,#4648);
#3836=LINE('',#18726,#4649);
#3837=LINE('',#18728,#4650);
#3838=LINE('',#18730,#4651);
#3839=LINE('',#18732,#4652);
#3840=LINE('',#18734,#4653);
#3841=LINE('',#18736,#4654);
#3842=LINE('',#18738,#4655);
#3843=LINE('',#18740,#4656);
#3844=LINE('',#18742,#4657);
#3845=LINE('',#18744,#4658);
#3846=LINE('',#18746,#4659);
#3847=LINE('',#18748,#4660);
#3848=LINE('',#18750,#4661);
#3849=LINE('',#18752,#4662);
#3850=LINE('',#18754,#4663);
#3851=LINE('',#18756,#4664);
#3852=LINE('',#18758,#4665);
#3853=LINE('',#18760,#4666);
#3854=LINE('',#18762,#4667);
#3855=LINE('',#18764,#4668);
#3856=LINE('',#18766,#4669);
#3857=LINE('',#18768,#4670);
#3858=LINE('',#18770,#4671);
#3859=LINE('',#18772,#4672);
#3860=LINE('',#18774,#4673);
#3861=LINE('',#18776,#4674);
#3862=LINE('',#18778,#4675);
#3863=LINE('',#18785,#4676);
#3864=LINE('',#18797,#4677);
#3865=LINE('',#18804,#4678);
#3866=LINE('',#18811,#4679);
#3867=LINE('',#18818,#4680);
#3868=LINE('',#18827,#4681);
#3869=LINE('',#18837,#4682);
#3870=LINE('',#18845,#4683);
#3871=LINE('',#18857,#4684);
#3872=LINE('',#18864,#4685);
#3873=LINE('',#18871,#4686);
#3874=LINE('',#18878,#4687);
#3875=LINE('',#18887,#4688);
#3876=LINE('',#18897,#4689);
#3877=LINE('',#18905,#4690);
#3878=LINE('',#18917,#4691);
#3879=LINE('',#18924,#4692);
#3880=LINE('',#18931,#4693);
#3881=LINE('',#18938,#4694);
#3882=LINE('',#18947,#4695);
#3883=LINE('',#18957,#4696);
#3884=LINE('',#18965,#4697);
#3885=LINE('',#18977,#4698);
#3886=LINE('',#18984,#4699);
#3887=LINE('',#18991,#4700);
#3888=LINE('',#18998,#4701);
#3889=LINE('',#19007,#4702);
#3890=LINE('',#19017,#4703);
#3891=LINE('',#19025,#4704);
#3892=LINE('',#19037,#4705);
#3893=LINE('',#19044,#4706);
#3894=LINE('',#19051,#4707);
#3895=LINE('',#19058,#4708);
#3896=LINE('',#19067,#4709);
#3897=LINE('',#19077,#4710);
#3898=LINE('',#19085,#4711);
#3899=LINE('',#19097,#4712);
#3900=LINE('',#19104,#4713);
#3901=LINE('',#19111,#4714);
#3902=LINE('',#19118,#4715);
#3903=LINE('',#19127,#4716);
#3904=LINE('',#19137,#4717);
#3905=LINE('',#19145,#4718);
#3906=LINE('',#19157,#4719);
#3907=LINE('',#19164,#4720);
#3908=LINE('',#19171,#4721);
#3909=LINE('',#19178,#4722);
#3910=LINE('',#19187,#4723);
#3911=LINE('',#19197,#4724);
#3912=LINE('',#19205,#4725);
#3913=LINE('',#19217,#4726);
#3914=LINE('',#19224,#4727);
#3915=LINE('',#19231,#4728);
#3916=LINE('',#19238,#4729);
#3917=LINE('',#19247,#4730);
#3918=LINE('',#19257,#4731);
#3919=LINE('',#19265,#4732);
#3920=LINE('',#19277,#4733);
#3921=LINE('',#19284,#4734);
#3922=LINE('',#19291,#4735);
#3923=LINE('',#19298,#4736);
#3924=LINE('',#19307,#4737);
#3925=LINE('',#19317,#4738);
#3926=LINE('',#19325,#4739);
#3927=LINE('',#19337,#4740);
#3928=LINE('',#19344,#4741);
#3929=LINE('',#19351,#4742);
#3930=LINE('',#19358,#4743);
#3931=LINE('',#19367,#4744);
#3932=LINE('',#19377,#4745);
#3933=LINE('',#19385,#4746);
#3934=LINE('',#19397,#4747);
#3935=LINE('',#19404,#4748);
#3936=LINE('',#19411,#4749);
#3937=LINE('',#19418,#4750);
#3938=LINE('',#19427,#4751);
#3939=LINE('',#19437,#4752);
#3940=LINE('',#19445,#4753);
#3941=LINE('',#19457,#4754);
#3942=LINE('',#19464,#4755);
#3943=LINE('',#19471,#4756);
#3944=LINE('',#19478,#4757);
#3945=LINE('',#19487,#4758);
#3946=LINE('',#19497,#4759);
#3947=LINE('',#19505,#4760);
#3948=LINE('',#19517,#4761);
#3949=LINE('',#19524,#4762);
#3950=LINE('',#19531,#4763);
#3951=LINE('',#19538,#4764);
#3952=LINE('',#19547,#4765);
#3953=LINE('',#19557,#4766);
#3954=LINE('',#19565,#4767);
#3955=LINE('',#19577,#4768);
#3956=LINE('',#19584,#4769);
#3957=LINE('',#19591,#4770);
#3958=LINE('',#19598,#4771);
#3959=LINE('',#19607,#4772);
#3960=LINE('',#19617,#4773);
#3961=LINE('',#19625,#4774);
#3962=LINE('',#19637,#4775);
#3963=LINE('',#19644,#4776);
#3964=LINE('',#19651,#4777);
#3965=LINE('',#19658,#4778);
#3966=LINE('',#19667,#4779);
#3967=LINE('',#19677,#4780);
#3968=LINE('',#19685,#4781);
#3969=LINE('',#19697,#4782);
#3970=LINE('',#19704,#4783);
#3971=LINE('',#19711,#4784);
#3972=LINE('',#19718,#4785);
#3973=LINE('',#19727,#4786);
#3974=LINE('',#19737,#4787);
#3975=LINE('',#19745,#4788);
#3976=LINE('',#19757,#4789);
#3977=LINE('',#19764,#4790);
#3978=LINE('',#19771,#4791);
#3979=LINE('',#19778,#4792);
#3980=LINE('',#19787,#4793);
#3981=LINE('',#19797,#4794);
#3982=LINE('',#19802,#4795);
#3983=LINE('',#19804,#4796);
#3984=LINE('',#19806,#4797);
#3985=LINE('',#19807,#4798);
#3986=LINE('',#19811,#4799);
#3987=LINE('',#19812,#4800);
#3988=LINE('',#19813,#4801);
#3989=LINE('',#19816,#4802);
#3990=LINE('',#19818,#4803);
#3991=LINE('',#19819,#4804);
#3992=LINE('',#19822,#4805);
#3993=LINE('',#19824,#4806);
#3994=LINE('',#19826,#4807);
#3995=LINE('',#19828,#4808);
#3996=LINE('',#19830,#4809);
#3997=LINE('',#19832,#4810);
#3998=LINE('',#19834,#4811);
#3999=LINE('',#19836,#4812);
#4000=LINE('',#19838,#4813);
#4001=LINE('',#19840,#4814);
#4002=LINE('',#19842,#4815);
#4003=LINE('',#19844,#4816);
#4004=LINE('',#19846,#4817);
#4005=LINE('',#19848,#4818);
#4006=LINE('',#19850,#4819);
#4007=LINE('',#19852,#4820);
#4008=LINE('',#19853,#4821);
#4009=LINE('',#19856,#4822);
#4010=LINE('',#19858,#4823);
#4011=LINE('',#19860,#4824);
#4012=LINE('',#19861,#4825);
#4013=LINE('',#19864,#4826);
#4014=LINE('',#19866,#4827);
#4015=LINE('',#19868,#4828);
#4016=LINE('',#19869,#4829);
#4017=LINE('',#19872,#4830);
#4018=LINE('',#19874,#4831);
#4019=LINE('',#19876,#4832);
#4020=LINE('',#19877,#4833);
#4021=LINE('',#19880,#4834);
#4022=LINE('',#19882,#4835);
#4023=LINE('',#19884,#4836);
#4024=LINE('',#19886,#4837);
#4025=LINE('',#19888,#4838);
#4026=LINE('',#19890,#4839);
#4027=LINE('',#19892,#4840);
#4028=LINE('',#19894,#4841);
#4029=LINE('',#19896,#4842);
#4030=LINE('',#19898,#4843);
#4031=LINE('',#19900,#4844);
#4032=LINE('',#19902,#4845);
#4033=LINE('',#19904,#4846);
#4034=LINE('',#19906,#4847);
#4035=LINE('',#19908,#4848);
#4036=LINE('',#19910,#4849);
#4037=LINE('',#19911,#4850);
#4038=LINE('',#19914,#4851);
#4039=LINE('',#19916,#4852);
#4040=LINE('',#19918,#4853);
#4041=LINE('',#19919,#4854);
#4042=LINE('',#19922,#4855);
#4043=LINE('',#19924,#4856);
#4044=LINE('',#19926,#4857);
#4045=LINE('',#19927,#4858);
#4046=LINE('',#19930,#4859);
#4047=LINE('',#19932,#4860);
#4048=LINE('',#19934,#4861);
#4049=LINE('',#19935,#4862);
#4050=LINE('',#19937,#4863);
#4051=LINE('',#19939,#4864);
#4052=LINE('',#19941,#4865);
#4053=LINE('',#19943,#4866);
#4054=LINE('',#19945,#4867);
#4055=LINE('',#19947,#4868);
#4056=LINE('',#19949,#4869);
#4057=LINE('',#19951,#4870);
#4058=LINE('',#19953,#4871);
#4059=LINE('',#19955,#4872);
#4060=LINE('',#19957,#4873);
#4061=LINE('',#19959,#4874);
#4062=LINE('',#19961,#4875);
#4063=LINE('',#19963,#4876);
#4064=LINE('',#19965,#4877);
#4065=LINE('',#19967,#4878);
#4066=LINE('',#19971,#4879);
#4067=LINE('',#19973,#4880);
#4068=LINE('',#19974,#4881);
#4069=LINE('',#19977,#4882);
#4070=LINE('',#19978,#4883);
#4071=LINE('',#19981,#4884);
#4072=LINE('',#19982,#4885);
#4073=LINE('',#19984,#4886);
#4074=LINE('',#19987,#4887);
#4075=LINE('',#19989,#4888);
#4076=LINE('',#19990,#4889);
#4077=LINE('',#19993,#4890);
#4078=LINE('',#19994,#4891);
#4079=LINE('',#19997,#4892);
#4080=LINE('',#19998,#4893);
#4081=LINE('',#20000,#4894);
#4082=LINE('',#20003,#4895);
#4083=LINE('',#20005,#4896);
#4084=LINE('',#20006,#4897);
#4085=LINE('',#20009,#4898);
#4086=LINE('',#20010,#4899);
#4087=LINE('',#20013,#4900);
#4088=LINE('',#20014,#4901);
#4089=LINE('',#20016,#4902);
#4090=LINE('',#20019,#4903);
#4091=LINE('',#20021,#4904);
#4092=LINE('',#20022,#4905);
#4093=LINE('',#20025,#4906);
#4094=LINE('',#20026,#4907);
#4095=LINE('',#20029,#4908);
#4096=LINE('',#20030,#4909);
#4097=LINE('',#20032,#4910);
#4098=LINE('',#20035,#4911);
#4099=LINE('',#20037,#4912);
#4100=LINE('',#20038,#4913);
#4101=LINE('',#20041,#4914);
#4102=LINE('',#20042,#4915);
#4103=LINE('',#20045,#4916);
#4104=LINE('',#20046,#4917);
#4105=LINE('',#20048,#4918);
#4106=LINE('',#20051,#4919);
#4107=LINE('',#20053,#4920);
#4108=LINE('',#20054,#4921);
#4109=LINE('',#20057,#4922);
#4110=LINE('',#20058,#4923);
#4111=LINE('',#20061,#4924);
#4112=LINE('',#20062,#4925);
#4113=LINE('',#20064,#4926);
#4114=LINE('',#20067,#4927);
#4115=LINE('',#20069,#4928);
#4116=LINE('',#20070,#4929);
#4117=LINE('',#20073,#4930);
#4118=LINE('',#20074,#4931);
#4119=LINE('',#20077,#4932);
#4120=LINE('',#20078,#4933);
#4121=LINE('',#20080,#4934);
#4122=LINE('',#20083,#4935);
#4123=LINE('',#20085,#4936);
#4124=LINE('',#20086,#4937);
#4125=LINE('',#20089,#4938);
#4126=LINE('',#20090,#4939);
#4127=LINE('',#20093,#4940);
#4128=LINE('',#20094,#4941);
#4129=LINE('',#20096,#4942);
#4130=LINE('',#20099,#4943);
#4131=LINE('',#20101,#4944);
#4132=LINE('',#20102,#4945);
#4133=LINE('',#20105,#4946);
#4134=LINE('',#20106,#4947);
#4135=LINE('',#20109,#4948);
#4136=LINE('',#20110,#4949);
#4137=LINE('',#20112,#4950);
#4138=LINE('',#20115,#4951);
#4139=LINE('',#20117,#4952);
#4140=LINE('',#20118,#4953);
#4141=LINE('',#20121,#4954);
#4142=LINE('',#20122,#4955);
#4143=LINE('',#20125,#4956);
#4144=LINE('',#20126,#4957);
#4145=LINE('',#20128,#4958);
#4146=LINE('',#20131,#4959);
#4147=LINE('',#20133,#4960);
#4148=LINE('',#20134,#4961);
#4149=LINE('',#20137,#4962);
#4150=LINE('',#20138,#4963);
#4151=LINE('',#20141,#4964);
#4152=LINE('',#20142,#4965);
#4153=LINE('',#20144,#4966);
#4154=LINE('',#20147,#4967);
#4155=LINE('',#20149,#4968);
#4156=LINE('',#20150,#4969);
#4157=LINE('',#20153,#4970);
#4158=LINE('',#20154,#4971);
#4159=LINE('',#20157,#4972);
#4160=LINE('',#20158,#4973);
#4161=LINE('',#20160,#4974);
#4162=LINE('',#20173,#4975);
#4163=LINE('',#20185,#4976);
#4164=LINE('',#20192,#4977);
#4165=LINE('',#20199,#4978);
#4166=LINE('',#20206,#4979);
#4167=LINE('',#20215,#4980);
#4168=LINE('',#20225,#4981);
#4169=LINE('',#20233,#4982);
#4170=LINE('',#20245,#4983);
#4171=LINE('',#20252,#4984);
#4172=LINE('',#20259,#4985);
#4173=LINE('',#20266,#4986);
#4174=LINE('',#20275,#4987);
#4175=LINE('',#20285,#4988);
#4176=LINE('',#20293,#4989);
#4177=LINE('',#20305,#4990);
#4178=LINE('',#20312,#4991);
#4179=LINE('',#20319,#4992);
#4180=LINE('',#20326,#4993);
#4181=LINE('',#20335,#4994);
#4182=LINE('',#20345,#4995);
#4183=LINE('',#20351,#4996);
#4184=LINE('',#20357,#4997);
#4185=LINE('',#20363,#4998);
#4186=LINE('',#20369,#4999);
#4187=LINE('',#20375,#5000);
#4188=LINE('',#20382,#5001);
#4189=LINE('',#20389,#5002);
#4190=LINE('',#20396,#5003);
#4191=LINE('',#20405,#5004);
#4192=LINE('',#20407,#5005);
#4193=LINE('',#20409,#5006);
#4194=LINE('',#20410,#5007);
#4195=LINE('',#20413,#5008);
#4196=LINE('',#20415,#5009);
#4197=LINE('',#20417,#5010);
#4198=LINE('',#20418,#5011);
#4199=LINE('',#20421,#5012);
#4200=LINE('',#20423,#5013);
#4201=LINE('',#20425,#5014);
#4202=LINE('',#20426,#5015);
#4203=LINE('',#20429,#5016);
#4204=LINE('',#20431,#5017);
#4205=LINE('',#20433,#5018);
#4206=LINE('',#20434,#5019);
#4207=LINE('',#20437,#5020);
#4208=LINE('',#20439,#5021);
#4209=LINE('',#20441,#5022);
#4210=LINE('',#20442,#5023);
#4211=LINE('',#20445,#5024);
#4212=LINE('',#20447,#5025);
#4213=LINE('',#20449,#5026);
#4214=LINE('',#20450,#5027);
#4215=LINE('',#20453,#5028);
#4216=LINE('',#20455,#5029);
#4217=LINE('',#20457,#5030);
#4218=LINE('',#20458,#5031);
#4219=LINE('',#20461,#5032);
#4220=LINE('',#20463,#5033);
#4221=LINE('',#20465,#5034);
#4222=LINE('',#20466,#5035);
#4223=LINE('',#20469,#5036);
#4224=LINE('',#20471,#5037);
#4225=LINE('',#20473,#5038);
#4226=LINE('',#20474,#5039);
#4227=LINE('',#20479,#5040);
#4228=LINE('',#20481,#5041);
#4229=LINE('',#20483,#5042);
#4230=LINE('',#20485,#5043);
#4231=LINE('',#20486,#5044);
#4232=LINE('',#20489,#5045);
#4233=LINE('',#20491,#5046);
#4234=LINE('',#20493,#5047);
#4235=LINE('',#20494,#5048);
#4236=LINE('',#20497,#5049);
#4237=LINE('',#20499,#5050);
#4238=LINE('',#20501,#5051);
#4239=LINE('',#20502,#5052);
#4240=LINE('',#20505,#5053);
#4241=LINE('',#20507,#5054);
#4242=LINE('',#20509,#5055);
#4243=LINE('',#20510,#5056);
#4244=LINE('',#20513,#5057);
#4245=LINE('',#20515,#5058);
#4246=LINE('',#20517,#5059);
#4247=LINE('',#20518,#5060);
#4248=LINE('',#20521,#5061);
#4249=LINE('',#20523,#5062);
#4250=LINE('',#20525,#5063);
#4251=LINE('',#20526,#5064);
#4252=LINE('',#20529,#5065);
#4253=LINE('',#20531,#5066);
#4254=LINE('',#20533,#5067);
#4255=LINE('',#20534,#5068);
#4256=LINE('',#20537,#5069);
#4257=LINE('',#20539,#5070);
#4258=LINE('',#20541,#5071);
#4259=LINE('',#20542,#5072);
#4260=LINE('',#20545,#5073);
#4261=LINE('',#20547,#5074);
#4262=LINE('',#20549,#5075);
#4263=LINE('',#20550,#5076);
#4264=LINE('',#20553,#5077);
#4265=LINE('',#20555,#5078);
#4266=LINE('',#20556,#5079);
#4267=LINE('',#20559,#5080);
#4268=LINE('',#20560,#5081);
#4269=LINE('',#20563,#5082);
#4270=LINE('',#20564,#5083);
#4271=LINE('',#20566,#5084);
#4272=LINE('',#20570,#5085);
#4273=LINE('',#20572,#5086);
#4274=LINE('',#20573,#5087);
#4275=LINE('',#20576,#5088);
#4276=LINE('',#20577,#5089);
#4277=LINE('',#20580,#5090);
#4278=LINE('',#20581,#5091);
#4279=LINE('',#20583,#5092);
#4280=LINE('',#20587,#5093);
#4281=LINE('',#20589,#5094);
#4282=LINE('',#20590,#5095);
#4283=LINE('',#20593,#5096);
#4284=LINE('',#20594,#5097);
#4285=LINE('',#20597,#5098);
#4286=LINE('',#20598,#5099);
#4287=LINE('',#20600,#5100);
#4288=LINE('',#20604,#5101);
#4289=LINE('',#20606,#5102);
#4290=LINE('',#20607,#5103);
#4291=LINE('',#20610,#5104);
#4292=LINE('',#20611,#5105);
#4293=LINE('',#20614,#5106);
#4294=LINE('',#20615,#5107);
#4295=LINE('',#20617,#5108);
#4296=LINE('',#20621,#5109);
#4297=LINE('',#20623,#5110);
#4298=LINE('',#20624,#5111);
#4299=LINE('',#20627,#5112);
#4300=LINE('',#20628,#5113);
#4301=LINE('',#20631,#5114);
#4302=LINE('',#20632,#5115);
#4303=LINE('',#20634,#5116);
#4304=LINE('',#20638,#5117);
#4305=LINE('',#20640,#5118);
#4306=LINE('',#20641,#5119);
#4307=LINE('',#20644,#5120);
#4308=LINE('',#20645,#5121);
#4309=LINE('',#20648,#5122);
#4310=LINE('',#20649,#5123);
#4311=LINE('',#20651,#5124);
#4312=LINE('',#20655,#5125);
#4313=LINE('',#20657,#5126);
#4314=LINE('',#20658,#5127);
#4315=LINE('',#20661,#5128);
#4316=LINE('',#20662,#5129);
#4317=LINE('',#20665,#5130);
#4318=LINE('',#20669,#5131);
#4319=LINE('',#20670,#5132);
#4320=LINE('',#20672,#5133);
#4321=LINE('',#20676,#5134);
#4322=LINE('',#20678,#5135);
#4323=LINE('',#20679,#5136);
#4324=LINE('',#20682,#5137);
#4325=LINE('',#20683,#5138);
#4326=LINE('',#20686,#5139);
#4327=LINE('',#20687,#5140);
#4328=LINE('',#20689,#5141);
#4329=LINE('',#20693,#5142);
#4330=LINE('',#20695,#5143);
#4331=LINE('',#20696,#5144);
#4332=LINE('',#20699,#5145);
#4333=LINE('',#20700,#5146);
#4334=LINE('',#20703,#5147);
#4335=LINE('',#20704,#5148);
#4336=LINE('',#20707,#5149);
#4337=LINE('',#20711,#5150);
#4338=LINE('',#20712,#5151);
#4339=LINE('',#20714,#5152);
#4340=LINE('',#20718,#5153);
#4341=LINE('',#20720,#5154);
#4342=LINE('',#20721,#5155);
#4343=LINE('',#20724,#5156);
#4344=LINE('',#20725,#5157);
#4345=LINE('',#20729,#5158);
#4346=LINE('',#20731,#5159);
#4347=LINE('',#20733,#5160);
#4348=LINE('',#20734,#5161);
#4349=LINE('',#20736,#5162);
#4350=LINE('',#20737,#5163);
#4351=LINE('',#20739,#5164);
#4352=LINE('',#20744,#5165);
#4353=LINE('',#20745,#5166);
#4354=LINE('',#20746,#5167);
#4355=LINE('',#20749,#5168);
#4356=LINE('',#20750,#5169);
#4357=LINE('',#20753,#5170);
#4358=LINE('',#20754,#5171);
#4359=LINE('',#20756,#5172);
#4360=LINE('',#20760,#5173);
#4361=LINE('',#20762,#5174);
#4362=LINE('',#20764,#5175);
#4363=LINE('',#20765,#5176);
#4364=LINE('',#20768,#5177);
#4365=LINE('',#20770,#5178);
#4366=LINE('',#20771,#5179);
#4367=LINE('',#20774,#5180);
#4368=LINE('',#20776,#5181);
#4369=LINE('',#20777,#5182);
#4370=LINE('',#20779,#5183);
#4371=LINE('',#20780,#5184);
#4372=LINE('',#20784,#5185);
#4373=LINE('',#20786,#5186);
#4374=LINE('',#20787,#5187);
#4375=LINE('',#20790,#5188);
#4376=LINE('',#20791,#5189);
#4377=LINE('',#20794,#5190);
#4378=LINE('',#20795,#5191);
#4379=LINE('',#20797,#5192);
#4380=LINE('',#20801,#5193);
#4381=LINE('',#20803,#5194);
#4382=LINE('',#20804,#5195);
#4383=LINE('',#20807,#5196);
#4384=LINE('',#20808,#5197);
#4385=LINE('',#20811,#5198);
#4386=LINE('',#20812,#5199);
#4387=LINE('',#20814,#5200);
#4388=LINE('',#20818,#5201);
#4389=LINE('',#20820,#5202);
#4390=LINE('',#20821,#5203);
#4391=LINE('',#20824,#5204);
#4392=LINE('',#20825,#5205);
#4393=LINE('',#20828,#5206);
#4394=LINE('',#20829,#5207);
#4395=LINE('',#20831,#5208);
#4396=LINE('',#20835,#5209);
#4397=LINE('',#20837,#5210);
#4398=LINE('',#20838,#5211);
#4399=LINE('',#20841,#5212);
#4400=LINE('',#20842,#5213);
#4401=LINE('',#20845,#5214);
#4402=LINE('',#20846,#5215);
#4403=LINE('',#20848,#5216);
#4404=LINE('',#20852,#5217);
#4405=LINE('',#20854,#5218);
#4406=LINE('',#20855,#5219);
#4407=LINE('',#20858,#5220);
#4408=LINE('',#20859,#5221);
#4409=LINE('',#20862,#5222);
#4410=LINE('',#20863,#5223);
#4411=LINE('',#20865,#5224);
#4412=LINE('',#20869,#5225);
#4413=LINE('',#20871,#5226);
#4414=LINE('',#20872,#5227);
#4415=LINE('',#20875,#5228);
#4416=LINE('',#20876,#5229);
#4417=LINE('',#20879,#5230);
#4418=LINE('',#20880,#5231);
#4419=LINE('',#20882,#5232);
#4420=LINE('',#20886,#5233);
#4421=LINE('',#20888,#5234);
#4422=LINE('',#20889,#5235);
#4423=LINE('',#20892,#5236);
#4424=LINE('',#20893,#5237);
#4425=LINE('',#20896,#5238);
#4426=LINE('',#20897,#5239);
#4427=LINE('',#20899,#5240);
#4428=LINE('',#20903,#5241);
#4429=LINE('',#20905,#5242);
#4430=LINE('',#20906,#5243);
#4431=LINE('',#20909,#5244);
#4432=LINE('',#20910,#5245);
#4433=LINE('',#20913,#5246);
#4434=LINE('',#20914,#5247);
#4435=LINE('',#20916,#5248);
#4436=LINE('',#20922,#5249);
#4437=LINE('',#20924,#5250);
#4438=LINE('',#20926,#5251);
#4439=LINE('',#20927,#5252);
#4440=LINE('',#20931,#5253);
#4441=LINE('',#20933,#5254);
#4442=LINE('',#20935,#5255);
#4443=LINE('',#20936,#5256);
#4444=LINE('',#20939,#5257);
#4445=LINE('',#20941,#5258);
#4446=LINE('',#20943,#5259);
#4447=LINE('',#20945,#5260);
#4448=LINE('',#20946,#5261);
#4449=LINE('',#20948,#5262);
#4450=LINE('',#20950,#5263);
#4451=LINE('',#20952,#5264);
#4452=LINE('',#20954,#5265);
#4453=LINE('',#20955,#5266);
#4454=LINE('',#20966,#5267);
#4455=LINE('',#20967,#5268);
#4456=LINE('',#20970,#5269);
#4457=LINE('',#20971,#5270);
#4458=LINE('',#20976,#5271);
#4459=LINE('',#20982,#5272);
#4460=LINE('',#20988,#5273);
#4461=LINE('',#20994,#5274);
#4462=LINE('',#20998,#5275);
#4463=LINE('',#21003,#5276);
#4464=LINE('',#21008,#5277);
#4465=LINE('',#21013,#5278);
#4466=LINE('',#21018,#5279);
#4467=LINE('',#21019,#5280);
#4468=LINE('',#21022,#5281);
#4469=LINE('',#21023,#5282);
#4470=LINE('',#21026,#5283);
#4471=LINE('',#21027,#5284);
#4472=LINE('',#21029,#5285);
#4473=LINE('',#21032,#5286);
#4474=LINE('',#21033,#5287);
#4475=LINE('',#21036,#5288);
#4476=LINE('',#21037,#5289);
#4477=LINE('',#21040,#5290);
#4478=LINE('',#21041,#5291);
#4479=LINE('',#21043,#5292);
#4480=VECTOR('',#13808,1.);
#4481=VECTOR('',#13809,1.);
#4482=VECTOR('',#13810,1.);
#4483=VECTOR('',#13811,1.);
#4484=VECTOR('',#13814,1.);
#4485=VECTOR('',#13815,1.);
#4486=VECTOR('',#13816,1.);
#4487=VECTOR('',#13819,1.);
#4488=VECTOR('',#13820,1.);
#4489=VECTOR('',#13821,1.);
#4490=VECTOR('',#13824,1.);
#4491=VECTOR('',#14195,1.);
#4492=VECTOR('',#14568,0.45);
#4493=VECTOR('',#14571,0.45);
#4494=VECTOR('',#14574,0.45);
#4495=VECTOR('',#14577,0.45);
#4496=VECTOR('',#14580,0.45);
#4497=VECTOR('',#14583,0.85);
#4498=VECTOR('',#14586,0.75);
#4499=VECTOR('',#14589,0.45);
#4500=VECTOR('',#14592,0.15);
#4501=VECTOR('',#14595,0.45);
#4502=VECTOR('',#14598,0.45);
#4503=VECTOR('',#14601,0.45);
#4504=VECTOR('',#14604,0.45);
#4505=VECTOR('',#14607,0.45);
#4506=VECTOR('',#14610,0.85);
#4507=VECTOR('',#14613,0.45);
#4508=VECTOR('',#14616,0.75);
#4509=VECTOR('',#14619,2.);
#4510=VECTOR('',#14622,0.85);
#4511=VECTOR('',#14625,0.75);
#4512=VECTOR('',#14628,0.85);
#4513=VECTOR('',#14631,2.);
#4514=VECTOR('',#14634,0.75);
#4515=VECTOR('',#14637,2.);
#4516=VECTOR('',#14640,0.85);
#4517=VECTOR('',#14643,0.75);
#4518=VECTOR('',#14646,0.85);
#4519=VECTOR('',#14649,2.);
#4520=VECTOR('',#14652,0.75);
#4521=VECTOR('',#14655,0.45);
#4522=VECTOR('',#14658,0.45);
#4523=VECTOR('',#14661,0.45);
#4524=VECTOR('',#14664,0.45);
#4525=VECTOR('',#14667,0.45);
#4526=VECTOR('',#14670,0.15);
#4527=VECTOR('',#14673,0.45);
#4528=VECTOR('',#14676,0.45);
#4529=VECTOR('',#14679,0.45);
#4530=VECTOR('',#14682,0.85);
#4531=VECTOR('',#14685,0.45);
#4532=VECTOR('',#14688,0.45);
#4533=VECTOR('',#14691,0.45);
#4534=VECTOR('',#14694,0.15);
#4535=VECTOR('',#14697,0.45);
#4536=VECTOR('',#14700,0.75);
#4537=VECTOR('',#14703,0.45);
#4538=VECTOR('',#14706,0.45);
#4539=VECTOR('',#14709,2.);
#4540=VECTOR('',#14712,0.85);
#4541=VECTOR('',#14715,0.85);
#4542=VECTOR('',#14718,2.);
#4543=VECTOR('',#14721,0.75);
#4544=VECTOR('',#14724,0.75);
#4545=VECTOR('',#14727,0.15);
#4546=VECTOR('',#14730,0.85);
#4547=VECTOR('',#14733,0.75);
#4548=VECTOR('',#14736,0.15);
#4549=VECTOR('',#14739,0.85);
#4550=VECTOR('',#14742,0.75);
#4551=VECTOR('',#14745,2.);
#4552=VECTOR('',#14748,0.75);
#4553=VECTOR('',#14751,0.85);
#4554=VECTOR('',#14754,0.75);
#4555=VECTOR('',#14757,0.85);
#4556=VECTOR('',#14760,2.);
#4557=VECTOR('',#14763,0.75);
#4558=VECTOR('',#14766,0.75);
#4559=VECTOR('',#14769,0.85);
#4560=VECTOR('',#14772,0.85);
#4561=VECTOR('',#14775,0.75);
#4562=VECTOR('',#14778,2.);
#4563=VECTOR('',#14781,0.85);
#4564=VECTOR('',#14784,0.75);
#4565=VECTOR('',#14787,0.85);
#4566=VECTOR('',#14790,0.85);
#4567=VECTOR('',#14793,0.75);
#4568=VECTOR('',#14796,2.);
#4569=VECTOR('',#14799,0.85);
#4570=VECTOR('',#14802,0.75);
#4571=VECTOR('',#14805,0.85);
#4572=VECTOR('',#14808,0.85);
#4573=VECTOR('',#14811,2.);
#4574=VECTOR('',#14814,0.75);
#4575=VECTOR('',#14817,0.15);
#4576=VECTOR('',#14820,0.75);
#4577=VECTOR('',#14823,0.75);
#4578=VECTOR('',#14826,0.85);
#4579=VECTOR('',#14829,0.85);
#4580=VECTOR('',#14832,2.);
#4581=VECTOR('',#14835,0.85);
#4582=VECTOR('',#14838,0.75);
#4583=VECTOR('',#14841,0.75);
#4584=VECTOR('',#14844,0.45);
#4585=VECTOR('',#14847,0.45);
#4586=VECTOR('',#14850,0.45);
#4587=VECTOR('',#14853,0.45);
#4588=VECTOR('',#14856,0.85);
#4589=VECTOR('',#14859,0.75);
#4590=VECTOR('',#14862,0.45);
#4591=VECTOR('',#14865,0.15);
#4592=VECTOR('',#14868,0.45);
#4593=VECTOR('',#14871,0.45);
#4594=VECTOR('',#14874,0.45);
#4595=VECTOR('',#14877,0.45);
#4596=VECTOR('',#14880,0.45);
#4597=VECTOR('',#14883,0.45);
#4598=VECTOR('',#14886,0.45);
#4599=VECTOR('',#14889,0.85);
#4600=VECTOR('',#14892,0.75);
#4601=VECTOR('',#14895,2.);
#4602=VECTOR('',#14898,0.85);
#4603=VECTOR('',#14901,0.75);
#4604=VECTOR('',#14904,0.85);
#4605=VECTOR('',#14907,2.);
#4606=VECTOR('',#14910,0.75);
#4607=VECTOR('',#14913,2.);
#4608=VECTOR('',#14916,0.75);
#4609=VECTOR('',#14919,0.85);
#4610=VECTOR('',#14922,0.85);
#4611=VECTOR('',#14925,0.75);
#4612=VECTOR('',#14928,2.);
#4613=VECTOR('',#14931,0.45);
#4614=VECTOR('',#14934,0.45);
#4615=VECTOR('',#14937,0.15);
#4616=VECTOR('',#14940,1.6);
#4617=VECTOR('',#14943,1.27);
#4618=VECTOR('',#14946,0.25);
#4619=VECTOR('',#14949,0.25);
#4620=VECTOR('',#14952,0.25);
#4621=VECTOR('',#14955,1.27);
#4622=VECTOR('',#14958,0.85);
#4623=VECTOR('',#14961,0.75);
#4624=VECTOR('',#14964,0.85);
#4625=VECTOR('',#14967,0.75);
#4626=VECTOR('',#14970,2.);
#4627=VECTOR('',#14973,0.75);
#4628=VECTOR('',#14976,0.85);
#4629=VECTOR('',#14979,0.75);
#4630=VECTOR('',#14982,0.85);
#4631=VECTOR('',#14985,0.75);
#4632=VECTOR('',#14988,2.);
#4633=VECTOR('',#14991,0.75);
#4634=VECTOR('',#14994,0.85);
#4635=VECTOR('',#14997,0.85);
#4636=VECTOR('',#15000,0.75);
#4637=VECTOR('',#15003,2.);
#4638=VECTOR('',#15006,0.85);
#4639=VECTOR('',#15009,0.75);
#4640=VECTOR('',#15012,0.85);
#4641=VECTOR('',#15015,0.85);
#4642=VECTOR('',#15018,0.75);
#4643=VECTOR('',#15021,2.);
#4644=VECTOR('',#15024,0.85);
#4645=VECTOR('',#15027,0.75);
#4646=VECTOR('',#15030,0.5);
#4647=VECTOR('',#15033,0.5);
#4648=VECTOR('',#15036,0.5);
#4649=VECTOR('',#15039,0.5);
#4650=VECTOR('',#15042,0.5);
#4651=VECTOR('',#15045,0.5);
#4652=VECTOR('',#15048,0.5);
#4653=VECTOR('',#15051,0.5);
#4654=VECTOR('',#15054,0.5);
#4655=VECTOR('',#15057,0.5);
#4656=VECTOR('',#15060,0.5);
#4657=VECTOR('',#15063,0.5);
#4658=VECTOR('',#15066,0.5);
#4659=VECTOR('',#15069,0.5);
#4660=VECTOR('',#15072,0.5);
#4661=VECTOR('',#15075,0.5);
#4662=VECTOR('',#15078,0.5);
#4663=VECTOR('',#15081,0.5);
#4664=VECTOR('',#15084,0.5);
#4665=VECTOR('',#15087,0.5);
#4666=VECTOR('',#15090,0.5);
#4667=VECTOR('',#15093,1.27);
#4668=VECTOR('',#15096,0.5);
#4669=VECTOR('',#15099,0.5);
#4670=VECTOR('',#15102,0.5);
#4671=VECTOR('',#15105,0.5);
#4672=VECTOR('',#15108,0.5);
#4673=VECTOR('',#15111,0.5);
#4674=VECTOR('',#15114,0.5);
#4675=VECTOR('',#15117,1.27);
#4676=VECTOR('',#15124,0.3);
#4677=VECTOR('',#15141,0.3);
#4678=VECTOR('',#15150,1.35);
#4679=VECTOR('',#15159,1.36);
#4680=VECTOR('',#15168,1.35);
#4681=VECTOR('',#15179,0.3);
#4682=VECTOR('',#15192,0.3);
#4683=VECTOR('',#15201,0.3);
#4684=VECTOR('',#15218,0.3);
#4685=VECTOR('',#15227,1.35);
#4686=VECTOR('',#15236,1.36);
#4687=VECTOR('',#15245,1.35);
#4688=VECTOR('',#15256,0.3);
#4689=VECTOR('',#15269,0.3);
#4690=VECTOR('',#15278,0.3);
#4691=VECTOR('',#15295,0.3);
#4692=VECTOR('',#15304,1.35);
#4693=VECTOR('',#15313,1.36);
#4694=VECTOR('',#15322,1.35);
#4695=VECTOR('',#15333,0.3);
#4696=VECTOR('',#15346,0.3);
#4697=VECTOR('',#15355,0.3);
#4698=VECTOR('',#15372,0.3);
#4699=VECTOR('',#15381,1.35);
#4700=VECTOR('',#15390,1.36);
#4701=VECTOR('',#15399,1.35);
#4702=VECTOR('',#15410,0.3);
#4703=VECTOR('',#15423,0.3);
#4704=VECTOR('',#15432,0.3);
#4705=VECTOR('',#15449,0.3);
#4706=VECTOR('',#15458,1.35);
#4707=VECTOR('',#15467,1.36);
#4708=VECTOR('',#15476,1.35);
#4709=VECTOR('',#15487,0.3);
#4710=VECTOR('',#15500,0.3);
#4711=VECTOR('',#15509,0.3);
#4712=VECTOR('',#15526,0.3);
#4713=VECTOR('',#15535,1.35);
#4714=VECTOR('',#15544,1.36);
#4715=VECTOR('',#15553,1.35);
#4716=VECTOR('',#15564,0.3);
#4717=VECTOR('',#15577,0.3);
#4718=VECTOR('',#15586,0.3);
#4719=VECTOR('',#15603,0.3);
#4720=VECTOR('',#15612,1.35);
#4721=VECTOR('',#15621,1.36);
#4722=VECTOR('',#15630,1.35);
#4723=VECTOR('',#15641,0.3);
#4724=VECTOR('',#15654,0.3);
#4725=VECTOR('',#15663,0.3);
#4726=VECTOR('',#15680,0.3);
#4727=VECTOR('',#15689,1.35);
#4728=VECTOR('',#15698,1.36);
#4729=VECTOR('',#15707,1.35);
#4730=VECTOR('',#15718,0.3);
#4731=VECTOR('',#15731,0.3);
#4732=VECTOR('',#15740,0.3);
#4733=VECTOR('',#15757,0.3);
#4734=VECTOR('',#15766,1.35);
#4735=VECTOR('',#15775,1.36);
#4736=VECTOR('',#15784,1.35);
#4737=VECTOR('',#15795,0.3);
#4738=VECTOR('',#15808,0.3);
#4739=VECTOR('',#15817,0.3);
#4740=VECTOR('',#15834,0.3);
#4741=VECTOR('',#15843,1.35);
#4742=VECTOR('',#15852,1.36);
#4743=VECTOR('',#15861,1.35);
#4744=VECTOR('',#15872,0.3);
#4745=VECTOR('',#15885,0.3);
#4746=VECTOR('',#15894,0.3);
#4747=VECTOR('',#15911,0.3);
#4748=VECTOR('',#15920,1.35);
#4749=VECTOR('',#15929,1.36);
#4750=VECTOR('',#15938,1.35);
#4751=VECTOR('',#15949,0.3);
#4752=VECTOR('',#15962,0.3);
#4753=VECTOR('',#15971,0.3);
#4754=VECTOR('',#15988,0.3);
#4755=VECTOR('',#15997,1.35);
#4756=VECTOR('',#16006,1.36);
#4757=VECTOR('',#16015,1.35);
#4758=VECTOR('',#16026,0.3);
#4759=VECTOR('',#16039,0.3);
#4760=VECTOR('',#16048,0.3);
#4761=VECTOR('',#16065,0.3);
#4762=VECTOR('',#16074,1.35);
#4763=VECTOR('',#16083,1.36);
#4764=VECTOR('',#16092,1.35);
#4765=VECTOR('',#16103,0.3);
#4766=VECTOR('',#16116,0.3);
#4767=VECTOR('',#16125,0.3);
#4768=VECTOR('',#16142,0.3);
#4769=VECTOR('',#16151,1.35);
#4770=VECTOR('',#16160,1.36);
#4771=VECTOR('',#16169,1.35);
#4772=VECTOR('',#16180,0.3);
#4773=VECTOR('',#16193,0.3);
#4774=VECTOR('',#16202,0.3);
#4775=VECTOR('',#16219,0.3);
#4776=VECTOR('',#16228,1.35);
#4777=VECTOR('',#16237,1.36);
#4778=VECTOR('',#16246,1.35);
#4779=VECTOR('',#16257,0.3);
#4780=VECTOR('',#16270,0.3);
#4781=VECTOR('',#16279,0.3);
#4782=VECTOR('',#16296,0.3);
#4783=VECTOR('',#16305,1.35);
#4784=VECTOR('',#16314,1.36);
#4785=VECTOR('',#16323,1.35);
#4786=VECTOR('',#16334,0.3);
#4787=VECTOR('',#16347,0.3);
#4788=VECTOR('',#16356,0.3);
#4789=VECTOR('',#16373,0.3);
#4790=VECTOR('',#16382,1.35);
#4791=VECTOR('',#16391,1.36);
#4792=VECTOR('',#16400,1.35);
#4793=VECTOR('',#16411,0.3);
#4794=VECTOR('',#16424,0.3);
#4795=VECTOR('',#16429,1.);
#4796=VECTOR('',#16430,1.00000000000064);
#4797=VECTOR('',#16431,1.);
#4798=VECTOR('',#16432,1.00000000000064);
#4799=VECTOR('',#16435,1.);
#4800=VECTOR('',#16436,1.);
#4801=VECTOR('',#16437,1.);
#4802=VECTOR('',#16440,1.);
#4803=VECTOR('',#16441,1.);
#4804=VECTOR('',#16442,1.);
#4805=VECTOR('',#16445,1.00000000000064);
#4806=VECTOR('',#16446,1.);
#4807=VECTOR('',#16447,1.00000000000064);
#4808=VECTOR('',#16448,1.00000000000064);
#4809=VECTOR('',#16449,1.);
#4810=VECTOR('',#16450,1.00000000000064);
#4811=VECTOR('',#16451,1.00000000000064);
#4812=VECTOR('',#16452,1.);
#4813=VECTOR('',#16453,1.00000000000064);
#4814=VECTOR('',#16454,1.);
#4815=VECTOR('',#16455,1.00000000000064);
#4816=VECTOR('',#16456,1.);
#4817=VECTOR('',#16457,1.00000000000064);
#4818=VECTOR('',#16458,1.00000000000064);
#4819=VECTOR('',#16459,1.);
#4820=VECTOR('',#16460,1.00000000000064);
#4821=VECTOR('',#16461,1.00000000000064);
#4822=VECTOR('',#16462,1.);
#4823=VECTOR('',#16463,1.);
#4824=VECTOR('',#16464,1.);
#4825=VECTOR('',#16465,1.);
#4826=VECTOR('',#16466,1.);
#4827=VECTOR('',#16467,1.);
#4828=VECTOR('',#16468,1.);
#4829=VECTOR('',#16469,1.);
#4830=VECTOR('',#16470,1.);
#4831=VECTOR('',#16471,1.);
#4832=VECTOR('',#16472,1.);
#4833=VECTOR('',#16473,1.);
#4834=VECTOR('',#16476,1.00000000000064);
#4835=VECTOR('',#16477,1.00000000000064);
#4836=VECTOR('',#16478,1.);
#4837=VECTOR('',#16479,1.00000000000064);
#4838=VECTOR('',#16480,1.00000000000064);
#4839=VECTOR('',#16481,1.);
#4840=VECTOR('',#16482,1.00000000000064);
#4841=VECTOR('',#16483,1.);
#4842=VECTOR('',#16484,1.00000000000064);
#4843=VECTOR('',#16485,1.);
#4844=VECTOR('',#16486,1.00000000000064);
#4845=VECTOR('',#16487,1.00000000000064);
#4846=VECTOR('',#16488,1.);
#4847=VECTOR('',#16489,1.00000000000064);
#4848=VECTOR('',#16490,1.00000000000064);
#4849=VECTOR('',#16491,1.);
#4850=VECTOR('',#16492,1.00000000000064);
#4851=VECTOR('',#16493,1.);
#4852=VECTOR('',#16494,1.);
#4853=VECTOR('',#16495,1.);
#4854=VECTOR('',#16496,1.);
#4855=VECTOR('',#16497,1.);
#4856=VECTOR('',#16498,1.);
#4857=VECTOR('',#16499,1.);
#4858=VECTOR('',#16500,1.);
#4859=VECTOR('',#16501,1.);
#4860=VECTOR('',#16502,1.);
#4861=VECTOR('',#16503,1.);
#4862=VECTOR('',#16504,1.);
#4863=VECTOR('',#16507,1.);
#4864=VECTOR('',#16510,1.);
#4865=VECTOR('',#16513,1.);
#4866=VECTOR('',#16516,1.);
#4867=VECTOR('',#16519,1.);
#4868=VECTOR('',#16522,1.);
#4869=VECTOR('',#16525,1.);
#4870=VECTOR('',#16528,1.);
#4871=VECTOR('',#16531,1.);
#4872=VECTOR('',#16534,1.);
#4873=VECTOR('',#16537,1.);
#4874=VECTOR('',#16540,1.);
#4875=VECTOR('',#16543,1.);
#4876=VECTOR('',#16546,1.);
#4877=VECTOR('',#16549,1.);
#4878=VECTOR('',#16552,1.);
#4879=VECTOR('',#16557,1.);
#4880=VECTOR('',#16558,1.);
#4881=VECTOR('',#16559,1.);
#4882=VECTOR('',#16562,1.);
#4883=VECTOR('',#16563,1.);
#4884=VECTOR('',#16566,1.);
#4885=VECTOR('',#16567,1.);
#4886=VECTOR('',#16570,1.);
#4887=VECTOR('',#16573,1.);
#4888=VECTOR('',#16574,1.);
#4889=VECTOR('',#16575,1.);
#4890=VECTOR('',#16578,1.);
#4891=VECTOR('',#16579,1.);
#4892=VECTOR('',#16582,1.);
#4893=VECTOR('',#16583,1.);
#4894=VECTOR('',#16586,1.);
#4895=VECTOR('',#16589,1.);
#4896=VECTOR('',#16590,1.);
#4897=VECTOR('',#16591,1.);
#4898=VECTOR('',#16594,1.);
#4899=VECTOR('',#16595,1.);
#4900=VECTOR('',#16598,1.);
#4901=VECTOR('',#16599,1.);
#4902=VECTOR('',#16602,1.);
#4903=VECTOR('',#16605,1.);
#4904=VECTOR('',#16606,1.);
#4905=VECTOR('',#16607,1.);
#4906=VECTOR('',#16610,1.);
#4907=VECTOR('',#16611,1.);
#4908=VECTOR('',#16614,1.);
#4909=VECTOR('',#16615,1.);
#4910=VECTOR('',#16618,1.);
#4911=VECTOR('',#16621,1.);
#4912=VECTOR('',#16622,1.);
#4913=VECTOR('',#16623,1.);
#4914=VECTOR('',#16626,1.);
#4915=VECTOR('',#16627,1.);
#4916=VECTOR('',#16630,1.);
#4917=VECTOR('',#16631,1.);
#4918=VECTOR('',#16634,1.);
#4919=VECTOR('',#16637,1.);
#4920=VECTOR('',#16638,1.);
#4921=VECTOR('',#16639,1.);
#4922=VECTOR('',#16642,1.);
#4923=VECTOR('',#16643,1.);
#4924=VECTOR('',#16646,1.);
#4925=VECTOR('',#16647,1.);
#4926=VECTOR('',#16650,1.);
#4927=VECTOR('',#16653,1.00000000000065);
#4928=VECTOR('',#16654,1.);
#4929=VECTOR('',#16655,1.00000000000065);
#4930=VECTOR('',#16658,1.00000000000065);
#4931=VECTOR('',#16659,1.);
#4932=VECTOR('',#16662,1.00000000000065);
#4933=VECTOR('',#16663,1.);
#4934=VECTOR('',#16666,1.);
#4935=VECTOR('',#16669,1.00000000000065);
#4936=VECTOR('',#16670,1.);
#4937=VECTOR('',#16671,1.00000000000065);
#4938=VECTOR('',#16674,1.);
#4939=VECTOR('',#16675,1.00000000000065);
#4940=VECTOR('',#16678,1.00000000000065);
#4941=VECTOR('',#16679,1.);
#4942=VECTOR('',#16682,1.);
#4943=VECTOR('',#16685,1.00000000000065);
#4944=VECTOR('',#16686,1.00000000000065);
#4945=VECTOR('',#16687,1.);
#4946=VECTOR('',#16690,1.00000000000065);
#4947=VECTOR('',#16691,1.);
#4948=VECTOR('',#16694,1.);
#4949=VECTOR('',#16695,1.00000000000065);
#4950=VECTOR('',#16698,1.);
#4951=VECTOR('',#16701,1.00000000000065);
#4952=VECTOR('',#16702,1.00000000000065);
#4953=VECTOR('',#16703,1.);
#4954=VECTOR('',#16706,1.00000000000065);
#4955=VECTOR('',#16707,1.);
#4956=VECTOR('',#16710,1.00000000000065);
#4957=VECTOR('',#16711,1.);
#4958=VECTOR('',#16714,1.);
#4959=VECTOR('',#16717,1.00000000000065);
#4960=VECTOR('',#16718,1.00000000000065);
#4961=VECTOR('',#16719,1.);
#4962=VECTOR('',#16722,1.00000000000065);
#4963=VECTOR('',#16723,1.);
#4964=VECTOR('',#16726,1.00000000000065);
#4965=VECTOR('',#16727,1.);
#4966=VECTOR('',#16730,1.);
#4967=VECTOR('',#16733,1.00000000000065);
#4968=VECTOR('',#16734,1.);
#4969=VECTOR('',#16735,1.00000000000065);
#4970=VECTOR('',#16738,1.00000000000065);
#4971=VECTOR('',#16739,1.);
#4972=VECTOR('',#16742,1.00000000000065);
#4973=VECTOR('',#16743,1.);
#4974=VECTOR('',#16746,1.);
#4975=VECTOR('',#16765,0.3);
#4976=VECTOR('',#16782,0.3);
#4977=VECTOR('',#16791,1.35);
#4978=VECTOR('',#16800,1.36);
#4979=VECTOR('',#16809,1.35);
#4980=VECTOR('',#16820,0.3);
#4981=VECTOR('',#16833,0.3);
#4982=VECTOR('',#16842,0.3);
#4983=VECTOR('',#16859,0.3);
#4984=VECTOR('',#16868,1.35);
#4985=VECTOR('',#16877,1.36);
#4986=VECTOR('',#16886,1.35);
#4987=VECTOR('',#16897,0.3);
#4988=VECTOR('',#16910,0.3);
#4989=VECTOR('',#16919,0.3);
#4990=VECTOR('',#16936,0.3);
#4991=VECTOR('',#16945,1.35);
#4992=VECTOR('',#16954,1.36);
#4993=VECTOR('',#16963,1.35);
#4994=VECTOR('',#16974,0.3);
#4995=VECTOR('',#16987,0.3);
#4996=VECTOR('',#16994,2.);
#4997=VECTOR('',#17001,2.);
#4998=VECTOR('',#17008,2.);
#4999=VECTOR('',#17015,2.);
#5000=VECTOR('',#17022,2.35);
#5001=VECTOR('',#17031,2.35);
#5002=VECTOR('',#17040,2.35);
#5003=VECTOR('',#17049,2.35);
#5004=VECTOR('',#17060,10.);
#5005=VECTOR('',#17061,10.);
#5006=VECTOR('',#17062,10.);
#5007=VECTOR('',#17063,10.);
#5008=VECTOR('',#17064,10.);
#5009=VECTOR('',#17065,10.);
#5010=VECTOR('',#17066,10.);
#5011=VECTOR('',#17067,10.);
#5012=VECTOR('',#17068,10.);
#5013=VECTOR('',#17069,10.);
#5014=VECTOR('',#17070,10.);
#5015=VECTOR('',#17071,10.);
#5016=VECTOR('',#17072,10.);
#5017=VECTOR('',#17073,10.);
#5018=VECTOR('',#17074,10.);
#5019=VECTOR('',#17075,10.);
#5020=VECTOR('',#17076,10.);
#5021=VECTOR('',#17077,10.);
#5022=VECTOR('',#17078,10.);
#5023=VECTOR('',#17079,10.);
#5024=VECTOR('',#17080,10.);
#5025=VECTOR('',#17081,10.);
#5026=VECTOR('',#17082,10.);
#5027=VECTOR('',#17083,10.);
#5028=VECTOR('',#17084,10.);
#5029=VECTOR('',#17085,10.);
#5030=VECTOR('',#17086,10.);
#5031=VECTOR('',#17087,10.);
#5032=VECTOR('',#17088,10.);
#5033=VECTOR('',#17089,10.);
#5034=VECTOR('',#17090,10.);
#5035=VECTOR('',#17091,10.);
#5036=VECTOR('',#17092,10.);
#5037=VECTOR('',#17093,10.);
#5038=VECTOR('',#17094,10.);
#5039=VECTOR('',#17095,10.);
#5040=VECTOR('',#17098,10.);
#5041=VECTOR('',#17099,10.);
#5042=VECTOR('',#17100,10.);
#5043=VECTOR('',#17101,10.);
#5044=VECTOR('',#17102,10.);
#5045=VECTOR('',#17103,10.);
#5046=VECTOR('',#17104,10.);
#5047=VECTOR('',#17105,10.);
#5048=VECTOR('',#17106,10.);
#5049=VECTOR('',#17107,10.);
#5050=VECTOR('',#17108,10.);
#5051=VECTOR('',#17109,10.);
#5052=VECTOR('',#17110,10.);
#5053=VECTOR('',#17111,10.);
#5054=VECTOR('',#17112,10.);
#5055=VECTOR('',#17113,10.);
#5056=VECTOR('',#17114,10.);
#5057=VECTOR('',#17115,10.);
#5058=VECTOR('',#17116,10.);
#5059=VECTOR('',#17117,10.);
#5060=VECTOR('',#17118,10.);
#5061=VECTOR('',#17119,10.);
#5062=VECTOR('',#17120,10.);
#5063=VECTOR('',#17121,10.);
#5064=VECTOR('',#17122,10.);
#5065=VECTOR('',#17123,10.);
#5066=VECTOR('',#17124,10.);
#5067=VECTOR('',#17125,10.);
#5068=VECTOR('',#17126,10.);
#5069=VECTOR('',#17127,10.);
#5070=VECTOR('',#17128,10.);
#5071=VECTOR('',#17129,10.);
#5072=VECTOR('',#17130,10.);
#5073=VECTOR('',#17131,10.);
#5074=VECTOR('',#17132,10.);
#5075=VECTOR('',#17133,10.);
#5076=VECTOR('',#17134,10.);
#5077=VECTOR('',#17137,10.);
#5078=VECTOR('',#17138,10.);
#5079=VECTOR('',#17139,10.);
#5080=VECTOR('',#17142,10.);
#5081=VECTOR('',#17143,10.);
#5082=VECTOR('',#17146,10.);
#5083=VECTOR('',#17147,10.);
#5084=VECTOR('',#17150,10.);
#5085=VECTOR('',#17155,10.);
#5086=VECTOR('',#17156,10.);
#5087=VECTOR('',#17157,10.);
#5088=VECTOR('',#17160,10.);
#5089=VECTOR('',#17161,10.);
#5090=VECTOR('',#17164,10.);
#5091=VECTOR('',#17165,10.);
#5092=VECTOR('',#17168,10.);
#5093=VECTOR('',#17173,10.);
#5094=VECTOR('',#17174,10.);
#5095=VECTOR('',#17175,10.);
#5096=VECTOR('',#17178,10.);
#5097=VECTOR('',#17179,10.);
#5098=VECTOR('',#17182,10.);
#5099=VECTOR('',#17183,10.);
#5100=VECTOR('',#17186,10.);
#5101=VECTOR('',#17191,10.);
#5102=VECTOR('',#17192,10.);
#5103=VECTOR('',#17193,10.);
#5104=VECTOR('',#17196,10.);
#5105=VECTOR('',#17197,10.);
#5106=VECTOR('',#17200,10.);
#5107=VECTOR('',#17201,10.);
#5108=VECTOR('',#17204,10.);
#5109=VECTOR('',#17209,10.);
#5110=VECTOR('',#17210,10.);
#5111=VECTOR('',#17211,10.);
#5112=VECTOR('',#17214,10.);
#5113=VECTOR('',#17215,10.);
#5114=VECTOR('',#17218,10.);
#5115=VECTOR('',#17219,10.);
#5116=VECTOR('',#17222,10.);
#5117=VECTOR('',#17227,10.);
#5118=VECTOR('',#17228,10.);
#5119=VECTOR('',#17229,10.);
#5120=VECTOR('',#17232,10.);
#5121=VECTOR('',#17233,10.);
#5122=VECTOR('',#17236,10.);
#5123=VECTOR('',#17237,10.);
#5124=VECTOR('',#17240,10.);
#5125=VECTOR('',#17245,10.);
#5126=VECTOR('',#17246,10.);
#5127=VECTOR('',#17247,10.);
#5128=VECTOR('',#17250,10.);
#5129=VECTOR('',#17251,10.);
#5130=VECTOR('',#17254,0.150000000000001);
#5131=VECTOR('',#17259,10.);
#5132=VECTOR('',#17260,10.);
#5133=VECTOR('',#17263,10.);
#5134=VECTOR('',#17268,10.);
#5135=VECTOR('',#17269,10.);
#5136=VECTOR('',#17270,10.);
#5137=VECTOR('',#17273,10.);
#5138=VECTOR('',#17274,10.);
#5139=VECTOR('',#17277,10.);
#5140=VECTOR('',#17278,10.);
#5141=VECTOR('',#17281,10.);
#5142=VECTOR('',#17286,10.);
#5143=VECTOR('',#17287,10.);
#5144=VECTOR('',#17288,10.);
#5145=VECTOR('',#17291,10.);
#5146=VECTOR('',#17292,10.);
#5147=VECTOR('',#17295,10.);
#5148=VECTOR('',#17296,10.);
#5149=VECTOR('',#17299,10.);
#5150=VECTOR('',#17304,10.);
#5151=VECTOR('',#17305,10.);
#5152=VECTOR('',#17308,10.);
#5153=VECTOR('',#17313,10.);
#5154=VECTOR('',#17314,10.);
#5155=VECTOR('',#17315,10.);
#5156=VECTOR('',#17318,10.);
#5157=VECTOR('',#17319,10.);
#5158=VECTOR('',#17322,10.);
#5159=VECTOR('',#17323,10.);
#5160=VECTOR('',#17324,10.);
#5161=VECTOR('',#17325,10.);
#5162=VECTOR('',#17326,10.);
#5163=VECTOR('',#17327,10.);
#5164=VECTOR('',#17330,10.);
#5165=VECTOR('',#17335,10.);
#5166=VECTOR('',#17336,10.);
#5167=VECTOR('',#17337,10.);
#5168=VECTOR('',#17340,10.);
#5169=VECTOR('',#17341,10.);
#5170=VECTOR('',#17344,10.);
#5171=VECTOR('',#17345,10.);
#5172=VECTOR('',#17348,10.);
#5173=VECTOR('',#17351,10.);
#5174=VECTOR('',#17352,10.);
#5175=VECTOR('',#17353,10.);
#5176=VECTOR('',#17354,10.);
#5177=VECTOR('',#17357,10.);
#5178=VECTOR('',#17358,10.);
#5179=VECTOR('',#17359,10.);
#5180=VECTOR('',#17362,10.);
#5181=VECTOR('',#17363,10.);
#5182=VECTOR('',#17364,10.);
#5183=VECTOR('',#17367,10.);
#5184=VECTOR('',#17368,10.);
#5185=VECTOR('',#17373,10.);
#5186=VECTOR('',#17374,10.);
#5187=VECTOR('',#17375,10.);
#5188=VECTOR('',#17378,10.);
#5189=VECTOR('',#17379,10.);
#5190=VECTOR('',#17382,10.);
#5191=VECTOR('',#17383,10.);
#5192=VECTOR('',#17386,10.);
#5193=VECTOR('',#17391,10.);
#5194=VECTOR('',#17392,10.);
#5195=VECTOR('',#17393,10.);
#5196=VECTOR('',#17396,10.);
#5197=VECTOR('',#17397,10.);
#5198=VECTOR('',#17400,10.);
#5199=VECTOR('',#17401,10.);
#5200=VECTOR('',#17404,10.);
#5201=VECTOR('',#17409,10.);
#5202=VECTOR('',#17410,10.);
#5203=VECTOR('',#17411,10.);
#5204=VECTOR('',#17414,10.);
#5205=VECTOR('',#17415,10.);
#5206=VECTOR('',#17418,10.);
#5207=VECTOR('',#17419,10.);
#5208=VECTOR('',#17422,10.);
#5209=VECTOR('',#17427,10.);
#5210=VECTOR('',#17428,10.);
#5211=VECTOR('',#17429,10.);
#5212=VECTOR('',#17432,10.);
#5213=VECTOR('',#17433,10.);
#5214=VECTOR('',#17436,10.);
#5215=VECTOR('',#17437,10.);
#5216=VECTOR('',#17440,10.);
#5217=VECTOR('',#17445,10.);
#5218=VECTOR('',#17446,10.);
#5219=VECTOR('',#17447,10.);
#5220=VECTOR('',#17450,10.);
#5221=VECTOR('',#17451,10.);
#5222=VECTOR('',#17454,10.);
#5223=VECTOR('',#17455,10.);
#5224=VECTOR('',#17458,10.);
#5225=VECTOR('',#17463,10.);
#5226=VECTOR('',#17464,10.);
#5227=VECTOR('',#17465,10.);
#5228=VECTOR('',#17468,10.);
#5229=VECTOR('',#17469,10.);
#5230=VECTOR('',#17472,10.);
#5231=VECTOR('',#17473,10.);
#5232=VECTOR('',#17476,10.);
#5233=VECTOR('',#17481,10.);
#5234=VECTOR('',#17482,10.);
#5235=VECTOR('',#17483,10.);
#5236=VECTOR('',#17486,10.);
#5237=VECTOR('',#17487,10.);
#5238=VECTOR('',#17490,10.);
#5239=VECTOR('',#17491,10.);
#5240=VECTOR('',#17494,10.);
#5241=VECTOR('',#17499,10.);
#5242=VECTOR('',#17500,10.);
#5243=VECTOR('',#17501,10.);
#5244=VECTOR('',#17504,10.);
#5245=VECTOR('',#17505,10.);
#5246=VECTOR('',#17508,10.);
#5247=VECTOR('',#17509,10.);
#5248=VECTOR('',#17512,10.);
#5249=VECTOR('',#17519,10.);
#5250=VECTOR('',#17520,10.);
#5251=VECTOR('',#17521,10.);
#5252=VECTOR('',#17522,10.);
#5253=VECTOR('',#17525,10.);
#5254=VECTOR('',#17526,10.);
#5255=VECTOR('',#17527,10.);
#5256=VECTOR('',#17528,10.);
#5257=VECTOR('',#17531,10.);
#5258=VECTOR('',#17532,10.);
#5259=VECTOR('',#17533,10.);
#5260=VECTOR('',#17534,10.);
#5261=VECTOR('',#17535,10.);
#5262=VECTOR('',#17536,10.);
#5263=VECTOR('',#17537,10.);
#5264=VECTOR('',#17538,10.);
#5265=VECTOR('',#17539,10.);
#5266=VECTOR('',#17540,10.);
#5267=VECTOR('',#17551,10.);
#5268=VECTOR('',#17552,10.);
#5269=VECTOR('',#17555,10.);
#5270=VECTOR('',#17556,10.);
#5271=VECTOR('',#17561,2.);
#5272=VECTOR('',#17568,2.);
#5273=VECTOR('',#17575,2.);
#5274=VECTOR('',#17582,2.);
#5275=VECTOR('',#17587,2.35);
#5276=VECTOR('',#17594,2.35);
#5277=VECTOR('',#17601,2.35);
#5278=VECTOR('',#17608,2.35);
#5279=VECTOR('',#17615,10.);
#5280=VECTOR('',#17616,10.);
#5281=VECTOR('',#17619,10.);
#5282=VECTOR('',#17620,10.);
#5283=VECTOR('',#17623,10.);
#5284=VECTOR('',#17624,10.);
#5285=VECTOR('',#17627,10.);
#5286=VECTOR('',#17630,10.);
#5287=VECTOR('',#17631,10.);
#5288=VECTOR('',#17634,10.);
#5289=VECTOR('',#17635,10.);
#5290=VECTOR('',#17638,10.);
#5291=VECTOR('',#17639,10.);
#5292=VECTOR('',#17642,10.);
#5293=VERTEX_POINT('',#17650);
#5294=VERTEX_POINT('',#17651);
#5295=VERTEX_POINT('',#17653);
#5296=VERTEX_POINT('',#17655);
#5297=VERTEX_POINT('',#17659);
#5298=VERTEX_POINT('',#17660);
#5299=VERTEX_POINT('',#17665);
#5300=VERTEX_POINT('',#17667);
#5301=VERTEX_POINT('',#17672);
#5302=VERTEX_POINT('',#17674);
#5303=VERTEX_POINT('',#17676);
#5304=VERTEX_POINT('',#17678);
#5305=VERTEX_POINT('',#17680);
#5306=VERTEX_POINT('',#17682);
#5307=VERTEX_POINT('',#17684);
#5308=VERTEX_POINT('',#17686);
#5309=VERTEX_POINT('',#17688);
#5310=VERTEX_POINT('',#17690);
#5311=VERTEX_POINT('',#17692);
#5312=VERTEX_POINT('',#17694);
#5313=VERTEX_POINT('',#17696);
#5314=VERTEX_POINT('',#17698);
#5315=VERTEX_POINT('',#17700);
#5316=VERTEX_POINT('',#17702);
#5317=VERTEX_POINT('',#17704);
#5318=VERTEX_POINT('',#17706);
#5319=VERTEX_POINT('',#17708);
#5320=VERTEX_POINT('',#17710);
#5321=VERTEX_POINT('',#17712);
#5322=VERTEX_POINT('',#17714);
#5323=VERTEX_POINT('',#17716);
#5324=VERTEX_POINT('',#17718);
#5325=VERTEX_POINT('',#17720);
#5326=VERTEX_POINT('',#17722);
#5327=VERTEX_POINT('',#17724);
#5328=VERTEX_POINT('',#17726);
#5329=VERTEX_POINT('',#17728);
#5330=VERTEX_POINT('',#17730);
#5331=VERTEX_POINT('',#17732);
#5332=VERTEX_POINT('',#17734);
#5333=VERTEX_POINT('',#17736);
#5334=VERTEX_POINT('',#17738);
#5335=VERTEX_POINT('',#17740);
#5336=VERTEX_POINT('',#17742);
#5337=VERTEX_POINT('',#17744);
#5338=VERTEX_POINT('',#17746);
#5339=VERTEX_POINT('',#17748);
#5340=VERTEX_POINT('',#17750);
#5341=VERTEX_POINT('',#17752);
#5342=VERTEX_POINT('',#17754);
#5343=VERTEX_POINT('',#17756);
#5344=VERTEX_POINT('',#17758);
#5345=VERTEX_POINT('',#17760);
#5346=VERTEX_POINT('',#17762);
#5347=VERTEX_POINT('',#17764);
#5348=VERTEX_POINT('',#17766);
#5349=VERTEX_POINT('',#17768);
#5350=VERTEX_POINT('',#17770);
#5351=VERTEX_POINT('',#17772);
#5352=VERTEX_POINT('',#17774);
#5353=VERTEX_POINT('',#17776);
#5354=VERTEX_POINT('',#17778);
#5355=VERTEX_POINT('',#17780);
#5356=VERTEX_POINT('',#17782);
#5357=VERTEX_POINT('',#17784);
#5358=VERTEX_POINT('',#17786);
#5359=VERTEX_POINT('',#17788);
#5360=VERTEX_POINT('',#17790);
#5361=VERTEX_POINT('',#17792);
#5362=VERTEX_POINT('',#17794);
#5363=VERTEX_POINT('',#17796);
#5364=VERTEX_POINT('',#17798);
#5365=VERTEX_POINT('',#17800);
#5366=VERTEX_POINT('',#17802);
#5367=VERTEX_POINT('',#17804);
#5368=VERTEX_POINT('',#17806);
#5369=VERTEX_POINT('',#17808);
#5370=VERTEX_POINT('',#17810);
#5371=VERTEX_POINT('',#17812);
#5372=VERTEX_POINT('',#17814);
#5373=VERTEX_POINT('',#17816);
#5374=VERTEX_POINT('',#17818);
#5375=VERTEX_POINT('',#17820);
#5376=VERTEX_POINT('',#17822);
#5377=VERTEX_POINT('',#17824);
#5378=VERTEX_POINT('',#17826);
#5379=VERTEX_POINT('',#17828);
#5380=VERTEX_POINT('',#17830);
#5381=VERTEX_POINT('',#17832);
#5382=VERTEX_POINT('',#17834);
#5383=VERTEX_POINT('',#17836);
#5384=VERTEX_POINT('',#17838);
#5385=VERTEX_POINT('',#17840);
#5386=VERTEX_POINT('',#17842);
#5387=VERTEX_POINT('',#17844);
#5388=VERTEX_POINT('',#17846);
#5389=VERTEX_POINT('',#17848);
#5390=VERTEX_POINT('',#17850);
#5391=VERTEX_POINT('',#17852);
#5392=VERTEX_POINT('',#17854);
#5393=VERTEX_POINT('',#17856);
#5394=VERTEX_POINT('',#17858);
#5395=VERTEX_POINT('',#17860);
#5396=VERTEX_POINT('',#17862);
#5397=VERTEX_POINT('',#17864);
#5398=VERTEX_POINT('',#17866);
#5399=VERTEX_POINT('',#17868);
#5400=VERTEX_POINT('',#17870);
#5401=VERTEX_POINT('',#17872);
#5402=VERTEX_POINT('',#17874);
#5403=VERTEX_POINT('',#17876);
#5404=VERTEX_POINT('',#17878);
#5405=VERTEX_POINT('',#17880);
#5406=VERTEX_POINT('',#17882);
#5407=VERTEX_POINT('',#17884);
#5408=VERTEX_POINT('',#17886);
#5409=VERTEX_POINT('',#17888);
#5410=VERTEX_POINT('',#17890);
#5411=VERTEX_POINT('',#17892);
#5412=VERTEX_POINT('',#17894);
#5413=VERTEX_POINT('',#17896);
#5414=VERTEX_POINT('',#17898);
#5415=VERTEX_POINT('',#17900);
#5416=VERTEX_POINT('',#17902);
#5417=VERTEX_POINT('',#17904);
#5418=VERTEX_POINT('',#17906);
#5419=VERTEX_POINT('',#17908);
#5420=VERTEX_POINT('',#17910);
#5421=VERTEX_POINT('',#17912);
#5422=VERTEX_POINT('',#17914);
#5423=VERTEX_POINT('',#17916);
#5424=VERTEX_POINT('',#17918);
#5425=VERTEX_POINT('',#17920);
#5426=VERTEX_POINT('',#17922);
#5427=VERTEX_POINT('',#17924);
#5428=VERTEX_POINT('',#17926);
#5429=VERTEX_POINT('',#17928);
#5430=VERTEX_POINT('',#17930);
#5431=VERTEX_POINT('',#17932);
#5432=VERTEX_POINT('',#17934);
#5433=VERTEX_POINT('',#17936);
#5434=VERTEX_POINT('',#17938);
#5435=VERTEX_POINT('',#17940);
#5436=VERTEX_POINT('',#17942);
#5437=VERTEX_POINT('',#17944);
#5438=VERTEX_POINT('',#17946);
#5439=VERTEX_POINT('',#17948);
#5440=VERTEX_POINT('',#17950);
#5441=VERTEX_POINT('',#17952);
#5442=VERTEX_POINT('',#17954);
#5443=VERTEX_POINT('',#17956);
#5444=VERTEX_POINT('',#17958);
#5445=VERTEX_POINT('',#17960);
#5446=VERTEX_POINT('',#17962);
#5447=VERTEX_POINT('',#17964);
#5448=VERTEX_POINT('',#17966);
#5449=VERTEX_POINT('',#17968);
#5450=VERTEX_POINT('',#17970);
#5451=VERTEX_POINT('',#17972);
#5452=VERTEX_POINT('',#17974);
#5453=VERTEX_POINT('',#17976);
#5454=VERTEX_POINT('',#17978);
#5455=VERTEX_POINT('',#17980);
#5456=VERTEX_POINT('',#17982);
#5457=VERTEX_POINT('',#17984);
#5458=VERTEX_POINT('',#17986);
#5459=VERTEX_POINT('',#17988);
#5460=VERTEX_POINT('',#17990);
#5461=VERTEX_POINT('',#17992);
#5462=VERTEX_POINT('',#17994);
#5463=VERTEX_POINT('',#17996);
#5464=VERTEX_POINT('',#17998);
#5465=VERTEX_POINT('',#18000);
#5466=VERTEX_POINT('',#18002);
#5467=VERTEX_POINT('',#18004);
#5468=VERTEX_POINT('',#18006);
#5469=VERTEX_POINT('',#18008);
#5470=VERTEX_POINT('',#18010);
#5471=VERTEX_POINT('',#18012);
#5472=VERTEX_POINT('',#18014);
#5473=VERTEX_POINT('',#18016);
#5474=VERTEX_POINT('',#18018);
#5475=VERTEX_POINT('',#18020);
#5476=VERTEX_POINT('',#18022);
#5477=VERTEX_POINT('',#18024);
#5478=VERTEX_POINT('',#18026);
#5479=VERTEX_POINT('',#18028);
#5480=VERTEX_POINT('',#18030);
#5481=VERTEX_POINT('',#18032);
#5482=VERTEX_POINT('',#18034);
#5483=VERTEX_POINT('',#18036);
#5484=VERTEX_POINT('',#18038);
#5485=VERTEX_POINT('',#18042);
#5486=VERTEX_POINT('',#18044);
#5487=VERTEX_POINT('',#18046);
#5488=VERTEX_POINT('',#18048);
#5489=VERTEX_POINT('',#18050);
#5490=VERTEX_POINT('',#18052);
#5491=VERTEX_POINT('',#18054);
#5492=VERTEX_POINT('',#18056);
#5493=VERTEX_POINT('',#18058);
#5494=VERTEX_POINT('',#18060);
#5495=VERTEX_POINT('',#18062);
#5496=VERTEX_POINT('',#18064);
#5497=VERTEX_POINT('',#18066);
#5498=VERTEX_POINT('',#18068);
#5499=VERTEX_POINT('',#18070);
#5500=VERTEX_POINT('',#18072);
#5501=VERTEX_POINT('',#18074);
#5502=VERTEX_POINT('',#18076);
#5503=VERTEX_POINT('',#18078);
#5504=VERTEX_POINT('',#18080);
#5505=VERTEX_POINT('',#18082);
#5506=VERTEX_POINT('',#18084);
#5507=VERTEX_POINT('',#18086);
#5508=VERTEX_POINT('',#18088);
#5509=VERTEX_POINT('',#18090);
#5510=VERTEX_POINT('',#18092);
#5511=VERTEX_POINT('',#18094);
#5512=VERTEX_POINT('',#18096);
#5513=VERTEX_POINT('',#18098);
#5514=VERTEX_POINT('',#18100);
#5515=VERTEX_POINT('',#18102);
#5516=VERTEX_POINT('',#18104);
#5517=VERTEX_POINT('',#18106);
#5518=VERTEX_POINT('',#18108);
#5519=VERTEX_POINT('',#18110);
#5520=VERTEX_POINT('',#18112);
#5521=VERTEX_POINT('',#18114);
#5522=VERTEX_POINT('',#18116);
#5523=VERTEX_POINT('',#18118);
#5524=VERTEX_POINT('',#18120);
#5525=VERTEX_POINT('',#18122);
#5526=VERTEX_POINT('',#18124);
#5527=VERTEX_POINT('',#18126);
#5528=VERTEX_POINT('',#18128);
#5529=VERTEX_POINT('',#18130);
#5530=VERTEX_POINT('',#18132);
#5531=VERTEX_POINT('',#18134);
#5532=VERTEX_POINT('',#18136);
#5533=VERTEX_POINT('',#18138);
#5534=VERTEX_POINT('',#18140);
#5535=VERTEX_POINT('',#18142);
#5536=VERTEX_POINT('',#18144);
#5537=VERTEX_POINT('',#18146);
#5538=VERTEX_POINT('',#18148);
#5539=VERTEX_POINT('',#18150);
#5540=VERTEX_POINT('',#18152);
#5541=VERTEX_POINT('',#18154);
#5542=VERTEX_POINT('',#18156);
#5543=VERTEX_POINT('',#18158);
#5544=VERTEX_POINT('',#18160);
#5545=VERTEX_POINT('',#18162);
#5546=VERTEX_POINT('',#18164);
#5547=VERTEX_POINT('',#18166);
#5548=VERTEX_POINT('',#18168);
#5549=VERTEX_POINT('',#18170);
#5550=VERTEX_POINT('',#18172);
#5551=VERTEX_POINT('',#18174);
#5552=VERTEX_POINT('',#18176);
#5553=VERTEX_POINT('',#18178);
#5554=VERTEX_POINT('',#18180);
#5555=VERTEX_POINT('',#18182);
#5556=VERTEX_POINT('',#18184);
#5557=VERTEX_POINT('',#18186);
#5558=VERTEX_POINT('',#18188);
#5559=VERTEX_POINT('',#18190);
#5560=VERTEX_POINT('',#18192);
#5561=VERTEX_POINT('',#18194);
#5562=VERTEX_POINT('',#18196);
#5563=VERTEX_POINT('',#18198);
#5564=VERTEX_POINT('',#18200);
#5565=VERTEX_POINT('',#18202);
#5566=VERTEX_POINT('',#18204);
#5567=VERTEX_POINT('',#18206);
#5568=VERTEX_POINT('',#18208);
#5569=VERTEX_POINT('',#18210);
#5570=VERTEX_POINT('',#18212);
#5571=VERTEX_POINT('',#18214);
#5572=VERTEX_POINT('',#18216);
#5573=VERTEX_POINT('',#18218);
#5574=VERTEX_POINT('',#18220);
#5575=VERTEX_POINT('',#18222);
#5576=VERTEX_POINT('',#18224);
#5577=VERTEX_POINT('',#18226);
#5578=VERTEX_POINT('',#18228);
#5579=VERTEX_POINT('',#18230);
#5580=VERTEX_POINT('',#18232);
#5581=VERTEX_POINT('',#18234);
#5582=VERTEX_POINT('',#18236);
#5583=VERTEX_POINT('',#18238);
#5584=VERTEX_POINT('',#18240);
#5585=VERTEX_POINT('',#18242);
#5586=VERTEX_POINT('',#18244);
#5587=VERTEX_POINT('',#18246);
#5588=VERTEX_POINT('',#18248);
#5589=VERTEX_POINT('',#18250);
#5590=VERTEX_POINT('',#18252);
#5591=VERTEX_POINT('',#18254);
#5592=VERTEX_POINT('',#18256);
#5593=VERTEX_POINT('',#18258);
#5594=VERTEX_POINT('',#18260);
#5595=VERTEX_POINT('',#18262);
#5596=VERTEX_POINT('',#18264);
#5597=VERTEX_POINT('',#18266);
#5598=VERTEX_POINT('',#18268);
#5599=VERTEX_POINT('',#18270);
#5600=VERTEX_POINT('',#18272);
#5601=VERTEX_POINT('',#18274);
#5602=VERTEX_POINT('',#18276);
#5603=VERTEX_POINT('',#18278);
#5604=VERTEX_POINT('',#18280);
#5605=VERTEX_POINT('',#18282);
#5606=VERTEX_POINT('',#18284);
#5607=VERTEX_POINT('',#18286);
#5608=VERTEX_POINT('',#18288);
#5609=VERTEX_POINT('',#18290);
#5610=VERTEX_POINT('',#18292);
#5611=VERTEX_POINT('',#18294);
#5612=VERTEX_POINT('',#18296);
#5613=VERTEX_POINT('',#18298);
#5614=VERTEX_POINT('',#18300);
#5615=VERTEX_POINT('',#18302);
#5616=VERTEX_POINT('',#18304);
#5617=VERTEX_POINT('',#18306);
#5618=VERTEX_POINT('',#18308);
#5619=VERTEX_POINT('',#18310);
#5620=VERTEX_POINT('',#18312);
#5621=VERTEX_POINT('',#18314);
#5622=VERTEX_POINT('',#18316);
#5623=VERTEX_POINT('',#18318);
#5624=VERTEX_POINT('',#18320);
#5625=VERTEX_POINT('',#18322);
#5626=VERTEX_POINT('',#18324);
#5627=VERTEX_POINT('',#18326);
#5628=VERTEX_POINT('',#18328);
#5629=VERTEX_POINT('',#18330);
#5630=VERTEX_POINT('',#18332);
#5631=VERTEX_POINT('',#18334);
#5632=VERTEX_POINT('',#18336);
#5633=VERTEX_POINT('',#18338);
#5634=VERTEX_POINT('',#18340);
#5635=VERTEX_POINT('',#18342);
#5636=VERTEX_POINT('',#18344);
#5637=VERTEX_POINT('',#18346);
#5638=VERTEX_POINT('',#18348);
#5639=VERTEX_POINT('',#18350);
#5640=VERTEX_POINT('',#18352);
#5641=VERTEX_POINT('',#18354);
#5642=VERTEX_POINT('',#18356);
#5643=VERTEX_POINT('',#18358);
#5644=VERTEX_POINT('',#18360);
#5645=VERTEX_POINT('',#18362);
#5646=VERTEX_POINT('',#18364);
#5647=VERTEX_POINT('',#18366);
#5648=VERTEX_POINT('',#18368);
#5649=VERTEX_POINT('',#18370);
#5650=VERTEX_POINT('',#18372);
#5651=VERTEX_POINT('',#18374);
#5652=VERTEX_POINT('',#18376);
#5653=VERTEX_POINT('',#18378);
#5654=VERTEX_POINT('',#18380);
#5655=VERTEX_POINT('',#18382);
#5656=VERTEX_POINT('',#18384);
#5657=VERTEX_POINT('',#18386);
#5658=VERTEX_POINT('',#18388);
#5659=VERTEX_POINT('',#18390);
#5660=VERTEX_POINT('',#18392);
#5661=VERTEX_POINT('',#18394);
#5662=VERTEX_POINT('',#18396);
#5663=VERTEX_POINT('',#18398);
#5664=VERTEX_POINT('',#18400);
#5665=VERTEX_POINT('',#18402);
#5666=VERTEX_POINT('',#18404);
#5667=VERTEX_POINT('',#18406);
#5668=VERTEX_POINT('',#18408);
#5669=VERTEX_POINT('',#18780);
#5670=VERTEX_POINT('',#18781);
#5671=VERTEX_POINT('',#18784);
#5672=VERTEX_POINT('',#18789);
#5673=VERTEX_POINT('',#18790);
#5674=VERTEX_POINT('',#18795);
#5675=VERTEX_POINT('',#18799);
#5676=VERTEX_POINT('',#18802);
#5677=VERTEX_POINT('',#18806);
#5678=VERTEX_POINT('',#18809);
#5679=VERTEX_POINT('',#18813);
#5680=VERTEX_POINT('',#18816);
#5681=VERTEX_POINT('',#18820);
#5682=VERTEX_POINT('',#18823);
#5683=VERTEX_POINT('',#18824);
#5684=VERTEX_POINT('',#18829);
#5685=VERTEX_POINT('',#18830);
#5686=VERTEX_POINT('',#18835);
#5687=VERTEX_POINT('',#18840);
#5688=VERTEX_POINT('',#18841);
#5689=VERTEX_POINT('',#18844);
#5690=VERTEX_POINT('',#18849);
#5691=VERTEX_POINT('',#18850);
#5692=VERTEX_POINT('',#18855);
#5693=VERTEX_POINT('',#18859);
#5694=VERTEX_POINT('',#18862);
#5695=VERTEX_POINT('',#18866);
#5696=VERTEX_POINT('',#18869);
#5697=VERTEX_POINT('',#18873);
#5698=VERTEX_POINT('',#18876);
#5699=VERTEX_POINT('',#18880);
#5700=VERTEX_POINT('',#18883);
#5701=VERTEX_POINT('',#18884);
#5702=VERTEX_POINT('',#18889);
#5703=VERTEX_POINT('',#18890);
#5704=VERTEX_POINT('',#18895);
#5705=VERTEX_POINT('',#18900);
#5706=VERTEX_POINT('',#18901);
#5707=VERTEX_POINT('',#18904);
#5708=VERTEX_POINT('',#18909);
#5709=VERTEX_POINT('',#18910);
#5710=VERTEX_POINT('',#18915);
#5711=VERTEX_POINT('',#18919);
#5712=VERTEX_POINT('',#18922);
#5713=VERTEX_POINT('',#18926);
#5714=VERTEX_POINT('',#18929);
#5715=VERTEX_POINT('',#18933);
#5716=VERTEX_POINT('',#18936);
#5717=VERTEX_POINT('',#18940);
#5718=VERTEX_POINT('',#18943);
#5719=VERTEX_POINT('',#18944);
#5720=VERTEX_POINT('',#18949);
#5721=VERTEX_POINT('',#18950);
#5722=VERTEX_POINT('',#18955);
#5723=VERTEX_POINT('',#18960);
#5724=VERTEX_POINT('',#18961);
#5725=VERTEX_POINT('',#18964);
#5726=VERTEX_POINT('',#18969);
#5727=VERTEX_POINT('',#18970);
#5728=VERTEX_POINT('',#18975);
#5729=VERTEX_POINT('',#18979);
#5730=VERTEX_POINT('',#18982);
#5731=VERTEX_POINT('',#18986);
#5732=VERTEX_POINT('',#18989);
#5733=VERTEX_POINT('',#18993);
#5734=VERTEX_POINT('',#18996);
#5735=VERTEX_POINT('',#19000);
#5736=VERTEX_POINT('',#19003);
#5737=VERTEX_POINT('',#19004);
#5738=VERTEX_POINT('',#19009);
#5739=VERTEX_POINT('',#19010);
#5740=VERTEX_POINT('',#19015);
#5741=VERTEX_POINT('',#19020);
#5742=VERTEX_POINT('',#19021);
#5743=VERTEX_POINT('',#19024);
#5744=VERTEX_POINT('',#19029);
#5745=VERTEX_POINT('',#19030);
#5746=VERTEX_POINT('',#19035);
#5747=VERTEX_POINT('',#19039);
#5748=VERTEX_POINT('',#19042);
#5749=VERTEX_POINT('',#19046);
#5750=VERTEX_POINT('',#19049);
#5751=VERTEX_POINT('',#19053);
#5752=VERTEX_POINT('',#19056);
#5753=VERTEX_POINT('',#19060);
#5754=VERTEX_POINT('',#19063);
#5755=VERTEX_POINT('',#19064);
#5756=VERTEX_POINT('',#19069);
#5757=VERTEX_POINT('',#19070);
#5758=VERTEX_POINT('',#19075);
#5759=VERTEX_POINT('',#19080);
#5760=VERTEX_POINT('',#19081);
#5761=VERTEX_POINT('',#19084);
#5762=VERTEX_POINT('',#19089);
#5763=VERTEX_POINT('',#19090);
#5764=VERTEX_POINT('',#19095);
#5765=VERTEX_POINT('',#19099);
#5766=VERTEX_POINT('',#19102);
#5767=VERTEX_POINT('',#19106);
#5768=VERTEX_POINT('',#19109);
#5769=VERTEX_POINT('',#19113);
#5770=VERTEX_POINT('',#19116);
#5771=VERTEX_POINT('',#19120);
#5772=VERTEX_POINT('',#19123);
#5773=VERTEX_POINT('',#19124);
#5774=VERTEX_POINT('',#19129);
#5775=VERTEX_POINT('',#19130);
#5776=VERTEX_POINT('',#19135);
#5777=VERTEX_POINT('',#19140);
#5778=VERTEX_POINT('',#19141);
#5779=VERTEX_POINT('',#19144);
#5780=VERTEX_POINT('',#19149);
#5781=VERTEX_POINT('',#19150);
#5782=VERTEX_POINT('',#19155);
#5783=VERTEX_POINT('',#19159);
#5784=VERTEX_POINT('',#19162);
#5785=VERTEX_POINT('',#19166);
#5786=VERTEX_POINT('',#19169);
#5787=VERTEX_POINT('',#19173);
#5788=VERTEX_POINT('',#19176);
#5789=VERTEX_POINT('',#19180);
#5790=VERTEX_POINT('',#19183);
#5791=VERTEX_POINT('',#19184);
#5792=VERTEX_POINT('',#19189);
#5793=VERTEX_POINT('',#19190);
#5794=VERTEX_POINT('',#19195);
#5795=VERTEX_POINT('',#19200);
#5796=VERTEX_POINT('',#19201);
#5797=VERTEX_POINT('',#19204);
#5798=VERTEX_POINT('',#19209);
#5799=VERTEX_POINT('',#19210);
#5800=VERTEX_POINT('',#19215);
#5801=VERTEX_POINT('',#19219);
#5802=VERTEX_POINT('',#19222);
#5803=VERTEX_POINT('',#19226);
#5804=VERTEX_POINT('',#19229);
#5805=VERTEX_POINT('',#19233);
#5806=VERTEX_POINT('',#19236);
#5807=VERTEX_POINT('',#19240);
#5808=VERTEX_POINT('',#19243);
#5809=VERTEX_POINT('',#19244);
#5810=VERTEX_POINT('',#19249);
#5811=VERTEX_POINT('',#19250);
#5812=VERTEX_POINT('',#19255);
#5813=VERTEX_POINT('',#19260);
#5814=VERTEX_POINT('',#19261);
#5815=VERTEX_POINT('',#19264);
#5816=VERTEX_POINT('',#19269);
#5817=VERTEX_POINT('',#19270);
#5818=VERTEX_POINT('',#19275);
#5819=VERTEX_POINT('',#19279);
#5820=VERTEX_POINT('',#19282);
#5821=VERTEX_POINT('',#19286);
#5822=VERTEX_POINT('',#19289);
#5823=VERTEX_POINT('',#19293);
#5824=VERTEX_POINT('',#19296);
#5825=VERTEX_POINT('',#19300);
#5826=VERTEX_POINT('',#19303);
#5827=VERTEX_POINT('',#19304);
#5828=VERTEX_POINT('',#19309);
#5829=VERTEX_POINT('',#19310);
#5830=VERTEX_POINT('',#19315);
#5831=VERTEX_POINT('',#19320);
#5832=VERTEX_POINT('',#19321);
#5833=VERTEX_POINT('',#19324);
#5834=VERTEX_POINT('',#19329);
#5835=VERTEX_POINT('',#19330);
#5836=VERTEX_POINT('',#19335);
#5837=VERTEX_POINT('',#19339);
#5838=VERTEX_POINT('',#19342);
#5839=VERTEX_POINT('',#19346);
#5840=VERTEX_POINT('',#19349);
#5841=VERTEX_POINT('',#19353);
#5842=VERTEX_POINT('',#19356);
#5843=VERTEX_POINT('',#19360);
#5844=VERTEX_POINT('',#19363);
#5845=VERTEX_POINT('',#19364);
#5846=VERTEX_POINT('',#19369);
#5847=VERTEX_POINT('',#19370);
#5848=VERTEX_POINT('',#19375);
#5849=VERTEX_POINT('',#19380);
#5850=VERTEX_POINT('',#19381);
#5851=VERTEX_POINT('',#19384);
#5852=VERTEX_POINT('',#19389);
#5853=VERTEX_POINT('',#19390);
#5854=VERTEX_POINT('',#19395);
#5855=VERTEX_POINT('',#19399);
#5856=VERTEX_POINT('',#19402);
#5857=VERTEX_POINT('',#19406);
#5858=VERTEX_POINT('',#19409);
#5859=VERTEX_POINT('',#19413);
#5860=VERTEX_POINT('',#19416);
#5861=VERTEX_POINT('',#19420);
#5862=VERTEX_POINT('',#19423);
#5863=VERTEX_POINT('',#19424);
#5864=VERTEX_POINT('',#19429);
#5865=VERTEX_POINT('',#19430);
#5866=VERTEX_POINT('',#19435);
#5867=VERTEX_POINT('',#19440);
#5868=VERTEX_POINT('',#19441);
#5869=VERTEX_POINT('',#19444);
#5870=VERTEX_POINT('',#19449);
#5871=VERTEX_POINT('',#19450);
#5872=VERTEX_POINT('',#19455);
#5873=VERTEX_POINT('',#19459);
#5874=VERTEX_POINT('',#19462);
#5875=VERTEX_POINT('',#19466);
#5876=VERTEX_POINT('',#19469);
#5877=VERTEX_POINT('',#19473);
#5878=VERTEX_POINT('',#19476);
#5879=VERTEX_POINT('',#19480);
#5880=VERTEX_POINT('',#19483);
#5881=VERTEX_POINT('',#19484);
#5882=VERTEX_POINT('',#19489);
#5883=VERTEX_POINT('',#19490);
#5884=VERTEX_POINT('',#19495);
#5885=VERTEX_POINT('',#19500);
#5886=VERTEX_POINT('',#19501);
#5887=VERTEX_POINT('',#19504);
#5888=VERTEX_POINT('',#19509);
#5889=VERTEX_POINT('',#19510);
#5890=VERTEX_POINT('',#19515);
#5891=VERTEX_POINT('',#19519);
#5892=VERTEX_POINT('',#19522);
#5893=VERTEX_POINT('',#19526);
#5894=VERTEX_POINT('',#19529);
#5895=VERTEX_POINT('',#19533);
#5896=VERTEX_POINT('',#19536);
#5897=VERTEX_POINT('',#19540);
#5898=VERTEX_POINT('',#19543);
#5899=VERTEX_POINT('',#19544);
#5900=VERTEX_POINT('',#19549);
#5901=VERTEX_POINT('',#19550);
#5902=VERTEX_POINT('',#19555);
#5903=VERTEX_POINT('',#19560);
#5904=VERTEX_POINT('',#19561);
#5905=VERTEX_POINT('',#19564);
#5906=VERTEX_POINT('',#19569);
#5907=VERTEX_POINT('',#19570);
#5908=VERTEX_POINT('',#19575);
#5909=VERTEX_POINT('',#19579);
#5910=VERTEX_POINT('',#19582);
#5911=VERTEX_POINT('',#19586);
#5912=VERTEX_POINT('',#19589);
#5913=VERTEX_POINT('',#19593);
#5914=VERTEX_POINT('',#19596);
#5915=VERTEX_POINT('',#19600);
#5916=VERTEX_POINT('',#19603);
#5917=VERTEX_POINT('',#19604);
#5918=VERTEX_POINT('',#19609);
#5919=VERTEX_POINT('',#19610);
#5920=VERTEX_POINT('',#19615);
#5921=VERTEX_POINT('',#19620);
#5922=VERTEX_POINT('',#19621);
#5923=VERTEX_POINT('',#19624);
#5924=VERTEX_POINT('',#19629);
#5925=VERTEX_POINT('',#19630);
#5926=VERTEX_POINT('',#19635);
#5927=VERTEX_POINT('',#19639);
#5928=VERTEX_POINT('',#19642);
#5929=VERTEX_POINT('',#19646);
#5930=VERTEX_POINT('',#19649);
#5931=VERTEX_POINT('',#19653);
#5932=VERTEX_POINT('',#19656);
#5933=VERTEX_POINT('',#19660);
#5934=VERTEX_POINT('',#19663);
#5935=VERTEX_POINT('',#19664);
#5936=VERTEX_POINT('',#19669);
#5937=VERTEX_POINT('',#19670);
#5938=VERTEX_POINT('',#19675);
#5939=VERTEX_POINT('',#19680);
#5940=VERTEX_POINT('',#19681);
#5941=VERTEX_POINT('',#19684);
#5942=VERTEX_POINT('',#19689);
#5943=VERTEX_POINT('',#19690);
#5944=VERTEX_POINT('',#19695);
#5945=VERTEX_POINT('',#19699);
#5946=VERTEX_POINT('',#19702);
#5947=VERTEX_POINT('',#19706);
#5948=VERTEX_POINT('',#19709);
#5949=VERTEX_POINT('',#19713);
#5950=VERTEX_POINT('',#19716);
#5951=VERTEX_POINT('',#19720);
#5952=VERTEX_POINT('',#19723);
#5953=VERTEX_POINT('',#19724);
#5954=VERTEX_POINT('',#19729);
#5955=VERTEX_POINT('',#19730);
#5956=VERTEX_POINT('',#19735);
#5957=VERTEX_POINT('',#19740);
#5958=VERTEX_POINT('',#19741);
#5959=VERTEX_POINT('',#19744);
#5960=VERTEX_POINT('',#19749);
#5961=VERTEX_POINT('',#19750);
#5962=VERTEX_POINT('',#19755);
#5963=VERTEX_POINT('',#19759);
#5964=VERTEX_POINT('',#19762);
#5965=VERTEX_POINT('',#19766);
#5966=VERTEX_POINT('',#19769);
#5967=VERTEX_POINT('',#19773);
#5968=VERTEX_POINT('',#19776);
#5969=VERTEX_POINT('',#19780);
#5970=VERTEX_POINT('',#19783);
#5971=VERTEX_POINT('',#19784);
#5972=VERTEX_POINT('',#19789);
#5973=VERTEX_POINT('',#19790);
#5974=VERTEX_POINT('',#19795);
#5975=VERTEX_POINT('',#19800);
#5976=VERTEX_POINT('',#19801);
#5977=VERTEX_POINT('',#19803);
#5978=VERTEX_POINT('',#19805);
#5979=VERTEX_POINT('',#19809);
#5980=VERTEX_POINT('',#19810);
#5981=VERTEX_POINT('',#19815);
#5982=VERTEX_POINT('',#19817);
#5983=VERTEX_POINT('',#19821);
#5984=VERTEX_POINT('',#19823);
#5985=VERTEX_POINT('',#19825);
#5986=VERTEX_POINT('',#19827);
#5987=VERTEX_POINT('',#19829);
#5988=VERTEX_POINT('',#19831);
#5989=VERTEX_POINT('',#19833);
#5990=VERTEX_POINT('',#19835);
#5991=VERTEX_POINT('',#19837);
#5992=VERTEX_POINT('',#19839);
#5993=VERTEX_POINT('',#19841);
#5994=VERTEX_POINT('',#19843);
#5995=VERTEX_POINT('',#19845);
#5996=VERTEX_POINT('',#19847);
#5997=VERTEX_POINT('',#19849);
#5998=VERTEX_POINT('',#19851);
#5999=VERTEX_POINT('',#19854);
#6000=VERTEX_POINT('',#19855);
#6001=VERTEX_POINT('',#19857);
#6002=VERTEX_POINT('',#19859);
#6003=VERTEX_POINT('',#19862);
#6004=VERTEX_POINT('',#19863);
#6005=VERTEX_POINT('',#19865);
#6006=VERTEX_POINT('',#19867);
#6007=VERTEX_POINT('',#19870);
#6008=VERTEX_POINT('',#19871);
#6009=VERTEX_POINT('',#19873);
#6010=VERTEX_POINT('',#19875);
#6011=VERTEX_POINT('',#19879);
#6012=VERTEX_POINT('',#19881);
#6013=VERTEX_POINT('',#19883);
#6014=VERTEX_POINT('',#19885);
#6015=VERTEX_POINT('',#19887);
#6016=VERTEX_POINT('',#19889);
#6017=VERTEX_POINT('',#19891);
#6018=VERTEX_POINT('',#19893);
#6019=VERTEX_POINT('',#19895);
#6020=VERTEX_POINT('',#19897);
#6021=VERTEX_POINT('',#19899);
#6022=VERTEX_POINT('',#19901);
#6023=VERTEX_POINT('',#19903);
#6024=VERTEX_POINT('',#19905);
#6025=VERTEX_POINT('',#19907);
#6026=VERTEX_POINT('',#19909);
#6027=VERTEX_POINT('',#19912);
#6028=VERTEX_POINT('',#19913);
#6029=VERTEX_POINT('',#19915);
#6030=VERTEX_POINT('',#19917);
#6031=VERTEX_POINT('',#19920);
#6032=VERTEX_POINT('',#19921);
#6033=VERTEX_POINT('',#19923);
#6034=VERTEX_POINT('',#19925);
#6035=VERTEX_POINT('',#19928);
#6036=VERTEX_POINT('',#19929);
#6037=VERTEX_POINT('',#19931);
#6038=VERTEX_POINT('',#19933);
#6039=VERTEX_POINT('',#19970);
#6040=VERTEX_POINT('',#19972);
#6041=VERTEX_POINT('',#19976);
#6042=VERTEX_POINT('',#19980);
#6043=VERTEX_POINT('',#19986);
#6044=VERTEX_POINT('',#19988);
#6045=VERTEX_POINT('',#19992);
#6046=VERTEX_POINT('',#19996);
#6047=VERTEX_POINT('',#20002);
#6048=VERTEX_POINT('',#20004);
#6049=VERTEX_POINT('',#20008);
#6050=VERTEX_POINT('',#20012);
#6051=VERTEX_POINT('',#20018);
#6052=VERTEX_POINT('',#20020);
#6053=VERTEX_POINT('',#20024);
#6054=VERTEX_POINT('',#20028);
#6055=VERTEX_POINT('',#20034);
#6056=VERTEX_POINT('',#20036);
#6057=VERTEX_POINT('',#20040);
#6058=VERTEX_POINT('',#20044);
#6059=VERTEX_POINT('',#20050);
#6060=VERTEX_POINT('',#20052);
#6061=VERTEX_POINT('',#20056);
#6062=VERTEX_POINT('',#20060);
#6063=VERTEX_POINT('',#20066);
#6064=VERTEX_POINT('',#20068);
#6065=VERTEX_POINT('',#20072);
#6066=VERTEX_POINT('',#20076);
#6067=VERTEX_POINT('',#20082);
#6068=VERTEX_POINT('',#20084);
#6069=VERTEX_POINT('',#20088);
#6070=VERTEX_POINT('',#20092);
#6071=VERTEX_POINT('',#20098);
#6072=VERTEX_POINT('',#20100);
#6073=VERTEX_POINT('',#20104);
#6074=VERTEX_POINT('',#20108);
#6075=VERTEX_POINT('',#20114);
#6076=VERTEX_POINT('',#20116);
#6077=VERTEX_POINT('',#20120);
#6078=VERTEX_POINT('',#20124);
#6079=VERTEX_POINT('',#20130);
#6080=VERTEX_POINT('',#20132);
#6081=VERTEX_POINT('',#20136);
#6082=VERTEX_POINT('',#20140);
#6083=VERTEX_POINT('',#20146);
#6084=VERTEX_POINT('',#20148);
#6085=VERTEX_POINT('',#20152);
#6086=VERTEX_POINT('',#20156);
#6087=VERTEX_POINT('',#20168);
#6088=VERTEX_POINT('',#20169);
#6089=VERTEX_POINT('',#20172);
#6090=VERTEX_POINT('',#20177);
#6091=VERTEX_POINT('',#20178);
#6092=VERTEX_POINT('',#20183);
#6093=VERTEX_POINT('',#20187);
#6094=VERTEX_POINT('',#20190);
#6095=VERTEX_POINT('',#20194);
#6096=VERTEX_POINT('',#20197);
#6097=VERTEX_POINT('',#20201);
#6098=VERTEX_POINT('',#20204);
#6099=VERTEX_POINT('',#20208);
#6100=VERTEX_POINT('',#20211);
#6101=VERTEX_POINT('',#20212);
#6102=VERTEX_POINT('',#20217);
#6103=VERTEX_POINT('',#20218);
#6104=VERTEX_POINT('',#20223);
#6105=VERTEX_POINT('',#20228);
#6106=VERTEX_POINT('',#20229);
#6107=VERTEX_POINT('',#20232);
#6108=VERTEX_POINT('',#20237);
#6109=VERTEX_POINT('',#20238);
#6110=VERTEX_POINT('',#20243);
#6111=VERTEX_POINT('',#20247);
#6112=VERTEX_POINT('',#20250);
#6113=VERTEX_POINT('',#20254);
#6114=VERTEX_POINT('',#20257);
#6115=VERTEX_POINT('',#20261);
#6116=VERTEX_POINT('',#20264);
#6117=VERTEX_POINT('',#20268);
#6118=VERTEX_POINT('',#20271);
#6119=VERTEX_POINT('',#20272);
#6120=VERTEX_POINT('',#20277);
#6121=VERTEX_POINT('',#20278);
#6122=VERTEX_POINT('',#20283);
#6123=VERTEX_POINT('',#20288);
#6124=VERTEX_POINT('',#20289);
#6125=VERTEX_POINT('',#20292);
#6126=VERTEX_POINT('',#20297);
#6127=VERTEX_POINT('',#20298);
#6128=VERTEX_POINT('',#20303);
#6129=VERTEX_POINT('',#20307);
#6130=VERTEX_POINT('',#20310);
#6131=VERTEX_POINT('',#20314);
#6132=VERTEX_POINT('',#20317);
#6133=VERTEX_POINT('',#20321);
#6134=VERTEX_POINT('',#20324);
#6135=VERTEX_POINT('',#20328);
#6136=VERTEX_POINT('',#20331);
#6137=VERTEX_POINT('',#20332);
#6138=VERTEX_POINT('',#20337);
#6139=VERTEX_POINT('',#20338);
#6140=VERTEX_POINT('',#20343);
#6141=VERTEX_POINT('',#20348);
#6142=VERTEX_POINT('',#20350);
#6143=VERTEX_POINT('',#20354);
#6144=VERTEX_POINT('',#20356);
#6145=VERTEX_POINT('',#20360);
#6146=VERTEX_POINT('',#20362);
#6147=VERTEX_POINT('',#20366);
#6148=VERTEX_POINT('',#20368);
#6149=VERTEX_POINT('',#20372);
#6150=VERTEX_POINT('',#20374);
#6151=VERTEX_POINT('',#20379);
#6152=VERTEX_POINT('',#20381);
#6153=VERTEX_POINT('',#20386);
#6154=VERTEX_POINT('',#20388);
#6155=VERTEX_POINT('',#20393);
#6156=VERTEX_POINT('',#20395);
#6157=VERTEX_POINT('',#20400);
#6158=VERTEX_POINT('',#20403);
#6159=VERTEX_POINT('',#20404);
#6160=VERTEX_POINT('',#20406);
#6161=VERTEX_POINT('',#20408);
#6162=VERTEX_POINT('',#20411);
#6163=VERTEX_POINT('',#20412);
#6164=VERTEX_POINT('',#20414);
#6165=VERTEX_POINT('',#20416);
#6166=VERTEX_POINT('',#20419);
#6167=VERTEX_POINT('',#20420);
#6168=VERTEX_POINT('',#20422);
#6169=VERTEX_POINT('',#20424);
#6170=VERTEX_POINT('',#20427);
#6171=VERTEX_POINT('',#20428);
#6172=VERTEX_POINT('',#20430);
#6173=VERTEX_POINT('',#20432);
#6174=VERTEX_POINT('',#20435);
#6175=VERTEX_POINT('',#20436);
#6176=VERTEX_POINT('',#20438);
#6177=VERTEX_POINT('',#20440);
#6178=VERTEX_POINT('',#20443);
#6179=VERTEX_POINT('',#20444);
#6180=VERTEX_POINT('',#20446);
#6181=VERTEX_POINT('',#20448);
#6182=VERTEX_POINT('',#20451);
#6183=VERTEX_POINT('',#20452);
#6184=VERTEX_POINT('',#20454);
#6185=VERTEX_POINT('',#20456);
#6186=VERTEX_POINT('',#20459);
#6187=VERTEX_POINT('',#20460);
#6188=VERTEX_POINT('',#20462);
#6189=VERTEX_POINT('',#20464);
#6190=VERTEX_POINT('',#20467);
#6191=VERTEX_POINT('',#20468);
#6192=VERTEX_POINT('',#20470);
#6193=VERTEX_POINT('',#20472);
#6194=VERTEX_POINT('',#20475);
#6195=VERTEX_POINT('',#20476);
#6196=VERTEX_POINT('',#20478);
#6197=VERTEX_POINT('',#20480);
#6198=VERTEX_POINT('',#20482);
#6199=VERTEX_POINT('',#20484);
#6200=VERTEX_POINT('',#20487);
#6201=VERTEX_POINT('',#20488);
#6202=VERTEX_POINT('',#20490);
#6203=VERTEX_POINT('',#20492);
#6204=VERTEX_POINT('',#20495);
#6205=VERTEX_POINT('',#20496);
#6206=VERTEX_POINT('',#20498);
#6207=VERTEX_POINT('',#20500);
#6208=VERTEX_POINT('',#20503);
#6209=VERTEX_POINT('',#20504);
#6210=VERTEX_POINT('',#20506);
#6211=VERTEX_POINT('',#20508);
#6212=VERTEX_POINT('',#20511);
#6213=VERTEX_POINT('',#20512);
#6214=VERTEX_POINT('',#20514);
#6215=VERTEX_POINT('',#20516);
#6216=VERTEX_POINT('',#20519);
#6217=VERTEX_POINT('',#20520);
#6218=VERTEX_POINT('',#20522);
#6219=VERTEX_POINT('',#20524);
#6220=VERTEX_POINT('',#20527);
#6221=VERTEX_POINT('',#20528);
#6222=VERTEX_POINT('',#20530);
#6223=VERTEX_POINT('',#20532);
#6224=VERTEX_POINT('',#20535);
#6225=VERTEX_POINT('',#20536);
#6226=VERTEX_POINT('',#20538);
#6227=VERTEX_POINT('',#20540);
#6228=VERTEX_POINT('',#20543);
#6229=VERTEX_POINT('',#20544);
#6230=VERTEX_POINT('',#20546);
#6231=VERTEX_POINT('',#20548);
#6232=VERTEX_POINT('',#20552);
#6233=VERTEX_POINT('',#20554);
#6234=VERTEX_POINT('',#20558);
#6235=VERTEX_POINT('',#20562);
#6236=VERTEX_POINT('',#20569);
#6237=VERTEX_POINT('',#20571);
#6238=VERTEX_POINT('',#20575);
#6239=VERTEX_POINT('',#20579);
#6240=VERTEX_POINT('',#20586);
#6241=VERTEX_POINT('',#20588);
#6242=VERTEX_POINT('',#20592);
#6243=VERTEX_POINT('',#20596);
#6244=VERTEX_POINT('',#20603);
#6245=VERTEX_POINT('',#20605);
#6246=VERTEX_POINT('',#20609);
#6247=VERTEX_POINT('',#20613);
#6248=VERTEX_POINT('',#20620);
#6249=VERTEX_POINT('',#20622);
#6250=VERTEX_POINT('',#20626);
#6251=VERTEX_POINT('',#20630);
#6252=VERTEX_POINT('',#20637);
#6253=VERTEX_POINT('',#20639);
#6254=VERTEX_POINT('',#20643);
#6255=VERTEX_POINT('',#20647);
#6256=VERTEX_POINT('',#20654);
#6257=VERTEX_POINT('',#20656);
#6258=VERTEX_POINT('',#20660);
#6259=VERTEX_POINT('',#20664);
#6260=VERTEX_POINT('',#20668);
#6261=VERTEX_POINT('',#20675);
#6262=VERTEX_POINT('',#20677);
#6263=VERTEX_POINT('',#20681);
#6264=VERTEX_POINT('',#20685);
#6265=VERTEX_POINT('',#20692);
#6266=VERTEX_POINT('',#20694);
#6267=VERTEX_POINT('',#20698);
#6268=VERTEX_POINT('',#20702);
#6269=VERTEX_POINT('',#20706);
#6270=VERTEX_POINT('',#20710);
#6271=VERTEX_POINT('',#20717);
#6272=VERTEX_POINT('',#20719);
#6273=VERTEX_POINT('',#20723);
#6274=VERTEX_POINT('',#20727);
#6275=VERTEX_POINT('',#20728);
#6276=VERTEX_POINT('',#20730);
#6277=VERTEX_POINT('',#20732);
#6278=VERTEX_POINT('',#20735);
#6279=VERTEX_POINT('',#20742);
#6280=VERTEX_POINT('',#20743);
#6281=VERTEX_POINT('',#20748);
#6282=VERTEX_POINT('',#20752);
#6283=VERTEX_POINT('',#20758);
#6284=VERTEX_POINT('',#20759);
#6285=VERTEX_POINT('',#20761);
#6286=VERTEX_POINT('',#20763);
#6287=VERTEX_POINT('',#20767);
#6288=VERTEX_POINT('',#20769);
#6289=VERTEX_POINT('',#20773);
#6290=VERTEX_POINT('',#20775);
#6291=VERTEX_POINT('',#20783);
#6292=VERTEX_POINT('',#20785);
#6293=VERTEX_POINT('',#20789);
#6294=VERTEX_POINT('',#20793);
#6295=VERTEX_POINT('',#20800);
#6296=VERTEX_POINT('',#20802);
#6297=VERTEX_POINT('',#20806);
#6298=VERTEX_POINT('',#20810);
#6299=VERTEX_POINT('',#20817);
#6300=VERTEX_POINT('',#20819);
#6301=VERTEX_POINT('',#20823);
#6302=VERTEX_POINT('',#20827);
#6303=VERTEX_POINT('',#20834);
#6304=VERTEX_POINT('',#20836);
#6305=VERTEX_POINT('',#20840);
#6306=VERTEX_POINT('',#20844);
#6307=VERTEX_POINT('',#20851);
#6308=VERTEX_POINT('',#20853);
#6309=VERTEX_POINT('',#20857);
#6310=VERTEX_POINT('',#20861);
#6311=VERTEX_POINT('',#20868);
#6312=VERTEX_POINT('',#20870);
#6313=VERTEX_POINT('',#20874);
#6314=VERTEX_POINT('',#20878);
#6315=VERTEX_POINT('',#20885);
#6316=VERTEX_POINT('',#20887);
#6317=VERTEX_POINT('',#20891);
#6318=VERTEX_POINT('',#20895);
#6319=VERTEX_POINT('',#20902);
#6320=VERTEX_POINT('',#20904);
#6321=VERTEX_POINT('',#20908);
#6322=VERTEX_POINT('',#20912);
#6323=VERTEX_POINT('',#20920);
#6324=VERTEX_POINT('',#20921);
#6325=VERTEX_POINT('',#20923);
#6326=VERTEX_POINT('',#20925);
#6327=VERTEX_POINT('',#20929);
#6328=VERTEX_POINT('',#20930);
#6329=VERTEX_POINT('',#20932);
#6330=VERTEX_POINT('',#20934);
#6331=VERTEX_POINT('',#20938);
#6332=VERTEX_POINT('',#20940);
#6333=VERTEX_POINT('',#20942);
#6334=VERTEX_POINT('',#20944);
#6335=VERTEX_POINT('',#20947);
#6336=VERTEX_POINT('',#20949);
#6337=VERTEX_POINT('',#20951);
#6338=VERTEX_POINT('',#20953);
#6339=VERTEX_POINT('',#20956);
#6340=VERTEX_POINT('',#20958);
#6341=VERTEX_POINT('',#20960);
#6342=VERTEX_POINT('',#20962);
#6343=VERTEX_POINT('',#20965);
#6344=VERTEX_POINT('',#20969);
#6345=VERTEX_POINT('',#20973);
#6346=VERTEX_POINT('',#20975);
#6347=VERTEX_POINT('',#20979);
#6348=VERTEX_POINT('',#20981);
#6349=VERTEX_POINT('',#20985);
#6350=VERTEX_POINT('',#20987);
#6351=VERTEX_POINT('',#20991);
#6352=VERTEX_POINT('',#20993);
#6353=VERTEX_POINT('',#20997);
#6354=VERTEX_POINT('',#21002);
#6355=VERTEX_POINT('',#21007);
#6356=VERTEX_POINT('',#21012);
#6357=VERTEX_POINT('',#21017);
#6358=VERTEX_POINT('',#21021);
#6359=VERTEX_POINT('',#21025);
#6360=VERTEX_POINT('',#21031);
#6361=VERTEX_POINT('',#21035);
#6362=VERTEX_POINT('',#21039);
#6363=EDGE_CURVE('',#5293,#5294,#3667,.T.);
#6364=EDGE_CURVE('',#5294,#5295,#3668,.T.);
#6365=EDGE_CURVE('',#5296,#5295,#3669,.T.);
#6366=EDGE_CURVE('',#5293,#5296,#3670,.T.);
#6367=EDGE_CURVE('',#5297,#5298,#3671,.T.);
#6368=EDGE_CURVE('',#5298,#5294,#3672,.T.);
#6369=EDGE_CURVE('',#5297,#5293,#3673,.T.);
#6370=EDGE_CURVE('',#5295,#5299,#3674,.T.);
#6371=EDGE_CURVE('',#5300,#5299,#3675,.T.);
#6372=EDGE_CURVE('',#5296,#5300,#3676,.T.);
#6373=EDGE_CURVE('',#5300,#5297,#3677,.T.);
#6374=EDGE_CURVE('',#5301,#5301,#947,.T.);
#6375=EDGE_CURVE('',#5302,#5302,#948,.T.);
#6376=EDGE_CURVE('',#5303,#5303,#949,.T.);
#6377=EDGE_CURVE('',#5304,#5304,#950,.T.);
#6378=EDGE_CURVE('',#5305,#5305,#951,.T.);
#6379=EDGE_CURVE('',#5306,#5306,#952,.T.);
#6380=EDGE_CURVE('',#5307,#5307,#953,.T.);
#6381=EDGE_CURVE('',#5308,#5308,#954,.T.);
#6382=EDGE_CURVE('',#5309,#5309,#955,.T.);
#6383=EDGE_CURVE('',#5310,#5310,#956,.T.);
#6384=EDGE_CURVE('',#5311,#5311,#957,.T.);
#6385=EDGE_CURVE('',#5312,#5312,#958,.T.);
#6386=EDGE_CURVE('',#5313,#5313,#959,.T.);
#6387=EDGE_CURVE('',#5314,#5314,#960,.T.);
#6388=EDGE_CURVE('',#5315,#5315,#961,.T.);
#6389=EDGE_CURVE('',#5316,#5316,#962,.T.);
#6390=EDGE_CURVE('',#5317,#5317,#963,.T.);
#6391=EDGE_CURVE('',#5318,#5318,#964,.T.);
#6392=EDGE_CURVE('',#5319,#5319,#965,.T.);
#6393=EDGE_CURVE('',#5320,#5320,#966,.T.);
#6394=EDGE_CURVE('',#5321,#5321,#967,.T.);
#6395=EDGE_CURVE('',#5322,#5322,#968,.T.);
#6396=EDGE_CURVE('',#5323,#5323,#969,.T.);
#6397=EDGE_CURVE('',#5324,#5324,#970,.T.);
#6398=EDGE_CURVE('',#5325,#5325,#971,.T.);
#6399=EDGE_CURVE('',#5326,#5326,#972,.T.);
#6400=EDGE_CURVE('',#5327,#5327,#973,.T.);
#6401=EDGE_CURVE('',#5328,#5328,#974,.T.);
#6402=EDGE_CURVE('',#5329,#5329,#975,.T.);
#6403=EDGE_CURVE('',#5330,#5330,#976,.T.);
#6404=EDGE_CURVE('',#5331,#5331,#977,.T.);
#6405=EDGE_CURVE('',#5332,#5332,#978,.T.);
#6406=EDGE_CURVE('',#5333,#5333,#979,.T.);
#6407=EDGE_CURVE('',#5334,#5334,#980,.T.);
#6408=EDGE_CURVE('',#5335,#5335,#981,.T.);
#6409=EDGE_CURVE('',#5336,#5336,#982,.T.);
#6410=EDGE_CURVE('',#5337,#5337,#983,.T.);
#6411=EDGE_CURVE('',#5338,#5338,#984,.T.);
#6412=EDGE_CURVE('',#5339,#5339,#985,.T.);
#6413=EDGE_CURVE('',#5340,#5340,#986,.T.);
#6414=EDGE_CURVE('',#5341,#5341,#987,.T.);
#6415=EDGE_CURVE('',#5342,#5342,#988,.T.);
#6416=EDGE_CURVE('',#5343,#5343,#989,.T.);
#6417=EDGE_CURVE('',#5344,#5344,#990,.T.);
#6418=EDGE_CURVE('',#5345,#5345,#991,.T.);
#6419=EDGE_CURVE('',#5346,#5346,#992,.T.);
#6420=EDGE_CURVE('',#5347,#5347,#993,.T.);
#6421=EDGE_CURVE('',#5348,#5348,#994,.T.);
#6422=EDGE_CURVE('',#5349,#5349,#995,.T.);
#6423=EDGE_CURVE('',#5350,#5350,#996,.T.);
#6424=EDGE_CURVE('',#5351,#5351,#997,.T.);
#6425=EDGE_CURVE('',#5352,#5352,#998,.T.);
#6426=EDGE_CURVE('',#5353,#5353,#999,.T.);
#6427=EDGE_CURVE('',#5354,#5354,#1000,.T.);
#6428=EDGE_CURVE('',#5355,#5355,#1001,.T.);
#6429=EDGE_CURVE('',#5356,#5356,#1002,.T.);
#6430=EDGE_CURVE('',#5357,#5357,#1003,.T.);
#6431=EDGE_CURVE('',#5358,#5358,#1004,.T.);
#6432=EDGE_CURVE('',#5359,#5359,#1005,.T.);
#6433=EDGE_CURVE('',#5360,#5360,#1006,.T.);
#6434=EDGE_CURVE('',#5361,#5361,#1007,.T.);
#6435=EDGE_CURVE('',#5362,#5362,#1008,.T.);
#6436=EDGE_CURVE('',#5363,#5363,#1009,.T.);
#6437=EDGE_CURVE('',#5364,#5364,#1010,.T.);
#6438=EDGE_CURVE('',#5365,#5365,#1011,.T.);
#6439=EDGE_CURVE('',#5366,#5366,#1012,.T.);
#6440=EDGE_CURVE('',#5367,#5367,#1013,.T.);
#6441=EDGE_CURVE('',#5368,#5368,#1014,.T.);
#6442=EDGE_CURVE('',#5369,#5369,#1015,.T.);
#6443=EDGE_CURVE('',#5370,#5370,#1016,.T.);
#6444=EDGE_CURVE('',#5371,#5371,#1017,.T.);
#6445=EDGE_CURVE('',#5372,#5372,#1018,.T.);
#6446=EDGE_CURVE('',#5373,#5373,#1019,.T.);
#6447=EDGE_CURVE('',#5374,#5374,#1020,.T.);
#6448=EDGE_CURVE('',#5375,#5375,#1021,.T.);
#6449=EDGE_CURVE('',#5376,#5376,#1022,.T.);
#6450=EDGE_CURVE('',#5377,#5377,#1023,.T.);
#6451=EDGE_CURVE('',#5378,#5378,#1024,.T.);
#6452=EDGE_CURVE('',#5379,#5379,#1025,.T.);
#6453=EDGE_CURVE('',#5380,#5380,#1026,.T.);
#6454=EDGE_CURVE('',#5381,#5381,#1027,.T.);
#6455=EDGE_CURVE('',#5382,#5382,#1028,.T.);
#6456=EDGE_CURVE('',#5383,#5383,#1029,.T.);
#6457=EDGE_CURVE('',#5384,#5384,#1030,.T.);
#6458=EDGE_CURVE('',#5385,#5385,#1031,.T.);
#6459=EDGE_CURVE('',#5386,#5386,#1032,.T.);
#6460=EDGE_CURVE('',#5387,#5387,#1033,.T.);
#6461=EDGE_CURVE('',#5388,#5388,#1034,.T.);
#6462=EDGE_CURVE('',#5389,#5389,#1035,.T.);
#6463=EDGE_CURVE('',#5390,#5390,#1036,.T.);
#6464=EDGE_CURVE('',#5391,#5391,#1037,.T.);
#6465=EDGE_CURVE('',#5392,#5392,#1038,.T.);
#6466=EDGE_CURVE('',#5393,#5393,#1039,.T.);
#6467=EDGE_CURVE('',#5394,#5394,#1040,.T.);
#6468=EDGE_CURVE('',#5395,#5395,#1041,.T.);
#6469=EDGE_CURVE('',#5396,#5396,#1042,.T.);
#6470=EDGE_CURVE('',#5397,#5397,#1043,.T.);
#6471=EDGE_CURVE('',#5398,#5398,#1044,.T.);
#6472=EDGE_CURVE('',#5399,#5399,#1045,.T.);
#6473=EDGE_CURVE('',#5400,#5400,#1046,.T.);
#6474=EDGE_CURVE('',#5401,#5401,#1047,.T.);
#6475=EDGE_CURVE('',#5402,#5402,#1048,.T.);
#6476=EDGE_CURVE('',#5403,#5403,#1049,.T.);
#6477=EDGE_CURVE('',#5404,#5404,#1050,.T.);
#6478=EDGE_CURVE('',#5405,#5405,#1051,.T.);
#6479=EDGE_CURVE('',#5406,#5406,#1052,.T.);
#6480=EDGE_CURVE('',#5407,#5407,#1053,.T.);
#6481=EDGE_CURVE('',#5408,#5408,#1054,.T.);
#6482=EDGE_CURVE('',#5409,#5409,#1055,.T.);
#6483=EDGE_CURVE('',#5410,#5410,#1056,.T.);
#6484=EDGE_CURVE('',#5411,#5411,#1057,.T.);
#6485=EDGE_CURVE('',#5412,#5412,#1058,.T.);
#6486=EDGE_CURVE('',#5413,#5413,#1059,.T.);
#6487=EDGE_CURVE('',#5414,#5414,#1060,.T.);
#6488=EDGE_CURVE('',#5415,#5415,#1061,.T.);
#6489=EDGE_CURVE('',#5416,#5416,#1062,.T.);
#6490=EDGE_CURVE('',#5417,#5417,#1063,.T.);
#6491=EDGE_CURVE('',#5418,#5418,#1064,.T.);
#6492=EDGE_CURVE('',#5419,#5419,#1065,.T.);
#6493=EDGE_CURVE('',#5420,#5420,#1066,.T.);
#6494=EDGE_CURVE('',#5421,#5421,#1067,.T.);
#6495=EDGE_CURVE('',#5422,#5422,#1068,.T.);
#6496=EDGE_CURVE('',#5423,#5423,#1069,.T.);
#6497=EDGE_CURVE('',#5424,#5424,#1070,.T.);
#6498=EDGE_CURVE('',#5425,#5425,#1071,.T.);
#6499=EDGE_CURVE('',#5426,#5426,#1072,.T.);
#6500=EDGE_CURVE('',#5427,#5427,#1073,.T.);
#6501=EDGE_CURVE('',#5428,#5428,#1074,.T.);
#6502=EDGE_CURVE('',#5429,#5429,#1075,.T.);
#6503=EDGE_CURVE('',#5430,#5430,#1076,.T.);
#6504=EDGE_CURVE('',#5431,#5431,#1077,.T.);
#6505=EDGE_CURVE('',#5432,#5432,#1078,.T.);
#6506=EDGE_CURVE('',#5433,#5433,#1079,.T.);
#6507=EDGE_CURVE('',#5434,#5434,#1080,.T.);
#6508=EDGE_CURVE('',#5435,#5435,#1081,.T.);
#6509=EDGE_CURVE('',#5436,#5436,#1082,.T.);
#6510=EDGE_CURVE('',#5437,#5437,#1083,.T.);
#6511=EDGE_CURVE('',#5438,#5438,#1084,.T.);
#6512=EDGE_CURVE('',#5439,#5439,#1085,.T.);
#6513=EDGE_CURVE('',#5440,#5440,#1086,.T.);
#6514=EDGE_CURVE('',#5441,#5441,#1087,.T.);
#6515=EDGE_CURVE('',#5442,#5442,#1088,.T.);
#6516=EDGE_CURVE('',#5443,#5443,#1089,.T.);
#6517=EDGE_CURVE('',#5444,#5444,#1090,.T.);
#6518=EDGE_CURVE('',#5445,#5445,#1091,.T.);
#6519=EDGE_CURVE('',#5446,#5446,#1092,.T.);
#6520=EDGE_CURVE('',#5447,#5447,#1093,.T.);
#6521=EDGE_CURVE('',#5448,#5448,#1094,.T.);
#6522=EDGE_CURVE('',#5449,#5449,#1095,.T.);
#6523=EDGE_CURVE('',#5450,#5450,#1096,.T.);
#6524=EDGE_CURVE('',#5451,#5451,#1097,.T.);
#6525=EDGE_CURVE('',#5452,#5452,#1098,.T.);
#6526=EDGE_CURVE('',#5453,#5453,#1099,.T.);
#6527=EDGE_CURVE('',#5454,#5454,#1100,.T.);
#6528=EDGE_CURVE('',#5455,#5455,#1101,.T.);
#6529=EDGE_CURVE('',#5456,#5456,#1102,.T.);
#6530=EDGE_CURVE('',#5457,#5457,#1103,.T.);
#6531=EDGE_CURVE('',#5458,#5458,#1104,.T.);
#6532=EDGE_CURVE('',#5459,#5459,#1105,.T.);
#6533=EDGE_CURVE('',#5460,#5460,#1106,.T.);
#6534=EDGE_CURVE('',#5461,#5461,#1107,.T.);
#6535=EDGE_CURVE('',#5462,#5462,#1108,.T.);
#6536=EDGE_CURVE('',#5463,#5463,#1109,.T.);
#6537=EDGE_CURVE('',#5464,#5464,#1110,.T.);
#6538=EDGE_CURVE('',#5465,#5465,#1111,.T.);
#6539=EDGE_CURVE('',#5466,#5466,#1112,.T.);
#6540=EDGE_CURVE('',#5467,#5467,#1113,.T.);
#6541=EDGE_CURVE('',#5468,#5468,#1114,.T.);
#6542=EDGE_CURVE('',#5469,#5469,#1115,.T.);
#6543=EDGE_CURVE('',#5470,#5470,#1116,.T.);
#6544=EDGE_CURVE('',#5471,#5471,#1117,.T.);
#6545=EDGE_CURVE('',#5472,#5472,#1118,.T.);
#6546=EDGE_CURVE('',#5473,#5473,#1119,.T.);
#6547=EDGE_CURVE('',#5474,#5474,#1120,.T.);
#6548=EDGE_CURVE('',#5475,#5475,#1121,.T.);
#6549=EDGE_CURVE('',#5476,#5476,#1122,.T.);
#6550=EDGE_CURVE('',#5477,#5477,#1123,.T.);
#6551=EDGE_CURVE('',#5478,#5478,#1124,.T.);
#6552=EDGE_CURVE('',#5479,#5479,#1125,.T.);
#6553=EDGE_CURVE('',#5480,#5480,#1126,.T.);
#6554=EDGE_CURVE('',#5481,#5481,#1127,.T.);
#6555=EDGE_CURVE('',#5482,#5482,#1128,.T.);
#6556=EDGE_CURVE('',#5483,#5483,#1129,.T.);
#6557=EDGE_CURVE('',#5484,#5484,#1130,.T.);
#6558=EDGE_CURVE('',#5299,#5298,#3678,.T.);
#6559=EDGE_CURVE('',#5485,#5485,#1131,.T.);
#6560=EDGE_CURVE('',#5486,#5486,#1132,.T.);
#6561=EDGE_CURVE('',#5487,#5487,#1133,.T.);
#6562=EDGE_CURVE('',#5488,#5488,#1134,.T.);
#6563=EDGE_CURVE('',#5489,#5489,#1135,.T.);
#6564=EDGE_CURVE('',#5490,#5490,#1136,.T.);
#6565=EDGE_CURVE('',#5491,#5491,#1137,.T.);
#6566=EDGE_CURVE('',#5492,#5492,#1138,.T.);
#6567=EDGE_CURVE('',#5493,#5493,#1139,.T.);
#6568=EDGE_CURVE('',#5494,#5494,#1140,.T.);
#6569=EDGE_CURVE('',#5495,#5495,#1141,.T.);
#6570=EDGE_CURVE('',#5496,#5496,#1142,.T.);
#6571=EDGE_CURVE('',#5497,#5497,#1143,.T.);
#6572=EDGE_CURVE('',#5498,#5498,#1144,.T.);
#6573=EDGE_CURVE('',#5499,#5499,#1145,.T.);
#6574=EDGE_CURVE('',#5500,#5500,#1146,.T.);
#6575=EDGE_CURVE('',#5501,#5501,#1147,.T.);
#6576=EDGE_CURVE('',#5502,#5502,#1148,.T.);
#6577=EDGE_CURVE('',#5503,#5503,#1149,.T.);
#6578=EDGE_CURVE('',#5504,#5504,#1150,.T.);
#6579=EDGE_CURVE('',#5505,#5505,#1151,.T.);
#6580=EDGE_CURVE('',#5506,#5506,#1152,.T.);
#6581=EDGE_CURVE('',#5507,#5507,#1153,.T.);
#6582=EDGE_CURVE('',#5508,#5508,#1154,.T.);
#6583=EDGE_CURVE('',#5509,#5509,#1155,.T.);
#6584=EDGE_CURVE('',#5510,#5510,#1156,.T.);
#6585=EDGE_CURVE('',#5511,#5511,#1157,.T.);
#6586=EDGE_CURVE('',#5512,#5512,#1158,.T.);
#6587=EDGE_CURVE('',#5513,#5513,#1159,.T.);
#6588=EDGE_CURVE('',#5514,#5514,#1160,.T.);
#6589=EDGE_CURVE('',#5515,#5515,#1161,.T.);
#6590=EDGE_CURVE('',#5516,#5516,#1162,.T.);
#6591=EDGE_CURVE('',#5517,#5517,#1163,.T.);
#6592=EDGE_CURVE('',#5518,#5518,#1164,.T.);
#6593=EDGE_CURVE('',#5519,#5519,#1165,.T.);
#6594=EDGE_CURVE('',#5520,#5520,#1166,.T.);
#6595=EDGE_CURVE('',#5521,#5521,#1167,.T.);
#6596=EDGE_CURVE('',#5522,#5522,#1168,.T.);
#6597=EDGE_CURVE('',#5523,#5523,#1169,.T.);
#6598=EDGE_CURVE('',#5524,#5524,#1170,.T.);
#6599=EDGE_CURVE('',#5525,#5525,#1171,.T.);
#6600=EDGE_CURVE('',#5526,#5526,#1172,.T.);
#6601=EDGE_CURVE('',#5527,#5527,#1173,.T.);
#6602=EDGE_CURVE('',#5528,#5528,#1174,.T.);
#6603=EDGE_CURVE('',#5529,#5529,#1175,.T.);
#6604=EDGE_CURVE('',#5530,#5530,#1176,.T.);
#6605=EDGE_CURVE('',#5531,#5531,#1177,.T.);
#6606=EDGE_CURVE('',#5532,#5532,#1178,.T.);
#6607=EDGE_CURVE('',#5533,#5533,#1179,.T.);
#6608=EDGE_CURVE('',#5534,#5534,#1180,.T.);
#6609=EDGE_CURVE('',#5535,#5535,#1181,.T.);
#6610=EDGE_CURVE('',#5536,#5536,#1182,.T.);
#6611=EDGE_CURVE('',#5537,#5537,#1183,.T.);
#6612=EDGE_CURVE('',#5538,#5538,#1184,.T.);
#6613=EDGE_CURVE('',#5539,#5539,#1185,.T.);
#6614=EDGE_CURVE('',#5540,#5540,#1186,.T.);
#6615=EDGE_CURVE('',#5541,#5541,#1187,.T.);
#6616=EDGE_CURVE('',#5542,#5542,#1188,.T.);
#6617=EDGE_CURVE('',#5543,#5543,#1189,.T.);
#6618=EDGE_CURVE('',#5544,#5544,#1190,.T.);
#6619=EDGE_CURVE('',#5545,#5545,#1191,.T.);
#6620=EDGE_CURVE('',#5546,#5546,#1192,.T.);
#6621=EDGE_CURVE('',#5547,#5547,#1193,.T.);
#6622=EDGE_CURVE('',#5548,#5548,#1194,.T.);
#6623=EDGE_CURVE('',#5549,#5549,#1195,.T.);
#6624=EDGE_CURVE('',#5550,#5550,#1196,.T.);
#6625=EDGE_CURVE('',#5551,#5551,#1197,.T.);
#6626=EDGE_CURVE('',#5552,#5552,#1198,.T.);
#6627=EDGE_CURVE('',#5553,#5553,#1199,.T.);
#6628=EDGE_CURVE('',#5554,#5554,#1200,.T.);
#6629=EDGE_CURVE('',#5555,#5555,#1201,.T.);
#6630=EDGE_CURVE('',#5556,#5556,#1202,.T.);
#6631=EDGE_CURVE('',#5557,#5557,#1203,.T.);
#6632=EDGE_CURVE('',#5558,#5558,#1204,.T.);
#6633=EDGE_CURVE('',#5559,#5559,#1205,.T.);
#6634=EDGE_CURVE('',#5560,#5560,#1206,.T.);
#6635=EDGE_CURVE('',#5561,#5561,#1207,.T.);
#6636=EDGE_CURVE('',#5562,#5562,#1208,.T.);
#6637=EDGE_CURVE('',#5563,#5563,#1209,.T.);
#6638=EDGE_CURVE('',#5564,#5564,#1210,.T.);
#6639=EDGE_CURVE('',#5565,#5565,#1211,.T.);
#6640=EDGE_CURVE('',#5566,#5566,#1212,.T.);
#6641=EDGE_CURVE('',#5567,#5567,#1213,.T.);
#6642=EDGE_CURVE('',#5568,#5568,#1214,.T.);
#6643=EDGE_CURVE('',#5569,#5569,#1215,.T.);
#6644=EDGE_CURVE('',#5570,#5570,#1216,.T.);
#6645=EDGE_CURVE('',#5571,#5571,#1217,.T.);
#6646=EDGE_CURVE('',#5572,#5572,#1218,.T.);
#6647=EDGE_CURVE('',#5573,#5573,#1219,.T.);
#6648=EDGE_CURVE('',#5574,#5574,#1220,.T.);
#6649=EDGE_CURVE('',#5575,#5575,#1221,.T.);
#6650=EDGE_CURVE('',#5576,#5576,#1222,.T.);
#6651=EDGE_CURVE('',#5577,#5577,#1223,.T.);
#6652=EDGE_CURVE('',#5578,#5578,#1224,.T.);
#6653=EDGE_CURVE('',#5579,#5579,#1225,.T.);
#6654=EDGE_CURVE('',#5580,#5580,#1226,.T.);
#6655=EDGE_CURVE('',#5581,#5581,#1227,.T.);
#6656=EDGE_CURVE('',#5582,#5582,#1228,.T.);
#6657=EDGE_CURVE('',#5583,#5583,#1229,.T.);
#6658=EDGE_CURVE('',#5584,#5584,#1230,.T.);
#6659=EDGE_CURVE('',#5585,#5585,#1231,.T.);
#6660=EDGE_CURVE('',#5586,#5586,#1232,.T.);
#6661=EDGE_CURVE('',#5587,#5587,#1233,.T.);
#6662=EDGE_CURVE('',#5588,#5588,#1234,.T.);
#6663=EDGE_CURVE('',#5589,#5589,#1235,.T.);
#6664=EDGE_CURVE('',#5590,#5590,#1236,.T.);
#6665=EDGE_CURVE('',#5591,#5591,#1237,.T.);
#6666=EDGE_CURVE('',#5592,#5592,#1238,.T.);
#6667=EDGE_CURVE('',#5593,#5593,#1239,.T.);
#6668=EDGE_CURVE('',#5594,#5594,#1240,.T.);
#6669=EDGE_CURVE('',#5595,#5595,#1241,.T.);
#6670=EDGE_CURVE('',#5596,#5596,#1242,.T.);
#6671=EDGE_CURVE('',#5597,#5597,#1243,.T.);
#6672=EDGE_CURVE('',#5598,#5598,#1244,.T.);
#6673=EDGE_CURVE('',#5599,#5599,#1245,.T.);
#6674=EDGE_CURVE('',#5600,#5600,#1246,.T.);
#6675=EDGE_CURVE('',#5601,#5601,#1247,.T.);
#6676=EDGE_CURVE('',#5602,#5602,#1248,.T.);
#6677=EDGE_CURVE('',#5603,#5603,#1249,.T.);
#6678=EDGE_CURVE('',#5604,#5604,#1250,.T.);
#6679=EDGE_CURVE('',#5605,#5605,#1251,.T.);
#6680=EDGE_CURVE('',#5606,#5606,#1252,.T.);
#6681=EDGE_CURVE('',#5607,#5607,#1253,.T.);
#6682=EDGE_CURVE('',#5608,#5608,#1254,.T.);
#6683=EDGE_CURVE('',#5609,#5609,#1255,.T.);
#6684=EDGE_CURVE('',#5610,#5610,#1256,.T.);
#6685=EDGE_CURVE('',#5611,#5611,#1257,.T.);
#6686=EDGE_CURVE('',#5612,#5612,#1258,.T.);
#6687=EDGE_CURVE('',#5613,#5613,#1259,.T.);
#6688=EDGE_CURVE('',#5614,#5614,#1260,.T.);
#6689=EDGE_CURVE('',#5615,#5615,#1261,.T.);
#6690=EDGE_CURVE('',#5616,#5616,#1262,.T.);
#6691=EDGE_CURVE('',#5617,#5617,#1263,.T.);
#6692=EDGE_CURVE('',#5618,#5618,#1264,.T.);
#6693=EDGE_CURVE('',#5619,#5619,#1265,.T.);
#6694=EDGE_CURVE('',#5620,#5620,#1266,.T.);
#6695=EDGE_CURVE('',#5621,#5621,#1267,.T.);
#6696=EDGE_CURVE('',#5622,#5622,#1268,.T.);
#6697=EDGE_CURVE('',#5623,#5623,#1269,.T.);
#6698=EDGE_CURVE('',#5624,#5624,#1270,.T.);
#6699=EDGE_CURVE('',#5625,#5625,#1271,.T.);
#6700=EDGE_CURVE('',#5626,#5626,#1272,.T.);
#6701=EDGE_CURVE('',#5627,#5627,#1273,.T.);
#6702=EDGE_CURVE('',#5628,#5628,#1274,.T.);
#6703=EDGE_CURVE('',#5629,#5629,#1275,.T.);
#6704=EDGE_CURVE('',#5630,#5630,#1276,.T.);
#6705=EDGE_CURVE('',#5631,#5631,#1277,.T.);
#6706=EDGE_CURVE('',#5632,#5632,#1278,.T.);
#6707=EDGE_CURVE('',#5633,#5633,#1279,.T.);
#6708=EDGE_CURVE('',#5634,#5634,#1280,.T.);
#6709=EDGE_CURVE('',#5635,#5635,#1281,.T.);
#6710=EDGE_CURVE('',#5636,#5636,#1282,.T.);
#6711=EDGE_CURVE('',#5637,#5637,#1283,.T.);
#6712=EDGE_CURVE('',#5638,#5638,#1284,.T.);
#6713=EDGE_CURVE('',#5639,#5639,#1285,.T.);
#6714=EDGE_CURVE('',#5640,#5640,#1286,.T.);
#6715=EDGE_CURVE('',#5641,#5641,#1287,.T.);
#6716=EDGE_CURVE('',#5642,#5642,#1288,.T.);
#6717=EDGE_CURVE('',#5643,#5643,#1289,.T.);
#6718=EDGE_CURVE('',#5644,#5644,#1290,.T.);
#6719=EDGE_CURVE('',#5645,#5645,#1291,.T.);
#6720=EDGE_CURVE('',#5646,#5646,#1292,.T.);
#6721=EDGE_CURVE('',#5647,#5647,#1293,.T.);
#6722=EDGE_CURVE('',#5648,#5648,#1294,.T.);
#6723=EDGE_CURVE('',#5649,#5649,#1295,.T.);
#6724=EDGE_CURVE('',#5650,#5650,#1296,.T.);
#6725=EDGE_CURVE('',#5651,#5651,#1297,.T.);
#6726=EDGE_CURVE('',#5652,#5652,#1298,.T.);
#6727=EDGE_CURVE('',#5653,#5653,#1299,.T.);
#6728=EDGE_CURVE('',#5654,#5654,#1300,.T.);
#6729=EDGE_CURVE('',#5655,#5655,#1301,.T.);
#6730=EDGE_CURVE('',#5656,#5656,#1302,.T.);
#6731=EDGE_CURVE('',#5657,#5657,#1303,.T.);
#6732=EDGE_CURVE('',#5658,#5658,#1304,.T.);
#6733=EDGE_CURVE('',#5659,#5659,#1305,.T.);
#6734=EDGE_CURVE('',#5660,#5660,#1306,.T.);
#6735=EDGE_CURVE('',#5661,#5661,#1307,.T.);
#6736=EDGE_CURVE('',#5662,#5662,#1308,.T.);
#6737=EDGE_CURVE('',#5663,#5663,#1309,.T.);
#6738=EDGE_CURVE('',#5664,#5664,#1310,.T.);
#6739=EDGE_CURVE('',#5665,#5665,#1311,.T.);
#6740=EDGE_CURVE('',#5666,#5666,#1312,.T.);
#6741=EDGE_CURVE('',#5667,#5667,#1313,.T.);
#6742=EDGE_CURVE('',#5668,#5668,#1314,.T.);
#6743=EDGE_CURVE('',#5485,#5301,#3679,.T.);
#6744=EDGE_CURVE('',#5486,#5302,#3680,.T.);
#6745=EDGE_CURVE('',#5487,#5303,#3681,.T.);
#6746=EDGE_CURVE('',#5488,#5304,#3682,.T.);
#6747=EDGE_CURVE('',#5489,#5305,#3683,.T.);
#6748=EDGE_CURVE('',#5490,#5306,#3684,.T.);
#6749=EDGE_CURVE('',#5491,#5307,#3685,.T.);
#6750=EDGE_CURVE('',#5492,#5308,#3686,.T.);
#6751=EDGE_CURVE('',#5493,#5309,#3687,.T.);
#6752=EDGE_CURVE('',#5494,#5310,#3688,.T.);
#6753=EDGE_CURVE('',#5495,#5311,#3689,.T.);
#6754=EDGE_CURVE('',#5496,#5312,#3690,.T.);
#6755=EDGE_CURVE('',#5497,#5313,#3691,.T.);
#6756=EDGE_CURVE('',#5498,#5314,#3692,.T.);
#6757=EDGE_CURVE('',#5499,#5315,#3693,.T.);
#6758=EDGE_CURVE('',#5500,#5316,#3694,.T.);
#6759=EDGE_CURVE('',#5501,#5317,#3695,.T.);
#6760=EDGE_CURVE('',#5502,#5318,#3696,.T.);
#6761=EDGE_CURVE('',#5503,#5319,#3697,.T.);
#6762=EDGE_CURVE('',#5504,#5320,#3698,.T.);
#6763=EDGE_CURVE('',#5505,#5321,#3699,.T.);
#6764=EDGE_CURVE('',#5506,#5322,#3700,.T.);
#6765=EDGE_CURVE('',#5507,#5323,#3701,.T.);
#6766=EDGE_CURVE('',#5508,#5324,#3702,.T.);
#6767=EDGE_CURVE('',#5509,#5325,#3703,.T.);
#6768=EDGE_CURVE('',#5510,#5326,#3704,.T.);
#6769=EDGE_CURVE('',#5511,#5327,#3705,.T.);
#6770=EDGE_CURVE('',#5512,#5328,#3706,.T.);
#6771=EDGE_CURVE('',#5513,#5329,#3707,.T.);
#6772=EDGE_CURVE('',#5514,#5330,#3708,.T.);
#6773=EDGE_CURVE('',#5515,#5331,#3709,.T.);
#6774=EDGE_CURVE('',#5516,#5332,#3710,.T.);
#6775=EDGE_CURVE('',#5517,#5333,#3711,.T.);
#6776=EDGE_CURVE('',#5518,#5334,#3712,.T.);
#6777=EDGE_CURVE('',#5519,#5335,#3713,.T.);
#6778=EDGE_CURVE('',#5520,#5336,#3714,.T.);
#6779=EDGE_CURVE('',#5521,#5337,#3715,.T.);
#6780=EDGE_CURVE('',#5522,#5338,#3716,.T.);
#6781=EDGE_CURVE('',#5523,#5339,#3717,.T.);
#6782=EDGE_CURVE('',#5524,#5340,#3718,.T.);
#6783=EDGE_CURVE('',#5525,#5341,#3719,.T.);
#6784=EDGE_CURVE('',#5526,#5342,#3720,.T.);
#6785=EDGE_CURVE('',#5527,#5343,#3721,.T.);
#6786=EDGE_CURVE('',#5528,#5344,#3722,.T.);
#6787=EDGE_CURVE('',#5529,#5345,#3723,.T.);
#6788=EDGE_CURVE('',#5530,#5346,#3724,.T.);
#6789=EDGE_CURVE('',#5531,#5347,#3725,.T.);
#6790=EDGE_CURVE('',#5532,#5348,#3726,.T.);
#6791=EDGE_CURVE('',#5533,#5349,#3727,.T.);
#6792=EDGE_CURVE('',#5534,#5350,#3728,.T.);
#6793=EDGE_CURVE('',#5535,#5351,#3729,.T.);
#6794=EDGE_CURVE('',#5536,#5352,#3730,.T.);
#6795=EDGE_CURVE('',#5537,#5353,#3731,.T.);
#6796=EDGE_CURVE('',#5538,#5354,#3732,.T.);
#6797=EDGE_CURVE('',#5539,#5355,#3733,.T.);
#6798=EDGE_CURVE('',#5540,#5356,#3734,.T.);
#6799=EDGE_CURVE('',#5541,#5357,#3735,.T.);
#6800=EDGE_CURVE('',#5542,#5358,#3736,.T.);
#6801=EDGE_CURVE('',#5543,#5359,#3737,.T.);
#6802=EDGE_CURVE('',#5544,#5360,#3738,.T.);
#6803=EDGE_CURVE('',#5545,#5361,#3739,.T.);
#6804=EDGE_CURVE('',#5546,#5362,#3740,.T.);
#6805=EDGE_CURVE('',#5547,#5363,#3741,.T.);
#6806=EDGE_CURVE('',#5548,#5364,#3742,.T.);
#6807=EDGE_CURVE('',#5549,#5365,#3743,.T.);
#6808=EDGE_CURVE('',#5550,#5366,#3744,.T.);
#6809=EDGE_CURVE('',#5551,#5367,#3745,.T.);
#6810=EDGE_CURVE('',#5552,#5368,#3746,.T.);
#6811=EDGE_CURVE('',#5553,#5369,#3747,.T.);
#6812=EDGE_CURVE('',#5554,#5370,#3748,.T.);
#6813=EDGE_CURVE('',#5555,#5371,#3749,.T.);
#6814=EDGE_CURVE('',#5556,#5372,#3750,.T.);
#6815=EDGE_CURVE('',#5557,#5373,#3751,.T.);
#6816=EDGE_CURVE('',#5558,#5374,#3752,.T.);
#6817=EDGE_CURVE('',#5559,#5375,#3753,.T.);
#6818=EDGE_CURVE('',#5560,#5376,#3754,.T.);
#6819=EDGE_CURVE('',#5561,#5377,#3755,.T.);
#6820=EDGE_CURVE('',#5562,#5378,#3756,.T.);
#6821=EDGE_CURVE('',#5563,#5379,#3757,.T.);
#6822=EDGE_CURVE('',#5564,#5380,#3758,.T.);
#6823=EDGE_CURVE('',#5565,#5381,#3759,.T.);
#6824=EDGE_CURVE('',#5566,#5382,#3760,.T.);
#6825=EDGE_CURVE('',#5567,#5383,#3761,.T.);
#6826=EDGE_CURVE('',#5568,#5384,#3762,.T.);
#6827=EDGE_CURVE('',#5569,#5385,#3763,.T.);
#6828=EDGE_CURVE('',#5570,#5386,#3764,.T.);
#6829=EDGE_CURVE('',#5571,#5387,#3765,.T.);
#6830=EDGE_CURVE('',#5572,#5388,#3766,.T.);
#6831=EDGE_CURVE('',#5573,#5389,#3767,.T.);
#6832=EDGE_CURVE('',#5574,#5390,#3768,.T.);
#6833=EDGE_CURVE('',#5575,#5391,#3769,.T.);
#6834=EDGE_CURVE('',#5576,#5392,#3770,.T.);
#6835=EDGE_CURVE('',#5577,#5393,#3771,.T.);
#6836=EDGE_CURVE('',#5578,#5394,#3772,.T.);
#6837=EDGE_CURVE('',#5579,#5395,#3773,.T.);
#6838=EDGE_CURVE('',#5580,#5396,#3774,.T.);
#6839=EDGE_CURVE('',#5581,#5397,#3775,.T.);
#6840=EDGE_CURVE('',#5582,#5398,#3776,.T.);
#6841=EDGE_CURVE('',#5583,#5399,#3777,.T.);
#6842=EDGE_CURVE('',#5584,#5400,#3778,.T.);
#6843=EDGE_CURVE('',#5585,#5401,#3779,.T.);
#6844=EDGE_CURVE('',#5586,#5402,#3780,.T.);
#6845=EDGE_CURVE('',#5587,#5403,#3781,.T.);
#6846=EDGE_CURVE('',#5588,#5404,#3782,.T.);
#6847=EDGE_CURVE('',#5589,#5405,#3783,.T.);
#6848=EDGE_CURVE('',#5590,#5406,#3784,.T.);
#6849=EDGE_CURVE('',#5591,#5407,#3785,.T.);
#6850=EDGE_CURVE('',#5592,#5408,#3786,.T.);
#6851=EDGE_CURVE('',#5593,#5409,#3787,.T.);
#6852=EDGE_CURVE('',#5594,#5410,#3788,.T.);
#6853=EDGE_CURVE('',#5595,#5411,#3789,.T.);
#6854=EDGE_CURVE('',#5596,#5412,#3790,.T.);
#6855=EDGE_CURVE('',#5597,#5413,#3791,.T.);
#6856=EDGE_CURVE('',#5598,#5414,#3792,.T.);
#6857=EDGE_CURVE('',#5599,#5415,#3793,.T.);
#6858=EDGE_CURVE('',#5600,#5416,#3794,.T.);
#6859=EDGE_CURVE('',#5601,#5417,#3795,.T.);
#6860=EDGE_CURVE('',#5602,#5418,#3796,.T.);
#6861=EDGE_CURVE('',#5603,#5419,#3797,.T.);
#6862=EDGE_CURVE('',#5604,#5420,#3798,.T.);
#6863=EDGE_CURVE('',#5605,#5421,#3799,.T.);
#6864=EDGE_CURVE('',#5606,#5422,#3800,.T.);
#6865=EDGE_CURVE('',#5607,#5423,#3801,.T.);
#6866=EDGE_CURVE('',#5608,#5424,#3802,.T.);
#6867=EDGE_CURVE('',#5609,#5425,#3803,.T.);
#6868=EDGE_CURVE('',#5610,#5426,#3804,.T.);
#6869=EDGE_CURVE('',#5611,#5427,#3805,.T.);
#6870=EDGE_CURVE('',#5612,#5428,#3806,.T.);
#6871=EDGE_CURVE('',#5613,#5429,#3807,.T.);
#6872=EDGE_CURVE('',#5614,#5430,#3808,.T.);
#6873=EDGE_CURVE('',#5615,#5431,#3809,.T.);
#6874=EDGE_CURVE('',#5616,#5432,#3810,.T.);
#6875=EDGE_CURVE('',#5617,#5433,#3811,.T.);
#6876=EDGE_CURVE('',#5618,#5434,#3812,.T.);
#6877=EDGE_CURVE('',#5619,#5435,#3813,.T.);
#6878=EDGE_CURVE('',#5620,#5436,#3814,.T.);
#6879=EDGE_CURVE('',#5621,#5437,#3815,.T.);
#6880=EDGE_CURVE('',#5622,#5438,#3816,.T.);
#6881=EDGE_CURVE('',#5623,#5439,#3817,.T.);
#6882=EDGE_CURVE('',#5624,#5440,#3818,.T.);
#6883=EDGE_CURVE('',#5625,#5441,#3819,.T.);
#6884=EDGE_CURVE('',#5626,#5442,#3820,.T.);
#6885=EDGE_CURVE('',#5627,#5443,#3821,.T.);
#6886=EDGE_CURVE('',#5628,#5444,#3822,.T.);
#6887=EDGE_CURVE('',#5629,#5445,#3823,.T.);
#6888=EDGE_CURVE('',#5630,#5446,#3824,.T.);
#6889=EDGE_CURVE('',#5631,#5447,#3825,.T.);
#6890=EDGE_CURVE('',#5632,#5448,#3826,.T.);
#6891=EDGE_CURVE('',#5633,#5449,#3827,.T.);
#6892=EDGE_CURVE('',#5634,#5450,#3828,.T.);
#6893=EDGE_CURVE('',#5635,#5451,#3829,.T.);
#6894=EDGE_CURVE('',#5636,#5452,#3830,.T.);
#6895=EDGE_CURVE('',#5637,#5453,#3831,.T.);
#6896=EDGE_CURVE('',#5638,#5454,#3832,.T.);
#6897=EDGE_CURVE('',#5639,#5455,#3833,.T.);
#6898=EDGE_CURVE('',#5640,#5456,#3834,.T.);
#6899=EDGE_CURVE('',#5641,#5457,#3835,.T.);
#6900=EDGE_CURVE('',#5642,#5458,#3836,.T.);
#6901=EDGE_CURVE('',#5643,#5459,#3837,.T.);
#6902=EDGE_CURVE('',#5644,#5460,#3838,.T.);
#6903=EDGE_CURVE('',#5645,#5461,#3839,.T.);
#6904=EDGE_CURVE('',#5646,#5462,#3840,.T.);
#6905=EDGE_CURVE('',#5647,#5463,#3841,.T.);
#6906=EDGE_CURVE('',#5648,#5464,#3842,.T.);
#6907=EDGE_CURVE('',#5649,#5465,#3843,.T.);
#6908=EDGE_CURVE('',#5650,#5466,#3844,.T.);
#6909=EDGE_CURVE('',#5651,#5467,#3845,.T.);
#6910=EDGE_CURVE('',#5652,#5468,#3846,.T.);
#6911=EDGE_CURVE('',#5653,#5469,#3847,.T.);
#6912=EDGE_CURVE('',#5654,#5470,#3848,.T.);
#6913=EDGE_CURVE('',#5655,#5471,#3849,.T.);
#6914=EDGE_CURVE('',#5656,#5472,#3850,.T.);
#6915=EDGE_CURVE('',#5657,#5473,#3851,.T.);
#6916=EDGE_CURVE('',#5658,#5474,#3852,.T.);
#6917=EDGE_CURVE('',#5659,#5475,#3853,.T.);
#6918=EDGE_CURVE('',#5660,#5476,#3854,.T.);
#6919=EDGE_CURVE('',#5661,#5477,#3855,.T.);
#6920=EDGE_CURVE('',#5662,#5478,#3856,.T.);
#6921=EDGE_CURVE('',#5663,#5479,#3857,.T.);
#6922=EDGE_CURVE('',#5664,#5480,#3858,.T.);
#6923=EDGE_CURVE('',#5665,#5481,#3859,.T.);
#6924=EDGE_CURVE('',#5666,#5482,#3860,.T.);
#6925=EDGE_CURVE('',#5667,#5483,#3861,.T.);
#6926=EDGE_CURVE('',#5668,#5484,#3862,.T.);
#6927=EDGE_CURVE('',#5669,#5670,#1315,.T.);
#6928=EDGE_CURVE('',#5670,#5669,#1316,.T.);
#6929=EDGE_CURVE('',#5670,#5671,#3863,.T.);
#6930=EDGE_CURVE('',#5671,#5671,#1317,.T.);
#6931=EDGE_CURVE('',#5672,#5673,#1318,.T.);
#6932=EDGE_CURVE('',#5673,#5672,#1319,.T.);
#6933=EDGE_CURVE('',#5672,#5669,#1320,.T.);
#6934=EDGE_CURVE('',#5674,#5674,#1321,.T.);
#6935=EDGE_CURVE('',#5674,#5673,#3864,.T.);
#6936=EDGE_CURVE('',#5675,#5675,#1322,.T.);
#6937=EDGE_CURVE('',#5676,#5676,#1323,.T.);
#6938=EDGE_CURVE('',#5676,#5675,#3865,.T.);
#6939=EDGE_CURVE('',#5677,#5677,#1324,.T.);
#6940=EDGE_CURVE('',#5678,#5678,#1325,.T.);
#6941=EDGE_CURVE('',#5678,#5677,#3866,.T.);
#6942=EDGE_CURVE('',#5679,#5679,#1326,.T.);
#6943=EDGE_CURVE('',#5680,#5680,#1327,.T.);
#6944=EDGE_CURVE('',#5680,#5679,#3867,.T.);
#6945=EDGE_CURVE('',#5681,#5681,#1328,.T.);
#6946=EDGE_CURVE('',#5682,#5683,#1329,.T.);
#6947=EDGE_CURVE('',#5683,#5682,#1330,.T.);
#6948=EDGE_CURVE('',#5683,#5681,#3868,.T.);
#6949=EDGE_CURVE('',#5684,#5685,#1331,.T.);
#6950=EDGE_CURVE('',#5685,#5684,#1332,.T.);
#6951=EDGE_CURVE('',#5684,#5682,#1333,.T.);
#6952=EDGE_CURVE('',#5686,#5686,#1334,.T.);
#6953=EDGE_CURVE('',#5686,#5685,#3869,.T.);
#6954=EDGE_CURVE('',#5687,#5688,#1335,.T.);
#6955=EDGE_CURVE('',#5688,#5687,#1336,.T.);
#6956=EDGE_CURVE('',#5688,#5689,#3870,.T.);
#6957=EDGE_CURVE('',#5689,#5689,#1337,.T.);
#6958=EDGE_CURVE('',#5690,#5691,#1338,.T.);
#6959=EDGE_CURVE('',#5691,#5690,#1339,.T.);
#6960=EDGE_CURVE('',#5690,#5687,#1340,.T.);
#6961=EDGE_CURVE('',#5692,#5692,#1341,.T.);
#6962=EDGE_CURVE('',#5692,#5691,#3871,.T.);
#6963=EDGE_CURVE('',#5693,#5693,#1342,.T.);
#6964=EDGE_CURVE('',#5694,#5694,#1343,.T.);
#6965=EDGE_CURVE('',#5694,#5693,#3872,.T.);
#6966=EDGE_CURVE('',#5695,#5695,#1344,.T.);
#6967=EDGE_CURVE('',#5696,#5696,#1345,.T.);
#6968=EDGE_CURVE('',#5696,#5695,#3873,.T.);
#6969=EDGE_CURVE('',#5697,#5697,#1346,.T.);
#6970=EDGE_CURVE('',#5698,#5698,#1347,.T.);
#6971=EDGE_CURVE('',#5698,#5697,#3874,.T.);
#6972=EDGE_CURVE('',#5699,#5699,#1348,.T.);
#6973=EDGE_CURVE('',#5700,#5701,#1349,.T.);
#6974=EDGE_CURVE('',#5701,#5700,#1350,.T.);
#6975=EDGE_CURVE('',#5701,#5699,#3875,.T.);
#6976=EDGE_CURVE('',#5702,#5703,#1351,.T.);
#6977=EDGE_CURVE('',#5703,#5702,#1352,.T.);
#6978=EDGE_CURVE('',#5702,#5700,#1353,.T.);
#6979=EDGE_CURVE('',#5704,#5704,#1354,.T.);
#6980=EDGE_CURVE('',#5704,#5703,#3876,.T.);
#6981=EDGE_CURVE('',#5705,#5706,#1355,.T.);
#6982=EDGE_CURVE('',#5706,#5705,#1356,.T.);
#6983=EDGE_CURVE('',#5706,#5707,#3877,.T.);
#6984=EDGE_CURVE('',#5707,#5707,#1357,.T.);
#6985=EDGE_CURVE('',#5708,#5709,#1358,.T.);
#6986=EDGE_CURVE('',#5709,#5708,#1359,.T.);
#6987=EDGE_CURVE('',#5708,#5705,#1360,.T.);
#6988=EDGE_CURVE('',#5710,#5710,#1361,.T.);
#6989=EDGE_CURVE('',#5710,#5709,#3878,.T.);
#6990=EDGE_CURVE('',#5711,#5711,#1362,.T.);
#6991=EDGE_CURVE('',#5712,#5712,#1363,.T.);
#6992=EDGE_CURVE('',#5712,#5711,#3879,.T.);
#6993=EDGE_CURVE('',#5713,#5713,#1364,.T.);
#6994=EDGE_CURVE('',#5714,#5714,#1365,.T.);
#6995=EDGE_CURVE('',#5714,#5713,#3880,.T.);
#6996=EDGE_CURVE('',#5715,#5715,#1366,.T.);
#6997=EDGE_CURVE('',#5716,#5716,#1367,.T.);
#6998=EDGE_CURVE('',#5716,#5715,#3881,.T.);
#6999=EDGE_CURVE('',#5717,#5717,#1368,.T.);
#7000=EDGE_CURVE('',#5718,#5719,#1369,.T.);
#7001=EDGE_CURVE('',#5719,#5718,#1370,.T.);
#7002=EDGE_CURVE('',#5719,#5717,#3882,.T.);
#7003=EDGE_CURVE('',#5720,#5721,#1371,.T.);
#7004=EDGE_CURVE('',#5721,#5720,#1372,.T.);
#7005=EDGE_CURVE('',#5720,#5718,#1373,.T.);
#7006=EDGE_CURVE('',#5722,#5722,#1374,.T.);
#7007=EDGE_CURVE('',#5722,#5721,#3883,.T.);
#7008=EDGE_CURVE('',#5723,#5724,#1375,.T.);
#7009=EDGE_CURVE('',#5724,#5723,#1376,.T.);
#7010=EDGE_CURVE('',#5724,#5725,#3884,.T.);
#7011=EDGE_CURVE('',#5725,#5725,#1377,.T.);
#7012=EDGE_CURVE('',#5726,#5727,#1378,.T.);
#7013=EDGE_CURVE('',#5727,#5726,#1379,.T.);
#7014=EDGE_CURVE('',#5726,#5723,#1380,.T.);
#7015=EDGE_CURVE('',#5728,#5728,#1381,.T.);
#7016=EDGE_CURVE('',#5728,#5727,#3885,.T.);
#7017=EDGE_CURVE('',#5729,#5729,#1382,.T.);
#7018=EDGE_CURVE('',#5730,#5730,#1383,.T.);
#7019=EDGE_CURVE('',#5730,#5729,#3886,.T.);
#7020=EDGE_CURVE('',#5731,#5731,#1384,.T.);
#7021=EDGE_CURVE('',#5732,#5732,#1385,.T.);
#7022=EDGE_CURVE('',#5732,#5731,#3887,.T.);
#7023=EDGE_CURVE('',#5733,#5733,#1386,.T.);
#7024=EDGE_CURVE('',#5734,#5734,#1387,.T.);
#7025=EDGE_CURVE('',#5734,#5733,#3888,.T.);
#7026=EDGE_CURVE('',#5735,#5735,#1388,.T.);
#7027=EDGE_CURVE('',#5736,#5737,#1389,.T.);
#7028=EDGE_CURVE('',#5737,#5736,#1390,.T.);
#7029=EDGE_CURVE('',#5737,#5735,#3889,.T.);
#7030=EDGE_CURVE('',#5738,#5739,#1391,.T.);
#7031=EDGE_CURVE('',#5739,#5738,#1392,.T.);
#7032=EDGE_CURVE('',#5738,#5736,#1393,.T.);
#7033=EDGE_CURVE('',#5740,#5740,#1394,.T.);
#7034=EDGE_CURVE('',#5740,#5739,#3890,.T.);
#7035=EDGE_CURVE('',#5741,#5742,#1395,.T.);
#7036=EDGE_CURVE('',#5742,#5741,#1396,.T.);
#7037=EDGE_CURVE('',#5742,#5743,#3891,.T.);
#7038=EDGE_CURVE('',#5743,#5743,#1397,.T.);
#7039=EDGE_CURVE('',#5744,#5745,#1398,.T.);
#7040=EDGE_CURVE('',#5745,#5744,#1399,.T.);
#7041=EDGE_CURVE('',#5744,#5741,#1400,.T.);
#7042=EDGE_CURVE('',#5746,#5746,#1401,.T.);
#7043=EDGE_CURVE('',#5746,#5745,#3892,.T.);
#7044=EDGE_CURVE('',#5747,#5747,#1402,.T.);
#7045=EDGE_CURVE('',#5748,#5748,#1403,.T.);
#7046=EDGE_CURVE('',#5748,#5747,#3893,.T.);
#7047=EDGE_CURVE('',#5749,#5749,#1404,.T.);
#7048=EDGE_CURVE('',#5750,#5750,#1405,.T.);
#7049=EDGE_CURVE('',#5750,#5749,#3894,.T.);
#7050=EDGE_CURVE('',#5751,#5751,#1406,.T.);
#7051=EDGE_CURVE('',#5752,#5752,#1407,.T.);
#7052=EDGE_CURVE('',#5752,#5751,#3895,.T.);
#7053=EDGE_CURVE('',#5753,#5753,#1408,.T.);
#7054=EDGE_CURVE('',#5754,#5755,#1409,.T.);
#7055=EDGE_CURVE('',#5755,#5754,#1410,.T.);
#7056=EDGE_CURVE('',#5755,#5753,#3896,.T.);
#7057=EDGE_CURVE('',#5756,#5757,#1411,.T.);
#7058=EDGE_CURVE('',#5757,#5756,#1412,.T.);
#7059=EDGE_CURVE('',#5756,#5754,#1413,.T.);
#7060=EDGE_CURVE('',#5758,#5758,#1414,.T.);
#7061=EDGE_CURVE('',#5758,#5757,#3897,.T.);
#7062=EDGE_CURVE('',#5759,#5760,#1415,.T.);
#7063=EDGE_CURVE('',#5760,#5759,#1416,.T.);
#7064=EDGE_CURVE('',#5760,#5761,#3898,.T.);
#7065=EDGE_CURVE('',#5761,#5761,#1417,.T.);
#7066=EDGE_CURVE('',#5762,#5763,#1418,.T.);
#7067=EDGE_CURVE('',#5763,#5762,#1419,.T.);
#7068=EDGE_CURVE('',#5762,#5759,#1420,.T.);
#7069=EDGE_CURVE('',#5764,#5764,#1421,.T.);
#7070=EDGE_CURVE('',#5764,#5763,#3899,.T.);
#7071=EDGE_CURVE('',#5765,#5765,#1422,.T.);
#7072=EDGE_CURVE('',#5766,#5766,#1423,.T.);
#7073=EDGE_CURVE('',#5766,#5765,#3900,.T.);
#7074=EDGE_CURVE('',#5767,#5767,#1424,.T.);
#7075=EDGE_CURVE('',#5768,#5768,#1425,.T.);
#7076=EDGE_CURVE('',#5768,#5767,#3901,.T.);
#7077=EDGE_CURVE('',#5769,#5769,#1426,.T.);
#7078=EDGE_CURVE('',#5770,#5770,#1427,.T.);
#7079=EDGE_CURVE('',#5770,#5769,#3902,.T.);
#7080=EDGE_CURVE('',#5771,#5771,#1428,.T.);
#7081=EDGE_CURVE('',#5772,#5773,#1429,.T.);
#7082=EDGE_CURVE('',#5773,#5772,#1430,.T.);
#7083=EDGE_CURVE('',#5773,#5771,#3903,.T.);
#7084=EDGE_CURVE('',#5774,#5775,#1431,.T.);
#7085=EDGE_CURVE('',#5775,#5774,#1432,.T.);
#7086=EDGE_CURVE('',#5774,#5772,#1433,.T.);
#7087=EDGE_CURVE('',#5776,#5776,#1434,.T.);
#7088=EDGE_CURVE('',#5776,#5775,#3904,.T.);
#7089=EDGE_CURVE('',#5777,#5778,#1435,.T.);
#7090=EDGE_CURVE('',#5778,#5777,#1436,.T.);
#7091=EDGE_CURVE('',#5778,#5779,#3905,.T.);
#7092=EDGE_CURVE('',#5779,#5779,#1437,.T.);
#7093=EDGE_CURVE('',#5780,#5781,#1438,.T.);
#7094=EDGE_CURVE('',#5781,#5780,#1439,.T.);
#7095=EDGE_CURVE('',#5780,#5777,#1440,.T.);
#7096=EDGE_CURVE('',#5782,#5782,#1441,.T.);
#7097=EDGE_CURVE('',#5782,#5781,#3906,.T.);
#7098=EDGE_CURVE('',#5783,#5783,#1442,.T.);
#7099=EDGE_CURVE('',#5784,#5784,#1443,.T.);
#7100=EDGE_CURVE('',#5784,#5783,#3907,.T.);
#7101=EDGE_CURVE('',#5785,#5785,#1444,.T.);
#7102=EDGE_CURVE('',#5786,#5786,#1445,.T.);
#7103=EDGE_CURVE('',#5786,#5785,#3908,.T.);
#7104=EDGE_CURVE('',#5787,#5787,#1446,.T.);
#7105=EDGE_CURVE('',#5788,#5788,#1447,.T.);
#7106=EDGE_CURVE('',#5788,#5787,#3909,.T.);
#7107=EDGE_CURVE('',#5789,#5789,#1448,.T.);
#7108=EDGE_CURVE('',#5790,#5791,#1449,.T.);
#7109=EDGE_CURVE('',#5791,#5790,#1450,.T.);
#7110=EDGE_CURVE('',#5791,#5789,#3910,.T.);
#7111=EDGE_CURVE('',#5792,#5793,#1451,.T.);
#7112=EDGE_CURVE('',#5793,#5792,#1452,.T.);
#7113=EDGE_CURVE('',#5792,#5790,#1453,.T.);
#7114=EDGE_CURVE('',#5794,#5794,#1454,.T.);
#7115=EDGE_CURVE('',#5794,#5793,#3911,.T.);
#7116=EDGE_CURVE('',#5795,#5796,#1455,.T.);
#7117=EDGE_CURVE('',#5796,#5795,#1456,.T.);
#7118=EDGE_CURVE('',#5796,#5797,#3912,.T.);
#7119=EDGE_CURVE('',#5797,#5797,#1457,.T.);
#7120=EDGE_CURVE('',#5798,#5799,#1458,.T.);
#7121=EDGE_CURVE('',#5799,#5798,#1459,.T.);
#7122=EDGE_CURVE('',#5798,#5795,#1460,.T.);
#7123=EDGE_CURVE('',#5800,#5800,#1461,.T.);
#7124=EDGE_CURVE('',#5800,#5799,#3913,.T.);
#7125=EDGE_CURVE('',#5801,#5801,#1462,.T.);
#7126=EDGE_CURVE('',#5802,#5802,#1463,.T.);
#7127=EDGE_CURVE('',#5802,#5801,#3914,.T.);
#7128=EDGE_CURVE('',#5803,#5803,#1464,.T.);
#7129=EDGE_CURVE('',#5804,#5804,#1465,.T.);
#7130=EDGE_CURVE('',#5804,#5803,#3915,.T.);
#7131=EDGE_CURVE('',#5805,#5805,#1466,.T.);
#7132=EDGE_CURVE('',#5806,#5806,#1467,.T.);
#7133=EDGE_CURVE('',#5806,#5805,#3916,.T.);
#7134=EDGE_CURVE('',#5807,#5807,#1468,.T.);
#7135=EDGE_CURVE('',#5808,#5809,#1469,.T.);
#7136=EDGE_CURVE('',#5809,#5808,#1470,.T.);
#7137=EDGE_CURVE('',#5809,#5807,#3917,.T.);
#7138=EDGE_CURVE('',#5810,#5811,#1471,.T.);
#7139=EDGE_CURVE('',#5811,#5810,#1472,.T.);
#7140=EDGE_CURVE('',#5810,#5808,#1473,.T.);
#7141=EDGE_CURVE('',#5812,#5812,#1474,.T.);
#7142=EDGE_CURVE('',#5812,#5811,#3918,.T.);
#7143=EDGE_CURVE('',#5813,#5814,#1475,.T.);
#7144=EDGE_CURVE('',#5814,#5813,#1476,.T.);
#7145=EDGE_CURVE('',#5814,#5815,#3919,.T.);
#7146=EDGE_CURVE('',#5815,#5815,#1477,.T.);
#7147=EDGE_CURVE('',#5816,#5817,#1478,.T.);
#7148=EDGE_CURVE('',#5817,#5816,#1479,.T.);
#7149=EDGE_CURVE('',#5816,#5813,#1480,.T.);
#7150=EDGE_CURVE('',#5818,#5818,#1481,.T.);
#7151=EDGE_CURVE('',#5818,#5817,#3920,.T.);
#7152=EDGE_CURVE('',#5819,#5819,#1482,.T.);
#7153=EDGE_CURVE('',#5820,#5820,#1483,.T.);
#7154=EDGE_CURVE('',#5820,#5819,#3921,.T.);
#7155=EDGE_CURVE('',#5821,#5821,#1484,.T.);
#7156=EDGE_CURVE('',#5822,#5822,#1485,.T.);
#7157=EDGE_CURVE('',#5822,#5821,#3922,.T.);
#7158=EDGE_CURVE('',#5823,#5823,#1486,.T.);
#7159=EDGE_CURVE('',#5824,#5824,#1487,.T.);
#7160=EDGE_CURVE('',#5824,#5823,#3923,.T.);
#7161=EDGE_CURVE('',#5825,#5825,#1488,.T.);
#7162=EDGE_CURVE('',#5826,#5827,#1489,.T.);
#7163=EDGE_CURVE('',#5827,#5826,#1490,.T.);
#7164=EDGE_CURVE('',#5827,#5825,#3924,.T.);
#7165=EDGE_CURVE('',#5828,#5829,#1491,.T.);
#7166=EDGE_CURVE('',#5829,#5828,#1492,.T.);
#7167=EDGE_CURVE('',#5828,#5826,#1493,.T.);
#7168=EDGE_CURVE('',#5830,#5830,#1494,.T.);
#7169=EDGE_CURVE('',#5830,#5829,#3925,.T.);
#7170=EDGE_CURVE('',#5831,#5832,#1495,.T.);
#7171=EDGE_CURVE('',#5832,#5831,#1496,.T.);
#7172=EDGE_CURVE('',#5832,#5833,#3926,.T.);
#7173=EDGE_CURVE('',#5833,#5833,#1497,.T.);
#7174=EDGE_CURVE('',#5834,#5835,#1498,.T.);
#7175=EDGE_CURVE('',#5835,#5834,#1499,.T.);
#7176=EDGE_CURVE('',#5834,#5831,#1500,.T.);
#7177=EDGE_CURVE('',#5836,#5836,#1501,.T.);
#7178=EDGE_CURVE('',#5836,#5835,#3927,.T.);
#7179=EDGE_CURVE('',#5837,#5837,#1502,.T.);
#7180=EDGE_CURVE('',#5838,#5838,#1503,.T.);
#7181=EDGE_CURVE('',#5838,#5837,#3928,.T.);
#7182=EDGE_CURVE('',#5839,#5839,#1504,.T.);
#7183=EDGE_CURVE('',#5840,#5840,#1505,.T.);
#7184=EDGE_CURVE('',#5840,#5839,#3929,.T.);
#7185=EDGE_CURVE('',#5841,#5841,#1506,.T.);
#7186=EDGE_CURVE('',#5842,#5842,#1507,.T.);
#7187=EDGE_CURVE('',#5842,#5841,#3930,.T.);
#7188=EDGE_CURVE('',#5843,#5843,#1508,.T.);
#7189=EDGE_CURVE('',#5844,#5845,#1509,.T.);
#7190=EDGE_CURVE('',#5845,#5844,#1510,.T.);
#7191=EDGE_CURVE('',#5845,#5843,#3931,.T.);
#7192=EDGE_CURVE('',#5846,#5847,#1511,.T.);
#7193=EDGE_CURVE('',#5847,#5846,#1512,.T.);
#7194=EDGE_CURVE('',#5846,#5844,#1513,.T.);
#7195=EDGE_CURVE('',#5848,#5848,#1514,.T.);
#7196=EDGE_CURVE('',#5848,#5847,#3932,.T.);
#7197=EDGE_CURVE('',#5849,#5850,#1515,.T.);
#7198=EDGE_CURVE('',#5850,#5849,#1516,.T.);
#7199=EDGE_CURVE('',#5850,#5851,#3933,.T.);
#7200=EDGE_CURVE('',#5851,#5851,#1517,.T.);
#7201=EDGE_CURVE('',#5852,#5853,#1518,.T.);
#7202=EDGE_CURVE('',#5853,#5852,#1519,.T.);
#7203=EDGE_CURVE('',#5852,#5849,#1520,.T.);
#7204=EDGE_CURVE('',#5854,#5854,#1521,.T.);
#7205=EDGE_CURVE('',#5854,#5853,#3934,.T.);
#7206=EDGE_CURVE('',#5855,#5855,#1522,.T.);
#7207=EDGE_CURVE('',#5856,#5856,#1523,.T.);
#7208=EDGE_CURVE('',#5856,#5855,#3935,.T.);
#7209=EDGE_CURVE('',#5857,#5857,#1524,.T.);
#7210=EDGE_CURVE('',#5858,#5858,#1525,.T.);
#7211=EDGE_CURVE('',#5858,#5857,#3936,.T.);
#7212=EDGE_CURVE('',#5859,#5859,#1526,.T.);
#7213=EDGE_CURVE('',#5860,#5860,#1527,.T.);
#7214=EDGE_CURVE('',#5860,#5859,#3937,.T.);
#7215=EDGE_CURVE('',#5861,#5861,#1528,.T.);
#7216=EDGE_CURVE('',#5862,#5863,#1529,.T.);
#7217=EDGE_CURVE('',#5863,#5862,#1530,.T.);
#7218=EDGE_CURVE('',#5863,#5861,#3938,.T.);
#7219=EDGE_CURVE('',#5864,#5865,#1531,.T.);
#7220=EDGE_CURVE('',#5865,#5864,#1532,.T.);
#7221=EDGE_CURVE('',#5864,#5862,#1533,.T.);
#7222=EDGE_CURVE('',#5866,#5866,#1534,.T.);
#7223=EDGE_CURVE('',#5866,#5865,#3939,.T.);
#7224=EDGE_CURVE('',#5867,#5868,#1535,.T.);
#7225=EDGE_CURVE('',#5868,#5867,#1536,.T.);
#7226=EDGE_CURVE('',#5868,#5869,#3940,.T.);
#7227=EDGE_CURVE('',#5869,#5869,#1537,.T.);
#7228=EDGE_CURVE('',#5870,#5871,#1538,.T.);
#7229=EDGE_CURVE('',#5871,#5870,#1539,.T.);
#7230=EDGE_CURVE('',#5870,#5867,#1540,.T.);
#7231=EDGE_CURVE('',#5872,#5872,#1541,.T.);
#7232=EDGE_CURVE('',#5872,#5871,#3941,.T.);
#7233=EDGE_CURVE('',#5873,#5873,#1542,.T.);
#7234=EDGE_CURVE('',#5874,#5874,#1543,.T.);
#7235=EDGE_CURVE('',#5874,#5873,#3942,.T.);
#7236=EDGE_CURVE('',#5875,#5875,#1544,.T.);
#7237=EDGE_CURVE('',#5876,#5876,#1545,.T.);
#7238=EDGE_CURVE('',#5876,#5875,#3943,.T.);
#7239=EDGE_CURVE('',#5877,#5877,#1546,.T.);
#7240=EDGE_CURVE('',#5878,#5878,#1547,.T.);
#7241=EDGE_CURVE('',#5878,#5877,#3944,.T.);
#7242=EDGE_CURVE('',#5879,#5879,#1548,.T.);
#7243=EDGE_CURVE('',#5880,#5881,#1549,.T.);
#7244=EDGE_CURVE('',#5881,#5880,#1550,.T.);
#7245=EDGE_CURVE('',#5881,#5879,#3945,.T.);
#7246=EDGE_CURVE('',#5882,#5883,#1551,.T.);
#7247=EDGE_CURVE('',#5883,#5882,#1552,.T.);
#7248=EDGE_CURVE('',#5882,#5880,#1553,.T.);
#7249=EDGE_CURVE('',#5884,#5884,#1554,.T.);
#7250=EDGE_CURVE('',#5884,#5883,#3946,.T.);
#7251=EDGE_CURVE('',#5885,#5886,#1555,.T.);
#7252=EDGE_CURVE('',#5886,#5885,#1556,.T.);
#7253=EDGE_CURVE('',#5886,#5887,#3947,.T.);
#7254=EDGE_CURVE('',#5887,#5887,#1557,.T.);
#7255=EDGE_CURVE('',#5888,#5889,#1558,.T.);
#7256=EDGE_CURVE('',#5889,#5888,#1559,.T.);
#7257=EDGE_CURVE('',#5888,#5885,#1560,.T.);
#7258=EDGE_CURVE('',#5890,#5890,#1561,.T.);
#7259=EDGE_CURVE('',#5890,#5889,#3948,.T.);
#7260=EDGE_CURVE('',#5891,#5891,#1562,.T.);
#7261=EDGE_CURVE('',#5892,#5892,#1563,.T.);
#7262=EDGE_CURVE('',#5892,#5891,#3949,.T.);
#7263=EDGE_CURVE('',#5893,#5893,#1564,.T.);
#7264=EDGE_CURVE('',#5894,#5894,#1565,.T.);
#7265=EDGE_CURVE('',#5894,#5893,#3950,.T.);
#7266=EDGE_CURVE('',#5895,#5895,#1566,.T.);
#7267=EDGE_CURVE('',#5896,#5896,#1567,.T.);
#7268=EDGE_CURVE('',#5896,#5895,#3951,.T.);
#7269=EDGE_CURVE('',#5897,#5897,#1568,.T.);
#7270=EDGE_CURVE('',#5898,#5899,#1569,.T.);
#7271=EDGE_CURVE('',#5899,#5898,#1570,.T.);
#7272=EDGE_CURVE('',#5899,#5897,#3952,.T.);
#7273=EDGE_CURVE('',#5900,#5901,#1571,.T.);
#7274=EDGE_CURVE('',#5901,#5900,#1572,.T.);
#7275=EDGE_CURVE('',#5900,#5898,#1573,.T.);
#7276=EDGE_CURVE('',#5902,#5902,#1574,.T.);
#7277=EDGE_CURVE('',#5902,#5901,#3953,.T.);
#7278=EDGE_CURVE('',#5903,#5904,#1575,.T.);
#7279=EDGE_CURVE('',#5904,#5903,#1576,.T.);
#7280=EDGE_CURVE('',#5904,#5905,#3954,.T.);
#7281=EDGE_CURVE('',#5905,#5905,#1577,.T.);
#7282=EDGE_CURVE('',#5906,#5907,#1578,.T.);
#7283=EDGE_CURVE('',#5907,#5906,#1579,.T.);
#7284=EDGE_CURVE('',#5906,#5903,#1580,.T.);
#7285=EDGE_CURVE('',#5908,#5908,#1581,.T.);
#7286=EDGE_CURVE('',#5908,#5907,#3955,.T.);
#7287=EDGE_CURVE('',#5909,#5909,#1582,.T.);
#7288=EDGE_CURVE('',#5910,#5910,#1583,.T.);
#7289=EDGE_CURVE('',#5910,#5909,#3956,.T.);
#7290=EDGE_CURVE('',#5911,#5911,#1584,.T.);
#7291=EDGE_CURVE('',#5912,#5912,#1585,.T.);
#7292=EDGE_CURVE('',#5912,#5911,#3957,.T.);
#7293=EDGE_CURVE('',#5913,#5913,#1586,.T.);
#7294=EDGE_CURVE('',#5914,#5914,#1587,.T.);
#7295=EDGE_CURVE('',#5914,#5913,#3958,.T.);
#7296=EDGE_CURVE('',#5915,#5915,#1588,.T.);
#7297=EDGE_CURVE('',#5916,#5917,#1589,.T.);
#7298=EDGE_CURVE('',#5917,#5916,#1590,.T.);
#7299=EDGE_CURVE('',#5917,#5915,#3959,.T.);
#7300=EDGE_CURVE('',#5918,#5919,#1591,.T.);
#7301=EDGE_CURVE('',#5919,#5918,#1592,.T.);
#7302=EDGE_CURVE('',#5918,#5916,#1593,.T.);
#7303=EDGE_CURVE('',#5920,#5920,#1594,.T.);
#7304=EDGE_CURVE('',#5920,#5919,#3960,.T.);
#7305=EDGE_CURVE('',#5921,#5922,#1595,.T.);
#7306=EDGE_CURVE('',#5922,#5921,#1596,.T.);
#7307=EDGE_CURVE('',#5922,#5923,#3961,.T.);
#7308=EDGE_CURVE('',#5923,#5923,#1597,.T.);
#7309=EDGE_CURVE('',#5924,#5925,#1598,.T.);
#7310=EDGE_CURVE('',#5925,#5924,#1599,.T.);
#7311=EDGE_CURVE('',#5924,#5921,#1600,.T.);
#7312=EDGE_CURVE('',#5926,#5926,#1601,.T.);
#7313=EDGE_CURVE('',#5926,#5925,#3962,.T.);
#7314=EDGE_CURVE('',#5927,#5927,#1602,.T.);
#7315=EDGE_CURVE('',#5928,#5928,#1603,.T.);
#7316=EDGE_CURVE('',#5928,#5927,#3963,.T.);
#7317=EDGE_CURVE('',#5929,#5929,#1604,.T.);
#7318=EDGE_CURVE('',#5930,#5930,#1605,.T.);
#7319=EDGE_CURVE('',#5930,#5929,#3964,.T.);
#7320=EDGE_CURVE('',#5931,#5931,#1606,.T.);
#7321=EDGE_CURVE('',#5932,#5932,#1607,.T.);
#7322=EDGE_CURVE('',#5932,#5931,#3965,.T.);
#7323=EDGE_CURVE('',#5933,#5933,#1608,.T.);
#7324=EDGE_CURVE('',#5934,#5935,#1609,.T.);
#7325=EDGE_CURVE('',#5935,#5934,#1610,.T.);
#7326=EDGE_CURVE('',#5935,#5933,#3966,.T.);
#7327=EDGE_CURVE('',#5936,#5937,#1611,.T.);
#7328=EDGE_CURVE('',#5937,#5936,#1612,.T.);
#7329=EDGE_CURVE('',#5936,#5934,#1613,.T.);
#7330=EDGE_CURVE('',#5938,#5938,#1614,.T.);
#7331=EDGE_CURVE('',#5938,#5937,#3967,.T.);
#7332=EDGE_CURVE('',#5939,#5940,#1615,.T.);
#7333=EDGE_CURVE('',#5940,#5939,#1616,.T.);
#7334=EDGE_CURVE('',#5940,#5941,#3968,.T.);
#7335=EDGE_CURVE('',#5941,#5941,#1617,.T.);
#7336=EDGE_CURVE('',#5942,#5943,#1618,.T.);
#7337=EDGE_CURVE('',#5943,#5942,#1619,.T.);
#7338=EDGE_CURVE('',#5942,#5939,#1620,.T.);
#7339=EDGE_CURVE('',#5944,#5944,#1621,.T.);
#7340=EDGE_CURVE('',#5944,#5943,#3969,.T.);
#7341=EDGE_CURVE('',#5945,#5945,#1622,.T.);
#7342=EDGE_CURVE('',#5946,#5946,#1623,.T.);
#7343=EDGE_CURVE('',#5946,#5945,#3970,.T.);
#7344=EDGE_CURVE('',#5947,#5947,#1624,.T.);
#7345=EDGE_CURVE('',#5948,#5948,#1625,.T.);
#7346=EDGE_CURVE('',#5948,#5947,#3971,.T.);
#7347=EDGE_CURVE('',#5949,#5949,#1626,.T.);
#7348=EDGE_CURVE('',#5950,#5950,#1627,.T.);
#7349=EDGE_CURVE('',#5950,#5949,#3972,.T.);
#7350=EDGE_CURVE('',#5951,#5951,#1628,.T.);
#7351=EDGE_CURVE('',#5952,#5953,#1629,.T.);
#7352=EDGE_CURVE('',#5953,#5952,#1630,.T.);
#7353=EDGE_CURVE('',#5953,#5951,#3973,.T.);
#7354=EDGE_CURVE('',#5954,#5955,#1631,.T.);
#7355=EDGE_CURVE('',#5955,#5954,#1632,.T.);
#7356=EDGE_CURVE('',#5954,#5952,#1633,.T.);
#7357=EDGE_CURVE('',#5956,#5956,#1634,.T.);
#7358=EDGE_CURVE('',#5956,#5955,#3974,.T.);
#7359=EDGE_CURVE('',#5957,#5958,#1635,.T.);
#7360=EDGE_CURVE('',#5958,#5957,#1636,.T.);
#7361=EDGE_CURVE('',#5958,#5959,#3975,.T.);
#7362=EDGE_CURVE('',#5959,#5959,#1637,.T.);
#7363=EDGE_CURVE('',#5960,#5961,#1638,.T.);
#7364=EDGE_CURVE('',#5961,#5960,#1639,.T.);
#7365=EDGE_CURVE('',#5960,#5957,#1640,.T.);
#7366=EDGE_CURVE('',#5962,#5962,#1641,.T.);
#7367=EDGE_CURVE('',#5962,#5961,#3976,.T.);
#7368=EDGE_CURVE('',#5963,#5963,#1642,.T.);
#7369=EDGE_CURVE('',#5964,#5964,#1643,.T.);
#7370=EDGE_CURVE('',#5964,#5963,#3977,.T.);
#7371=EDGE_CURVE('',#5965,#5965,#1644,.T.);
#7372=EDGE_CURVE('',#5966,#5966,#1645,.T.);
#7373=EDGE_CURVE('',#5966,#5965,#3978,.T.);
#7374=EDGE_CURVE('',#5967,#5967,#1646,.T.);
#7375=EDGE_CURVE('',#5968,#5968,#1647,.T.);
#7376=EDGE_CURVE('',#5968,#5967,#3979,.T.);
#7377=EDGE_CURVE('',#5969,#5969,#1648,.T.);
#7378=EDGE_CURVE('',#5970,#5971,#1649,.T.);
#7379=EDGE_CURVE('',#5971,#5970,#1650,.T.);
#7380=EDGE_CURVE('',#5971,#5969,#3980,.T.);
#7381=EDGE_CURVE('',#5972,#5973,#1651,.T.);
#7382=EDGE_CURVE('',#5973,#5972,#1652,.T.);
#7383=EDGE_CURVE('',#5972,#5970,#1653,.T.);
#7384=EDGE_CURVE('',#5974,#5974,#1654,.T.);
#7385=EDGE_CURVE('',#5974,#5973,#3981,.T.);
#7386=EDGE_CURVE('',#5975,#5976,#3982,.T.);
#7387=EDGE_CURVE('',#5975,#5977,#3983,.T.);
#7388=EDGE_CURVE('',#5977,#5978,#3984,.T.);
#7389=EDGE_CURVE('',#5976,#5978,#3985,.T.);
#7390=EDGE_CURVE('',#5979,#5980,#3986,.T.);
#7391=EDGE_CURVE('',#5979,#5975,#3987,.T.);
#7392=EDGE_CURVE('',#5980,#5976,#3988,.T.);
#7393=EDGE_CURVE('',#5977,#5981,#3989,.T.);
#7394=EDGE_CURVE('',#5981,#5982,#3990,.T.);
#7395=EDGE_CURVE('',#5978,#5982,#3991,.T.);
#7396=EDGE_CURVE('',#5983,#5979,#3992,.T.);
#7397=EDGE_CURVE('',#5984,#5983,#3993,.T.);
#7398=EDGE_CURVE('',#5985,#5984,#3994,.T.);
#7399=EDGE_CURVE('',#5986,#5985,#3995,.T.);
#7400=EDGE_CURVE('',#5987,#5986,#3996,.T.);
#7401=EDGE_CURVE('',#5988,#5987,#3997,.T.);
#7402=EDGE_CURVE('',#5989,#5988,#3998,.T.);
#7403=EDGE_CURVE('',#5990,#5989,#3999,.T.);
#7404=EDGE_CURVE('',#5991,#5990,#4000,.T.);
#7405=EDGE_CURVE('',#5992,#5991,#4001,.T.);
#7406=EDGE_CURVE('',#5993,#5992,#4002,.T.);
#7407=EDGE_CURVE('',#5994,#5993,#4003,.T.);
#7408=EDGE_CURVE('',#5995,#5994,#4004,.T.);
#7409=EDGE_CURVE('',#5996,#5995,#4005,.T.);
#7410=EDGE_CURVE('',#5997,#5996,#4006,.T.);
#7411=EDGE_CURVE('',#5998,#5997,#4007,.T.);
#7412=EDGE_CURVE('',#5981,#5998,#4008,.T.);
#7413=EDGE_CURVE('',#5999,#6000,#4009,.T.);
#7414=EDGE_CURVE('',#6000,#6001,#4010,.T.);
#7415=EDGE_CURVE('',#6002,#6001,#4011,.T.);
#7416=EDGE_CURVE('',#5999,#6002,#4012,.T.);
#7417=EDGE_CURVE('',#6003,#6004,#4013,.T.);
#7418=EDGE_CURVE('',#6003,#6005,#4014,.T.);
#7419=EDGE_CURVE('',#6005,#6006,#4015,.T.);
#7420=EDGE_CURVE('',#6004,#6006,#4016,.T.);
#7421=EDGE_CURVE('',#6007,#6008,#4017,.T.);
#7422=EDGE_CURVE('',#6009,#6008,#4018,.T.);
#7423=EDGE_CURVE('',#6010,#6009,#4019,.T.);
#7424=EDGE_CURVE('',#6010,#6007,#4020,.T.);
#7425=EDGE_CURVE('',#5982,#6011,#4021,.T.);
#7426=EDGE_CURVE('',#6011,#6012,#4022,.T.);
#7427=EDGE_CURVE('',#6012,#6013,#4023,.T.);
#7428=EDGE_CURVE('',#6013,#6014,#4024,.T.);
#7429=EDGE_CURVE('',#6014,#6015,#4025,.T.);
#7430=EDGE_CURVE('',#6015,#6016,#4026,.T.);
#7431=EDGE_CURVE('',#6016,#6017,#4027,.T.);
#7432=EDGE_CURVE('',#6017,#6018,#4028,.T.);
#7433=EDGE_CURVE('',#6018,#6019,#4029,.T.);
#7434=EDGE_CURVE('',#6019,#6020,#4030,.T.);
#7435=EDGE_CURVE('',#6020,#6021,#4031,.T.);
#7436=EDGE_CURVE('',#6021,#6022,#4032,.T.);
#7437=EDGE_CURVE('',#6022,#6023,#4033,.T.);
#7438=EDGE_CURVE('',#6023,#6024,#4034,.T.);
#7439=EDGE_CURVE('',#6024,#6025,#4035,.T.);
#7440=EDGE_CURVE('',#6025,#6026,#4036,.T.);
#7441=EDGE_CURVE('',#6026,#5980,#4037,.T.);
#7442=EDGE_CURVE('',#6027,#6028,#4038,.T.);
#7443=EDGE_CURVE('',#6027,#6029,#4039,.T.);
#7444=EDGE_CURVE('',#6029,#6030,#4040,.T.);
#7445=EDGE_CURVE('',#6028,#6030,#4041,.T.);
#7446=EDGE_CURVE('',#6031,#6032,#4042,.T.);
#7447=EDGE_CURVE('',#6032,#6033,#4043,.T.);
#7448=EDGE_CURVE('',#6034,#6033,#4044,.T.);
#7449=EDGE_CURVE('',#6031,#6034,#4045,.T.);
#7450=EDGE_CURVE('',#6035,#6036,#4046,.T.);
#7451=EDGE_CURVE('',#6037,#6035,#4047,.T.);
#7452=EDGE_CURVE('',#6037,#6038,#4048,.T.);
#7453=EDGE_CURVE('',#6038,#6036,#4049,.T.);
#7454=EDGE_CURVE('',#5983,#6026,#4050,.T.);
#7455=EDGE_CURVE('',#5998,#6011,#4051,.T.);
#7456=EDGE_CURVE('',#5984,#6025,#4052,.T.);
#7457=EDGE_CURVE('',#5997,#6012,#4053,.T.);
#7458=EDGE_CURVE('',#5985,#6024,#4054,.T.);
#7459=EDGE_CURVE('',#5996,#6013,#4055,.T.);
#7460=EDGE_CURVE('',#5986,#6023,#4056,.T.);
#7461=EDGE_CURVE('',#5995,#6014,#4057,.T.);
#7462=EDGE_CURVE('',#5987,#6022,#4058,.T.);
#7463=EDGE_CURVE('',#5994,#6015,#4059,.T.);
#7464=EDGE_CURVE('',#5988,#6021,#4060,.T.);
#7465=EDGE_CURVE('',#5993,#6016,#4061,.T.);
#7466=EDGE_CURVE('',#5989,#6020,#4062,.T.);
#7467=EDGE_CURVE('',#5992,#6017,#4063,.T.);
#7468=EDGE_CURVE('',#5990,#6019,#4064,.T.);
#7469=EDGE_CURVE('',#5991,#6018,#4065,.T.);
#7470=EDGE_CURVE('',#6039,#5999,#4066,.T.);
#7471=EDGE_CURVE('',#6039,#6040,#4067,.T.);
#7472=EDGE_CURVE('',#6040,#6000,#4068,.T.);
#7473=EDGE_CURVE('',#6041,#6040,#4069,.T.);
#7474=EDGE_CURVE('',#6041,#6001,#4070,.T.);
#7475=EDGE_CURVE('',#6042,#6002,#4071,.T.);
#7476=EDGE_CURVE('',#6042,#6041,#4072,.T.);
#7477=EDGE_CURVE('',#6042,#6039,#4073,.T.);
#7478=EDGE_CURVE('',#6043,#6003,#4074,.T.);
#7479=EDGE_CURVE('',#6044,#6004,#4075,.T.);
#7480=EDGE_CURVE('',#6044,#6043,#4076,.T.);
#7481=EDGE_CURVE('',#6043,#6045,#4077,.T.);
#7482=EDGE_CURVE('',#6045,#6005,#4078,.T.);
#7483=EDGE_CURVE('',#6046,#6045,#4079,.T.);
#7484=EDGE_CURVE('',#6046,#6006,#4080,.T.);
#7485=EDGE_CURVE('',#6044,#6046,#4081,.T.);
#7486=EDGE_CURVE('',#6047,#6007,#4082,.T.);
#7487=EDGE_CURVE('',#6048,#6047,#4083,.T.);
#7488=EDGE_CURVE('',#6048,#6008,#4084,.T.);
#7489=EDGE_CURVE('',#6049,#6009,#4085,.T.);
#7490=EDGE_CURVE('',#6049,#6048,#4086,.T.);
#7491=EDGE_CURVE('',#6050,#6010,#4087,.T.);
#7492=EDGE_CURVE('',#6049,#6050,#4088,.T.);
#7493=EDGE_CURVE('',#6050,#6047,#4089,.T.);
#7494=EDGE_CURVE('',#6027,#6051,#4090,.T.);
#7495=EDGE_CURVE('',#6028,#6052,#4091,.T.);
#7496=EDGE_CURVE('',#6051,#6052,#4092,.T.);
#7497=EDGE_CURVE('',#6030,#6053,#4093,.T.);
#7498=EDGE_CURVE('',#6053,#6052,#4094,.T.);
#7499=EDGE_CURVE('',#6029,#6054,#4095,.T.);
#7500=EDGE_CURVE('',#6054,#6053,#4096,.T.);
#7501=EDGE_CURVE('',#6054,#6051,#4097,.T.);
#7502=EDGE_CURVE('',#6031,#6055,#4098,.T.);
#7503=EDGE_CURVE('',#6056,#6055,#4099,.T.);
#7504=EDGE_CURVE('',#6032,#6056,#4100,.T.);
#7505=EDGE_CURVE('',#6034,#6057,#4101,.T.);
#7506=EDGE_CURVE('',#6055,#6057,#4102,.T.);
#7507=EDGE_CURVE('',#6033,#6058,#4103,.T.);
#7508=EDGE_CURVE('',#6058,#6057,#4104,.T.);
#7509=EDGE_CURVE('',#6056,#6058,#4105,.T.);
#7510=EDGE_CURVE('',#6035,#6059,#4106,.T.);
#7511=EDGE_CURVE('',#6036,#6060,#4107,.T.);
#7512=EDGE_CURVE('',#6060,#6059,#4108,.T.);
#7513=EDGE_CURVE('',#6038,#6061,#4109,.T.);
#7514=EDGE_CURVE('',#6061,#6060,#4110,.T.);
#7515=EDGE_CURVE('',#6037,#6062,#4111,.T.);
#7516=EDGE_CURVE('',#6061,#6062,#4112,.T.);
#7517=EDGE_CURVE('',#6062,#6059,#4113,.T.);
#7518=EDGE_CURVE('',#6039,#6063,#4114,.T.);
#7519=EDGE_CURVE('',#6063,#6064,#4115,.T.);
#7520=EDGE_CURVE('',#6040,#6064,#4116,.T.);
#7521=EDGE_CURVE('',#6041,#6065,#4117,.T.);
#7522=EDGE_CURVE('',#6065,#6064,#4118,.T.);
#7523=EDGE_CURVE('',#6042,#6066,#4119,.T.);
#7524=EDGE_CURVE('',#6066,#6065,#4120,.T.);
#7525=EDGE_CURVE('',#6066,#6063,#4121,.T.);
#7526=EDGE_CURVE('',#6044,#6067,#4122,.T.);
#7527=EDGE_CURVE('',#6067,#6068,#4123,.T.);
#7528=EDGE_CURVE('',#6043,#6068,#4124,.T.);
#7529=EDGE_CURVE('',#6068,#6069,#4125,.T.);
#7530=EDGE_CURVE('',#6045,#6069,#4126,.T.);
#7531=EDGE_CURVE('',#6046,#6070,#4127,.T.);
#7532=EDGE_CURVE('',#6070,#6069,#4128,.T.);
#7533=EDGE_CURVE('',#6067,#6070,#4129,.T.);
#7534=EDGE_CURVE('',#6048,#6071,#4130,.T.);
#7535=EDGE_CURVE('',#6047,#6072,#4131,.T.);
#7536=EDGE_CURVE('',#6071,#6072,#4132,.T.);
#7537=EDGE_CURVE('',#6049,#6073,#4133,.T.);
#7538=EDGE_CURVE('',#6073,#6071,#4134,.T.);
#7539=EDGE_CURVE('',#6073,#6074,#4135,.T.);
#7540=EDGE_CURVE('',#6050,#6074,#4136,.T.);
#7541=EDGE_CURVE('',#6074,#6072,#4137,.T.);
#7542=EDGE_CURVE('',#6051,#6075,#4138,.T.);
#7543=EDGE_CURVE('',#6052,#6076,#4139,.T.);
#7544=EDGE_CURVE('',#6075,#6076,#4140,.T.);
#7545=EDGE_CURVE('',#6053,#6077,#4141,.T.);
#7546=EDGE_CURVE('',#6077,#6076,#4142,.T.);
#7547=EDGE_CURVE('',#6054,#6078,#4143,.T.);
#7548=EDGE_CURVE('',#6078,#6077,#4144,.T.);
#7549=EDGE_CURVE('',#6078,#6075,#4145,.T.);
#7550=EDGE_CURVE('',#6056,#6079,#4146,.T.);
#7551=EDGE_CURVE('',#6055,#6080,#4147,.T.);
#7552=EDGE_CURVE('',#6079,#6080,#4148,.T.);
#7553=EDGE_CURVE('',#6057,#6081,#4149,.T.);
#7554=EDGE_CURVE('',#6080,#6081,#4150,.T.);
#7555=EDGE_CURVE('',#6058,#6082,#4151,.T.);
#7556=EDGE_CURVE('',#6082,#6081,#4152,.T.);
#7557=EDGE_CURVE('',#6079,#6082,#4153,.T.);
#7558=EDGE_CURVE('',#6060,#6083,#4154,.T.);
#7559=EDGE_CURVE('',#6083,#6084,#4155,.T.);
#7560=EDGE_CURVE('',#6059,#6084,#4156,.T.);
#7561=EDGE_CURVE('',#6061,#6085,#4157,.T.);
#7562=EDGE_CURVE('',#6085,#6083,#4158,.T.);
#7563=EDGE_CURVE('',#6062,#6086,#4159,.T.);
#7564=EDGE_CURVE('',#6085,#6086,#4160,.T.);
#7565=EDGE_CURVE('',#6086,#6084,#4161,.T.);
#7566=EDGE_CURVE('',#6087,#6088,#1655,.T.);
#7567=EDGE_CURVE('',#6088,#6087,#1656,.T.);
#7568=EDGE_CURVE('',#6088,#6089,#4162,.T.);
#7569=EDGE_CURVE('',#6089,#6089,#1657,.T.);
#7570=EDGE_CURVE('',#6090,#6091,#1658,.T.);
#7571=EDGE_CURVE('',#6091,#6090,#1659,.T.);
#7572=EDGE_CURVE('',#6090,#6087,#1660,.T.);
#7573=EDGE_CURVE('',#6092,#6092,#1661,.T.);
#7574=EDGE_CURVE('',#6092,#6091,#4163,.T.);
#7575=EDGE_CURVE('',#6093,#6093,#1662,.T.);
#7576=EDGE_CURVE('',#6094,#6094,#1663,.T.);
#7577=EDGE_CURVE('',#6094,#6093,#4164,.T.);
#7578=EDGE_CURVE('',#6095,#6095,#1664,.T.);
#7579=EDGE_CURVE('',#6096,#6096,#1665,.T.);
#7580=EDGE_CURVE('',#6096,#6095,#4165,.T.);
#7581=EDGE_CURVE('',#6097,#6097,#1666,.T.);
#7582=EDGE_CURVE('',#6098,#6098,#1667,.T.);
#7583=EDGE_CURVE('',#6098,#6097,#4166,.T.);
#7584=EDGE_CURVE('',#6099,#6099,#1668,.T.);
#7585=EDGE_CURVE('',#6100,#6101,#1669,.T.);
#7586=EDGE_CURVE('',#6101,#6100,#1670,.T.);
#7587=EDGE_CURVE('',#6101,#6099,#4167,.T.);
#7588=EDGE_CURVE('',#6102,#6103,#1671,.T.);
#7589=EDGE_CURVE('',#6103,#6102,#1672,.T.);
#7590=EDGE_CURVE('',#6102,#6100,#1673,.T.);
#7591=EDGE_CURVE('',#6104,#6104,#1674,.T.);
#7592=EDGE_CURVE('',#6104,#6103,#4168,.T.);
#7593=EDGE_CURVE('',#6105,#6106,#1675,.T.);
#7594=EDGE_CURVE('',#6106,#6105,#1676,.T.);
#7595=EDGE_CURVE('',#6106,#6107,#4169,.T.);
#7596=EDGE_CURVE('',#6107,#6107,#1677,.T.);
#7597=EDGE_CURVE('',#6108,#6109,#1678,.T.);
#7598=EDGE_CURVE('',#6109,#6108,#1679,.T.);
#7599=EDGE_CURVE('',#6108,#6105,#1680,.T.);
#7600=EDGE_CURVE('',#6110,#6110,#1681,.T.);
#7601=EDGE_CURVE('',#6110,#6109,#4170,.T.);
#7602=EDGE_CURVE('',#6111,#6111,#1682,.T.);
#7603=EDGE_CURVE('',#6112,#6112,#1683,.T.);
#7604=EDGE_CURVE('',#6112,#6111,#4171,.T.);
#7605=EDGE_CURVE('',#6113,#6113,#1684,.T.);
#7606=EDGE_CURVE('',#6114,#6114,#1685,.T.);
#7607=EDGE_CURVE('',#6114,#6113,#4172,.T.);
#7608=EDGE_CURVE('',#6115,#6115,#1686,.T.);
#7609=EDGE_CURVE('',#6116,#6116,#1687,.T.);
#7610=EDGE_CURVE('',#6116,#6115,#4173,.T.);
#7611=EDGE_CURVE('',#6117,#6117,#1688,.T.);
#7612=EDGE_CURVE('',#6118,#6119,#1689,.T.);
#7613=EDGE_CURVE('',#6119,#6118,#1690,.T.);
#7614=EDGE_CURVE('',#6119,#6117,#4174,.T.);
#7615=EDGE_CURVE('',#6120,#6121,#1691,.T.);
#7616=EDGE_CURVE('',#6121,#6120,#1692,.T.);
#7617=EDGE_CURVE('',#6120,#6118,#1693,.T.);
#7618=EDGE_CURVE('',#6122,#6122,#1694,.T.);
#7619=EDGE_CURVE('',#6122,#6121,#4175,.T.);
#7620=EDGE_CURVE('',#6123,#6124,#1695,.T.);
#7621=EDGE_CURVE('',#6124,#6123,#1696,.T.);
#7622=EDGE_CURVE('',#6124,#6125,#4176,.T.);
#7623=EDGE_CURVE('',#6125,#6125,#1697,.T.);
#7624=EDGE_CURVE('',#6126,#6127,#1698,.T.);
#7625=EDGE_CURVE('',#6127,#6126,#1699,.T.);
#7626=EDGE_CURVE('',#6126,#6123,#1700,.T.);
#7627=EDGE_CURVE('',#6128,#6128,#1701,.T.);
#7628=EDGE_CURVE('',#6128,#6127,#4177,.T.);
#7629=EDGE_CURVE('',#6129,#6129,#1702,.T.);
#7630=EDGE_CURVE('',#6130,#6130,#1703,.T.);
#7631=EDGE_CURVE('',#6130,#6129,#4178,.T.);
#7632=EDGE_CURVE('',#6131,#6131,#1704,.T.);
#7633=EDGE_CURVE('',#6132,#6132,#1705,.T.);
#7634=EDGE_CURVE('',#6132,#6131,#4179,.T.);
#7635=EDGE_CURVE('',#6133,#6133,#1706,.T.);
#7636=EDGE_CURVE('',#6134,#6134,#1707,.T.);
#7637=EDGE_CURVE('',#6134,#6133,#4180,.T.);
#7638=EDGE_CURVE('',#6135,#6135,#1708,.T.);
#7639=EDGE_CURVE('',#6136,#6137,#1709,.T.);
#7640=EDGE_CURVE('',#6137,#6136,#1710,.T.);
#7641=EDGE_CURVE('',#6137,#6135,#4181,.T.);
#7642=EDGE_CURVE('',#6138,#6139,#1711,.T.);
#7643=EDGE_CURVE('',#6139,#6138,#1712,.T.);
#7644=EDGE_CURVE('',#6138,#6136,#1713,.T.);
#7645=EDGE_CURVE('',#6140,#6140,#1714,.T.);
#7646=EDGE_CURVE('',#6140,#6139,#4182,.T.);
#7647=EDGE_CURVE('',#6141,#6141,#1715,.T.);
#7648=EDGE_CURVE('',#6141,#6142,#4183,.T.);
#7649=EDGE_CURVE('',#6142,#6142,#1716,.T.);
#7650=EDGE_CURVE('',#6143,#6143,#1717,.T.);
#7651=EDGE_CURVE('',#6143,#6144,#4184,.T.);
#7652=EDGE_CURVE('',#6144,#6144,#1718,.T.);
#7653=EDGE_CURVE('',#6145,#6145,#1719,.T.);
#7654=EDGE_CURVE('',#6145,#6146,#4185,.T.);
#7655=EDGE_CURVE('',#6146,#6146,#1720,.T.);
#7656=EDGE_CURVE('',#6147,#6147,#1721,.T.);
#7657=EDGE_CURVE('',#6147,#6148,#4186,.T.);
#7658=EDGE_CURVE('',#6148,#6148,#1722,.T.);
#7659=EDGE_CURVE('',#6149,#6149,#1723,.T.);
#7660=EDGE_CURVE('',#6149,#6150,#4187,.T.);
#7661=EDGE_CURVE('',#6150,#6150,#1724,.T.);
#7662=EDGE_CURVE('',#6151,#6151,#1725,.T.);
#7663=EDGE_CURVE('',#6151,#6152,#4188,.T.);
#7664=EDGE_CURVE('',#6152,#6152,#1726,.T.);
#7665=EDGE_CURVE('',#6153,#6153,#1727,.T.);
#7666=EDGE_CURVE('',#6153,#6154,#4189,.T.);
#7667=EDGE_CURVE('',#6154,#6154,#1728,.T.);
#7668=EDGE_CURVE('',#6155,#6155,#1729,.T.);
#7669=EDGE_CURVE('',#6155,#6156,#4190,.T.);
#7670=EDGE_CURVE('',#6156,#6156,#1730,.T.);
#7671=EDGE_CURVE('',#6157,#6157,#1731,.T.);
#7672=EDGE_CURVE('',#6158,#6159,#4191,.T.);
#7673=EDGE_CURVE('',#6160,#6158,#4192,.T.);
#7674=EDGE_CURVE('',#6161,#6160,#4193,.T.);
#7675=EDGE_CURVE('',#6159,#6161,#4194,.T.);
#7676=EDGE_CURVE('',#6162,#6163,#4195,.T.);
#7677=EDGE_CURVE('',#6164,#6162,#4196,.T.);
#7678=EDGE_CURVE('',#6165,#6164,#4197,.T.);
#7679=EDGE_CURVE('',#6163,#6165,#4198,.T.);
#7680=EDGE_CURVE('',#6166,#6167,#4199,.T.);
#7681=EDGE_CURVE('',#6168,#6166,#4200,.T.);
#7682=EDGE_CURVE('',#6169,#6168,#4201,.T.);
#7683=EDGE_CURVE('',#6167,#6169,#4202,.T.);
#7684=EDGE_CURVE('',#6170,#6171,#4203,.T.);
#7685=EDGE_CURVE('',#6172,#6170,#4204,.T.);
#7686=EDGE_CURVE('',#6173,#6172,#4205,.T.);
#7687=EDGE_CURVE('',#6171,#6173,#4206,.T.);
#7688=EDGE_CURVE('',#6174,#6175,#4207,.T.);
#7689=EDGE_CURVE('',#6176,#6174,#4208,.T.);
#7690=EDGE_CURVE('',#6177,#6176,#4209,.T.);
#7691=EDGE_CURVE('',#6175,#6177,#4210,.T.);
#7692=EDGE_CURVE('',#6178,#6179,#4211,.T.);
#7693=EDGE_CURVE('',#6180,#6178,#4212,.T.);
#7694=EDGE_CURVE('',#6181,#6180,#4213,.T.);
#7695=EDGE_CURVE('',#6179,#6181,#4214,.T.);
#7696=EDGE_CURVE('',#6182,#6183,#4215,.T.);
#7697=EDGE_CURVE('',#6184,#6182,#4216,.T.);
#7698=EDGE_CURVE('',#6185,#6184,#4217,.T.);
#7699=EDGE_CURVE('',#6183,#6185,#4218,.T.);
#7700=EDGE_CURVE('',#6186,#6187,#4219,.T.);
#7701=EDGE_CURVE('',#6188,#6186,#4220,.T.);
#7702=EDGE_CURVE('',#6189,#6188,#4221,.T.);
#7703=EDGE_CURVE('',#6187,#6189,#4222,.T.);
#7704=EDGE_CURVE('',#6190,#6191,#4223,.T.);
#7705=EDGE_CURVE('',#6192,#6190,#4224,.T.);
#7706=EDGE_CURVE('',#6193,#6192,#4225,.T.);
#7707=EDGE_CURVE('',#6191,#6193,#4226,.T.);
#7708=EDGE_CURVE('',#6194,#6195,#1732,.T.);
#7709=EDGE_CURVE('',#6196,#6194,#4227,.T.);
#7710=EDGE_CURVE('',#6197,#6196,#4228,.T.);
#7711=EDGE_CURVE('',#6198,#6197,#4229,.T.);
#7712=EDGE_CURVE('',#6199,#6198,#4230,.T.);
#7713=EDGE_CURVE('',#6195,#6199,#4231,.T.);
#7714=EDGE_CURVE('',#6200,#6201,#4232,.T.);
#7715=EDGE_CURVE('',#6202,#6200,#4233,.T.);
#7716=EDGE_CURVE('',#6203,#6202,#4234,.T.);
#7717=EDGE_CURVE('',#6201,#6203,#4235,.T.);
#7718=EDGE_CURVE('',#6204,#6205,#4236,.T.);
#7719=EDGE_CURVE('',#6206,#6204,#4237,.T.);
#7720=EDGE_CURVE('',#6207,#6206,#4238,.T.);
#7721=EDGE_CURVE('',#6205,#6207,#4239,.T.);
#7722=EDGE_CURVE('',#6208,#6209,#4240,.T.);
#7723=EDGE_CURVE('',#6210,#6208,#4241,.T.);
#7724=EDGE_CURVE('',#6211,#6210,#4242,.T.);
#7725=EDGE_CURVE('',#6209,#6211,#4243,.T.);
#7726=EDGE_CURVE('',#6212,#6213,#4244,.T.);
#7727=EDGE_CURVE('',#6214,#6212,#4245,.T.);
#7728=EDGE_CURVE('',#6215,#6214,#4246,.T.);
#7729=EDGE_CURVE('',#6213,#6215,#4247,.T.);
#7730=EDGE_CURVE('',#6216,#6217,#4248,.T.);
#7731=EDGE_CURVE('',#6218,#6216,#4249,.T.);
#7732=EDGE_CURVE('',#6219,#6218,#4250,.T.);
#7733=EDGE_CURVE('',#6217,#6219,#4251,.T.);
#7734=EDGE_CURVE('',#6220,#6221,#4252,.T.);
#7735=EDGE_CURVE('',#6222,#6220,#4253,.T.);
#7736=EDGE_CURVE('',#6223,#6222,#4254,.T.);
#7737=EDGE_CURVE('',#6221,#6223,#4255,.T.);
#7738=EDGE_CURVE('',#6224,#6225,#4256,.T.);
#7739=EDGE_CURVE('',#6226,#6224,#4257,.T.);
#7740=EDGE_CURVE('',#6227,#6226,#4258,.T.);
#7741=EDGE_CURVE('',#6225,#6227,#4259,.T.);
#7742=EDGE_CURVE('',#6228,#6229,#4260,.T.);
#7743=EDGE_CURVE('',#6230,#6228,#4261,.T.);
#7744=EDGE_CURVE('',#6231,#6230,#4262,.T.);
#7745=EDGE_CURVE('',#6229,#6231,#4263,.T.);
#7746=EDGE_CURVE('',#6232,#6164,#4264,.T.);
#7747=EDGE_CURVE('',#6232,#6233,#4265,.T.);
#7748=EDGE_CURVE('',#6233,#6165,#4266,.T.);
#7749=EDGE_CURVE('',#6234,#6162,#4267,.T.);
#7750=EDGE_CURVE('',#6234,#6232,#4268,.T.);
#7751=EDGE_CURVE('',#6235,#6163,#4269,.T.);
#7752=EDGE_CURVE('',#6235,#6234,#4270,.T.);
#7753=EDGE_CURVE('',#6233,#6235,#4271,.T.);
#7754=EDGE_CURVE('',#6236,#6168,#4272,.T.);
#7755=EDGE_CURVE('',#6236,#6237,#4273,.T.);
#7756=EDGE_CURVE('',#6237,#6169,#4274,.T.);
#7757=EDGE_CURVE('',#6238,#6166,#4275,.T.);
#7758=EDGE_CURVE('',#6238,#6236,#4276,.T.);
#7759=EDGE_CURVE('',#6239,#6167,#4277,.T.);
#7760=EDGE_CURVE('',#6239,#6238,#4278,.T.);
#7761=EDGE_CURVE('',#6237,#6239,#4279,.T.);
#7762=EDGE_CURVE('',#6240,#6172,#4280,.T.);
#7763=EDGE_CURVE('',#6240,#6241,#4281,.T.);
#7764=EDGE_CURVE('',#6241,#6173,#4282,.T.);
#7765=EDGE_CURVE('',#6242,#6170,#4283,.T.);
#7766=EDGE_CURVE('',#6242,#6240,#4284,.T.);
#7767=EDGE_CURVE('',#6243,#6171,#4285,.T.);
#7768=EDGE_CURVE('',#6243,#6242,#4286,.T.);
#7769=EDGE_CURVE('',#6241,#6243,#4287,.T.);
#7770=EDGE_CURVE('',#6244,#6176,#4288,.T.);
#7771=EDGE_CURVE('',#6244,#6245,#4289,.T.);
#7772=EDGE_CURVE('',#6245,#6177,#4290,.T.);
#7773=EDGE_CURVE('',#6246,#6174,#4291,.T.);
#7774=EDGE_CURVE('',#6246,#6244,#4292,.T.);
#7775=EDGE_CURVE('',#6247,#6175,#4293,.T.);
#7776=EDGE_CURVE('',#6247,#6246,#4294,.T.);
#7777=EDGE_CURVE('',#6245,#6247,#4295,.T.);
#7778=EDGE_CURVE('',#6248,#6180,#4296,.T.);
#7779=EDGE_CURVE('',#6248,#6249,#4297,.T.);
#7780=EDGE_CURVE('',#6249,#6181,#4298,.T.);
#7781=EDGE_CURVE('',#6250,#6178,#4299,.T.);
#7782=EDGE_CURVE('',#6250,#6248,#4300,.T.);
#7783=EDGE_CURVE('',#6251,#6179,#4301,.T.);
#7784=EDGE_CURVE('',#6251,#6250,#4302,.T.);
#7785=EDGE_CURVE('',#6249,#6251,#4303,.T.);
#7786=EDGE_CURVE('',#6252,#6184,#4304,.T.);
#7787=EDGE_CURVE('',#6252,#6253,#4305,.T.);
#7788=EDGE_CURVE('',#6253,#6185,#4306,.T.);
#7789=EDGE_CURVE('',#6254,#6182,#4307,.T.);
#7790=EDGE_CURVE('',#6254,#6252,#4308,.T.);
#7791=EDGE_CURVE('',#6255,#6183,#4309,.T.);
#7792=EDGE_CURVE('',#6255,#6254,#4310,.T.);
#7793=EDGE_CURVE('',#6253,#6255,#4311,.T.);
#7794=EDGE_CURVE('',#6256,#6188,#4312,.T.);
#7795=EDGE_CURVE('',#6257,#6256,#4313,.T.);
#7796=EDGE_CURVE('',#6257,#6189,#4314,.T.);
#7797=EDGE_CURVE('',#6258,#6186,#4315,.T.);
#7798=EDGE_CURVE('',#6256,#6258,#4316,.T.);
#7799=EDGE_CURVE('',#6157,#6259,#4317,.T.);
#7800=EDGE_CURVE('',#6259,#6259,#1733,.T.);
#7801=EDGE_CURVE('',#6260,#6187,#4318,.T.);
#7802=EDGE_CURVE('',#6258,#6260,#4319,.T.);
#7803=EDGE_CURVE('',#6260,#6257,#4320,.T.);
#7804=EDGE_CURVE('',#6261,#6192,#4321,.T.);
#7805=EDGE_CURVE('',#6261,#6262,#4322,.T.);
#7806=EDGE_CURVE('',#6262,#6193,#4323,.T.);
#7807=EDGE_CURVE('',#6263,#6190,#4324,.T.);
#7808=EDGE_CURVE('',#6263,#6261,#4325,.T.);
#7809=EDGE_CURVE('',#6264,#6191,#4326,.T.);
#7810=EDGE_CURVE('',#6264,#6263,#4327,.T.);
#7811=EDGE_CURVE('',#6262,#6264,#4328,.T.);
#7812=EDGE_CURVE('',#6265,#6197,#4329,.T.);
#7813=EDGE_CURVE('',#6265,#6266,#4330,.T.);
#7814=EDGE_CURVE('',#6266,#6198,#4331,.T.);
#7815=EDGE_CURVE('',#6267,#6196,#4332,.T.);
#7816=EDGE_CURVE('',#6267,#6265,#4333,.T.);
#7817=EDGE_CURVE('',#6268,#6194,#4334,.T.);
#7818=EDGE_CURVE('',#6268,#6267,#4335,.T.);
#7819=EDGE_CURVE('',#6269,#6195,#4336,.T.);
#7820=EDGE_CURVE('',#6268,#6269,#1734,.T.);
#7821=EDGE_CURVE('',#6270,#6199,#4337,.T.);
#7822=EDGE_CURVE('',#6270,#6269,#4338,.T.);
#7823=EDGE_CURVE('',#6266,#6270,#4339,.T.);
#7824=EDGE_CURVE('',#6271,#6158,#4340,.T.);
#7825=EDGE_CURVE('',#6271,#6272,#4341,.T.);
#7826=EDGE_CURVE('',#6272,#6160,#4342,.T.);
#7827=EDGE_CURVE('',#6273,#6159,#4343,.T.);
#7828=EDGE_CURVE('',#6273,#6271,#4344,.T.);
#7829=EDGE_CURVE('',#6274,#6275,#4345,.T.);
#7830=EDGE_CURVE('',#6275,#6276,#4346,.T.);
#7831=EDGE_CURVE('',#6276,#6277,#4347,.T.);
#7832=EDGE_CURVE('',#6277,#6274,#4348,.T.);
#7833=EDGE_CURVE('',#6278,#6273,#4349,.T.);
#7834=EDGE_CURVE('',#6272,#6278,#4350,.T.);
#7835=EDGE_CURVE('',#6278,#6161,#4351,.T.);
#7836=EDGE_CURVE('',#6279,#6280,#4352,.T.);
#7837=EDGE_CURVE('',#6279,#6275,#4353,.T.);
#7838=EDGE_CURVE('',#6280,#6274,#4354,.T.);
#7839=EDGE_CURVE('',#6280,#6281,#4355,.T.);
#7840=EDGE_CURVE('',#6281,#6277,#4356,.T.);
#7841=EDGE_CURVE('',#6281,#6282,#4357,.T.);
#7842=EDGE_CURVE('',#6282,#6276,#4358,.T.);
#7843=EDGE_CURVE('',#6282,#6279,#4359,.T.);
#7844=EDGE_CURVE('',#6283,#6284,#4360,.T.);
#7845=EDGE_CURVE('',#6284,#6285,#4361,.F.);
#7846=EDGE_CURVE('',#6286,#6285,#4362,.F.);
#7847=EDGE_CURVE('',#6283,#6286,#4363,.F.);
#7848=EDGE_CURVE('',#6287,#6283,#4364,.T.);
#7849=EDGE_CURVE('',#6288,#6286,#4365,.F.);
#7850=EDGE_CURVE('',#6287,#6288,#4366,.T.);
#7851=EDGE_CURVE('',#6289,#6287,#4367,.T.);
#7852=EDGE_CURVE('',#6290,#6288,#4368,.F.);
#7853=EDGE_CURVE('',#6289,#6290,#4369,.F.);
#7854=EDGE_CURVE('',#6284,#6289,#4370,.T.);
#7855=EDGE_CURVE('',#6285,#6290,#4371,.F.);
#7856=EDGE_CURVE('',#6291,#6202,#4372,.T.);
#7857=EDGE_CURVE('',#6291,#6292,#4373,.T.);
#7858=EDGE_CURVE('',#6292,#6203,#4374,.T.);
#7859=EDGE_CURVE('',#6293,#6200,#4375,.T.);
#7860=EDGE_CURVE('',#6293,#6291,#4376,.T.);
#7861=EDGE_CURVE('',#6294,#6201,#4377,.T.);
#7862=EDGE_CURVE('',#6294,#6293,#4378,.T.);
#7863=EDGE_CURVE('',#6292,#6294,#4379,.T.);
#7864=EDGE_CURVE('',#6295,#6206,#4380,.T.);
#7865=EDGE_CURVE('',#6295,#6296,#4381,.T.);
#7866=EDGE_CURVE('',#6296,#6207,#4382,.T.);
#7867=EDGE_CURVE('',#6297,#6204,#4383,.T.);
#7868=EDGE_CURVE('',#6297,#6295,#4384,.T.);
#7869=EDGE_CURVE('',#6298,#6205,#4385,.T.);
#7870=EDGE_CURVE('',#6298,#6297,#4386,.T.);
#7871=EDGE_CURVE('',#6296,#6298,#4387,.T.);
#7872=EDGE_CURVE('',#6299,#6210,#4388,.T.);
#7873=EDGE_CURVE('',#6299,#6300,#4389,.T.);
#7874=EDGE_CURVE('',#6300,#6211,#4390,.T.);
#7875=EDGE_CURVE('',#6301,#6208,#4391,.T.);
#7876=EDGE_CURVE('',#6301,#6299,#4392,.T.);
#7877=EDGE_CURVE('',#6302,#6209,#4393,.T.);
#7878=EDGE_CURVE('',#6302,#6301,#4394,.T.);
#7879=EDGE_CURVE('',#6300,#6302,#4395,.T.);
#7880=EDGE_CURVE('',#6303,#6214,#4396,.T.);
#7881=EDGE_CURVE('',#6303,#6304,#4397,.T.);
#7882=EDGE_CURVE('',#6304,#6215,#4398,.T.);
#7883=EDGE_CURVE('',#6305,#6212,#4399,.T.);
#7884=EDGE_CURVE('',#6305,#6303,#4400,.T.);
#7885=EDGE_CURVE('',#6306,#6213,#4401,.T.);
#7886=EDGE_CURVE('',#6306,#6305,#4402,.T.);
#7887=EDGE_CURVE('',#6304,#6306,#4403,.T.);
#7888=EDGE_CURVE('',#6307,#6218,#4404,.T.);
#7889=EDGE_CURVE('',#6307,#6308,#4405,.T.);
#7890=EDGE_CURVE('',#6308,#6219,#4406,.T.);
#7891=EDGE_CURVE('',#6309,#6216,#4407,.T.);
#7892=EDGE_CURVE('',#6309,#6307,#4408,.T.);
#7893=EDGE_CURVE('',#6310,#6217,#4409,.T.);
#7894=EDGE_CURVE('',#6310,#6309,#4410,.T.);
#7895=EDGE_CURVE('',#6308,#6310,#4411,.T.);
#7896=EDGE_CURVE('',#6311,#6222,#4412,.T.);
#7897=EDGE_CURVE('',#6311,#6312,#4413,.T.);
#7898=EDGE_CURVE('',#6312,#6223,#4414,.T.);
#7899=EDGE_CURVE('',#6313,#6220,#4415,.T.);
#7900=EDGE_CURVE('',#6313,#6311,#4416,.T.);
#7901=EDGE_CURVE('',#6314,#6221,#4417,.T.);
#7902=EDGE_CURVE('',#6314,#6313,#4418,.T.);
#7903=EDGE_CURVE('',#6312,#6314,#4419,.T.);
#7904=EDGE_CURVE('',#6315,#6226,#4420,.T.);
#7905=EDGE_CURVE('',#6315,#6316,#4421,.T.);
#7906=EDGE_CURVE('',#6316,#6227,#4422,.T.);
#7907=EDGE_CURVE('',#6317,#6224,#4423,.T.);
#7908=EDGE_CURVE('',#6317,#6315,#4424,.T.);
#7909=EDGE_CURVE('',#6318,#6225,#4425,.T.);
#7910=EDGE_CURVE('',#6318,#6317,#4426,.T.);
#7911=EDGE_CURVE('',#6316,#6318,#4427,.T.);
#7912=EDGE_CURVE('',#6319,#6230,#4428,.T.);
#7913=EDGE_CURVE('',#6319,#6320,#4429,.T.);
#7914=EDGE_CURVE('',#6320,#6231,#4430,.T.);
#7915=EDGE_CURVE('',#6321,#6228,#4431,.T.);
#7916=EDGE_CURVE('',#6321,#6319,#4432,.T.);
#7917=EDGE_CURVE('',#6322,#6229,#4433,.T.);
#7918=EDGE_CURVE('',#6322,#6321,#4434,.T.);
#7919=EDGE_CURVE('',#6320,#6322,#4435,.T.);
#7920=EDGE_CURVE('',#6323,#6324,#4436,.T.);
#7921=EDGE_CURVE('',#6325,#6323,#4437,.T.);
#7922=EDGE_CURVE('',#6326,#6325,#4438,.T.);
#7923=EDGE_CURVE('',#6324,#6326,#4439,.T.);
#7924=EDGE_CURVE('',#6327,#6328,#4440,.T.);
#7925=EDGE_CURVE('',#6329,#6327,#4441,.T.);
#7926=EDGE_CURVE('',#6330,#6329,#4442,.T.);
#7927=EDGE_CURVE('',#6328,#6330,#4443,.T.);
#7928=EDGE_CURVE('',#6330,#6331,#4444,.F.);
#7929=EDGE_CURVE('',#6331,#6332,#4445,.F.);
#7930=EDGE_CURVE('',#6332,#6333,#4446,.F.);
#7931=EDGE_CURVE('',#6333,#6334,#4447,.F.);
#7932=EDGE_CURVE('',#6334,#6325,#4448,.F.);
#7933=EDGE_CURVE('',#6323,#6335,#4449,.T.);
#7934=EDGE_CURVE('',#6335,#6336,#4450,.T.);
#7935=EDGE_CURVE('',#6336,#6337,#4451,.T.);
#7936=EDGE_CURVE('',#6337,#6338,#4452,.T.);
#7937=EDGE_CURVE('',#6338,#6328,#4453,.T.);
#7938=EDGE_CURVE('',#6339,#6339,#1735,.T.);
#7939=EDGE_CURVE('',#6340,#6340,#1736,.T.);
#7940=EDGE_CURVE('',#6341,#6341,#1737,.T.);
#7941=EDGE_CURVE('',#6342,#6342,#1738,.T.);
#7942=EDGE_CURVE('',#6324,#6343,#4454,.T.);
#7943=EDGE_CURVE('',#6343,#6335,#4455,.T.);
#7944=EDGE_CURVE('',#6344,#6334,#4456,.T.);
#7945=EDGE_CURVE('',#6326,#6344,#4457,.T.);
#7946=EDGE_CURVE('',#6345,#6345,#1739,.T.);
#7947=EDGE_CURVE('',#6345,#6346,#4458,.T.);
#7948=EDGE_CURVE('',#6346,#6346,#1740,.T.);
#7949=EDGE_CURVE('',#6347,#6347,#1741,.T.);
#7950=EDGE_CURVE('',#6347,#6348,#4459,.T.);
#7951=EDGE_CURVE('',#6348,#6348,#1742,.T.);
#7952=EDGE_CURVE('',#6349,#6349,#1743,.T.);
#7953=EDGE_CURVE('',#6349,#6350,#4460,.T.);
#7954=EDGE_CURVE('',#6350,#6350,#1744,.T.);
#7955=EDGE_CURVE('',#6351,#6351,#1745,.T.);
#7956=EDGE_CURVE('',#6351,#6352,#4461,.T.);
#7957=EDGE_CURVE('',#6352,#6352,#1746,.T.);
#7958=EDGE_CURVE('',#6339,#6353,#4462,.T.);
#7959=EDGE_CURVE('',#6353,#6353,#1747,.T.);
#7960=EDGE_CURVE('',#6340,#6354,#4463,.T.);
#7961=EDGE_CURVE('',#6354,#6354,#1748,.T.);
#7962=EDGE_CURVE('',#6341,#6355,#4464,.T.);
#7963=EDGE_CURVE('',#6355,#6355,#1749,.T.);
#7964=EDGE_CURVE('',#6342,#6356,#4465,.T.);
#7965=EDGE_CURVE('',#6356,#6356,#1750,.T.);
#7966=EDGE_CURVE('',#6357,#6338,#4466,.T.);
#7967=EDGE_CURVE('',#6357,#6327,#4467,.T.);
#7968=EDGE_CURVE('',#6358,#6357,#4468,.T.);
#7969=EDGE_CURVE('',#6358,#6337,#4469,.T.);
#7970=EDGE_CURVE('',#6359,#6358,#4470,.T.);
#7971=EDGE_CURVE('',#6359,#6336,#4471,.T.);
#7972=EDGE_CURVE('',#6343,#6359,#4472,.T.);
#7973=EDGE_CURVE('',#6360,#6329,#4473,.T.);
#7974=EDGE_CURVE('',#6360,#6331,#4474,.T.);
#7975=EDGE_CURVE('',#6344,#6361,#4475,.T.);
#7976=EDGE_CURVE('',#6361,#6333,#4476,.F.);
#7977=EDGE_CURVE('',#6361,#6362,#4477,.T.);
#7978=EDGE_CURVE('',#6362,#6332,#4478,.T.);
#7979=EDGE_CURVE('',#6362,#6360,#4479,.T.);
#7980=ORIENTED_EDGE('',*,*,#6363,.T.);
#7981=ORIENTED_EDGE('',*,*,#6364,.T.);
#7982=ORIENTED_EDGE('',*,*,#6365,.F.);
#7983=ORIENTED_EDGE('',*,*,#6366,.F.);
#7984=ORIENTED_EDGE('',*,*,#6367,.T.);
#7985=ORIENTED_EDGE('',*,*,#6368,.T.);
#7986=ORIENTED_EDGE('',*,*,#6363,.F.);
#7987=ORIENTED_EDGE('',*,*,#6369,.F.);
#7988=ORIENTED_EDGE('',*,*,#6365,.T.);
#7989=ORIENTED_EDGE('',*,*,#6370,.T.);
#7990=ORIENTED_EDGE('',*,*,#6371,.F.);
#7991=ORIENTED_EDGE('',*,*,#6372,.F.);
#7992=ORIENTED_EDGE('',*,*,#6366,.T.);
#7993=ORIENTED_EDGE('',*,*,#6372,.T.);
#7994=ORIENTED_EDGE('',*,*,#6373,.T.);
#7995=ORIENTED_EDGE('',*,*,#6369,.T.);
#7996=ORIENTED_EDGE('',*,*,#6374,.F.);
#7997=ORIENTED_EDGE('',*,*,#6375,.F.);
#7998=ORIENTED_EDGE('',*,*,#6376,.F.);
#7999=ORIENTED_EDGE('',*,*,#6377,.F.);
#8000=ORIENTED_EDGE('',*,*,#6378,.F.);
#8001=ORIENTED_EDGE('',*,*,#6379,.F.);
#8002=ORIENTED_EDGE('',*,*,#6380,.F.);
#8003=ORIENTED_EDGE('',*,*,#6381,.F.);
#8004=ORIENTED_EDGE('',*,*,#6382,.F.);
#8005=ORIENTED_EDGE('',*,*,#6383,.F.);
#8006=ORIENTED_EDGE('',*,*,#6384,.F.);
#8007=ORIENTED_EDGE('',*,*,#6385,.F.);
#8008=ORIENTED_EDGE('',*,*,#6386,.F.);
#8009=ORIENTED_EDGE('',*,*,#6387,.F.);
#8010=ORIENTED_EDGE('',*,*,#6388,.F.);
#8011=ORIENTED_EDGE('',*,*,#6389,.F.);
#8012=ORIENTED_EDGE('',*,*,#6390,.F.);
#8013=ORIENTED_EDGE('',*,*,#6391,.F.);
#8014=ORIENTED_EDGE('',*,*,#6392,.F.);
#8015=ORIENTED_EDGE('',*,*,#6393,.F.);
#8016=ORIENTED_EDGE('',*,*,#6394,.F.);
#8017=ORIENTED_EDGE('',*,*,#6395,.F.);
#8018=ORIENTED_EDGE('',*,*,#6396,.F.);
#8019=ORIENTED_EDGE('',*,*,#6397,.F.);
#8020=ORIENTED_EDGE('',*,*,#6398,.F.);
#8021=ORIENTED_EDGE('',*,*,#6399,.F.);
#8022=ORIENTED_EDGE('',*,*,#6400,.F.);
#8023=ORIENTED_EDGE('',*,*,#6401,.F.);
#8024=ORIENTED_EDGE('',*,*,#6402,.F.);
#8025=ORIENTED_EDGE('',*,*,#6403,.F.);
#8026=ORIENTED_EDGE('',*,*,#6404,.F.);
#8027=ORIENTED_EDGE('',*,*,#6405,.F.);
#8028=ORIENTED_EDGE('',*,*,#6406,.F.);
#8029=ORIENTED_EDGE('',*,*,#6407,.F.);
#8030=ORIENTED_EDGE('',*,*,#6408,.F.);
#8031=ORIENTED_EDGE('',*,*,#6409,.F.);
#8032=ORIENTED_EDGE('',*,*,#6410,.F.);
#8033=ORIENTED_EDGE('',*,*,#6411,.F.);
#8034=ORIENTED_EDGE('',*,*,#6412,.F.);
#8035=ORIENTED_EDGE('',*,*,#6413,.F.);
#8036=ORIENTED_EDGE('',*,*,#6414,.F.);
#8037=ORIENTED_EDGE('',*,*,#6415,.F.);
#8038=ORIENTED_EDGE('',*,*,#6416,.F.);
#8039=ORIENTED_EDGE('',*,*,#6417,.F.);
#8040=ORIENTED_EDGE('',*,*,#6418,.F.);
#8041=ORIENTED_EDGE('',*,*,#6419,.F.);
#8042=ORIENTED_EDGE('',*,*,#6420,.F.);
#8043=ORIENTED_EDGE('',*,*,#6421,.F.);
#8044=ORIENTED_EDGE('',*,*,#6422,.F.);
#8045=ORIENTED_EDGE('',*,*,#6423,.F.);
#8046=ORIENTED_EDGE('',*,*,#6424,.F.);
#8047=ORIENTED_EDGE('',*,*,#6425,.F.);
#8048=ORIENTED_EDGE('',*,*,#6426,.F.);
#8049=ORIENTED_EDGE('',*,*,#6427,.F.);
#8050=ORIENTED_EDGE('',*,*,#6428,.F.);
#8051=ORIENTED_EDGE('',*,*,#6429,.F.);
#8052=ORIENTED_EDGE('',*,*,#6430,.F.);
#8053=ORIENTED_EDGE('',*,*,#6431,.F.);
#8054=ORIENTED_EDGE('',*,*,#6432,.F.);
#8055=ORIENTED_EDGE('',*,*,#6433,.F.);
#8056=ORIENTED_EDGE('',*,*,#6434,.F.);
#8057=ORIENTED_EDGE('',*,*,#6435,.F.);
#8058=ORIENTED_EDGE('',*,*,#6436,.F.);
#8059=ORIENTED_EDGE('',*,*,#6437,.F.);
#8060=ORIENTED_EDGE('',*,*,#6438,.F.);
#8061=ORIENTED_EDGE('',*,*,#6439,.F.);
#8062=ORIENTED_EDGE('',*,*,#6440,.F.);
#8063=ORIENTED_EDGE('',*,*,#6441,.F.);
#8064=ORIENTED_EDGE('',*,*,#6442,.F.);
#8065=ORIENTED_EDGE('',*,*,#6443,.F.);
#8066=ORIENTED_EDGE('',*,*,#6444,.F.);
#8067=ORIENTED_EDGE('',*,*,#6445,.F.);
#8068=ORIENTED_EDGE('',*,*,#6446,.F.);
#8069=ORIENTED_EDGE('',*,*,#6447,.F.);
#8070=ORIENTED_EDGE('',*,*,#6448,.F.);
#8071=ORIENTED_EDGE('',*,*,#6449,.F.);
#8072=ORIENTED_EDGE('',*,*,#6450,.F.);
#8073=ORIENTED_EDGE('',*,*,#6451,.F.);
#8074=ORIENTED_EDGE('',*,*,#6452,.F.);
#8075=ORIENTED_EDGE('',*,*,#6453,.F.);
#8076=ORIENTED_EDGE('',*,*,#6454,.F.);
#8077=ORIENTED_EDGE('',*,*,#6455,.F.);
#8078=ORIENTED_EDGE('',*,*,#6456,.F.);
#8079=ORIENTED_EDGE('',*,*,#6457,.F.);
#8080=ORIENTED_EDGE('',*,*,#6458,.F.);
#8081=ORIENTED_EDGE('',*,*,#6459,.F.);
#8082=ORIENTED_EDGE('',*,*,#6460,.F.);
#8083=ORIENTED_EDGE('',*,*,#6461,.F.);
#8084=ORIENTED_EDGE('',*,*,#6462,.F.);
#8085=ORIENTED_EDGE('',*,*,#6463,.F.);
#8086=ORIENTED_EDGE('',*,*,#6464,.F.);
#8087=ORIENTED_EDGE('',*,*,#6465,.F.);
#8088=ORIENTED_EDGE('',*,*,#6466,.F.);
#8089=ORIENTED_EDGE('',*,*,#6467,.F.);
#8090=ORIENTED_EDGE('',*,*,#6468,.F.);
#8091=ORIENTED_EDGE('',*,*,#6469,.F.);
#8092=ORIENTED_EDGE('',*,*,#6470,.F.);
#8093=ORIENTED_EDGE('',*,*,#6471,.F.);
#8094=ORIENTED_EDGE('',*,*,#6472,.F.);
#8095=ORIENTED_EDGE('',*,*,#6473,.F.);
#8096=ORIENTED_EDGE('',*,*,#6474,.F.);
#8097=ORIENTED_EDGE('',*,*,#6475,.F.);
#8098=ORIENTED_EDGE('',*,*,#6476,.F.);
#8099=ORIENTED_EDGE('',*,*,#6477,.F.);
#8100=ORIENTED_EDGE('',*,*,#6478,.F.);
#8101=ORIENTED_EDGE('',*,*,#6479,.F.);
#8102=ORIENTED_EDGE('',*,*,#6480,.F.);
#8103=ORIENTED_EDGE('',*,*,#6481,.F.);
#8104=ORIENTED_EDGE('',*,*,#6482,.F.);
#8105=ORIENTED_EDGE('',*,*,#6483,.F.);
#8106=ORIENTED_EDGE('',*,*,#6484,.F.);
#8107=ORIENTED_EDGE('',*,*,#6485,.F.);
#8108=ORIENTED_EDGE('',*,*,#6486,.F.);
#8109=ORIENTED_EDGE('',*,*,#6487,.F.);
#8110=ORIENTED_EDGE('',*,*,#6488,.F.);
#8111=ORIENTED_EDGE('',*,*,#6489,.F.);
#8112=ORIENTED_EDGE('',*,*,#6490,.F.);
#8113=ORIENTED_EDGE('',*,*,#6491,.F.);
#8114=ORIENTED_EDGE('',*,*,#6492,.F.);
#8115=ORIENTED_EDGE('',*,*,#6493,.F.);
#8116=ORIENTED_EDGE('',*,*,#6494,.F.);
#8117=ORIENTED_EDGE('',*,*,#6495,.F.);
#8118=ORIENTED_EDGE('',*,*,#6496,.F.);
#8119=ORIENTED_EDGE('',*,*,#6497,.F.);
#8120=ORIENTED_EDGE('',*,*,#6498,.F.);
#8121=ORIENTED_EDGE('',*,*,#6499,.F.);
#8122=ORIENTED_EDGE('',*,*,#6500,.F.);
#8123=ORIENTED_EDGE('',*,*,#6501,.F.);
#8124=ORIENTED_EDGE('',*,*,#6502,.F.);
#8125=ORIENTED_EDGE('',*,*,#6503,.F.);
#8126=ORIENTED_EDGE('',*,*,#6504,.F.);
#8127=ORIENTED_EDGE('',*,*,#6505,.F.);
#8128=ORIENTED_EDGE('',*,*,#6506,.F.);
#8129=ORIENTED_EDGE('',*,*,#6507,.F.);
#8130=ORIENTED_EDGE('',*,*,#6508,.F.);
#8131=ORIENTED_EDGE('',*,*,#6509,.F.);
#8132=ORIENTED_EDGE('',*,*,#6510,.F.);
#8133=ORIENTED_EDGE('',*,*,#6511,.F.);
#8134=ORIENTED_EDGE('',*,*,#6512,.F.);
#8135=ORIENTED_EDGE('',*,*,#6513,.F.);
#8136=ORIENTED_EDGE('',*,*,#6514,.F.);
#8137=ORIENTED_EDGE('',*,*,#6515,.F.);
#8138=ORIENTED_EDGE('',*,*,#6516,.F.);
#8139=ORIENTED_EDGE('',*,*,#6517,.F.);
#8140=ORIENTED_EDGE('',*,*,#6518,.F.);
#8141=ORIENTED_EDGE('',*,*,#6519,.F.);
#8142=ORIENTED_EDGE('',*,*,#6520,.F.);
#8143=ORIENTED_EDGE('',*,*,#6521,.F.);
#8144=ORIENTED_EDGE('',*,*,#6522,.F.);
#8145=ORIENTED_EDGE('',*,*,#6523,.F.);
#8146=ORIENTED_EDGE('',*,*,#6524,.F.);
#8147=ORIENTED_EDGE('',*,*,#6525,.F.);
#8148=ORIENTED_EDGE('',*,*,#6526,.F.);
#8149=ORIENTED_EDGE('',*,*,#6527,.F.);
#8150=ORIENTED_EDGE('',*,*,#6528,.F.);
#8151=ORIENTED_EDGE('',*,*,#6529,.F.);
#8152=ORIENTED_EDGE('',*,*,#6530,.F.);
#8153=ORIENTED_EDGE('',*,*,#6531,.F.);
#8154=ORIENTED_EDGE('',*,*,#6532,.F.);
#8155=ORIENTED_EDGE('',*,*,#6533,.F.);
#8156=ORIENTED_EDGE('',*,*,#6534,.F.);
#8157=ORIENTED_EDGE('',*,*,#6535,.F.);
#8158=ORIENTED_EDGE('',*,*,#6536,.F.);
#8159=ORIENTED_EDGE('',*,*,#6537,.F.);
#8160=ORIENTED_EDGE('',*,*,#6538,.F.);
#8161=ORIENTED_EDGE('',*,*,#6539,.F.);
#8162=ORIENTED_EDGE('',*,*,#6540,.F.);
#8163=ORIENTED_EDGE('',*,*,#6541,.F.);
#8164=ORIENTED_EDGE('',*,*,#6542,.F.);
#8165=ORIENTED_EDGE('',*,*,#6543,.F.);
#8166=ORIENTED_EDGE('',*,*,#6544,.F.);
#8167=ORIENTED_EDGE('',*,*,#6545,.F.);
#8168=ORIENTED_EDGE('',*,*,#6546,.F.);
#8169=ORIENTED_EDGE('',*,*,#6547,.F.);
#8170=ORIENTED_EDGE('',*,*,#6548,.F.);
#8171=ORIENTED_EDGE('',*,*,#6549,.F.);
#8172=ORIENTED_EDGE('',*,*,#6550,.F.);
#8173=ORIENTED_EDGE('',*,*,#6551,.F.);
#8174=ORIENTED_EDGE('',*,*,#6552,.F.);
#8175=ORIENTED_EDGE('',*,*,#6553,.F.);
#8176=ORIENTED_EDGE('',*,*,#6554,.F.);
#8177=ORIENTED_EDGE('',*,*,#6555,.F.);
#8178=ORIENTED_EDGE('',*,*,#6556,.F.);
#8179=ORIENTED_EDGE('',*,*,#6557,.F.);
#8180=ORIENTED_EDGE('',*,*,#6364,.F.);
#8181=ORIENTED_EDGE('',*,*,#6368,.F.);
#8182=ORIENTED_EDGE('',*,*,#6558,.F.);
#8183=ORIENTED_EDGE('',*,*,#6370,.F.);
#8184=ORIENTED_EDGE('',*,*,#6559,.T.);
#8185=ORIENTED_EDGE('',*,*,#6560,.T.);
#8186=ORIENTED_EDGE('',*,*,#6561,.T.);
#8187=ORIENTED_EDGE('',*,*,#6562,.T.);
#8188=ORIENTED_EDGE('',*,*,#6563,.T.);
#8189=ORIENTED_EDGE('',*,*,#6564,.T.);
#8190=ORIENTED_EDGE('',*,*,#6565,.T.);
#8191=ORIENTED_EDGE('',*,*,#6566,.T.);
#8192=ORIENTED_EDGE('',*,*,#6567,.T.);
#8193=ORIENTED_EDGE('',*,*,#6568,.T.);
#8194=ORIENTED_EDGE('',*,*,#6569,.T.);
#8195=ORIENTED_EDGE('',*,*,#6570,.T.);
#8196=ORIENTED_EDGE('',*,*,#6571,.T.);
#8197=ORIENTED_EDGE('',*,*,#6572,.T.);
#8198=ORIENTED_EDGE('',*,*,#6573,.T.);
#8199=ORIENTED_EDGE('',*,*,#6574,.T.);
#8200=ORIENTED_EDGE('',*,*,#6575,.T.);
#8201=ORIENTED_EDGE('',*,*,#6576,.T.);
#8202=ORIENTED_EDGE('',*,*,#6577,.T.);
#8203=ORIENTED_EDGE('',*,*,#6578,.T.);
#8204=ORIENTED_EDGE('',*,*,#6579,.T.);
#8205=ORIENTED_EDGE('',*,*,#6580,.T.);
#8206=ORIENTED_EDGE('',*,*,#6581,.T.);
#8207=ORIENTED_EDGE('',*,*,#6582,.T.);
#8208=ORIENTED_EDGE('',*,*,#6583,.T.);
#8209=ORIENTED_EDGE('',*,*,#6584,.T.);
#8210=ORIENTED_EDGE('',*,*,#6585,.T.);
#8211=ORIENTED_EDGE('',*,*,#6586,.T.);
#8212=ORIENTED_EDGE('',*,*,#6587,.T.);
#8213=ORIENTED_EDGE('',*,*,#6588,.T.);
#8214=ORIENTED_EDGE('',*,*,#6589,.T.);
#8215=ORIENTED_EDGE('',*,*,#6590,.T.);
#8216=ORIENTED_EDGE('',*,*,#6591,.T.);
#8217=ORIENTED_EDGE('',*,*,#6592,.T.);
#8218=ORIENTED_EDGE('',*,*,#6593,.T.);
#8219=ORIENTED_EDGE('',*,*,#6594,.T.);
#8220=ORIENTED_EDGE('',*,*,#6595,.T.);
#8221=ORIENTED_EDGE('',*,*,#6596,.T.);
#8222=ORIENTED_EDGE('',*,*,#6597,.T.);
#8223=ORIENTED_EDGE('',*,*,#6598,.T.);
#8224=ORIENTED_EDGE('',*,*,#6599,.T.);
#8225=ORIENTED_EDGE('',*,*,#6600,.T.);
#8226=ORIENTED_EDGE('',*,*,#6601,.T.);
#8227=ORIENTED_EDGE('',*,*,#6602,.T.);
#8228=ORIENTED_EDGE('',*,*,#6603,.T.);
#8229=ORIENTED_EDGE('',*,*,#6604,.T.);
#8230=ORIENTED_EDGE('',*,*,#6605,.T.);
#8231=ORIENTED_EDGE('',*,*,#6606,.T.);
#8232=ORIENTED_EDGE('',*,*,#6607,.T.);
#8233=ORIENTED_EDGE('',*,*,#6608,.T.);
#8234=ORIENTED_EDGE('',*,*,#6609,.T.);
#8235=ORIENTED_EDGE('',*,*,#6610,.T.);
#8236=ORIENTED_EDGE('',*,*,#6611,.T.);
#8237=ORIENTED_EDGE('',*,*,#6612,.T.);
#8238=ORIENTED_EDGE('',*,*,#6613,.T.);
#8239=ORIENTED_EDGE('',*,*,#6614,.T.);
#8240=ORIENTED_EDGE('',*,*,#6615,.T.);
#8241=ORIENTED_EDGE('',*,*,#6616,.T.);
#8242=ORIENTED_EDGE('',*,*,#6617,.T.);
#8243=ORIENTED_EDGE('',*,*,#6618,.T.);
#8244=ORIENTED_EDGE('',*,*,#6619,.T.);
#8245=ORIENTED_EDGE('',*,*,#6620,.T.);
#8246=ORIENTED_EDGE('',*,*,#6621,.T.);
#8247=ORIENTED_EDGE('',*,*,#6622,.T.);
#8248=ORIENTED_EDGE('',*,*,#6623,.T.);
#8249=ORIENTED_EDGE('',*,*,#6624,.T.);
#8250=ORIENTED_EDGE('',*,*,#6625,.T.);
#8251=ORIENTED_EDGE('',*,*,#6626,.T.);
#8252=ORIENTED_EDGE('',*,*,#6627,.T.);
#8253=ORIENTED_EDGE('',*,*,#6628,.T.);
#8254=ORIENTED_EDGE('',*,*,#6629,.T.);
#8255=ORIENTED_EDGE('',*,*,#6630,.T.);
#8256=ORIENTED_EDGE('',*,*,#6631,.T.);
#8257=ORIENTED_EDGE('',*,*,#6632,.T.);
#8258=ORIENTED_EDGE('',*,*,#6633,.T.);
#8259=ORIENTED_EDGE('',*,*,#6634,.T.);
#8260=ORIENTED_EDGE('',*,*,#6635,.T.);
#8261=ORIENTED_EDGE('',*,*,#6636,.T.);
#8262=ORIENTED_EDGE('',*,*,#6637,.T.);
#8263=ORIENTED_EDGE('',*,*,#6638,.T.);
#8264=ORIENTED_EDGE('',*,*,#6639,.T.);
#8265=ORIENTED_EDGE('',*,*,#6640,.T.);
#8266=ORIENTED_EDGE('',*,*,#6641,.T.);
#8267=ORIENTED_EDGE('',*,*,#6642,.T.);
#8268=ORIENTED_EDGE('',*,*,#6643,.T.);
#8269=ORIENTED_EDGE('',*,*,#6644,.T.);
#8270=ORIENTED_EDGE('',*,*,#6645,.T.);
#8271=ORIENTED_EDGE('',*,*,#6646,.T.);
#8272=ORIENTED_EDGE('',*,*,#6647,.T.);
#8273=ORIENTED_EDGE('',*,*,#6648,.T.);
#8274=ORIENTED_EDGE('',*,*,#6649,.T.);
#8275=ORIENTED_EDGE('',*,*,#6650,.T.);
#8276=ORIENTED_EDGE('',*,*,#6651,.T.);
#8277=ORIENTED_EDGE('',*,*,#6652,.T.);
#8278=ORIENTED_EDGE('',*,*,#6653,.T.);
#8279=ORIENTED_EDGE('',*,*,#6654,.T.);
#8280=ORIENTED_EDGE('',*,*,#6655,.T.);
#8281=ORIENTED_EDGE('',*,*,#6656,.T.);
#8282=ORIENTED_EDGE('',*,*,#6657,.T.);
#8283=ORIENTED_EDGE('',*,*,#6658,.T.);
#8284=ORIENTED_EDGE('',*,*,#6659,.T.);
#8285=ORIENTED_EDGE('',*,*,#6660,.T.);
#8286=ORIENTED_EDGE('',*,*,#6661,.T.);
#8287=ORIENTED_EDGE('',*,*,#6662,.T.);
#8288=ORIENTED_EDGE('',*,*,#6663,.T.);
#8289=ORIENTED_EDGE('',*,*,#6664,.T.);
#8290=ORIENTED_EDGE('',*,*,#6665,.T.);
#8291=ORIENTED_EDGE('',*,*,#6666,.T.);
#8292=ORIENTED_EDGE('',*,*,#6667,.T.);
#8293=ORIENTED_EDGE('',*,*,#6668,.T.);
#8294=ORIENTED_EDGE('',*,*,#6669,.T.);
#8295=ORIENTED_EDGE('',*,*,#6670,.T.);
#8296=ORIENTED_EDGE('',*,*,#6671,.T.);
#8297=ORIENTED_EDGE('',*,*,#6672,.T.);
#8298=ORIENTED_EDGE('',*,*,#6673,.T.);
#8299=ORIENTED_EDGE('',*,*,#6674,.T.);
#8300=ORIENTED_EDGE('',*,*,#6675,.T.);
#8301=ORIENTED_EDGE('',*,*,#6676,.T.);
#8302=ORIENTED_EDGE('',*,*,#6677,.T.);
#8303=ORIENTED_EDGE('',*,*,#6678,.T.);
#8304=ORIENTED_EDGE('',*,*,#6679,.T.);
#8305=ORIENTED_EDGE('',*,*,#6680,.T.);
#8306=ORIENTED_EDGE('',*,*,#6681,.T.);
#8307=ORIENTED_EDGE('',*,*,#6682,.T.);
#8308=ORIENTED_EDGE('',*,*,#6683,.T.);
#8309=ORIENTED_EDGE('',*,*,#6684,.T.);
#8310=ORIENTED_EDGE('',*,*,#6685,.T.);
#8311=ORIENTED_EDGE('',*,*,#6686,.T.);
#8312=ORIENTED_EDGE('',*,*,#6687,.T.);
#8313=ORIENTED_EDGE('',*,*,#6688,.T.);
#8314=ORIENTED_EDGE('',*,*,#6689,.T.);
#8315=ORIENTED_EDGE('',*,*,#6690,.T.);
#8316=ORIENTED_EDGE('',*,*,#6691,.T.);
#8317=ORIENTED_EDGE('',*,*,#6692,.T.);
#8318=ORIENTED_EDGE('',*,*,#6693,.T.);
#8319=ORIENTED_EDGE('',*,*,#6694,.T.);
#8320=ORIENTED_EDGE('',*,*,#6695,.T.);
#8321=ORIENTED_EDGE('',*,*,#6696,.T.);
#8322=ORIENTED_EDGE('',*,*,#6697,.T.);
#8323=ORIENTED_EDGE('',*,*,#6698,.T.);
#8324=ORIENTED_EDGE('',*,*,#6699,.T.);
#8325=ORIENTED_EDGE('',*,*,#6700,.T.);
#8326=ORIENTED_EDGE('',*,*,#6701,.T.);
#8327=ORIENTED_EDGE('',*,*,#6702,.T.);
#8328=ORIENTED_EDGE('',*,*,#6703,.T.);
#8329=ORIENTED_EDGE('',*,*,#6704,.T.);
#8330=ORIENTED_EDGE('',*,*,#6705,.T.);
#8331=ORIENTED_EDGE('',*,*,#6706,.T.);
#8332=ORIENTED_EDGE('',*,*,#6707,.T.);
#8333=ORIENTED_EDGE('',*,*,#6708,.T.);
#8334=ORIENTED_EDGE('',*,*,#6709,.T.);
#8335=ORIENTED_EDGE('',*,*,#6710,.T.);
#8336=ORIENTED_EDGE('',*,*,#6711,.T.);
#8337=ORIENTED_EDGE('',*,*,#6712,.T.);
#8338=ORIENTED_EDGE('',*,*,#6713,.T.);
#8339=ORIENTED_EDGE('',*,*,#6714,.T.);
#8340=ORIENTED_EDGE('',*,*,#6715,.T.);
#8341=ORIENTED_EDGE('',*,*,#6716,.T.);
#8342=ORIENTED_EDGE('',*,*,#6717,.T.);
#8343=ORIENTED_EDGE('',*,*,#6718,.T.);
#8344=ORIENTED_EDGE('',*,*,#6719,.T.);
#8345=ORIENTED_EDGE('',*,*,#6720,.T.);
#8346=ORIENTED_EDGE('',*,*,#6721,.T.);
#8347=ORIENTED_EDGE('',*,*,#6722,.T.);
#8348=ORIENTED_EDGE('',*,*,#6723,.T.);
#8349=ORIENTED_EDGE('',*,*,#6724,.T.);
#8350=ORIENTED_EDGE('',*,*,#6725,.T.);
#8351=ORIENTED_EDGE('',*,*,#6726,.T.);
#8352=ORIENTED_EDGE('',*,*,#6727,.T.);
#8353=ORIENTED_EDGE('',*,*,#6728,.T.);
#8354=ORIENTED_EDGE('',*,*,#6729,.T.);
#8355=ORIENTED_EDGE('',*,*,#6730,.T.);
#8356=ORIENTED_EDGE('',*,*,#6731,.T.);
#8357=ORIENTED_EDGE('',*,*,#6732,.T.);
#8358=ORIENTED_EDGE('',*,*,#6733,.T.);
#8359=ORIENTED_EDGE('',*,*,#6734,.T.);
#8360=ORIENTED_EDGE('',*,*,#6735,.T.);
#8361=ORIENTED_EDGE('',*,*,#6736,.T.);
#8362=ORIENTED_EDGE('',*,*,#6737,.T.);
#8363=ORIENTED_EDGE('',*,*,#6738,.T.);
#8364=ORIENTED_EDGE('',*,*,#6739,.T.);
#8365=ORIENTED_EDGE('',*,*,#6740,.T.);
#8366=ORIENTED_EDGE('',*,*,#6741,.T.);
#8367=ORIENTED_EDGE('',*,*,#6742,.T.);
#8368=ORIENTED_EDGE('',*,*,#6371,.T.);
#8369=ORIENTED_EDGE('',*,*,#6558,.T.);
#8370=ORIENTED_EDGE('',*,*,#6367,.F.);
#8371=ORIENTED_EDGE('',*,*,#6373,.F.);
#8372=ORIENTED_EDGE('',*,*,#6559,.F.);
#8373=ORIENTED_EDGE('',*,*,#6743,.T.);
#8374=ORIENTED_EDGE('',*,*,#6374,.T.);
#8375=ORIENTED_EDGE('',*,*,#6743,.F.);
#8376=ORIENTED_EDGE('',*,*,#6560,.F.);
#8377=ORIENTED_EDGE('',*,*,#6744,.T.);
#8378=ORIENTED_EDGE('',*,*,#6375,.T.);
#8379=ORIENTED_EDGE('',*,*,#6744,.F.);
#8380=ORIENTED_EDGE('',*,*,#6561,.F.);
#8381=ORIENTED_EDGE('',*,*,#6745,.T.);
#8382=ORIENTED_EDGE('',*,*,#6376,.T.);
#8383=ORIENTED_EDGE('',*,*,#6745,.F.);
#8384=ORIENTED_EDGE('',*,*,#6562,.F.);
#8385=ORIENTED_EDGE('',*,*,#6746,.T.);
#8386=ORIENTED_EDGE('',*,*,#6377,.T.);
#8387=ORIENTED_EDGE('',*,*,#6746,.F.);
#8388=ORIENTED_EDGE('',*,*,#6563,.F.);
#8389=ORIENTED_EDGE('',*,*,#6747,.T.);
#8390=ORIENTED_EDGE('',*,*,#6378,.T.);
#8391=ORIENTED_EDGE('',*,*,#6747,.F.);
#8392=ORIENTED_EDGE('',*,*,#6564,.F.);
#8393=ORIENTED_EDGE('',*,*,#6748,.T.);
#8394=ORIENTED_EDGE('',*,*,#6379,.T.);
#8395=ORIENTED_EDGE('',*,*,#6748,.F.);
#8396=ORIENTED_EDGE('',*,*,#6565,.F.);
#8397=ORIENTED_EDGE('',*,*,#6749,.T.);
#8398=ORIENTED_EDGE('',*,*,#6380,.T.);
#8399=ORIENTED_EDGE('',*,*,#6749,.F.);
#8400=ORIENTED_EDGE('',*,*,#6566,.F.);
#8401=ORIENTED_EDGE('',*,*,#6750,.T.);
#8402=ORIENTED_EDGE('',*,*,#6381,.T.);
#8403=ORIENTED_EDGE('',*,*,#6750,.F.);
#8404=ORIENTED_EDGE('',*,*,#6567,.F.);
#8405=ORIENTED_EDGE('',*,*,#6751,.T.);
#8406=ORIENTED_EDGE('',*,*,#6382,.T.);
#8407=ORIENTED_EDGE('',*,*,#6751,.F.);
#8408=ORIENTED_EDGE('',*,*,#6568,.F.);
#8409=ORIENTED_EDGE('',*,*,#6752,.T.);
#8410=ORIENTED_EDGE('',*,*,#6383,.T.);
#8411=ORIENTED_EDGE('',*,*,#6752,.F.);
#8412=ORIENTED_EDGE('',*,*,#6569,.F.);
#8413=ORIENTED_EDGE('',*,*,#6753,.T.);
#8414=ORIENTED_EDGE('',*,*,#6384,.T.);
#8415=ORIENTED_EDGE('',*,*,#6753,.F.);
#8416=ORIENTED_EDGE('',*,*,#6570,.F.);
#8417=ORIENTED_EDGE('',*,*,#6754,.T.);
#8418=ORIENTED_EDGE('',*,*,#6385,.T.);
#8419=ORIENTED_EDGE('',*,*,#6754,.F.);
#8420=ORIENTED_EDGE('',*,*,#6571,.F.);
#8421=ORIENTED_EDGE('',*,*,#6755,.T.);
#8422=ORIENTED_EDGE('',*,*,#6386,.T.);
#8423=ORIENTED_EDGE('',*,*,#6755,.F.);
#8424=ORIENTED_EDGE('',*,*,#6572,.F.);
#8425=ORIENTED_EDGE('',*,*,#6756,.T.);
#8426=ORIENTED_EDGE('',*,*,#6387,.T.);
#8427=ORIENTED_EDGE('',*,*,#6756,.F.);
#8428=ORIENTED_EDGE('',*,*,#6573,.F.);
#8429=ORIENTED_EDGE('',*,*,#6757,.T.);
#8430=ORIENTED_EDGE('',*,*,#6388,.T.);
#8431=ORIENTED_EDGE('',*,*,#6757,.F.);
#8432=ORIENTED_EDGE('',*,*,#6574,.F.);
#8433=ORIENTED_EDGE('',*,*,#6758,.T.);
#8434=ORIENTED_EDGE('',*,*,#6389,.T.);
#8435=ORIENTED_EDGE('',*,*,#6758,.F.);
#8436=ORIENTED_EDGE('',*,*,#6575,.F.);
#8437=ORIENTED_EDGE('',*,*,#6759,.T.);
#8438=ORIENTED_EDGE('',*,*,#6390,.T.);
#8439=ORIENTED_EDGE('',*,*,#6759,.F.);
#8440=ORIENTED_EDGE('',*,*,#6576,.F.);
#8441=ORIENTED_EDGE('',*,*,#6760,.T.);
#8442=ORIENTED_EDGE('',*,*,#6391,.T.);
#8443=ORIENTED_EDGE('',*,*,#6760,.F.);
#8444=ORIENTED_EDGE('',*,*,#6577,.F.);
#8445=ORIENTED_EDGE('',*,*,#6761,.T.);
#8446=ORIENTED_EDGE('',*,*,#6392,.T.);
#8447=ORIENTED_EDGE('',*,*,#6761,.F.);
#8448=ORIENTED_EDGE('',*,*,#6578,.F.);
#8449=ORIENTED_EDGE('',*,*,#6762,.T.);
#8450=ORIENTED_EDGE('',*,*,#6393,.T.);
#8451=ORIENTED_EDGE('',*,*,#6762,.F.);
#8452=ORIENTED_EDGE('',*,*,#6579,.F.);
#8453=ORIENTED_EDGE('',*,*,#6763,.T.);
#8454=ORIENTED_EDGE('',*,*,#6394,.T.);
#8455=ORIENTED_EDGE('',*,*,#6763,.F.);
#8456=ORIENTED_EDGE('',*,*,#6580,.F.);
#8457=ORIENTED_EDGE('',*,*,#6764,.T.);
#8458=ORIENTED_EDGE('',*,*,#6395,.T.);
#8459=ORIENTED_EDGE('',*,*,#6764,.F.);
#8460=ORIENTED_EDGE('',*,*,#6581,.F.);
#8461=ORIENTED_EDGE('',*,*,#6765,.T.);
#8462=ORIENTED_EDGE('',*,*,#6396,.T.);
#8463=ORIENTED_EDGE('',*,*,#6765,.F.);
#8464=ORIENTED_EDGE('',*,*,#6582,.F.);
#8465=ORIENTED_EDGE('',*,*,#6766,.T.);
#8466=ORIENTED_EDGE('',*,*,#6397,.T.);
#8467=ORIENTED_EDGE('',*,*,#6766,.F.);
#8468=ORIENTED_EDGE('',*,*,#6583,.F.);
#8469=ORIENTED_EDGE('',*,*,#6767,.T.);
#8470=ORIENTED_EDGE('',*,*,#6398,.T.);
#8471=ORIENTED_EDGE('',*,*,#6767,.F.);
#8472=ORIENTED_EDGE('',*,*,#6584,.F.);
#8473=ORIENTED_EDGE('',*,*,#6768,.T.);
#8474=ORIENTED_EDGE('',*,*,#6399,.T.);
#8475=ORIENTED_EDGE('',*,*,#6768,.F.);
#8476=ORIENTED_EDGE('',*,*,#6585,.F.);
#8477=ORIENTED_EDGE('',*,*,#6769,.T.);
#8478=ORIENTED_EDGE('',*,*,#6400,.T.);
#8479=ORIENTED_EDGE('',*,*,#6769,.F.);
#8480=ORIENTED_EDGE('',*,*,#6586,.F.);
#8481=ORIENTED_EDGE('',*,*,#6770,.T.);
#8482=ORIENTED_EDGE('',*,*,#6401,.T.);
#8483=ORIENTED_EDGE('',*,*,#6770,.F.);
#8484=ORIENTED_EDGE('',*,*,#6587,.F.);
#8485=ORIENTED_EDGE('',*,*,#6771,.T.);
#8486=ORIENTED_EDGE('',*,*,#6402,.T.);
#8487=ORIENTED_EDGE('',*,*,#6771,.F.);
#8488=ORIENTED_EDGE('',*,*,#6588,.F.);
#8489=ORIENTED_EDGE('',*,*,#6772,.T.);
#8490=ORIENTED_EDGE('',*,*,#6403,.T.);
#8491=ORIENTED_EDGE('',*,*,#6772,.F.);
#8492=ORIENTED_EDGE('',*,*,#6589,.F.);
#8493=ORIENTED_EDGE('',*,*,#6773,.T.);
#8494=ORIENTED_EDGE('',*,*,#6404,.T.);
#8495=ORIENTED_EDGE('',*,*,#6773,.F.);
#8496=ORIENTED_EDGE('',*,*,#6590,.F.);
#8497=ORIENTED_EDGE('',*,*,#6774,.T.);
#8498=ORIENTED_EDGE('',*,*,#6405,.T.);
#8499=ORIENTED_EDGE('',*,*,#6774,.F.);
#8500=ORIENTED_EDGE('',*,*,#6591,.F.);
#8501=ORIENTED_EDGE('',*,*,#6775,.T.);
#8502=ORIENTED_EDGE('',*,*,#6406,.T.);
#8503=ORIENTED_EDGE('',*,*,#6775,.F.);
#8504=ORIENTED_EDGE('',*,*,#6592,.F.);
#8505=ORIENTED_EDGE('',*,*,#6776,.T.);
#8506=ORIENTED_EDGE('',*,*,#6407,.T.);
#8507=ORIENTED_EDGE('',*,*,#6776,.F.);
#8508=ORIENTED_EDGE('',*,*,#6593,.F.);
#8509=ORIENTED_EDGE('',*,*,#6777,.T.);
#8510=ORIENTED_EDGE('',*,*,#6408,.T.);
#8511=ORIENTED_EDGE('',*,*,#6777,.F.);
#8512=ORIENTED_EDGE('',*,*,#6594,.F.);
#8513=ORIENTED_EDGE('',*,*,#6778,.T.);
#8514=ORIENTED_EDGE('',*,*,#6409,.T.);
#8515=ORIENTED_EDGE('',*,*,#6778,.F.);
#8516=ORIENTED_EDGE('',*,*,#6595,.F.);
#8517=ORIENTED_EDGE('',*,*,#6779,.T.);
#8518=ORIENTED_EDGE('',*,*,#6410,.T.);
#8519=ORIENTED_EDGE('',*,*,#6779,.F.);
#8520=ORIENTED_EDGE('',*,*,#6596,.F.);
#8521=ORIENTED_EDGE('',*,*,#6780,.T.);
#8522=ORIENTED_EDGE('',*,*,#6411,.T.);
#8523=ORIENTED_EDGE('',*,*,#6780,.F.);
#8524=ORIENTED_EDGE('',*,*,#6597,.F.);
#8525=ORIENTED_EDGE('',*,*,#6781,.T.);
#8526=ORIENTED_EDGE('',*,*,#6412,.T.);
#8527=ORIENTED_EDGE('',*,*,#6781,.F.);
#8528=ORIENTED_EDGE('',*,*,#6598,.F.);
#8529=ORIENTED_EDGE('',*,*,#6782,.T.);
#8530=ORIENTED_EDGE('',*,*,#6413,.T.);
#8531=ORIENTED_EDGE('',*,*,#6782,.F.);
#8532=ORIENTED_EDGE('',*,*,#6599,.F.);
#8533=ORIENTED_EDGE('',*,*,#6783,.T.);
#8534=ORIENTED_EDGE('',*,*,#6414,.T.);
#8535=ORIENTED_EDGE('',*,*,#6783,.F.);
#8536=ORIENTED_EDGE('',*,*,#6600,.F.);
#8537=ORIENTED_EDGE('',*,*,#6784,.T.);
#8538=ORIENTED_EDGE('',*,*,#6415,.T.);
#8539=ORIENTED_EDGE('',*,*,#6784,.F.);
#8540=ORIENTED_EDGE('',*,*,#6601,.F.);
#8541=ORIENTED_EDGE('',*,*,#6785,.T.);
#8542=ORIENTED_EDGE('',*,*,#6416,.T.);
#8543=ORIENTED_EDGE('',*,*,#6785,.F.);
#8544=ORIENTED_EDGE('',*,*,#6602,.F.);
#8545=ORIENTED_EDGE('',*,*,#6786,.T.);
#8546=ORIENTED_EDGE('',*,*,#6417,.T.);
#8547=ORIENTED_EDGE('',*,*,#6786,.F.);
#8548=ORIENTED_EDGE('',*,*,#6603,.F.);
#8549=ORIENTED_EDGE('',*,*,#6787,.T.);
#8550=ORIENTED_EDGE('',*,*,#6418,.T.);
#8551=ORIENTED_EDGE('',*,*,#6787,.F.);
#8552=ORIENTED_EDGE('',*,*,#6604,.F.);
#8553=ORIENTED_EDGE('',*,*,#6788,.T.);
#8554=ORIENTED_EDGE('',*,*,#6419,.T.);
#8555=ORIENTED_EDGE('',*,*,#6788,.F.);
#8556=ORIENTED_EDGE('',*,*,#6605,.F.);
#8557=ORIENTED_EDGE('',*,*,#6789,.T.);
#8558=ORIENTED_EDGE('',*,*,#6420,.T.);
#8559=ORIENTED_EDGE('',*,*,#6789,.F.);
#8560=ORIENTED_EDGE('',*,*,#6606,.F.);
#8561=ORIENTED_EDGE('',*,*,#6790,.T.);
#8562=ORIENTED_EDGE('',*,*,#6421,.T.);
#8563=ORIENTED_EDGE('',*,*,#6790,.F.);
#8564=ORIENTED_EDGE('',*,*,#6607,.F.);
#8565=ORIENTED_EDGE('',*,*,#6791,.T.);
#8566=ORIENTED_EDGE('',*,*,#6422,.T.);
#8567=ORIENTED_EDGE('',*,*,#6791,.F.);
#8568=ORIENTED_EDGE('',*,*,#6608,.F.);
#8569=ORIENTED_EDGE('',*,*,#6792,.T.);
#8570=ORIENTED_EDGE('',*,*,#6423,.T.);
#8571=ORIENTED_EDGE('',*,*,#6792,.F.);
#8572=ORIENTED_EDGE('',*,*,#6609,.F.);
#8573=ORIENTED_EDGE('',*,*,#6793,.T.);
#8574=ORIENTED_EDGE('',*,*,#6424,.T.);
#8575=ORIENTED_EDGE('',*,*,#6793,.F.);
#8576=ORIENTED_EDGE('',*,*,#6610,.F.);
#8577=ORIENTED_EDGE('',*,*,#6794,.T.);
#8578=ORIENTED_EDGE('',*,*,#6425,.T.);
#8579=ORIENTED_EDGE('',*,*,#6794,.F.);
#8580=ORIENTED_EDGE('',*,*,#6611,.F.);
#8581=ORIENTED_EDGE('',*,*,#6795,.T.);
#8582=ORIENTED_EDGE('',*,*,#6426,.T.);
#8583=ORIENTED_EDGE('',*,*,#6795,.F.);
#8584=ORIENTED_EDGE('',*,*,#6612,.F.);
#8585=ORIENTED_EDGE('',*,*,#6796,.T.);
#8586=ORIENTED_EDGE('',*,*,#6427,.T.);
#8587=ORIENTED_EDGE('',*,*,#6796,.F.);
#8588=ORIENTED_EDGE('',*,*,#6613,.F.);
#8589=ORIENTED_EDGE('',*,*,#6797,.T.);
#8590=ORIENTED_EDGE('',*,*,#6428,.T.);
#8591=ORIENTED_EDGE('',*,*,#6797,.F.);
#8592=ORIENTED_EDGE('',*,*,#6614,.F.);
#8593=ORIENTED_EDGE('',*,*,#6798,.T.);
#8594=ORIENTED_EDGE('',*,*,#6429,.T.);
#8595=ORIENTED_EDGE('',*,*,#6798,.F.);
#8596=ORIENTED_EDGE('',*,*,#6615,.F.);
#8597=ORIENTED_EDGE('',*,*,#6799,.T.);
#8598=ORIENTED_EDGE('',*,*,#6430,.T.);
#8599=ORIENTED_EDGE('',*,*,#6799,.F.);
#8600=ORIENTED_EDGE('',*,*,#6616,.F.);
#8601=ORIENTED_EDGE('',*,*,#6800,.T.);
#8602=ORIENTED_EDGE('',*,*,#6431,.T.);
#8603=ORIENTED_EDGE('',*,*,#6800,.F.);
#8604=ORIENTED_EDGE('',*,*,#6617,.F.);
#8605=ORIENTED_EDGE('',*,*,#6801,.T.);
#8606=ORIENTED_EDGE('',*,*,#6432,.T.);
#8607=ORIENTED_EDGE('',*,*,#6801,.F.);
#8608=ORIENTED_EDGE('',*,*,#6618,.F.);
#8609=ORIENTED_EDGE('',*,*,#6802,.T.);
#8610=ORIENTED_EDGE('',*,*,#6433,.T.);
#8611=ORIENTED_EDGE('',*,*,#6802,.F.);
#8612=ORIENTED_EDGE('',*,*,#6619,.F.);
#8613=ORIENTED_EDGE('',*,*,#6803,.T.);
#8614=ORIENTED_EDGE('',*,*,#6434,.T.);
#8615=ORIENTED_EDGE('',*,*,#6803,.F.);
#8616=ORIENTED_EDGE('',*,*,#6620,.F.);
#8617=ORIENTED_EDGE('',*,*,#6804,.T.);
#8618=ORIENTED_EDGE('',*,*,#6435,.T.);
#8619=ORIENTED_EDGE('',*,*,#6804,.F.);
#8620=ORIENTED_EDGE('',*,*,#6621,.F.);
#8621=ORIENTED_EDGE('',*,*,#6805,.T.);
#8622=ORIENTED_EDGE('',*,*,#6436,.T.);
#8623=ORIENTED_EDGE('',*,*,#6805,.F.);
#8624=ORIENTED_EDGE('',*,*,#6622,.F.);
#8625=ORIENTED_EDGE('',*,*,#6806,.T.);
#8626=ORIENTED_EDGE('',*,*,#6437,.T.);
#8627=ORIENTED_EDGE('',*,*,#6806,.F.);
#8628=ORIENTED_EDGE('',*,*,#6623,.F.);
#8629=ORIENTED_EDGE('',*,*,#6807,.T.);
#8630=ORIENTED_EDGE('',*,*,#6438,.T.);
#8631=ORIENTED_EDGE('',*,*,#6807,.F.);
#8632=ORIENTED_EDGE('',*,*,#6624,.F.);
#8633=ORIENTED_EDGE('',*,*,#6808,.T.);
#8634=ORIENTED_EDGE('',*,*,#6439,.T.);
#8635=ORIENTED_EDGE('',*,*,#6808,.F.);
#8636=ORIENTED_EDGE('',*,*,#6625,.F.);
#8637=ORIENTED_EDGE('',*,*,#6809,.T.);
#8638=ORIENTED_EDGE('',*,*,#6440,.T.);
#8639=ORIENTED_EDGE('',*,*,#6809,.F.);
#8640=ORIENTED_EDGE('',*,*,#6626,.F.);
#8641=ORIENTED_EDGE('',*,*,#6810,.T.);
#8642=ORIENTED_EDGE('',*,*,#6441,.T.);
#8643=ORIENTED_EDGE('',*,*,#6810,.F.);
#8644=ORIENTED_EDGE('',*,*,#6627,.F.);
#8645=ORIENTED_EDGE('',*,*,#6811,.T.);
#8646=ORIENTED_EDGE('',*,*,#6442,.T.);
#8647=ORIENTED_EDGE('',*,*,#6811,.F.);
#8648=ORIENTED_EDGE('',*,*,#6628,.F.);
#8649=ORIENTED_EDGE('',*,*,#6812,.T.);
#8650=ORIENTED_EDGE('',*,*,#6443,.T.);
#8651=ORIENTED_EDGE('',*,*,#6812,.F.);
#8652=ORIENTED_EDGE('',*,*,#6629,.F.);
#8653=ORIENTED_EDGE('',*,*,#6813,.T.);
#8654=ORIENTED_EDGE('',*,*,#6444,.T.);
#8655=ORIENTED_EDGE('',*,*,#6813,.F.);
#8656=ORIENTED_EDGE('',*,*,#6630,.F.);
#8657=ORIENTED_EDGE('',*,*,#6814,.T.);
#8658=ORIENTED_EDGE('',*,*,#6445,.T.);
#8659=ORIENTED_EDGE('',*,*,#6814,.F.);
#8660=ORIENTED_EDGE('',*,*,#6631,.F.);
#8661=ORIENTED_EDGE('',*,*,#6815,.T.);
#8662=ORIENTED_EDGE('',*,*,#6446,.T.);
#8663=ORIENTED_EDGE('',*,*,#6815,.F.);
#8664=ORIENTED_EDGE('',*,*,#6632,.F.);
#8665=ORIENTED_EDGE('',*,*,#6816,.T.);
#8666=ORIENTED_EDGE('',*,*,#6447,.T.);
#8667=ORIENTED_EDGE('',*,*,#6816,.F.);
#8668=ORIENTED_EDGE('',*,*,#6633,.F.);
#8669=ORIENTED_EDGE('',*,*,#6817,.T.);
#8670=ORIENTED_EDGE('',*,*,#6448,.T.);
#8671=ORIENTED_EDGE('',*,*,#6817,.F.);
#8672=ORIENTED_EDGE('',*,*,#6634,.F.);
#8673=ORIENTED_EDGE('',*,*,#6818,.T.);
#8674=ORIENTED_EDGE('',*,*,#6449,.T.);
#8675=ORIENTED_EDGE('',*,*,#6818,.F.);
#8676=ORIENTED_EDGE('',*,*,#6635,.F.);
#8677=ORIENTED_EDGE('',*,*,#6819,.T.);
#8678=ORIENTED_EDGE('',*,*,#6450,.T.);
#8679=ORIENTED_EDGE('',*,*,#6819,.F.);
#8680=ORIENTED_EDGE('',*,*,#6636,.F.);
#8681=ORIENTED_EDGE('',*,*,#6820,.T.);
#8682=ORIENTED_EDGE('',*,*,#6451,.T.);
#8683=ORIENTED_EDGE('',*,*,#6820,.F.);
#8684=ORIENTED_EDGE('',*,*,#6637,.F.);
#8685=ORIENTED_EDGE('',*,*,#6821,.T.);
#8686=ORIENTED_EDGE('',*,*,#6452,.T.);
#8687=ORIENTED_EDGE('',*,*,#6821,.F.);
#8688=ORIENTED_EDGE('',*,*,#6638,.F.);
#8689=ORIENTED_EDGE('',*,*,#6822,.T.);
#8690=ORIENTED_EDGE('',*,*,#6453,.T.);
#8691=ORIENTED_EDGE('',*,*,#6822,.F.);
#8692=ORIENTED_EDGE('',*,*,#6639,.F.);
#8693=ORIENTED_EDGE('',*,*,#6823,.T.);
#8694=ORIENTED_EDGE('',*,*,#6454,.T.);
#8695=ORIENTED_EDGE('',*,*,#6823,.F.);
#8696=ORIENTED_EDGE('',*,*,#6640,.F.);
#8697=ORIENTED_EDGE('',*,*,#6824,.T.);
#8698=ORIENTED_EDGE('',*,*,#6455,.T.);
#8699=ORIENTED_EDGE('',*,*,#6824,.F.);
#8700=ORIENTED_EDGE('',*,*,#6641,.F.);
#8701=ORIENTED_EDGE('',*,*,#6825,.T.);
#8702=ORIENTED_EDGE('',*,*,#6456,.T.);
#8703=ORIENTED_EDGE('',*,*,#6825,.F.);
#8704=ORIENTED_EDGE('',*,*,#6642,.F.);
#8705=ORIENTED_EDGE('',*,*,#6826,.T.);
#8706=ORIENTED_EDGE('',*,*,#6457,.T.);
#8707=ORIENTED_EDGE('',*,*,#6826,.F.);
#8708=ORIENTED_EDGE('',*,*,#6643,.F.);
#8709=ORIENTED_EDGE('',*,*,#6827,.T.);
#8710=ORIENTED_EDGE('',*,*,#6458,.T.);
#8711=ORIENTED_EDGE('',*,*,#6827,.F.);
#8712=ORIENTED_EDGE('',*,*,#6644,.F.);
#8713=ORIENTED_EDGE('',*,*,#6828,.T.);
#8714=ORIENTED_EDGE('',*,*,#6459,.T.);
#8715=ORIENTED_EDGE('',*,*,#6828,.F.);
#8716=ORIENTED_EDGE('',*,*,#6645,.F.);
#8717=ORIENTED_EDGE('',*,*,#6829,.T.);
#8718=ORIENTED_EDGE('',*,*,#6460,.T.);
#8719=ORIENTED_EDGE('',*,*,#6829,.F.);
#8720=ORIENTED_EDGE('',*,*,#6646,.F.);
#8721=ORIENTED_EDGE('',*,*,#6830,.T.);
#8722=ORIENTED_EDGE('',*,*,#6461,.T.);
#8723=ORIENTED_EDGE('',*,*,#6830,.F.);
#8724=ORIENTED_EDGE('',*,*,#6647,.F.);
#8725=ORIENTED_EDGE('',*,*,#6831,.T.);
#8726=ORIENTED_EDGE('',*,*,#6462,.T.);
#8727=ORIENTED_EDGE('',*,*,#6831,.F.);
#8728=ORIENTED_EDGE('',*,*,#6648,.F.);
#8729=ORIENTED_EDGE('',*,*,#6832,.T.);
#8730=ORIENTED_EDGE('',*,*,#6463,.T.);
#8731=ORIENTED_EDGE('',*,*,#6832,.F.);
#8732=ORIENTED_EDGE('',*,*,#6649,.F.);
#8733=ORIENTED_EDGE('',*,*,#6833,.T.);
#8734=ORIENTED_EDGE('',*,*,#6464,.T.);
#8735=ORIENTED_EDGE('',*,*,#6833,.F.);
#8736=ORIENTED_EDGE('',*,*,#6650,.F.);
#8737=ORIENTED_EDGE('',*,*,#6834,.T.);
#8738=ORIENTED_EDGE('',*,*,#6465,.T.);
#8739=ORIENTED_EDGE('',*,*,#6834,.F.);
#8740=ORIENTED_EDGE('',*,*,#6651,.F.);
#8741=ORIENTED_EDGE('',*,*,#6835,.T.);
#8742=ORIENTED_EDGE('',*,*,#6466,.T.);
#8743=ORIENTED_EDGE('',*,*,#6835,.F.);
#8744=ORIENTED_EDGE('',*,*,#6652,.F.);
#8745=ORIENTED_EDGE('',*,*,#6836,.T.);
#8746=ORIENTED_EDGE('',*,*,#6467,.T.);
#8747=ORIENTED_EDGE('',*,*,#6836,.F.);
#8748=ORIENTED_EDGE('',*,*,#6653,.F.);
#8749=ORIENTED_EDGE('',*,*,#6837,.T.);
#8750=ORIENTED_EDGE('',*,*,#6468,.T.);
#8751=ORIENTED_EDGE('',*,*,#6837,.F.);
#8752=ORIENTED_EDGE('',*,*,#6654,.F.);
#8753=ORIENTED_EDGE('',*,*,#6838,.T.);
#8754=ORIENTED_EDGE('',*,*,#6469,.T.);
#8755=ORIENTED_EDGE('',*,*,#6838,.F.);
#8756=ORIENTED_EDGE('',*,*,#6655,.F.);
#8757=ORIENTED_EDGE('',*,*,#6839,.T.);
#8758=ORIENTED_EDGE('',*,*,#6470,.T.);
#8759=ORIENTED_EDGE('',*,*,#6839,.F.);
#8760=ORIENTED_EDGE('',*,*,#6656,.F.);
#8761=ORIENTED_EDGE('',*,*,#6840,.T.);
#8762=ORIENTED_EDGE('',*,*,#6471,.T.);
#8763=ORIENTED_EDGE('',*,*,#6840,.F.);
#8764=ORIENTED_EDGE('',*,*,#6657,.F.);
#8765=ORIENTED_EDGE('',*,*,#6841,.T.);
#8766=ORIENTED_EDGE('',*,*,#6472,.T.);
#8767=ORIENTED_EDGE('',*,*,#6841,.F.);
#8768=ORIENTED_EDGE('',*,*,#6658,.F.);
#8769=ORIENTED_EDGE('',*,*,#6842,.T.);
#8770=ORIENTED_EDGE('',*,*,#6473,.T.);
#8771=ORIENTED_EDGE('',*,*,#6842,.F.);
#8772=ORIENTED_EDGE('',*,*,#6659,.F.);
#8773=ORIENTED_EDGE('',*,*,#6843,.T.);
#8774=ORIENTED_EDGE('',*,*,#6474,.T.);
#8775=ORIENTED_EDGE('',*,*,#6843,.F.);
#8776=ORIENTED_EDGE('',*,*,#6660,.F.);
#8777=ORIENTED_EDGE('',*,*,#6844,.T.);
#8778=ORIENTED_EDGE('',*,*,#6475,.T.);
#8779=ORIENTED_EDGE('',*,*,#6844,.F.);
#8780=ORIENTED_EDGE('',*,*,#6661,.F.);
#8781=ORIENTED_EDGE('',*,*,#6845,.T.);
#8782=ORIENTED_EDGE('',*,*,#6476,.T.);
#8783=ORIENTED_EDGE('',*,*,#6845,.F.);
#8784=ORIENTED_EDGE('',*,*,#6662,.F.);
#8785=ORIENTED_EDGE('',*,*,#6846,.T.);
#8786=ORIENTED_EDGE('',*,*,#6477,.T.);
#8787=ORIENTED_EDGE('',*,*,#6846,.F.);
#8788=ORIENTED_EDGE('',*,*,#6663,.F.);
#8789=ORIENTED_EDGE('',*,*,#6847,.T.);
#8790=ORIENTED_EDGE('',*,*,#6478,.T.);
#8791=ORIENTED_EDGE('',*,*,#6847,.F.);
#8792=ORIENTED_EDGE('',*,*,#6664,.F.);
#8793=ORIENTED_EDGE('',*,*,#6848,.T.);
#8794=ORIENTED_EDGE('',*,*,#6479,.T.);
#8795=ORIENTED_EDGE('',*,*,#6848,.F.);
#8796=ORIENTED_EDGE('',*,*,#6665,.F.);
#8797=ORIENTED_EDGE('',*,*,#6849,.T.);
#8798=ORIENTED_EDGE('',*,*,#6480,.T.);
#8799=ORIENTED_EDGE('',*,*,#6849,.F.);
#8800=ORIENTED_EDGE('',*,*,#6666,.F.);
#8801=ORIENTED_EDGE('',*,*,#6850,.T.);
#8802=ORIENTED_EDGE('',*,*,#6481,.T.);
#8803=ORIENTED_EDGE('',*,*,#6850,.F.);
#8804=ORIENTED_EDGE('',*,*,#6667,.F.);
#8805=ORIENTED_EDGE('',*,*,#6851,.T.);
#8806=ORIENTED_EDGE('',*,*,#6482,.T.);
#8807=ORIENTED_EDGE('',*,*,#6851,.F.);
#8808=ORIENTED_EDGE('',*,*,#6668,.F.);
#8809=ORIENTED_EDGE('',*,*,#6852,.T.);
#8810=ORIENTED_EDGE('',*,*,#6483,.T.);
#8811=ORIENTED_EDGE('',*,*,#6852,.F.);
#8812=ORIENTED_EDGE('',*,*,#6669,.F.);
#8813=ORIENTED_EDGE('',*,*,#6853,.T.);
#8814=ORIENTED_EDGE('',*,*,#6484,.T.);
#8815=ORIENTED_EDGE('',*,*,#6853,.F.);
#8816=ORIENTED_EDGE('',*,*,#6670,.F.);
#8817=ORIENTED_EDGE('',*,*,#6854,.T.);
#8818=ORIENTED_EDGE('',*,*,#6485,.T.);
#8819=ORIENTED_EDGE('',*,*,#6854,.F.);
#8820=ORIENTED_EDGE('',*,*,#6671,.F.);
#8821=ORIENTED_EDGE('',*,*,#6855,.T.);
#8822=ORIENTED_EDGE('',*,*,#6486,.T.);
#8823=ORIENTED_EDGE('',*,*,#6855,.F.);
#8824=ORIENTED_EDGE('',*,*,#6672,.F.);
#8825=ORIENTED_EDGE('',*,*,#6856,.T.);
#8826=ORIENTED_EDGE('',*,*,#6487,.T.);
#8827=ORIENTED_EDGE('',*,*,#6856,.F.);
#8828=ORIENTED_EDGE('',*,*,#6673,.F.);
#8829=ORIENTED_EDGE('',*,*,#6857,.T.);
#8830=ORIENTED_EDGE('',*,*,#6488,.T.);
#8831=ORIENTED_EDGE('',*,*,#6857,.F.);
#8832=ORIENTED_EDGE('',*,*,#6674,.F.);
#8833=ORIENTED_EDGE('',*,*,#6858,.T.);
#8834=ORIENTED_EDGE('',*,*,#6489,.T.);
#8835=ORIENTED_EDGE('',*,*,#6858,.F.);
#8836=ORIENTED_EDGE('',*,*,#6675,.F.);
#8837=ORIENTED_EDGE('',*,*,#6859,.T.);
#8838=ORIENTED_EDGE('',*,*,#6490,.T.);
#8839=ORIENTED_EDGE('',*,*,#6859,.F.);
#8840=ORIENTED_EDGE('',*,*,#6676,.F.);
#8841=ORIENTED_EDGE('',*,*,#6860,.T.);
#8842=ORIENTED_EDGE('',*,*,#6491,.T.);
#8843=ORIENTED_EDGE('',*,*,#6860,.F.);
#8844=ORIENTED_EDGE('',*,*,#6677,.F.);
#8845=ORIENTED_EDGE('',*,*,#6861,.T.);
#8846=ORIENTED_EDGE('',*,*,#6492,.T.);
#8847=ORIENTED_EDGE('',*,*,#6861,.F.);
#8848=ORIENTED_EDGE('',*,*,#6678,.F.);
#8849=ORIENTED_EDGE('',*,*,#6862,.T.);
#8850=ORIENTED_EDGE('',*,*,#6493,.T.);
#8851=ORIENTED_EDGE('',*,*,#6862,.F.);
#8852=ORIENTED_EDGE('',*,*,#6679,.F.);
#8853=ORIENTED_EDGE('',*,*,#6863,.T.);
#8854=ORIENTED_EDGE('',*,*,#6494,.T.);
#8855=ORIENTED_EDGE('',*,*,#6863,.F.);
#8856=ORIENTED_EDGE('',*,*,#6680,.F.);
#8857=ORIENTED_EDGE('',*,*,#6864,.T.);
#8858=ORIENTED_EDGE('',*,*,#6495,.T.);
#8859=ORIENTED_EDGE('',*,*,#6864,.F.);
#8860=ORIENTED_EDGE('',*,*,#6681,.F.);
#8861=ORIENTED_EDGE('',*,*,#6865,.T.);
#8862=ORIENTED_EDGE('',*,*,#6496,.T.);
#8863=ORIENTED_EDGE('',*,*,#6865,.F.);
#8864=ORIENTED_EDGE('',*,*,#6682,.F.);
#8865=ORIENTED_EDGE('',*,*,#6866,.T.);
#8866=ORIENTED_EDGE('',*,*,#6497,.T.);
#8867=ORIENTED_EDGE('',*,*,#6866,.F.);
#8868=ORIENTED_EDGE('',*,*,#6683,.F.);
#8869=ORIENTED_EDGE('',*,*,#6867,.T.);
#8870=ORIENTED_EDGE('',*,*,#6498,.T.);
#8871=ORIENTED_EDGE('',*,*,#6867,.F.);
#8872=ORIENTED_EDGE('',*,*,#6684,.F.);
#8873=ORIENTED_EDGE('',*,*,#6868,.T.);
#8874=ORIENTED_EDGE('',*,*,#6499,.T.);
#8875=ORIENTED_EDGE('',*,*,#6868,.F.);
#8876=ORIENTED_EDGE('',*,*,#6685,.F.);
#8877=ORIENTED_EDGE('',*,*,#6869,.T.);
#8878=ORIENTED_EDGE('',*,*,#6500,.T.);
#8879=ORIENTED_EDGE('',*,*,#6869,.F.);
#8880=ORIENTED_EDGE('',*,*,#6686,.F.);
#8881=ORIENTED_EDGE('',*,*,#6870,.T.);
#8882=ORIENTED_EDGE('',*,*,#6501,.T.);
#8883=ORIENTED_EDGE('',*,*,#6870,.F.);
#8884=ORIENTED_EDGE('',*,*,#6687,.F.);
#8885=ORIENTED_EDGE('',*,*,#6871,.T.);
#8886=ORIENTED_EDGE('',*,*,#6502,.T.);
#8887=ORIENTED_EDGE('',*,*,#6871,.F.);
#8888=ORIENTED_EDGE('',*,*,#6688,.F.);
#8889=ORIENTED_EDGE('',*,*,#6872,.T.);
#8890=ORIENTED_EDGE('',*,*,#6503,.T.);
#8891=ORIENTED_EDGE('',*,*,#6872,.F.);
#8892=ORIENTED_EDGE('',*,*,#6689,.F.);
#8893=ORIENTED_EDGE('',*,*,#6873,.T.);
#8894=ORIENTED_EDGE('',*,*,#6504,.T.);
#8895=ORIENTED_EDGE('',*,*,#6873,.F.);
#8896=ORIENTED_EDGE('',*,*,#6690,.F.);
#8897=ORIENTED_EDGE('',*,*,#6874,.T.);
#8898=ORIENTED_EDGE('',*,*,#6505,.T.);
#8899=ORIENTED_EDGE('',*,*,#6874,.F.);
#8900=ORIENTED_EDGE('',*,*,#6691,.F.);
#8901=ORIENTED_EDGE('',*,*,#6875,.T.);
#8902=ORIENTED_EDGE('',*,*,#6506,.T.);
#8903=ORIENTED_EDGE('',*,*,#6875,.F.);
#8904=ORIENTED_EDGE('',*,*,#6692,.F.);
#8905=ORIENTED_EDGE('',*,*,#6876,.T.);
#8906=ORIENTED_EDGE('',*,*,#6507,.T.);
#8907=ORIENTED_EDGE('',*,*,#6876,.F.);
#8908=ORIENTED_EDGE('',*,*,#6693,.F.);
#8909=ORIENTED_EDGE('',*,*,#6877,.T.);
#8910=ORIENTED_EDGE('',*,*,#6508,.T.);
#8911=ORIENTED_EDGE('',*,*,#6877,.F.);
#8912=ORIENTED_EDGE('',*,*,#6694,.F.);
#8913=ORIENTED_EDGE('',*,*,#6878,.T.);
#8914=ORIENTED_EDGE('',*,*,#6509,.T.);
#8915=ORIENTED_EDGE('',*,*,#6878,.F.);
#8916=ORIENTED_EDGE('',*,*,#6695,.F.);
#8917=ORIENTED_EDGE('',*,*,#6879,.T.);
#8918=ORIENTED_EDGE('',*,*,#6510,.T.);
#8919=ORIENTED_EDGE('',*,*,#6879,.F.);
#8920=ORIENTED_EDGE('',*,*,#6696,.F.);
#8921=ORIENTED_EDGE('',*,*,#6880,.T.);
#8922=ORIENTED_EDGE('',*,*,#6511,.T.);
#8923=ORIENTED_EDGE('',*,*,#6880,.F.);
#8924=ORIENTED_EDGE('',*,*,#6697,.F.);
#8925=ORIENTED_EDGE('',*,*,#6881,.T.);
#8926=ORIENTED_EDGE('',*,*,#6512,.T.);
#8927=ORIENTED_EDGE('',*,*,#6881,.F.);
#8928=ORIENTED_EDGE('',*,*,#6698,.F.);
#8929=ORIENTED_EDGE('',*,*,#6882,.T.);
#8930=ORIENTED_EDGE('',*,*,#6513,.T.);
#8931=ORIENTED_EDGE('',*,*,#6882,.F.);
#8932=ORIENTED_EDGE('',*,*,#6699,.F.);
#8933=ORIENTED_EDGE('',*,*,#6883,.T.);
#8934=ORIENTED_EDGE('',*,*,#6514,.T.);
#8935=ORIENTED_EDGE('',*,*,#6883,.F.);
#8936=ORIENTED_EDGE('',*,*,#6700,.F.);
#8937=ORIENTED_EDGE('',*,*,#6884,.T.);
#8938=ORIENTED_EDGE('',*,*,#6515,.T.);
#8939=ORIENTED_EDGE('',*,*,#6884,.F.);
#8940=ORIENTED_EDGE('',*,*,#6701,.F.);
#8941=ORIENTED_EDGE('',*,*,#6885,.T.);
#8942=ORIENTED_EDGE('',*,*,#6516,.T.);
#8943=ORIENTED_EDGE('',*,*,#6885,.F.);
#8944=ORIENTED_EDGE('',*,*,#6702,.F.);
#8945=ORIENTED_EDGE('',*,*,#6886,.T.);
#8946=ORIENTED_EDGE('',*,*,#6517,.T.);
#8947=ORIENTED_EDGE('',*,*,#6886,.F.);
#8948=ORIENTED_EDGE('',*,*,#6703,.F.);
#8949=ORIENTED_EDGE('',*,*,#6887,.T.);
#8950=ORIENTED_EDGE('',*,*,#6518,.T.);
#8951=ORIENTED_EDGE('',*,*,#6887,.F.);
#8952=ORIENTED_EDGE('',*,*,#6704,.F.);
#8953=ORIENTED_EDGE('',*,*,#6888,.T.);
#8954=ORIENTED_EDGE('',*,*,#6519,.T.);
#8955=ORIENTED_EDGE('',*,*,#6888,.F.);
#8956=ORIENTED_EDGE('',*,*,#6705,.F.);
#8957=ORIENTED_EDGE('',*,*,#6889,.T.);
#8958=ORIENTED_EDGE('',*,*,#6520,.T.);
#8959=ORIENTED_EDGE('',*,*,#6889,.F.);
#8960=ORIENTED_EDGE('',*,*,#6706,.F.);
#8961=ORIENTED_EDGE('',*,*,#6890,.T.);
#8962=ORIENTED_EDGE('',*,*,#6521,.T.);
#8963=ORIENTED_EDGE('',*,*,#6890,.F.);
#8964=ORIENTED_EDGE('',*,*,#6707,.F.);
#8965=ORIENTED_EDGE('',*,*,#6891,.T.);
#8966=ORIENTED_EDGE('',*,*,#6522,.T.);
#8967=ORIENTED_EDGE('',*,*,#6891,.F.);
#8968=ORIENTED_EDGE('',*,*,#6708,.F.);
#8969=ORIENTED_EDGE('',*,*,#6892,.T.);
#8970=ORIENTED_EDGE('',*,*,#6523,.T.);
#8971=ORIENTED_EDGE('',*,*,#6892,.F.);
#8972=ORIENTED_EDGE('',*,*,#6709,.F.);
#8973=ORIENTED_EDGE('',*,*,#6893,.T.);
#8974=ORIENTED_EDGE('',*,*,#6524,.T.);
#8975=ORIENTED_EDGE('',*,*,#6893,.F.);
#8976=ORIENTED_EDGE('',*,*,#6710,.F.);
#8977=ORIENTED_EDGE('',*,*,#6894,.T.);
#8978=ORIENTED_EDGE('',*,*,#6525,.T.);
#8979=ORIENTED_EDGE('',*,*,#6894,.F.);
#8980=ORIENTED_EDGE('',*,*,#6711,.F.);
#8981=ORIENTED_EDGE('',*,*,#6895,.T.);
#8982=ORIENTED_EDGE('',*,*,#6526,.T.);
#8983=ORIENTED_EDGE('',*,*,#6895,.F.);
#8984=ORIENTED_EDGE('',*,*,#6712,.F.);
#8985=ORIENTED_EDGE('',*,*,#6896,.T.);
#8986=ORIENTED_EDGE('',*,*,#6527,.T.);
#8987=ORIENTED_EDGE('',*,*,#6896,.F.);
#8988=ORIENTED_EDGE('',*,*,#6713,.F.);
#8989=ORIENTED_EDGE('',*,*,#6897,.T.);
#8990=ORIENTED_EDGE('',*,*,#6528,.T.);
#8991=ORIENTED_EDGE('',*,*,#6897,.F.);
#8992=ORIENTED_EDGE('',*,*,#6714,.F.);
#8993=ORIENTED_EDGE('',*,*,#6898,.T.);
#8994=ORIENTED_EDGE('',*,*,#6529,.T.);
#8995=ORIENTED_EDGE('',*,*,#6898,.F.);
#8996=ORIENTED_EDGE('',*,*,#6715,.F.);
#8997=ORIENTED_EDGE('',*,*,#6899,.T.);
#8998=ORIENTED_EDGE('',*,*,#6530,.T.);
#8999=ORIENTED_EDGE('',*,*,#6899,.F.);
#9000=ORIENTED_EDGE('',*,*,#6716,.F.);
#9001=ORIENTED_EDGE('',*,*,#6900,.T.);
#9002=ORIENTED_EDGE('',*,*,#6531,.T.);
#9003=ORIENTED_EDGE('',*,*,#6900,.F.);
#9004=ORIENTED_EDGE('',*,*,#6717,.F.);
#9005=ORIENTED_EDGE('',*,*,#6901,.T.);
#9006=ORIENTED_EDGE('',*,*,#6532,.T.);
#9007=ORIENTED_EDGE('',*,*,#6901,.F.);
#9008=ORIENTED_EDGE('',*,*,#6718,.F.);
#9009=ORIENTED_EDGE('',*,*,#6902,.T.);
#9010=ORIENTED_EDGE('',*,*,#6533,.T.);
#9011=ORIENTED_EDGE('',*,*,#6902,.F.);
#9012=ORIENTED_EDGE('',*,*,#6719,.F.);
#9013=ORIENTED_EDGE('',*,*,#6903,.T.);
#9014=ORIENTED_EDGE('',*,*,#6534,.T.);
#9015=ORIENTED_EDGE('',*,*,#6903,.F.);
#9016=ORIENTED_EDGE('',*,*,#6720,.F.);
#9017=ORIENTED_EDGE('',*,*,#6904,.T.);
#9018=ORIENTED_EDGE('',*,*,#6535,.T.);
#9019=ORIENTED_EDGE('',*,*,#6904,.F.);
#9020=ORIENTED_EDGE('',*,*,#6721,.F.);
#9021=ORIENTED_EDGE('',*,*,#6905,.T.);
#9022=ORIENTED_EDGE('',*,*,#6536,.T.);
#9023=ORIENTED_EDGE('',*,*,#6905,.F.);
#9024=ORIENTED_EDGE('',*,*,#6722,.F.);
#9025=ORIENTED_EDGE('',*,*,#6906,.T.);
#9026=ORIENTED_EDGE('',*,*,#6537,.T.);
#9027=ORIENTED_EDGE('',*,*,#6906,.F.);
#9028=ORIENTED_EDGE('',*,*,#6723,.F.);
#9029=ORIENTED_EDGE('',*,*,#6907,.T.);
#9030=ORIENTED_EDGE('',*,*,#6538,.T.);
#9031=ORIENTED_EDGE('',*,*,#6907,.F.);
#9032=ORIENTED_EDGE('',*,*,#6724,.F.);
#9033=ORIENTED_EDGE('',*,*,#6908,.T.);
#9034=ORIENTED_EDGE('',*,*,#6539,.T.);
#9035=ORIENTED_EDGE('',*,*,#6908,.F.);
#9036=ORIENTED_EDGE('',*,*,#6725,.F.);
#9037=ORIENTED_EDGE('',*,*,#6909,.T.);
#9038=ORIENTED_EDGE('',*,*,#6540,.T.);
#9039=ORIENTED_EDGE('',*,*,#6909,.F.);
#9040=ORIENTED_EDGE('',*,*,#6726,.F.);
#9041=ORIENTED_EDGE('',*,*,#6910,.T.);
#9042=ORIENTED_EDGE('',*,*,#6541,.T.);
#9043=ORIENTED_EDGE('',*,*,#6910,.F.);
#9044=ORIENTED_EDGE('',*,*,#6727,.F.);
#9045=ORIENTED_EDGE('',*,*,#6911,.T.);
#9046=ORIENTED_EDGE('',*,*,#6542,.T.);
#9047=ORIENTED_EDGE('',*,*,#6911,.F.);
#9048=ORIENTED_EDGE('',*,*,#6728,.F.);
#9049=ORIENTED_EDGE('',*,*,#6912,.T.);
#9050=ORIENTED_EDGE('',*,*,#6543,.T.);
#9051=ORIENTED_EDGE('',*,*,#6912,.F.);
#9052=ORIENTED_EDGE('',*,*,#6729,.F.);
#9053=ORIENTED_EDGE('',*,*,#6913,.T.);
#9054=ORIENTED_EDGE('',*,*,#6544,.T.);
#9055=ORIENTED_EDGE('',*,*,#6913,.F.);
#9056=ORIENTED_EDGE('',*,*,#6730,.F.);
#9057=ORIENTED_EDGE('',*,*,#6914,.T.);
#9058=ORIENTED_EDGE('',*,*,#6545,.T.);
#9059=ORIENTED_EDGE('',*,*,#6914,.F.);
#9060=ORIENTED_EDGE('',*,*,#6731,.F.);
#9061=ORIENTED_EDGE('',*,*,#6915,.T.);
#9062=ORIENTED_EDGE('',*,*,#6546,.T.);
#9063=ORIENTED_EDGE('',*,*,#6915,.F.);
#9064=ORIENTED_EDGE('',*,*,#6732,.F.);
#9065=ORIENTED_EDGE('',*,*,#6916,.T.);
#9066=ORIENTED_EDGE('',*,*,#6547,.T.);
#9067=ORIENTED_EDGE('',*,*,#6916,.F.);
#9068=ORIENTED_EDGE('',*,*,#6733,.F.);
#9069=ORIENTED_EDGE('',*,*,#6917,.T.);
#9070=ORIENTED_EDGE('',*,*,#6548,.T.);
#9071=ORIENTED_EDGE('',*,*,#6917,.F.);
#9072=ORIENTED_EDGE('',*,*,#6734,.F.);
#9073=ORIENTED_EDGE('',*,*,#6918,.T.);
#9074=ORIENTED_EDGE('',*,*,#6549,.T.);
#9075=ORIENTED_EDGE('',*,*,#6918,.F.);
#9076=ORIENTED_EDGE('',*,*,#6735,.F.);
#9077=ORIENTED_EDGE('',*,*,#6919,.T.);
#9078=ORIENTED_EDGE('',*,*,#6550,.T.);
#9079=ORIENTED_EDGE('',*,*,#6919,.F.);
#9080=ORIENTED_EDGE('',*,*,#6736,.F.);
#9081=ORIENTED_EDGE('',*,*,#6920,.T.);
#9082=ORIENTED_EDGE('',*,*,#6551,.T.);
#9083=ORIENTED_EDGE('',*,*,#6920,.F.);
#9084=ORIENTED_EDGE('',*,*,#6737,.F.);
#9085=ORIENTED_EDGE('',*,*,#6921,.T.);
#9086=ORIENTED_EDGE('',*,*,#6552,.T.);
#9087=ORIENTED_EDGE('',*,*,#6921,.F.);
#9088=ORIENTED_EDGE('',*,*,#6738,.F.);
#9089=ORIENTED_EDGE('',*,*,#6922,.T.);
#9090=ORIENTED_EDGE('',*,*,#6553,.T.);
#9091=ORIENTED_EDGE('',*,*,#6922,.F.);
#9092=ORIENTED_EDGE('',*,*,#6739,.F.);
#9093=ORIENTED_EDGE('',*,*,#6923,.T.);
#9094=ORIENTED_EDGE('',*,*,#6554,.T.);
#9095=ORIENTED_EDGE('',*,*,#6923,.F.);
#9096=ORIENTED_EDGE('',*,*,#6740,.F.);
#9097=ORIENTED_EDGE('',*,*,#6924,.T.);
#9098=ORIENTED_EDGE('',*,*,#6555,.T.);
#9099=ORIENTED_EDGE('',*,*,#6924,.F.);
#9100=ORIENTED_EDGE('',*,*,#6741,.F.);
#9101=ORIENTED_EDGE('',*,*,#6925,.T.);
#9102=ORIENTED_EDGE('',*,*,#6556,.T.);
#9103=ORIENTED_EDGE('',*,*,#6925,.F.);
#9104=ORIENTED_EDGE('',*,*,#6742,.F.);
#9105=ORIENTED_EDGE('',*,*,#6926,.T.);
#9106=ORIENTED_EDGE('',*,*,#6557,.T.);
#9107=ORIENTED_EDGE('',*,*,#6926,.F.);
#9108=ORIENTED_EDGE('',*,*,#6927,.F.);
#9109=ORIENTED_EDGE('',*,*,#6928,.F.);
#9110=ORIENTED_EDGE('',*,*,#6929,.T.);
#9111=ORIENTED_EDGE('',*,*,#6930,.T.);
#9112=ORIENTED_EDGE('',*,*,#6929,.F.);
#9113=ORIENTED_EDGE('',*,*,#6930,.F.);
#9114=ORIENTED_EDGE('',*,*,#6931,.T.);
#9115=ORIENTED_EDGE('',*,*,#6932,.T.);
#9116=ORIENTED_EDGE('',*,*,#6933,.T.);
#9117=ORIENTED_EDGE('',*,*,#6927,.T.);
#9118=ORIENTED_EDGE('',*,*,#6928,.T.);
#9119=ORIENTED_EDGE('',*,*,#6933,.F.);
#9120=ORIENTED_EDGE('',*,*,#6934,.F.);
#9121=ORIENTED_EDGE('',*,*,#6935,.T.);
#9122=ORIENTED_EDGE('',*,*,#6931,.F.);
#9123=ORIENTED_EDGE('',*,*,#6932,.F.);
#9124=ORIENTED_EDGE('',*,*,#6935,.F.);
#9125=ORIENTED_EDGE('',*,*,#6936,.F.);
#9126=ORIENTED_EDGE('',*,*,#6934,.T.);
#9127=ORIENTED_EDGE('',*,*,#6937,.F.);
#9128=ORIENTED_EDGE('',*,*,#6938,.T.);
#9129=ORIENTED_EDGE('',*,*,#6936,.T.);
#9130=ORIENTED_EDGE('',*,*,#6938,.F.);
#9131=ORIENTED_EDGE('',*,*,#6939,.F.);
#9132=ORIENTED_EDGE('',*,*,#6937,.T.);
#9133=ORIENTED_EDGE('',*,*,#6940,.F.);
#9134=ORIENTED_EDGE('',*,*,#6941,.T.);
#9135=ORIENTED_EDGE('',*,*,#6939,.T.);
#9136=ORIENTED_EDGE('',*,*,#6941,.F.);
#9137=ORIENTED_EDGE('',*,*,#6940,.T.);
#9138=ORIENTED_EDGE('',*,*,#6942,.F.);
#9139=ORIENTED_EDGE('',*,*,#6943,.F.);
#9140=ORIENTED_EDGE('',*,*,#6944,.T.);
#9141=ORIENTED_EDGE('',*,*,#6942,.T.);
#9142=ORIENTED_EDGE('',*,*,#6944,.F.);
#9143=ORIENTED_EDGE('',*,*,#6943,.T.);
#9144=ORIENTED_EDGE('',*,*,#6945,.F.);
#9145=ORIENTED_EDGE('',*,*,#6946,.F.);
#9146=ORIENTED_EDGE('',*,*,#6947,.F.);
#9147=ORIENTED_EDGE('',*,*,#6948,.T.);
#9148=ORIENTED_EDGE('',*,*,#6945,.T.);
#9149=ORIENTED_EDGE('',*,*,#6948,.F.);
#9150=ORIENTED_EDGE('',*,*,#6949,.T.);
#9151=ORIENTED_EDGE('',*,*,#6950,.T.);
#9152=ORIENTED_EDGE('',*,*,#6951,.T.);
#9153=ORIENTED_EDGE('',*,*,#6946,.T.);
#9154=ORIENTED_EDGE('',*,*,#6947,.T.);
#9155=ORIENTED_EDGE('',*,*,#6951,.F.);
#9156=ORIENTED_EDGE('',*,*,#6952,.F.);
#9157=ORIENTED_EDGE('',*,*,#6953,.T.);
#9158=ORIENTED_EDGE('',*,*,#6949,.F.);
#9159=ORIENTED_EDGE('',*,*,#6950,.F.);
#9160=ORIENTED_EDGE('',*,*,#6953,.F.);
#9161=ORIENTED_EDGE('',*,*,#6952,.T.);
#9162=ORIENTED_EDGE('',*,*,#6954,.F.);
#9163=ORIENTED_EDGE('',*,*,#6955,.F.);
#9164=ORIENTED_EDGE('',*,*,#6956,.T.);
#9165=ORIENTED_EDGE('',*,*,#6957,.T.);
#9166=ORIENTED_EDGE('',*,*,#6956,.F.);
#9167=ORIENTED_EDGE('',*,*,#6957,.F.);
#9168=ORIENTED_EDGE('',*,*,#6958,.T.);
#9169=ORIENTED_EDGE('',*,*,#6959,.T.);
#9170=ORIENTED_EDGE('',*,*,#6960,.T.);
#9171=ORIENTED_EDGE('',*,*,#6954,.T.);
#9172=ORIENTED_EDGE('',*,*,#6955,.T.);
#9173=ORIENTED_EDGE('',*,*,#6960,.F.);
#9174=ORIENTED_EDGE('',*,*,#6961,.F.);
#9175=ORIENTED_EDGE('',*,*,#6962,.T.);
#9176=ORIENTED_EDGE('',*,*,#6958,.F.);
#9177=ORIENTED_EDGE('',*,*,#6959,.F.);
#9178=ORIENTED_EDGE('',*,*,#6962,.F.);
#9179=ORIENTED_EDGE('',*,*,#6963,.F.);
#9180=ORIENTED_EDGE('',*,*,#6961,.T.);
#9181=ORIENTED_EDGE('',*,*,#6964,.F.);
#9182=ORIENTED_EDGE('',*,*,#6965,.T.);
#9183=ORIENTED_EDGE('',*,*,#6963,.T.);
#9184=ORIENTED_EDGE('',*,*,#6965,.F.);
#9185=ORIENTED_EDGE('',*,*,#6966,.F.);
#9186=ORIENTED_EDGE('',*,*,#6964,.T.);
#9187=ORIENTED_EDGE('',*,*,#6967,.F.);
#9188=ORIENTED_EDGE('',*,*,#6968,.T.);
#9189=ORIENTED_EDGE('',*,*,#6966,.T.);
#9190=ORIENTED_EDGE('',*,*,#6968,.F.);
#9191=ORIENTED_EDGE('',*,*,#6967,.T.);
#9192=ORIENTED_EDGE('',*,*,#6969,.F.);
#9193=ORIENTED_EDGE('',*,*,#6970,.F.);
#9194=ORIENTED_EDGE('',*,*,#6971,.T.);
#9195=ORIENTED_EDGE('',*,*,#6969,.T.);
#9196=ORIENTED_EDGE('',*,*,#6971,.F.);
#9197=ORIENTED_EDGE('',*,*,#6970,.T.);
#9198=ORIENTED_EDGE('',*,*,#6972,.F.);
#9199=ORIENTED_EDGE('',*,*,#6973,.F.);
#9200=ORIENTED_EDGE('',*,*,#6974,.F.);
#9201=ORIENTED_EDGE('',*,*,#6975,.T.);
#9202=ORIENTED_EDGE('',*,*,#6972,.T.);
#9203=ORIENTED_EDGE('',*,*,#6975,.F.);
#9204=ORIENTED_EDGE('',*,*,#6976,.T.);
#9205=ORIENTED_EDGE('',*,*,#6977,.T.);
#9206=ORIENTED_EDGE('',*,*,#6978,.T.);
#9207=ORIENTED_EDGE('',*,*,#6973,.T.);
#9208=ORIENTED_EDGE('',*,*,#6974,.T.);
#9209=ORIENTED_EDGE('',*,*,#6978,.F.);
#9210=ORIENTED_EDGE('',*,*,#6979,.F.);
#9211=ORIENTED_EDGE('',*,*,#6980,.T.);
#9212=ORIENTED_EDGE('',*,*,#6976,.F.);
#9213=ORIENTED_EDGE('',*,*,#6977,.F.);
#9214=ORIENTED_EDGE('',*,*,#6980,.F.);
#9215=ORIENTED_EDGE('',*,*,#6979,.T.);
#9216=ORIENTED_EDGE('',*,*,#6981,.F.);
#9217=ORIENTED_EDGE('',*,*,#6982,.F.);
#9218=ORIENTED_EDGE('',*,*,#6983,.T.);
#9219=ORIENTED_EDGE('',*,*,#6984,.T.);
#9220=ORIENTED_EDGE('',*,*,#6983,.F.);
#9221=ORIENTED_EDGE('',*,*,#6984,.F.);
#9222=ORIENTED_EDGE('',*,*,#6985,.T.);
#9223=ORIENTED_EDGE('',*,*,#6986,.T.);
#9224=ORIENTED_EDGE('',*,*,#6987,.T.);
#9225=ORIENTED_EDGE('',*,*,#6981,.T.);
#9226=ORIENTED_EDGE('',*,*,#6982,.T.);
#9227=ORIENTED_EDGE('',*,*,#6987,.F.);
#9228=ORIENTED_EDGE('',*,*,#6988,.F.);
#9229=ORIENTED_EDGE('',*,*,#6989,.T.);
#9230=ORIENTED_EDGE('',*,*,#6985,.F.);
#9231=ORIENTED_EDGE('',*,*,#6986,.F.);
#9232=ORIENTED_EDGE('',*,*,#6989,.F.);
#9233=ORIENTED_EDGE('',*,*,#6990,.F.);
#9234=ORIENTED_EDGE('',*,*,#6988,.T.);
#9235=ORIENTED_EDGE('',*,*,#6991,.F.);
#9236=ORIENTED_EDGE('',*,*,#6992,.T.);
#9237=ORIENTED_EDGE('',*,*,#6990,.T.);
#9238=ORIENTED_EDGE('',*,*,#6992,.F.);
#9239=ORIENTED_EDGE('',*,*,#6993,.F.);
#9240=ORIENTED_EDGE('',*,*,#6991,.T.);
#9241=ORIENTED_EDGE('',*,*,#6994,.F.);
#9242=ORIENTED_EDGE('',*,*,#6995,.T.);
#9243=ORIENTED_EDGE('',*,*,#6993,.T.);
#9244=ORIENTED_EDGE('',*,*,#6995,.F.);
#9245=ORIENTED_EDGE('',*,*,#6994,.T.);
#9246=ORIENTED_EDGE('',*,*,#6996,.F.);
#9247=ORIENTED_EDGE('',*,*,#6997,.F.);
#9248=ORIENTED_EDGE('',*,*,#6998,.T.);
#9249=ORIENTED_EDGE('',*,*,#6996,.T.);
#9250=ORIENTED_EDGE('',*,*,#6998,.F.);
#9251=ORIENTED_EDGE('',*,*,#6997,.T.);
#9252=ORIENTED_EDGE('',*,*,#6999,.F.);
#9253=ORIENTED_EDGE('',*,*,#7000,.F.);
#9254=ORIENTED_EDGE('',*,*,#7001,.F.);
#9255=ORIENTED_EDGE('',*,*,#7002,.T.);
#9256=ORIENTED_EDGE('',*,*,#6999,.T.);
#9257=ORIENTED_EDGE('',*,*,#7002,.F.);
#9258=ORIENTED_EDGE('',*,*,#7003,.T.);
#9259=ORIENTED_EDGE('',*,*,#7004,.T.);
#9260=ORIENTED_EDGE('',*,*,#7005,.T.);
#9261=ORIENTED_EDGE('',*,*,#7000,.T.);
#9262=ORIENTED_EDGE('',*,*,#7001,.T.);
#9263=ORIENTED_EDGE('',*,*,#7005,.F.);
#9264=ORIENTED_EDGE('',*,*,#7006,.F.);
#9265=ORIENTED_EDGE('',*,*,#7007,.T.);
#9266=ORIENTED_EDGE('',*,*,#7003,.F.);
#9267=ORIENTED_EDGE('',*,*,#7004,.F.);
#9268=ORIENTED_EDGE('',*,*,#7007,.F.);
#9269=ORIENTED_EDGE('',*,*,#7006,.T.);
#9270=ORIENTED_EDGE('',*,*,#7008,.F.);
#9271=ORIENTED_EDGE('',*,*,#7009,.F.);
#9272=ORIENTED_EDGE('',*,*,#7010,.T.);
#9273=ORIENTED_EDGE('',*,*,#7011,.T.);
#9274=ORIENTED_EDGE('',*,*,#7010,.F.);
#9275=ORIENTED_EDGE('',*,*,#7011,.F.);
#9276=ORIENTED_EDGE('',*,*,#7012,.T.);
#9277=ORIENTED_EDGE('',*,*,#7013,.T.);
#9278=ORIENTED_EDGE('',*,*,#7014,.T.);
#9279=ORIENTED_EDGE('',*,*,#7008,.T.);
#9280=ORIENTED_EDGE('',*,*,#7009,.T.);
#9281=ORIENTED_EDGE('',*,*,#7014,.F.);
#9282=ORIENTED_EDGE('',*,*,#7015,.F.);
#9283=ORIENTED_EDGE('',*,*,#7016,.T.);
#9284=ORIENTED_EDGE('',*,*,#7012,.F.);
#9285=ORIENTED_EDGE('',*,*,#7013,.F.);
#9286=ORIENTED_EDGE('',*,*,#7016,.F.);
#9287=ORIENTED_EDGE('',*,*,#7017,.F.);
#9288=ORIENTED_EDGE('',*,*,#7015,.T.);
#9289=ORIENTED_EDGE('',*,*,#7018,.F.);
#9290=ORIENTED_EDGE('',*,*,#7019,.T.);
#9291=ORIENTED_EDGE('',*,*,#7017,.T.);
#9292=ORIENTED_EDGE('',*,*,#7019,.F.);
#9293=ORIENTED_EDGE('',*,*,#7020,.F.);
#9294=ORIENTED_EDGE('',*,*,#7018,.T.);
#9295=ORIENTED_EDGE('',*,*,#7021,.F.);
#9296=ORIENTED_EDGE('',*,*,#7022,.T.);
#9297=ORIENTED_EDGE('',*,*,#7020,.T.);
#9298=ORIENTED_EDGE('',*,*,#7022,.F.);
#9299=ORIENTED_EDGE('',*,*,#7021,.T.);
#9300=ORIENTED_EDGE('',*,*,#7023,.F.);
#9301=ORIENTED_EDGE('',*,*,#7024,.F.);
#9302=ORIENTED_EDGE('',*,*,#7025,.T.);
#9303=ORIENTED_EDGE('',*,*,#7023,.T.);
#9304=ORIENTED_EDGE('',*,*,#7025,.F.);
#9305=ORIENTED_EDGE('',*,*,#7024,.T.);
#9306=ORIENTED_EDGE('',*,*,#7026,.F.);
#9307=ORIENTED_EDGE('',*,*,#7027,.F.);
#9308=ORIENTED_EDGE('',*,*,#7028,.F.);
#9309=ORIENTED_EDGE('',*,*,#7029,.T.);
#9310=ORIENTED_EDGE('',*,*,#7026,.T.);
#9311=ORIENTED_EDGE('',*,*,#7029,.F.);
#9312=ORIENTED_EDGE('',*,*,#7030,.T.);
#9313=ORIENTED_EDGE('',*,*,#7031,.T.);
#9314=ORIENTED_EDGE('',*,*,#7032,.T.);
#9315=ORIENTED_EDGE('',*,*,#7027,.T.);
#9316=ORIENTED_EDGE('',*,*,#7028,.T.);
#9317=ORIENTED_EDGE('',*,*,#7032,.F.);
#9318=ORIENTED_EDGE('',*,*,#7033,.F.);
#9319=ORIENTED_EDGE('',*,*,#7034,.T.);
#9320=ORIENTED_EDGE('',*,*,#7030,.F.);
#9321=ORIENTED_EDGE('',*,*,#7031,.F.);
#9322=ORIENTED_EDGE('',*,*,#7034,.F.);
#9323=ORIENTED_EDGE('',*,*,#7033,.T.);
#9324=ORIENTED_EDGE('',*,*,#7035,.F.);
#9325=ORIENTED_EDGE('',*,*,#7036,.F.);
#9326=ORIENTED_EDGE('',*,*,#7037,.T.);
#9327=ORIENTED_EDGE('',*,*,#7038,.T.);
#9328=ORIENTED_EDGE('',*,*,#7037,.F.);
#9329=ORIENTED_EDGE('',*,*,#7038,.F.);
#9330=ORIENTED_EDGE('',*,*,#7039,.T.);
#9331=ORIENTED_EDGE('',*,*,#7040,.T.);
#9332=ORIENTED_EDGE('',*,*,#7041,.T.);
#9333=ORIENTED_EDGE('',*,*,#7035,.T.);
#9334=ORIENTED_EDGE('',*,*,#7036,.T.);
#9335=ORIENTED_EDGE('',*,*,#7041,.F.);
#9336=ORIENTED_EDGE('',*,*,#7042,.F.);
#9337=ORIENTED_EDGE('',*,*,#7043,.T.);
#9338=ORIENTED_EDGE('',*,*,#7039,.F.);
#9339=ORIENTED_EDGE('',*,*,#7040,.F.);
#9340=ORIENTED_EDGE('',*,*,#7043,.F.);
#9341=ORIENTED_EDGE('',*,*,#7044,.F.);
#9342=ORIENTED_EDGE('',*,*,#7042,.T.);
#9343=ORIENTED_EDGE('',*,*,#7045,.F.);
#9344=ORIENTED_EDGE('',*,*,#7046,.T.);
#9345=ORIENTED_EDGE('',*,*,#7044,.T.);
#9346=ORIENTED_EDGE('',*,*,#7046,.F.);
#9347=ORIENTED_EDGE('',*,*,#7047,.F.);
#9348=ORIENTED_EDGE('',*,*,#7045,.T.);
#9349=ORIENTED_EDGE('',*,*,#7048,.F.);
#9350=ORIENTED_EDGE('',*,*,#7049,.T.);
#9351=ORIENTED_EDGE('',*,*,#7047,.T.);
#9352=ORIENTED_EDGE('',*,*,#7049,.F.);
#9353=ORIENTED_EDGE('',*,*,#7048,.T.);
#9354=ORIENTED_EDGE('',*,*,#7050,.F.);
#9355=ORIENTED_EDGE('',*,*,#7051,.F.);
#9356=ORIENTED_EDGE('',*,*,#7052,.T.);
#9357=ORIENTED_EDGE('',*,*,#7050,.T.);
#9358=ORIENTED_EDGE('',*,*,#7052,.F.);
#9359=ORIENTED_EDGE('',*,*,#7051,.T.);
#9360=ORIENTED_EDGE('',*,*,#7053,.F.);
#9361=ORIENTED_EDGE('',*,*,#7054,.F.);
#9362=ORIENTED_EDGE('',*,*,#7055,.F.);
#9363=ORIENTED_EDGE('',*,*,#7056,.T.);
#9364=ORIENTED_EDGE('',*,*,#7053,.T.);
#9365=ORIENTED_EDGE('',*,*,#7056,.F.);
#9366=ORIENTED_EDGE('',*,*,#7057,.T.);
#9367=ORIENTED_EDGE('',*,*,#7058,.T.);
#9368=ORIENTED_EDGE('',*,*,#7059,.T.);
#9369=ORIENTED_EDGE('',*,*,#7054,.T.);
#9370=ORIENTED_EDGE('',*,*,#7055,.T.);
#9371=ORIENTED_EDGE('',*,*,#7059,.F.);
#9372=ORIENTED_EDGE('',*,*,#7060,.F.);
#9373=ORIENTED_EDGE('',*,*,#7061,.T.);
#9374=ORIENTED_EDGE('',*,*,#7057,.F.);
#9375=ORIENTED_EDGE('',*,*,#7058,.F.);
#9376=ORIENTED_EDGE('',*,*,#7061,.F.);
#9377=ORIENTED_EDGE('',*,*,#7060,.T.);
#9378=ORIENTED_EDGE('',*,*,#7062,.F.);
#9379=ORIENTED_EDGE('',*,*,#7063,.F.);
#9380=ORIENTED_EDGE('',*,*,#7064,.T.);
#9381=ORIENTED_EDGE('',*,*,#7065,.T.);
#9382=ORIENTED_EDGE('',*,*,#7064,.F.);
#9383=ORIENTED_EDGE('',*,*,#7065,.F.);
#9384=ORIENTED_EDGE('',*,*,#7066,.T.);
#9385=ORIENTED_EDGE('',*,*,#7067,.T.);
#9386=ORIENTED_EDGE('',*,*,#7068,.T.);
#9387=ORIENTED_EDGE('',*,*,#7062,.T.);
#9388=ORIENTED_EDGE('',*,*,#7063,.T.);
#9389=ORIENTED_EDGE('',*,*,#7068,.F.);
#9390=ORIENTED_EDGE('',*,*,#7069,.F.);
#9391=ORIENTED_EDGE('',*,*,#7070,.T.);
#9392=ORIENTED_EDGE('',*,*,#7066,.F.);
#9393=ORIENTED_EDGE('',*,*,#7067,.F.);
#9394=ORIENTED_EDGE('',*,*,#7070,.F.);
#9395=ORIENTED_EDGE('',*,*,#7071,.F.);
#9396=ORIENTED_EDGE('',*,*,#7069,.T.);
#9397=ORIENTED_EDGE('',*,*,#7072,.F.);
#9398=ORIENTED_EDGE('',*,*,#7073,.T.);
#9399=ORIENTED_EDGE('',*,*,#7071,.T.);
#9400=ORIENTED_EDGE('',*,*,#7073,.F.);
#9401=ORIENTED_EDGE('',*,*,#7074,.F.);
#9402=ORIENTED_EDGE('',*,*,#7072,.T.);
#9403=ORIENTED_EDGE('',*,*,#7075,.F.);
#9404=ORIENTED_EDGE('',*,*,#7076,.T.);
#9405=ORIENTED_EDGE('',*,*,#7074,.T.);
#9406=ORIENTED_EDGE('',*,*,#7076,.F.);
#9407=ORIENTED_EDGE('',*,*,#7075,.T.);
#9408=ORIENTED_EDGE('',*,*,#7077,.F.);
#9409=ORIENTED_EDGE('',*,*,#7078,.F.);
#9410=ORIENTED_EDGE('',*,*,#7079,.T.);
#9411=ORIENTED_EDGE('',*,*,#7077,.T.);
#9412=ORIENTED_EDGE('',*,*,#7079,.F.);
#9413=ORIENTED_EDGE('',*,*,#7078,.T.);
#9414=ORIENTED_EDGE('',*,*,#7080,.F.);
#9415=ORIENTED_EDGE('',*,*,#7081,.F.);
#9416=ORIENTED_EDGE('',*,*,#7082,.F.);
#9417=ORIENTED_EDGE('',*,*,#7083,.T.);
#9418=ORIENTED_EDGE('',*,*,#7080,.T.);
#9419=ORIENTED_EDGE('',*,*,#7083,.F.);
#9420=ORIENTED_EDGE('',*,*,#7084,.T.);
#9421=ORIENTED_EDGE('',*,*,#7085,.T.);
#9422=ORIENTED_EDGE('',*,*,#7086,.T.);
#9423=ORIENTED_EDGE('',*,*,#7081,.T.);
#9424=ORIENTED_EDGE('',*,*,#7082,.T.);
#9425=ORIENTED_EDGE('',*,*,#7086,.F.);
#9426=ORIENTED_EDGE('',*,*,#7087,.F.);
#9427=ORIENTED_EDGE('',*,*,#7088,.T.);
#9428=ORIENTED_EDGE('',*,*,#7084,.F.);
#9429=ORIENTED_EDGE('',*,*,#7085,.F.);
#9430=ORIENTED_EDGE('',*,*,#7088,.F.);
#9431=ORIENTED_EDGE('',*,*,#7087,.T.);
#9432=ORIENTED_EDGE('',*,*,#7089,.F.);
#9433=ORIENTED_EDGE('',*,*,#7090,.F.);
#9434=ORIENTED_EDGE('',*,*,#7091,.T.);
#9435=ORIENTED_EDGE('',*,*,#7092,.T.);
#9436=ORIENTED_EDGE('',*,*,#7091,.F.);
#9437=ORIENTED_EDGE('',*,*,#7092,.F.);
#9438=ORIENTED_EDGE('',*,*,#7093,.T.);
#9439=ORIENTED_EDGE('',*,*,#7094,.T.);
#9440=ORIENTED_EDGE('',*,*,#7095,.T.);
#9441=ORIENTED_EDGE('',*,*,#7089,.T.);
#9442=ORIENTED_EDGE('',*,*,#7090,.T.);
#9443=ORIENTED_EDGE('',*,*,#7095,.F.);
#9444=ORIENTED_EDGE('',*,*,#7096,.F.);
#9445=ORIENTED_EDGE('',*,*,#7097,.T.);
#9446=ORIENTED_EDGE('',*,*,#7093,.F.);
#9447=ORIENTED_EDGE('',*,*,#7094,.F.);
#9448=ORIENTED_EDGE('',*,*,#7097,.F.);
#9449=ORIENTED_EDGE('',*,*,#7098,.F.);
#9450=ORIENTED_EDGE('',*,*,#7096,.T.);
#9451=ORIENTED_EDGE('',*,*,#7099,.F.);
#9452=ORIENTED_EDGE('',*,*,#7100,.T.);
#9453=ORIENTED_EDGE('',*,*,#7098,.T.);
#9454=ORIENTED_EDGE('',*,*,#7100,.F.);
#9455=ORIENTED_EDGE('',*,*,#7101,.F.);
#9456=ORIENTED_EDGE('',*,*,#7099,.T.);
#9457=ORIENTED_EDGE('',*,*,#7102,.F.);
#9458=ORIENTED_EDGE('',*,*,#7103,.T.);
#9459=ORIENTED_EDGE('',*,*,#7101,.T.);
#9460=ORIENTED_EDGE('',*,*,#7103,.F.);
#9461=ORIENTED_EDGE('',*,*,#7102,.T.);
#9462=ORIENTED_EDGE('',*,*,#7104,.F.);
#9463=ORIENTED_EDGE('',*,*,#7105,.F.);
#9464=ORIENTED_EDGE('',*,*,#7106,.T.);
#9465=ORIENTED_EDGE('',*,*,#7104,.T.);
#9466=ORIENTED_EDGE('',*,*,#7106,.F.);
#9467=ORIENTED_EDGE('',*,*,#7105,.T.);
#9468=ORIENTED_EDGE('',*,*,#7107,.F.);
#9469=ORIENTED_EDGE('',*,*,#7108,.F.);
#9470=ORIENTED_EDGE('',*,*,#7109,.F.);
#9471=ORIENTED_EDGE('',*,*,#7110,.T.);
#9472=ORIENTED_EDGE('',*,*,#7107,.T.);
#9473=ORIENTED_EDGE('',*,*,#7110,.F.);
#9474=ORIENTED_EDGE('',*,*,#7111,.T.);
#9475=ORIENTED_EDGE('',*,*,#7112,.T.);
#9476=ORIENTED_EDGE('',*,*,#7113,.T.);
#9477=ORIENTED_EDGE('',*,*,#7108,.T.);
#9478=ORIENTED_EDGE('',*,*,#7109,.T.);
#9479=ORIENTED_EDGE('',*,*,#7113,.F.);
#9480=ORIENTED_EDGE('',*,*,#7114,.F.);
#9481=ORIENTED_EDGE('',*,*,#7115,.T.);
#9482=ORIENTED_EDGE('',*,*,#7111,.F.);
#9483=ORIENTED_EDGE('',*,*,#7112,.F.);
#9484=ORIENTED_EDGE('',*,*,#7115,.F.);
#9485=ORIENTED_EDGE('',*,*,#7114,.T.);
#9486=ORIENTED_EDGE('',*,*,#7116,.F.);
#9487=ORIENTED_EDGE('',*,*,#7117,.F.);
#9488=ORIENTED_EDGE('',*,*,#7118,.T.);
#9489=ORIENTED_EDGE('',*,*,#7119,.T.);
#9490=ORIENTED_EDGE('',*,*,#7118,.F.);
#9491=ORIENTED_EDGE('',*,*,#7119,.F.);
#9492=ORIENTED_EDGE('',*,*,#7120,.T.);
#9493=ORIENTED_EDGE('',*,*,#7121,.T.);
#9494=ORIENTED_EDGE('',*,*,#7122,.T.);
#9495=ORIENTED_EDGE('',*,*,#7116,.T.);
#9496=ORIENTED_EDGE('',*,*,#7117,.T.);
#9497=ORIENTED_EDGE('',*,*,#7122,.F.);
#9498=ORIENTED_EDGE('',*,*,#7123,.F.);
#9499=ORIENTED_EDGE('',*,*,#7124,.T.);
#9500=ORIENTED_EDGE('',*,*,#7120,.F.);
#9501=ORIENTED_EDGE('',*,*,#7121,.F.);
#9502=ORIENTED_EDGE('',*,*,#7124,.F.);
#9503=ORIENTED_EDGE('',*,*,#7125,.F.);
#9504=ORIENTED_EDGE('',*,*,#7123,.T.);
#9505=ORIENTED_EDGE('',*,*,#7126,.F.);
#9506=ORIENTED_EDGE('',*,*,#7127,.T.);
#9507=ORIENTED_EDGE('',*,*,#7125,.T.);
#9508=ORIENTED_EDGE('',*,*,#7127,.F.);
#9509=ORIENTED_EDGE('',*,*,#7128,.F.);
#9510=ORIENTED_EDGE('',*,*,#7126,.T.);
#9511=ORIENTED_EDGE('',*,*,#7129,.F.);
#9512=ORIENTED_EDGE('',*,*,#7130,.T.);
#9513=ORIENTED_EDGE('',*,*,#7128,.T.);
#9514=ORIENTED_EDGE('',*,*,#7130,.F.);
#9515=ORIENTED_EDGE('',*,*,#7129,.T.);
#9516=ORIENTED_EDGE('',*,*,#7131,.F.);
#9517=ORIENTED_EDGE('',*,*,#7132,.F.);
#9518=ORIENTED_EDGE('',*,*,#7133,.T.);
#9519=ORIENTED_EDGE('',*,*,#7131,.T.);
#9520=ORIENTED_EDGE('',*,*,#7133,.F.);
#9521=ORIENTED_EDGE('',*,*,#7132,.T.);
#9522=ORIENTED_EDGE('',*,*,#7134,.F.);
#9523=ORIENTED_EDGE('',*,*,#7135,.F.);
#9524=ORIENTED_EDGE('',*,*,#7136,.F.);
#9525=ORIENTED_EDGE('',*,*,#7137,.T.);
#9526=ORIENTED_EDGE('',*,*,#7134,.T.);
#9527=ORIENTED_EDGE('',*,*,#7137,.F.);
#9528=ORIENTED_EDGE('',*,*,#7138,.T.);
#9529=ORIENTED_EDGE('',*,*,#7139,.T.);
#9530=ORIENTED_EDGE('',*,*,#7140,.T.);
#9531=ORIENTED_EDGE('',*,*,#7135,.T.);
#9532=ORIENTED_EDGE('',*,*,#7136,.T.);
#9533=ORIENTED_EDGE('',*,*,#7140,.F.);
#9534=ORIENTED_EDGE('',*,*,#7141,.F.);
#9535=ORIENTED_EDGE('',*,*,#7142,.T.);
#9536=ORIENTED_EDGE('',*,*,#7138,.F.);
#9537=ORIENTED_EDGE('',*,*,#7139,.F.);
#9538=ORIENTED_EDGE('',*,*,#7142,.F.);
#9539=ORIENTED_EDGE('',*,*,#7141,.T.);
#9540=ORIENTED_EDGE('',*,*,#7143,.F.);
#9541=ORIENTED_EDGE('',*,*,#7144,.F.);
#9542=ORIENTED_EDGE('',*,*,#7145,.T.);
#9543=ORIENTED_EDGE('',*,*,#7146,.T.);
#9544=ORIENTED_EDGE('',*,*,#7145,.F.);
#9545=ORIENTED_EDGE('',*,*,#7146,.F.);
#9546=ORIENTED_EDGE('',*,*,#7147,.T.);
#9547=ORIENTED_EDGE('',*,*,#7148,.T.);
#9548=ORIENTED_EDGE('',*,*,#7149,.T.);
#9549=ORIENTED_EDGE('',*,*,#7143,.T.);
#9550=ORIENTED_EDGE('',*,*,#7144,.T.);
#9551=ORIENTED_EDGE('',*,*,#7149,.F.);
#9552=ORIENTED_EDGE('',*,*,#7150,.F.);
#9553=ORIENTED_EDGE('',*,*,#7151,.T.);
#9554=ORIENTED_EDGE('',*,*,#7147,.F.);
#9555=ORIENTED_EDGE('',*,*,#7148,.F.);
#9556=ORIENTED_EDGE('',*,*,#7151,.F.);
#9557=ORIENTED_EDGE('',*,*,#7152,.F.);
#9558=ORIENTED_EDGE('',*,*,#7150,.T.);
#9559=ORIENTED_EDGE('',*,*,#7153,.F.);
#9560=ORIENTED_EDGE('',*,*,#7154,.T.);
#9561=ORIENTED_EDGE('',*,*,#7152,.T.);
#9562=ORIENTED_EDGE('',*,*,#7154,.F.);
#9563=ORIENTED_EDGE('',*,*,#7155,.F.);
#9564=ORIENTED_EDGE('',*,*,#7153,.T.);
#9565=ORIENTED_EDGE('',*,*,#7156,.F.);
#9566=ORIENTED_EDGE('',*,*,#7157,.T.);
#9567=ORIENTED_EDGE('',*,*,#7155,.T.);
#9568=ORIENTED_EDGE('',*,*,#7157,.F.);
#9569=ORIENTED_EDGE('',*,*,#7156,.T.);
#9570=ORIENTED_EDGE('',*,*,#7158,.F.);
#9571=ORIENTED_EDGE('',*,*,#7159,.F.);
#9572=ORIENTED_EDGE('',*,*,#7160,.T.);
#9573=ORIENTED_EDGE('',*,*,#7158,.T.);
#9574=ORIENTED_EDGE('',*,*,#7160,.F.);
#9575=ORIENTED_EDGE('',*,*,#7159,.T.);
#9576=ORIENTED_EDGE('',*,*,#7161,.F.);
#9577=ORIENTED_EDGE('',*,*,#7162,.F.);
#9578=ORIENTED_EDGE('',*,*,#7163,.F.);
#9579=ORIENTED_EDGE('',*,*,#7164,.T.);
#9580=ORIENTED_EDGE('',*,*,#7161,.T.);
#9581=ORIENTED_EDGE('',*,*,#7164,.F.);
#9582=ORIENTED_EDGE('',*,*,#7165,.T.);
#9583=ORIENTED_EDGE('',*,*,#7166,.T.);
#9584=ORIENTED_EDGE('',*,*,#7167,.T.);
#9585=ORIENTED_EDGE('',*,*,#7162,.T.);
#9586=ORIENTED_EDGE('',*,*,#7163,.T.);
#9587=ORIENTED_EDGE('',*,*,#7167,.F.);
#9588=ORIENTED_EDGE('',*,*,#7168,.F.);
#9589=ORIENTED_EDGE('',*,*,#7169,.T.);
#9590=ORIENTED_EDGE('',*,*,#7165,.F.);
#9591=ORIENTED_EDGE('',*,*,#7166,.F.);
#9592=ORIENTED_EDGE('',*,*,#7169,.F.);
#9593=ORIENTED_EDGE('',*,*,#7168,.T.);
#9594=ORIENTED_EDGE('',*,*,#7170,.F.);
#9595=ORIENTED_EDGE('',*,*,#7171,.F.);
#9596=ORIENTED_EDGE('',*,*,#7172,.T.);
#9597=ORIENTED_EDGE('',*,*,#7173,.T.);
#9598=ORIENTED_EDGE('',*,*,#7172,.F.);
#9599=ORIENTED_EDGE('',*,*,#7173,.F.);
#9600=ORIENTED_EDGE('',*,*,#7174,.T.);
#9601=ORIENTED_EDGE('',*,*,#7175,.T.);
#9602=ORIENTED_EDGE('',*,*,#7176,.T.);
#9603=ORIENTED_EDGE('',*,*,#7170,.T.);
#9604=ORIENTED_EDGE('',*,*,#7171,.T.);
#9605=ORIENTED_EDGE('',*,*,#7176,.F.);
#9606=ORIENTED_EDGE('',*,*,#7177,.F.);
#9607=ORIENTED_EDGE('',*,*,#7178,.T.);
#9608=ORIENTED_EDGE('',*,*,#7174,.F.);
#9609=ORIENTED_EDGE('',*,*,#7175,.F.);
#9610=ORIENTED_EDGE('',*,*,#7178,.F.);
#9611=ORIENTED_EDGE('',*,*,#7179,.F.);
#9612=ORIENTED_EDGE('',*,*,#7177,.T.);
#9613=ORIENTED_EDGE('',*,*,#7180,.F.);
#9614=ORIENTED_EDGE('',*,*,#7181,.T.);
#9615=ORIENTED_EDGE('',*,*,#7179,.T.);
#9616=ORIENTED_EDGE('',*,*,#7181,.F.);
#9617=ORIENTED_EDGE('',*,*,#7182,.F.);
#9618=ORIENTED_EDGE('',*,*,#7180,.T.);
#9619=ORIENTED_EDGE('',*,*,#7183,.F.);
#9620=ORIENTED_EDGE('',*,*,#7184,.T.);
#9621=ORIENTED_EDGE('',*,*,#7182,.T.);
#9622=ORIENTED_EDGE('',*,*,#7184,.F.);
#9623=ORIENTED_EDGE('',*,*,#7183,.T.);
#9624=ORIENTED_EDGE('',*,*,#7185,.F.);
#9625=ORIENTED_EDGE('',*,*,#7186,.F.);
#9626=ORIENTED_EDGE('',*,*,#7187,.T.);
#9627=ORIENTED_EDGE('',*,*,#7185,.T.);
#9628=ORIENTED_EDGE('',*,*,#7187,.F.);
#9629=ORIENTED_EDGE('',*,*,#7186,.T.);
#9630=ORIENTED_EDGE('',*,*,#7188,.F.);
#9631=ORIENTED_EDGE('',*,*,#7189,.F.);
#9632=ORIENTED_EDGE('',*,*,#7190,.F.);
#9633=ORIENTED_EDGE('',*,*,#7191,.T.);
#9634=ORIENTED_EDGE('',*,*,#7188,.T.);
#9635=ORIENTED_EDGE('',*,*,#7191,.F.);
#9636=ORIENTED_EDGE('',*,*,#7192,.T.);
#9637=ORIENTED_EDGE('',*,*,#7193,.T.);
#9638=ORIENTED_EDGE('',*,*,#7194,.T.);
#9639=ORIENTED_EDGE('',*,*,#7189,.T.);
#9640=ORIENTED_EDGE('',*,*,#7190,.T.);
#9641=ORIENTED_EDGE('',*,*,#7194,.F.);
#9642=ORIENTED_EDGE('',*,*,#7195,.F.);
#9643=ORIENTED_EDGE('',*,*,#7196,.T.);
#9644=ORIENTED_EDGE('',*,*,#7192,.F.);
#9645=ORIENTED_EDGE('',*,*,#7193,.F.);
#9646=ORIENTED_EDGE('',*,*,#7196,.F.);
#9647=ORIENTED_EDGE('',*,*,#7195,.T.);
#9648=ORIENTED_EDGE('',*,*,#7197,.F.);
#9649=ORIENTED_EDGE('',*,*,#7198,.F.);
#9650=ORIENTED_EDGE('',*,*,#7199,.T.);
#9651=ORIENTED_EDGE('',*,*,#7200,.T.);
#9652=ORIENTED_EDGE('',*,*,#7199,.F.);
#9653=ORIENTED_EDGE('',*,*,#7200,.F.);
#9654=ORIENTED_EDGE('',*,*,#7201,.T.);
#9655=ORIENTED_EDGE('',*,*,#7202,.T.);
#9656=ORIENTED_EDGE('',*,*,#7203,.T.);
#9657=ORIENTED_EDGE('',*,*,#7197,.T.);
#9658=ORIENTED_EDGE('',*,*,#7198,.T.);
#9659=ORIENTED_EDGE('',*,*,#7203,.F.);
#9660=ORIENTED_EDGE('',*,*,#7204,.F.);
#9661=ORIENTED_EDGE('',*,*,#7205,.T.);
#9662=ORIENTED_EDGE('',*,*,#7201,.F.);
#9663=ORIENTED_EDGE('',*,*,#7202,.F.);
#9664=ORIENTED_EDGE('',*,*,#7205,.F.);
#9665=ORIENTED_EDGE('',*,*,#7206,.F.);
#9666=ORIENTED_EDGE('',*,*,#7204,.T.);
#9667=ORIENTED_EDGE('',*,*,#7207,.F.);
#9668=ORIENTED_EDGE('',*,*,#7208,.T.);
#9669=ORIENTED_EDGE('',*,*,#7206,.T.);
#9670=ORIENTED_EDGE('',*,*,#7208,.F.);
#9671=ORIENTED_EDGE('',*,*,#7209,.F.);
#9672=ORIENTED_EDGE('',*,*,#7207,.T.);
#9673=ORIENTED_EDGE('',*,*,#7210,.F.);
#9674=ORIENTED_EDGE('',*,*,#7211,.T.);
#9675=ORIENTED_EDGE('',*,*,#7209,.T.);
#9676=ORIENTED_EDGE('',*,*,#7211,.F.);
#9677=ORIENTED_EDGE('',*,*,#7210,.T.);
#9678=ORIENTED_EDGE('',*,*,#7212,.F.);
#9679=ORIENTED_EDGE('',*,*,#7213,.F.);
#9680=ORIENTED_EDGE('',*,*,#7214,.T.);
#9681=ORIENTED_EDGE('',*,*,#7212,.T.);
#9682=ORIENTED_EDGE('',*,*,#7214,.F.);
#9683=ORIENTED_EDGE('',*,*,#7213,.T.);
#9684=ORIENTED_EDGE('',*,*,#7215,.F.);
#9685=ORIENTED_EDGE('',*,*,#7216,.F.);
#9686=ORIENTED_EDGE('',*,*,#7217,.F.);
#9687=ORIENTED_EDGE('',*,*,#7218,.T.);
#9688=ORIENTED_EDGE('',*,*,#7215,.T.);
#9689=ORIENTED_EDGE('',*,*,#7218,.F.);
#9690=ORIENTED_EDGE('',*,*,#7219,.T.);
#9691=ORIENTED_EDGE('',*,*,#7220,.T.);
#9692=ORIENTED_EDGE('',*,*,#7221,.T.);
#9693=ORIENTED_EDGE('',*,*,#7216,.T.);
#9694=ORIENTED_EDGE('',*,*,#7217,.T.);
#9695=ORIENTED_EDGE('',*,*,#7221,.F.);
#9696=ORIENTED_EDGE('',*,*,#7222,.F.);
#9697=ORIENTED_EDGE('',*,*,#7223,.T.);
#9698=ORIENTED_EDGE('',*,*,#7219,.F.);
#9699=ORIENTED_EDGE('',*,*,#7220,.F.);
#9700=ORIENTED_EDGE('',*,*,#7223,.F.);
#9701=ORIENTED_EDGE('',*,*,#7222,.T.);
#9702=ORIENTED_EDGE('',*,*,#7224,.F.);
#9703=ORIENTED_EDGE('',*,*,#7225,.F.);
#9704=ORIENTED_EDGE('',*,*,#7226,.T.);
#9705=ORIENTED_EDGE('',*,*,#7227,.T.);
#9706=ORIENTED_EDGE('',*,*,#7226,.F.);
#9707=ORIENTED_EDGE('',*,*,#7227,.F.);
#9708=ORIENTED_EDGE('',*,*,#7228,.T.);
#9709=ORIENTED_EDGE('',*,*,#7229,.T.);
#9710=ORIENTED_EDGE('',*,*,#7230,.T.);
#9711=ORIENTED_EDGE('',*,*,#7224,.T.);
#9712=ORIENTED_EDGE('',*,*,#7225,.T.);
#9713=ORIENTED_EDGE('',*,*,#7230,.F.);
#9714=ORIENTED_EDGE('',*,*,#7231,.F.);
#9715=ORIENTED_EDGE('',*,*,#7232,.T.);
#9716=ORIENTED_EDGE('',*,*,#7228,.F.);
#9717=ORIENTED_EDGE('',*,*,#7229,.F.);
#9718=ORIENTED_EDGE('',*,*,#7232,.F.);
#9719=ORIENTED_EDGE('',*,*,#7233,.F.);
#9720=ORIENTED_EDGE('',*,*,#7231,.T.);
#9721=ORIENTED_EDGE('',*,*,#7234,.F.);
#9722=ORIENTED_EDGE('',*,*,#7235,.T.);
#9723=ORIENTED_EDGE('',*,*,#7233,.T.);
#9724=ORIENTED_EDGE('',*,*,#7235,.F.);
#9725=ORIENTED_EDGE('',*,*,#7236,.F.);
#9726=ORIENTED_EDGE('',*,*,#7234,.T.);
#9727=ORIENTED_EDGE('',*,*,#7237,.F.);
#9728=ORIENTED_EDGE('',*,*,#7238,.T.);
#9729=ORIENTED_EDGE('',*,*,#7236,.T.);
#9730=ORIENTED_EDGE('',*,*,#7238,.F.);
#9731=ORIENTED_EDGE('',*,*,#7237,.T.);
#9732=ORIENTED_EDGE('',*,*,#7239,.F.);
#9733=ORIENTED_EDGE('',*,*,#7240,.F.);
#9734=ORIENTED_EDGE('',*,*,#7241,.T.);
#9735=ORIENTED_EDGE('',*,*,#7239,.T.);
#9736=ORIENTED_EDGE('',*,*,#7241,.F.);
#9737=ORIENTED_EDGE('',*,*,#7240,.T.);
#9738=ORIENTED_EDGE('',*,*,#7242,.F.);
#9739=ORIENTED_EDGE('',*,*,#7243,.F.);
#9740=ORIENTED_EDGE('',*,*,#7244,.F.);
#9741=ORIENTED_EDGE('',*,*,#7245,.T.);
#9742=ORIENTED_EDGE('',*,*,#7242,.T.);
#9743=ORIENTED_EDGE('',*,*,#7245,.F.);
#9744=ORIENTED_EDGE('',*,*,#7246,.T.);
#9745=ORIENTED_EDGE('',*,*,#7247,.T.);
#9746=ORIENTED_EDGE('',*,*,#7248,.T.);
#9747=ORIENTED_EDGE('',*,*,#7243,.T.);
#9748=ORIENTED_EDGE('',*,*,#7244,.T.);
#9749=ORIENTED_EDGE('',*,*,#7248,.F.);
#9750=ORIENTED_EDGE('',*,*,#7249,.F.);
#9751=ORIENTED_EDGE('',*,*,#7250,.T.);
#9752=ORIENTED_EDGE('',*,*,#7246,.F.);
#9753=ORIENTED_EDGE('',*,*,#7247,.F.);
#9754=ORIENTED_EDGE('',*,*,#7250,.F.);
#9755=ORIENTED_EDGE('',*,*,#7249,.T.);
#9756=ORIENTED_EDGE('',*,*,#7251,.F.);
#9757=ORIENTED_EDGE('',*,*,#7252,.F.);
#9758=ORIENTED_EDGE('',*,*,#7253,.T.);
#9759=ORIENTED_EDGE('',*,*,#7254,.T.);
#9760=ORIENTED_EDGE('',*,*,#7253,.F.);
#9761=ORIENTED_EDGE('',*,*,#7254,.F.);
#9762=ORIENTED_EDGE('',*,*,#7255,.T.);
#9763=ORIENTED_EDGE('',*,*,#7256,.T.);
#9764=ORIENTED_EDGE('',*,*,#7257,.T.);
#9765=ORIENTED_EDGE('',*,*,#7251,.T.);
#9766=ORIENTED_EDGE('',*,*,#7252,.T.);
#9767=ORIENTED_EDGE('',*,*,#7257,.F.);
#9768=ORIENTED_EDGE('',*,*,#7258,.F.);
#9769=ORIENTED_EDGE('',*,*,#7259,.T.);
#9770=ORIENTED_EDGE('',*,*,#7255,.F.);
#9771=ORIENTED_EDGE('',*,*,#7256,.F.);
#9772=ORIENTED_EDGE('',*,*,#7259,.F.);
#9773=ORIENTED_EDGE('',*,*,#7260,.F.);
#9774=ORIENTED_EDGE('',*,*,#7258,.T.);
#9775=ORIENTED_EDGE('',*,*,#7261,.F.);
#9776=ORIENTED_EDGE('',*,*,#7262,.T.);
#9777=ORIENTED_EDGE('',*,*,#7260,.T.);
#9778=ORIENTED_EDGE('',*,*,#7262,.F.);
#9779=ORIENTED_EDGE('',*,*,#7263,.F.);
#9780=ORIENTED_EDGE('',*,*,#7261,.T.);
#9781=ORIENTED_EDGE('',*,*,#7264,.F.);
#9782=ORIENTED_EDGE('',*,*,#7265,.T.);
#9783=ORIENTED_EDGE('',*,*,#7263,.T.);
#9784=ORIENTED_EDGE('',*,*,#7265,.F.);
#9785=ORIENTED_EDGE('',*,*,#7264,.T.);
#9786=ORIENTED_EDGE('',*,*,#7266,.F.);
#9787=ORIENTED_EDGE('',*,*,#7267,.F.);
#9788=ORIENTED_EDGE('',*,*,#7268,.T.);
#9789=ORIENTED_EDGE('',*,*,#7266,.T.);
#9790=ORIENTED_EDGE('',*,*,#7268,.F.);
#9791=ORIENTED_EDGE('',*,*,#7267,.T.);
#9792=ORIENTED_EDGE('',*,*,#7269,.F.);
#9793=ORIENTED_EDGE('',*,*,#7270,.F.);
#9794=ORIENTED_EDGE('',*,*,#7271,.F.);
#9795=ORIENTED_EDGE('',*,*,#7272,.T.);
#9796=ORIENTED_EDGE('',*,*,#7269,.T.);
#9797=ORIENTED_EDGE('',*,*,#7272,.F.);
#9798=ORIENTED_EDGE('',*,*,#7273,.T.);
#9799=ORIENTED_EDGE('',*,*,#7274,.T.);
#9800=ORIENTED_EDGE('',*,*,#7275,.T.);
#9801=ORIENTED_EDGE('',*,*,#7270,.T.);
#9802=ORIENTED_EDGE('',*,*,#7271,.T.);
#9803=ORIENTED_EDGE('',*,*,#7275,.F.);
#9804=ORIENTED_EDGE('',*,*,#7276,.F.);
#9805=ORIENTED_EDGE('',*,*,#7277,.T.);
#9806=ORIENTED_EDGE('',*,*,#7273,.F.);
#9807=ORIENTED_EDGE('',*,*,#7274,.F.);
#9808=ORIENTED_EDGE('',*,*,#7277,.F.);
#9809=ORIENTED_EDGE('',*,*,#7276,.T.);
#9810=ORIENTED_EDGE('',*,*,#7278,.F.);
#9811=ORIENTED_EDGE('',*,*,#7279,.F.);
#9812=ORIENTED_EDGE('',*,*,#7280,.T.);
#9813=ORIENTED_EDGE('',*,*,#7281,.T.);
#9814=ORIENTED_EDGE('',*,*,#7280,.F.);
#9815=ORIENTED_EDGE('',*,*,#7281,.F.);
#9816=ORIENTED_EDGE('',*,*,#7282,.T.);
#9817=ORIENTED_EDGE('',*,*,#7283,.T.);
#9818=ORIENTED_EDGE('',*,*,#7284,.T.);
#9819=ORIENTED_EDGE('',*,*,#7278,.T.);
#9820=ORIENTED_EDGE('',*,*,#7279,.T.);
#9821=ORIENTED_EDGE('',*,*,#7284,.F.);
#9822=ORIENTED_EDGE('',*,*,#7285,.F.);
#9823=ORIENTED_EDGE('',*,*,#7286,.T.);
#9824=ORIENTED_EDGE('',*,*,#7282,.F.);
#9825=ORIENTED_EDGE('',*,*,#7283,.F.);
#9826=ORIENTED_EDGE('',*,*,#7286,.F.);
#9827=ORIENTED_EDGE('',*,*,#7287,.F.);
#9828=ORIENTED_EDGE('',*,*,#7285,.T.);
#9829=ORIENTED_EDGE('',*,*,#7288,.F.);
#9830=ORIENTED_EDGE('',*,*,#7289,.T.);
#9831=ORIENTED_EDGE('',*,*,#7287,.T.);
#9832=ORIENTED_EDGE('',*,*,#7289,.F.);
#9833=ORIENTED_EDGE('',*,*,#7290,.F.);
#9834=ORIENTED_EDGE('',*,*,#7288,.T.);
#9835=ORIENTED_EDGE('',*,*,#7291,.F.);
#9836=ORIENTED_EDGE('',*,*,#7292,.T.);
#9837=ORIENTED_EDGE('',*,*,#7290,.T.);
#9838=ORIENTED_EDGE('',*,*,#7292,.F.);
#9839=ORIENTED_EDGE('',*,*,#7291,.T.);
#9840=ORIENTED_EDGE('',*,*,#7293,.F.);
#9841=ORIENTED_EDGE('',*,*,#7294,.F.);
#9842=ORIENTED_EDGE('',*,*,#7295,.T.);
#9843=ORIENTED_EDGE('',*,*,#7293,.T.);
#9844=ORIENTED_EDGE('',*,*,#7295,.F.);
#9845=ORIENTED_EDGE('',*,*,#7294,.T.);
#9846=ORIENTED_EDGE('',*,*,#7296,.F.);
#9847=ORIENTED_EDGE('',*,*,#7297,.F.);
#9848=ORIENTED_EDGE('',*,*,#7298,.F.);
#9849=ORIENTED_EDGE('',*,*,#7299,.T.);
#9850=ORIENTED_EDGE('',*,*,#7296,.T.);
#9851=ORIENTED_EDGE('',*,*,#7299,.F.);
#9852=ORIENTED_EDGE('',*,*,#7300,.T.);
#9853=ORIENTED_EDGE('',*,*,#7301,.T.);
#9854=ORIENTED_EDGE('',*,*,#7302,.T.);
#9855=ORIENTED_EDGE('',*,*,#7297,.T.);
#9856=ORIENTED_EDGE('',*,*,#7298,.T.);
#9857=ORIENTED_EDGE('',*,*,#7302,.F.);
#9858=ORIENTED_EDGE('',*,*,#7303,.F.);
#9859=ORIENTED_EDGE('',*,*,#7304,.T.);
#9860=ORIENTED_EDGE('',*,*,#7300,.F.);
#9861=ORIENTED_EDGE('',*,*,#7301,.F.);
#9862=ORIENTED_EDGE('',*,*,#7304,.F.);
#9863=ORIENTED_EDGE('',*,*,#7303,.T.);
#9864=ORIENTED_EDGE('',*,*,#7305,.F.);
#9865=ORIENTED_EDGE('',*,*,#7306,.F.);
#9866=ORIENTED_EDGE('',*,*,#7307,.T.);
#9867=ORIENTED_EDGE('',*,*,#7308,.T.);
#9868=ORIENTED_EDGE('',*,*,#7307,.F.);
#9869=ORIENTED_EDGE('',*,*,#7308,.F.);
#9870=ORIENTED_EDGE('',*,*,#7309,.T.);
#9871=ORIENTED_EDGE('',*,*,#7310,.T.);
#9872=ORIENTED_EDGE('',*,*,#7311,.T.);
#9873=ORIENTED_EDGE('',*,*,#7305,.T.);
#9874=ORIENTED_EDGE('',*,*,#7306,.T.);
#9875=ORIENTED_EDGE('',*,*,#7311,.F.);
#9876=ORIENTED_EDGE('',*,*,#7312,.F.);
#9877=ORIENTED_EDGE('',*,*,#7313,.T.);
#9878=ORIENTED_EDGE('',*,*,#7309,.F.);
#9879=ORIENTED_EDGE('',*,*,#7310,.F.);
#9880=ORIENTED_EDGE('',*,*,#7313,.F.);
#9881=ORIENTED_EDGE('',*,*,#7314,.F.);
#9882=ORIENTED_EDGE('',*,*,#7312,.T.);
#9883=ORIENTED_EDGE('',*,*,#7315,.F.);
#9884=ORIENTED_EDGE('',*,*,#7316,.T.);
#9885=ORIENTED_EDGE('',*,*,#7314,.T.);
#9886=ORIENTED_EDGE('',*,*,#7316,.F.);
#9887=ORIENTED_EDGE('',*,*,#7317,.F.);
#9888=ORIENTED_EDGE('',*,*,#7315,.T.);
#9889=ORIENTED_EDGE('',*,*,#7318,.F.);
#9890=ORIENTED_EDGE('',*,*,#7319,.T.);
#9891=ORIENTED_EDGE('',*,*,#7317,.T.);
#9892=ORIENTED_EDGE('',*,*,#7319,.F.);
#9893=ORIENTED_EDGE('',*,*,#7318,.T.);
#9894=ORIENTED_EDGE('',*,*,#7320,.F.);
#9895=ORIENTED_EDGE('',*,*,#7321,.F.);
#9896=ORIENTED_EDGE('',*,*,#7322,.T.);
#9897=ORIENTED_EDGE('',*,*,#7320,.T.);
#9898=ORIENTED_EDGE('',*,*,#7322,.F.);
#9899=ORIENTED_EDGE('',*,*,#7321,.T.);
#9900=ORIENTED_EDGE('',*,*,#7323,.F.);
#9901=ORIENTED_EDGE('',*,*,#7324,.F.);
#9902=ORIENTED_EDGE('',*,*,#7325,.F.);
#9903=ORIENTED_EDGE('',*,*,#7326,.T.);
#9904=ORIENTED_EDGE('',*,*,#7323,.T.);
#9905=ORIENTED_EDGE('',*,*,#7326,.F.);
#9906=ORIENTED_EDGE('',*,*,#7327,.T.);
#9907=ORIENTED_EDGE('',*,*,#7328,.T.);
#9908=ORIENTED_EDGE('',*,*,#7329,.T.);
#9909=ORIENTED_EDGE('',*,*,#7324,.T.);
#9910=ORIENTED_EDGE('',*,*,#7325,.T.);
#9911=ORIENTED_EDGE('',*,*,#7329,.F.);
#9912=ORIENTED_EDGE('',*,*,#7330,.F.);
#9913=ORIENTED_EDGE('',*,*,#7331,.T.);
#9914=ORIENTED_EDGE('',*,*,#7327,.F.);
#9915=ORIENTED_EDGE('',*,*,#7328,.F.);
#9916=ORIENTED_EDGE('',*,*,#7331,.F.);
#9917=ORIENTED_EDGE('',*,*,#7330,.T.);
#9918=ORIENTED_EDGE('',*,*,#7332,.F.);
#9919=ORIENTED_EDGE('',*,*,#7333,.F.);
#9920=ORIENTED_EDGE('',*,*,#7334,.T.);
#9921=ORIENTED_EDGE('',*,*,#7335,.T.);
#9922=ORIENTED_EDGE('',*,*,#7334,.F.);
#9923=ORIENTED_EDGE('',*,*,#7335,.F.);
#9924=ORIENTED_EDGE('',*,*,#7336,.T.);
#9925=ORIENTED_EDGE('',*,*,#7337,.T.);
#9926=ORIENTED_EDGE('',*,*,#7338,.T.);
#9927=ORIENTED_EDGE('',*,*,#7332,.T.);
#9928=ORIENTED_EDGE('',*,*,#7333,.T.);
#9929=ORIENTED_EDGE('',*,*,#7338,.F.);
#9930=ORIENTED_EDGE('',*,*,#7339,.F.);
#9931=ORIENTED_EDGE('',*,*,#7340,.T.);
#9932=ORIENTED_EDGE('',*,*,#7336,.F.);
#9933=ORIENTED_EDGE('',*,*,#7337,.F.);
#9934=ORIENTED_EDGE('',*,*,#7340,.F.);
#9935=ORIENTED_EDGE('',*,*,#7341,.F.);
#9936=ORIENTED_EDGE('',*,*,#7339,.T.);
#9937=ORIENTED_EDGE('',*,*,#7342,.F.);
#9938=ORIENTED_EDGE('',*,*,#7343,.T.);
#9939=ORIENTED_EDGE('',*,*,#7341,.T.);
#9940=ORIENTED_EDGE('',*,*,#7343,.F.);
#9941=ORIENTED_EDGE('',*,*,#7344,.F.);
#9942=ORIENTED_EDGE('',*,*,#7342,.T.);
#9943=ORIENTED_EDGE('',*,*,#7345,.F.);
#9944=ORIENTED_EDGE('',*,*,#7346,.T.);
#9945=ORIENTED_EDGE('',*,*,#7344,.T.);
#9946=ORIENTED_EDGE('',*,*,#7346,.F.);
#9947=ORIENTED_EDGE('',*,*,#7345,.T.);
#9948=ORIENTED_EDGE('',*,*,#7347,.F.);
#9949=ORIENTED_EDGE('',*,*,#7348,.F.);
#9950=ORIENTED_EDGE('',*,*,#7349,.T.);
#9951=ORIENTED_EDGE('',*,*,#7347,.T.);
#9952=ORIENTED_EDGE('',*,*,#7349,.F.);
#9953=ORIENTED_EDGE('',*,*,#7348,.T.);
#9954=ORIENTED_EDGE('',*,*,#7350,.F.);
#9955=ORIENTED_EDGE('',*,*,#7351,.F.);
#9956=ORIENTED_EDGE('',*,*,#7352,.F.);
#9957=ORIENTED_EDGE('',*,*,#7353,.T.);
#9958=ORIENTED_EDGE('',*,*,#7350,.T.);
#9959=ORIENTED_EDGE('',*,*,#7353,.F.);
#9960=ORIENTED_EDGE('',*,*,#7354,.T.);
#9961=ORIENTED_EDGE('',*,*,#7355,.T.);
#9962=ORIENTED_EDGE('',*,*,#7356,.T.);
#9963=ORIENTED_EDGE('',*,*,#7351,.T.);
#9964=ORIENTED_EDGE('',*,*,#7352,.T.);
#9965=ORIENTED_EDGE('',*,*,#7356,.F.);
#9966=ORIENTED_EDGE('',*,*,#7357,.F.);
#9967=ORIENTED_EDGE('',*,*,#7358,.T.);
#9968=ORIENTED_EDGE('',*,*,#7354,.F.);
#9969=ORIENTED_EDGE('',*,*,#7355,.F.);
#9970=ORIENTED_EDGE('',*,*,#7358,.F.);
#9971=ORIENTED_EDGE('',*,*,#7357,.T.);
#9972=ORIENTED_EDGE('',*,*,#7359,.F.);
#9973=ORIENTED_EDGE('',*,*,#7360,.F.);
#9974=ORIENTED_EDGE('',*,*,#7361,.T.);
#9975=ORIENTED_EDGE('',*,*,#7362,.T.);
#9976=ORIENTED_EDGE('',*,*,#7361,.F.);
#9977=ORIENTED_EDGE('',*,*,#7362,.F.);
#9978=ORIENTED_EDGE('',*,*,#7363,.T.);
#9979=ORIENTED_EDGE('',*,*,#7364,.T.);
#9980=ORIENTED_EDGE('',*,*,#7365,.T.);
#9981=ORIENTED_EDGE('',*,*,#7359,.T.);
#9982=ORIENTED_EDGE('',*,*,#7360,.T.);
#9983=ORIENTED_EDGE('',*,*,#7365,.F.);
#9984=ORIENTED_EDGE('',*,*,#7366,.F.);
#9985=ORIENTED_EDGE('',*,*,#7367,.T.);
#9986=ORIENTED_EDGE('',*,*,#7363,.F.);
#9987=ORIENTED_EDGE('',*,*,#7364,.F.);
#9988=ORIENTED_EDGE('',*,*,#7367,.F.);
#9989=ORIENTED_EDGE('',*,*,#7368,.F.);
#9990=ORIENTED_EDGE('',*,*,#7366,.T.);
#9991=ORIENTED_EDGE('',*,*,#7369,.F.);
#9992=ORIENTED_EDGE('',*,*,#7370,.T.);
#9993=ORIENTED_EDGE('',*,*,#7368,.T.);
#9994=ORIENTED_EDGE('',*,*,#7370,.F.);
#9995=ORIENTED_EDGE('',*,*,#7371,.F.);
#9996=ORIENTED_EDGE('',*,*,#7369,.T.);
#9997=ORIENTED_EDGE('',*,*,#7372,.F.);
#9998=ORIENTED_EDGE('',*,*,#7373,.T.);
#9999=ORIENTED_EDGE('',*,*,#7371,.T.);
#10000=ORIENTED_EDGE('',*,*,#7373,.F.);
#10001=ORIENTED_EDGE('',*,*,#7372,.T.);
#10002=ORIENTED_EDGE('',*,*,#7374,.F.);
#10003=ORIENTED_EDGE('',*,*,#7375,.F.);
#10004=ORIENTED_EDGE('',*,*,#7376,.T.);
#10005=ORIENTED_EDGE('',*,*,#7374,.T.);
#10006=ORIENTED_EDGE('',*,*,#7376,.F.);
#10007=ORIENTED_EDGE('',*,*,#7375,.T.);
#10008=ORIENTED_EDGE('',*,*,#7377,.F.);
#10009=ORIENTED_EDGE('',*,*,#7378,.F.);
#10010=ORIENTED_EDGE('',*,*,#7379,.F.);
#10011=ORIENTED_EDGE('',*,*,#7380,.T.);
#10012=ORIENTED_EDGE('',*,*,#7377,.T.);
#10013=ORIENTED_EDGE('',*,*,#7380,.F.);
#10014=ORIENTED_EDGE('',*,*,#7381,.T.);
#10015=ORIENTED_EDGE('',*,*,#7382,.T.);
#10016=ORIENTED_EDGE('',*,*,#7383,.T.);
#10017=ORIENTED_EDGE('',*,*,#7378,.T.);
#10018=ORIENTED_EDGE('',*,*,#7379,.T.);
#10019=ORIENTED_EDGE('',*,*,#7383,.F.);
#10020=ORIENTED_EDGE('',*,*,#7384,.F.);
#10021=ORIENTED_EDGE('',*,*,#7385,.T.);
#10022=ORIENTED_EDGE('',*,*,#7381,.F.);
#10023=ORIENTED_EDGE('',*,*,#7382,.F.);
#10024=ORIENTED_EDGE('',*,*,#7385,.F.);
#10025=ORIENTED_EDGE('',*,*,#7384,.T.);
#10026=ORIENTED_EDGE('',*,*,#7386,.F.);
#10027=ORIENTED_EDGE('',*,*,#7387,.T.);
#10028=ORIENTED_EDGE('',*,*,#7388,.T.);
#10029=ORIENTED_EDGE('',*,*,#7389,.F.);
#10030=ORIENTED_EDGE('',*,*,#7390,.F.);
#10031=ORIENTED_EDGE('',*,*,#7391,.T.);
#10032=ORIENTED_EDGE('',*,*,#7386,.T.);
#10033=ORIENTED_EDGE('',*,*,#7392,.F.);
#10034=ORIENTED_EDGE('',*,*,#7388,.F.);
#10035=ORIENTED_EDGE('',*,*,#7393,.T.);
#10036=ORIENTED_EDGE('',*,*,#7394,.T.);
#10037=ORIENTED_EDGE('',*,*,#7395,.F.);
#10038=ORIENTED_EDGE('',*,*,#7387,.F.);
#10039=ORIENTED_EDGE('',*,*,#7391,.F.);
#10040=ORIENTED_EDGE('',*,*,#7396,.F.);
#10041=ORIENTED_EDGE('',*,*,#7397,.F.);
#10042=ORIENTED_EDGE('',*,*,#7398,.F.);
#10043=ORIENTED_EDGE('',*,*,#7399,.F.);
#10044=ORIENTED_EDGE('',*,*,#7400,.F.);
#10045=ORIENTED_EDGE('',*,*,#7401,.F.);
#10046=ORIENTED_EDGE('',*,*,#7402,.F.);
#10047=ORIENTED_EDGE('',*,*,#7403,.F.);
#10048=ORIENTED_EDGE('',*,*,#7404,.F.);
#10049=ORIENTED_EDGE('',*,*,#7405,.F.);
#10050=ORIENTED_EDGE('',*,*,#7406,.F.);
#10051=ORIENTED_EDGE('',*,*,#7407,.F.);
#10052=ORIENTED_EDGE('',*,*,#7408,.F.);
#10053=ORIENTED_EDGE('',*,*,#7409,.F.);
#10054=ORIENTED_EDGE('',*,*,#7410,.F.);
#10055=ORIENTED_EDGE('',*,*,#7411,.F.);
#10056=ORIENTED_EDGE('',*,*,#7412,.F.);
#10057=ORIENTED_EDGE('',*,*,#7393,.F.);
#10058=ORIENTED_EDGE('',*,*,#7413,.T.);
#10059=ORIENTED_EDGE('',*,*,#7414,.T.);
#10060=ORIENTED_EDGE('',*,*,#7415,.F.);
#10061=ORIENTED_EDGE('',*,*,#7416,.F.);
#10062=ORIENTED_EDGE('',*,*,#7417,.F.);
#10063=ORIENTED_EDGE('',*,*,#7418,.T.);
#10064=ORIENTED_EDGE('',*,*,#7419,.T.);
#10065=ORIENTED_EDGE('',*,*,#7420,.F.);
#10066=ORIENTED_EDGE('',*,*,#7421,.T.);
#10067=ORIENTED_EDGE('',*,*,#7422,.F.);
#10068=ORIENTED_EDGE('',*,*,#7423,.F.);
#10069=ORIENTED_EDGE('',*,*,#7424,.T.);
#10070=ORIENTED_EDGE('',*,*,#7389,.T.);
#10071=ORIENTED_EDGE('',*,*,#7395,.T.);
#10072=ORIENTED_EDGE('',*,*,#7425,.T.);
#10073=ORIENTED_EDGE('',*,*,#7426,.T.);
#10074=ORIENTED_EDGE('',*,*,#7427,.T.);
#10075=ORIENTED_EDGE('',*,*,#7428,.T.);
#10076=ORIENTED_EDGE('',*,*,#7429,.T.);
#10077=ORIENTED_EDGE('',*,*,#7430,.T.);
#10078=ORIENTED_EDGE('',*,*,#7431,.T.);
#10079=ORIENTED_EDGE('',*,*,#7432,.T.);
#10080=ORIENTED_EDGE('',*,*,#7433,.T.);
#10081=ORIENTED_EDGE('',*,*,#7434,.T.);
#10082=ORIENTED_EDGE('',*,*,#7435,.T.);
#10083=ORIENTED_EDGE('',*,*,#7436,.T.);
#10084=ORIENTED_EDGE('',*,*,#7437,.T.);
#10085=ORIENTED_EDGE('',*,*,#7438,.T.);
#10086=ORIENTED_EDGE('',*,*,#7439,.T.);
#10087=ORIENTED_EDGE('',*,*,#7440,.T.);
#10088=ORIENTED_EDGE('',*,*,#7441,.T.);
#10089=ORIENTED_EDGE('',*,*,#7392,.T.);
#10090=ORIENTED_EDGE('',*,*,#7442,.F.);
#10091=ORIENTED_EDGE('',*,*,#7443,.T.);
#10092=ORIENTED_EDGE('',*,*,#7444,.T.);
#10093=ORIENTED_EDGE('',*,*,#7445,.F.);
#10094=ORIENTED_EDGE('',*,*,#7446,.T.);
#10095=ORIENTED_EDGE('',*,*,#7447,.T.);
#10096=ORIENTED_EDGE('',*,*,#7448,.F.);
#10097=ORIENTED_EDGE('',*,*,#7449,.F.);
#10098=ORIENTED_EDGE('',*,*,#7450,.F.);
#10099=ORIENTED_EDGE('',*,*,#7451,.F.);
#10100=ORIENTED_EDGE('',*,*,#7452,.T.);
#10101=ORIENTED_EDGE('',*,*,#7453,.T.);
#10102=ORIENTED_EDGE('',*,*,#7454,.F.);
#10103=ORIENTED_EDGE('',*,*,#7396,.T.);
#10104=ORIENTED_EDGE('',*,*,#7390,.T.);
#10105=ORIENTED_EDGE('',*,*,#7441,.F.);
#10106=ORIENTED_EDGE('',*,*,#7394,.F.);
#10107=ORIENTED_EDGE('',*,*,#7412,.T.);
#10108=ORIENTED_EDGE('',*,*,#7455,.T.);
#10109=ORIENTED_EDGE('',*,*,#7425,.F.);
#10110=ORIENTED_EDGE('',*,*,#7456,.F.);
#10111=ORIENTED_EDGE('',*,*,#7397,.T.);
#10112=ORIENTED_EDGE('',*,*,#7454,.T.);
#10113=ORIENTED_EDGE('',*,*,#7440,.F.);
#10114=ORIENTED_EDGE('',*,*,#7455,.F.);
#10115=ORIENTED_EDGE('',*,*,#7411,.T.);
#10116=ORIENTED_EDGE('',*,*,#7457,.T.);
#10117=ORIENTED_EDGE('',*,*,#7426,.F.);
#10118=ORIENTED_EDGE('',*,*,#7458,.F.);
#10119=ORIENTED_EDGE('',*,*,#7398,.T.);
#10120=ORIENTED_EDGE('',*,*,#7456,.T.);
#10121=ORIENTED_EDGE('',*,*,#7439,.F.);
#10122=ORIENTED_EDGE('',*,*,#7457,.F.);
#10123=ORIENTED_EDGE('',*,*,#7410,.T.);
#10124=ORIENTED_EDGE('',*,*,#7459,.T.);
#10125=ORIENTED_EDGE('',*,*,#7427,.F.);
#10126=ORIENTED_EDGE('',*,*,#7460,.F.);
#10127=ORIENTED_EDGE('',*,*,#7399,.T.);
#10128=ORIENTED_EDGE('',*,*,#7458,.T.);
#10129=ORIENTED_EDGE('',*,*,#7438,.F.);
#10130=ORIENTED_EDGE('',*,*,#7459,.F.);
#10131=ORIENTED_EDGE('',*,*,#7409,.T.);
#10132=ORIENTED_EDGE('',*,*,#7461,.T.);
#10133=ORIENTED_EDGE('',*,*,#7428,.F.);
#10134=ORIENTED_EDGE('',*,*,#7462,.F.);
#10135=ORIENTED_EDGE('',*,*,#7400,.T.);
#10136=ORIENTED_EDGE('',*,*,#7460,.T.);
#10137=ORIENTED_EDGE('',*,*,#7437,.F.);
#10138=ORIENTED_EDGE('',*,*,#7461,.F.);
#10139=ORIENTED_EDGE('',*,*,#7408,.T.);
#10140=ORIENTED_EDGE('',*,*,#7463,.T.);
#10141=ORIENTED_EDGE('',*,*,#7429,.F.);
#10142=ORIENTED_EDGE('',*,*,#7464,.F.);
#10143=ORIENTED_EDGE('',*,*,#7401,.T.);
#10144=ORIENTED_EDGE('',*,*,#7462,.T.);
#10145=ORIENTED_EDGE('',*,*,#7436,.F.);
#10146=ORIENTED_EDGE('',*,*,#7463,.F.);
#10147=ORIENTED_EDGE('',*,*,#7407,.T.);
#10148=ORIENTED_EDGE('',*,*,#7465,.T.);
#10149=ORIENTED_EDGE('',*,*,#7430,.F.);
#10150=ORIENTED_EDGE('',*,*,#7466,.F.);
#10151=ORIENTED_EDGE('',*,*,#7402,.T.);
#10152=ORIENTED_EDGE('',*,*,#7464,.T.);
#10153=ORIENTED_EDGE('',*,*,#7435,.F.);
#10154=ORIENTED_EDGE('',*,*,#7465,.F.);
#10155=ORIENTED_EDGE('',*,*,#7406,.T.);
#10156=ORIENTED_EDGE('',*,*,#7467,.T.);
#10157=ORIENTED_EDGE('',*,*,#7431,.F.);
#10158=ORIENTED_EDGE('',*,*,#7468,.F.);
#10159=ORIENTED_EDGE('',*,*,#7403,.T.);
#10160=ORIENTED_EDGE('',*,*,#7466,.T.);
#10161=ORIENTED_EDGE('',*,*,#7434,.F.);
#10162=ORIENTED_EDGE('',*,*,#7467,.F.);
#10163=ORIENTED_EDGE('',*,*,#7405,.T.);
#10164=ORIENTED_EDGE('',*,*,#7469,.T.);
#10165=ORIENTED_EDGE('',*,*,#7432,.F.);
#10166=ORIENTED_EDGE('',*,*,#7469,.F.);
#10167=ORIENTED_EDGE('',*,*,#7404,.T.);
#10168=ORIENTED_EDGE('',*,*,#7468,.T.);
#10169=ORIENTED_EDGE('',*,*,#7433,.F.);
#10170=ORIENTED_EDGE('',*,*,#7470,.F.);
#10171=ORIENTED_EDGE('',*,*,#7471,.T.);
#10172=ORIENTED_EDGE('',*,*,#7472,.T.);
#10173=ORIENTED_EDGE('',*,*,#7413,.F.);
#10174=ORIENTED_EDGE('',*,*,#7472,.F.);
#10175=ORIENTED_EDGE('',*,*,#7473,.F.);
#10176=ORIENTED_EDGE('',*,*,#7474,.T.);
#10177=ORIENTED_EDGE('',*,*,#7414,.F.);
#10178=ORIENTED_EDGE('',*,*,#7475,.T.);
#10179=ORIENTED_EDGE('',*,*,#7415,.T.);
#10180=ORIENTED_EDGE('',*,*,#7474,.F.);
#10181=ORIENTED_EDGE('',*,*,#7476,.F.);
#10182=ORIENTED_EDGE('',*,*,#7470,.T.);
#10183=ORIENTED_EDGE('',*,*,#7416,.T.);
#10184=ORIENTED_EDGE('',*,*,#7475,.F.);
#10185=ORIENTED_EDGE('',*,*,#7477,.T.);
#10186=ORIENTED_EDGE('',*,*,#7478,.T.);
#10187=ORIENTED_EDGE('',*,*,#7417,.T.);
#10188=ORIENTED_EDGE('',*,*,#7479,.F.);
#10189=ORIENTED_EDGE('',*,*,#7480,.T.);
#10190=ORIENTED_EDGE('',*,*,#7478,.F.);
#10191=ORIENTED_EDGE('',*,*,#7481,.T.);
#10192=ORIENTED_EDGE('',*,*,#7482,.T.);
#10193=ORIENTED_EDGE('',*,*,#7418,.F.);
#10194=ORIENTED_EDGE('',*,*,#7482,.F.);
#10195=ORIENTED_EDGE('',*,*,#7483,.F.);
#10196=ORIENTED_EDGE('',*,*,#7484,.T.);
#10197=ORIENTED_EDGE('',*,*,#7419,.F.);
#10198=ORIENTED_EDGE('',*,*,#7479,.T.);
#10199=ORIENTED_EDGE('',*,*,#7420,.T.);
#10200=ORIENTED_EDGE('',*,*,#7484,.F.);
#10201=ORIENTED_EDGE('',*,*,#7485,.F.);
#10202=ORIENTED_EDGE('',*,*,#7486,.F.);
#10203=ORIENTED_EDGE('',*,*,#7487,.F.);
#10204=ORIENTED_EDGE('',*,*,#7488,.T.);
#10205=ORIENTED_EDGE('',*,*,#7421,.F.);
#10206=ORIENTED_EDGE('',*,*,#7489,.T.);
#10207=ORIENTED_EDGE('',*,*,#7422,.T.);
#10208=ORIENTED_EDGE('',*,*,#7488,.F.);
#10209=ORIENTED_EDGE('',*,*,#7490,.F.);
#10210=ORIENTED_EDGE('',*,*,#7491,.T.);
#10211=ORIENTED_EDGE('',*,*,#7423,.T.);
#10212=ORIENTED_EDGE('',*,*,#7489,.F.);
#10213=ORIENTED_EDGE('',*,*,#7492,.T.);
#10214=ORIENTED_EDGE('',*,*,#7491,.F.);
#10215=ORIENTED_EDGE('',*,*,#7493,.T.);
#10216=ORIENTED_EDGE('',*,*,#7486,.T.);
#10217=ORIENTED_EDGE('',*,*,#7424,.F.);
#10218=ORIENTED_EDGE('',*,*,#7494,.F.);
#10219=ORIENTED_EDGE('',*,*,#7442,.T.);
#10220=ORIENTED_EDGE('',*,*,#7495,.T.);
#10221=ORIENTED_EDGE('',*,*,#7496,.F.);
#10222=ORIENTED_EDGE('',*,*,#7495,.F.);
#10223=ORIENTED_EDGE('',*,*,#7445,.T.);
#10224=ORIENTED_EDGE('',*,*,#7497,.T.);
#10225=ORIENTED_EDGE('',*,*,#7498,.T.);
#10226=ORIENTED_EDGE('',*,*,#7499,.T.);
#10227=ORIENTED_EDGE('',*,*,#7500,.T.);
#10228=ORIENTED_EDGE('',*,*,#7497,.F.);
#10229=ORIENTED_EDGE('',*,*,#7444,.F.);
#10230=ORIENTED_EDGE('',*,*,#7494,.T.);
#10231=ORIENTED_EDGE('',*,*,#7501,.F.);
#10232=ORIENTED_EDGE('',*,*,#7499,.F.);
#10233=ORIENTED_EDGE('',*,*,#7443,.F.);
#10234=ORIENTED_EDGE('',*,*,#7502,.T.);
#10235=ORIENTED_EDGE('',*,*,#7503,.F.);
#10236=ORIENTED_EDGE('',*,*,#7504,.F.);
#10237=ORIENTED_EDGE('',*,*,#7446,.F.);
#10238=ORIENTED_EDGE('',*,*,#7502,.F.);
#10239=ORIENTED_EDGE('',*,*,#7449,.T.);
#10240=ORIENTED_EDGE('',*,*,#7505,.T.);
#10241=ORIENTED_EDGE('',*,*,#7506,.F.);
#10242=ORIENTED_EDGE('',*,*,#7505,.F.);
#10243=ORIENTED_EDGE('',*,*,#7448,.T.);
#10244=ORIENTED_EDGE('',*,*,#7507,.T.);
#10245=ORIENTED_EDGE('',*,*,#7508,.T.);
#10246=ORIENTED_EDGE('',*,*,#7504,.T.);
#10247=ORIENTED_EDGE('',*,*,#7509,.T.);
#10248=ORIENTED_EDGE('',*,*,#7507,.F.);
#10249=ORIENTED_EDGE('',*,*,#7447,.F.);
#10250=ORIENTED_EDGE('',*,*,#7510,.F.);
#10251=ORIENTED_EDGE('',*,*,#7450,.T.);
#10252=ORIENTED_EDGE('',*,*,#7511,.T.);
#10253=ORIENTED_EDGE('',*,*,#7512,.T.);
#10254=ORIENTED_EDGE('',*,*,#7513,.T.);
#10255=ORIENTED_EDGE('',*,*,#7514,.T.);
#10256=ORIENTED_EDGE('',*,*,#7511,.F.);
#10257=ORIENTED_EDGE('',*,*,#7453,.F.);
#10258=ORIENTED_EDGE('',*,*,#7515,.T.);
#10259=ORIENTED_EDGE('',*,*,#7516,.F.);
#10260=ORIENTED_EDGE('',*,*,#7513,.F.);
#10261=ORIENTED_EDGE('',*,*,#7452,.F.);
#10262=ORIENTED_EDGE('',*,*,#7515,.F.);
#10263=ORIENTED_EDGE('',*,*,#7451,.T.);
#10264=ORIENTED_EDGE('',*,*,#7510,.T.);
#10265=ORIENTED_EDGE('',*,*,#7517,.F.);
#10266=ORIENTED_EDGE('',*,*,#7518,.T.);
#10267=ORIENTED_EDGE('',*,*,#7519,.T.);
#10268=ORIENTED_EDGE('',*,*,#7520,.F.);
#10269=ORIENTED_EDGE('',*,*,#7471,.F.);
#10270=ORIENTED_EDGE('',*,*,#7521,.F.);
#10271=ORIENTED_EDGE('',*,*,#7473,.T.);
#10272=ORIENTED_EDGE('',*,*,#7520,.T.);
#10273=ORIENTED_EDGE('',*,*,#7522,.F.);
#10274=ORIENTED_EDGE('',*,*,#7523,.F.);
#10275=ORIENTED_EDGE('',*,*,#7476,.T.);
#10276=ORIENTED_EDGE('',*,*,#7521,.T.);
#10277=ORIENTED_EDGE('',*,*,#7524,.F.);
#10278=ORIENTED_EDGE('',*,*,#7523,.T.);
#10279=ORIENTED_EDGE('',*,*,#7525,.T.);
#10280=ORIENTED_EDGE('',*,*,#7518,.F.);
#10281=ORIENTED_EDGE('',*,*,#7477,.F.);
#10282=ORIENTED_EDGE('',*,*,#7526,.T.);
#10283=ORIENTED_EDGE('',*,*,#7527,.T.);
#10284=ORIENTED_EDGE('',*,*,#7528,.F.);
#10285=ORIENTED_EDGE('',*,*,#7480,.F.);
#10286=ORIENTED_EDGE('',*,*,#7528,.T.);
#10287=ORIENTED_EDGE('',*,*,#7529,.T.);
#10288=ORIENTED_EDGE('',*,*,#7530,.F.);
#10289=ORIENTED_EDGE('',*,*,#7481,.F.);
#10290=ORIENTED_EDGE('',*,*,#7531,.F.);
#10291=ORIENTED_EDGE('',*,*,#7483,.T.);
#10292=ORIENTED_EDGE('',*,*,#7530,.T.);
#10293=ORIENTED_EDGE('',*,*,#7532,.F.);
#10294=ORIENTED_EDGE('',*,*,#7526,.F.);
#10295=ORIENTED_EDGE('',*,*,#7485,.T.);
#10296=ORIENTED_EDGE('',*,*,#7531,.T.);
#10297=ORIENTED_EDGE('',*,*,#7533,.F.);
#10298=ORIENTED_EDGE('',*,*,#7534,.F.);
#10299=ORIENTED_EDGE('',*,*,#7487,.T.);
#10300=ORIENTED_EDGE('',*,*,#7535,.T.);
#10301=ORIENTED_EDGE('',*,*,#7536,.F.);
#10302=ORIENTED_EDGE('',*,*,#7537,.F.);
#10303=ORIENTED_EDGE('',*,*,#7490,.T.);
#10304=ORIENTED_EDGE('',*,*,#7534,.T.);
#10305=ORIENTED_EDGE('',*,*,#7538,.F.);
#10306=ORIENTED_EDGE('',*,*,#7537,.T.);
#10307=ORIENTED_EDGE('',*,*,#7539,.T.);
#10308=ORIENTED_EDGE('',*,*,#7540,.F.);
#10309=ORIENTED_EDGE('',*,*,#7492,.F.);
#10310=ORIENTED_EDGE('',*,*,#7540,.T.);
#10311=ORIENTED_EDGE('',*,*,#7541,.T.);
#10312=ORIENTED_EDGE('',*,*,#7535,.F.);
#10313=ORIENTED_EDGE('',*,*,#7493,.F.);
#10314=ORIENTED_EDGE('',*,*,#7542,.F.);
#10315=ORIENTED_EDGE('',*,*,#7496,.T.);
#10316=ORIENTED_EDGE('',*,*,#7543,.T.);
#10317=ORIENTED_EDGE('',*,*,#7544,.F.);
#10318=ORIENTED_EDGE('',*,*,#7545,.T.);
#10319=ORIENTED_EDGE('',*,*,#7546,.T.);
#10320=ORIENTED_EDGE('',*,*,#7543,.F.);
#10321=ORIENTED_EDGE('',*,*,#7498,.F.);
#10322=ORIENTED_EDGE('',*,*,#7547,.T.);
#10323=ORIENTED_EDGE('',*,*,#7548,.T.);
#10324=ORIENTED_EDGE('',*,*,#7545,.F.);
#10325=ORIENTED_EDGE('',*,*,#7500,.F.);
#10326=ORIENTED_EDGE('',*,*,#7547,.F.);
#10327=ORIENTED_EDGE('',*,*,#7501,.T.);
#10328=ORIENTED_EDGE('',*,*,#7542,.T.);
#10329=ORIENTED_EDGE('',*,*,#7549,.F.);
#10330=ORIENTED_EDGE('',*,*,#7550,.F.);
#10331=ORIENTED_EDGE('',*,*,#7503,.T.);
#10332=ORIENTED_EDGE('',*,*,#7551,.T.);
#10333=ORIENTED_EDGE('',*,*,#7552,.F.);
#10334=ORIENTED_EDGE('',*,*,#7551,.F.);
#10335=ORIENTED_EDGE('',*,*,#7506,.T.);
#10336=ORIENTED_EDGE('',*,*,#7553,.T.);
#10337=ORIENTED_EDGE('',*,*,#7554,.F.);
#10338=ORIENTED_EDGE('',*,*,#7555,.T.);
#10339=ORIENTED_EDGE('',*,*,#7556,.T.);
#10340=ORIENTED_EDGE('',*,*,#7553,.F.);
#10341=ORIENTED_EDGE('',*,*,#7508,.F.);
#10342=ORIENTED_EDGE('',*,*,#7550,.T.);
#10343=ORIENTED_EDGE('',*,*,#7557,.T.);
#10344=ORIENTED_EDGE('',*,*,#7555,.F.);
#10345=ORIENTED_EDGE('',*,*,#7509,.F.);
#10346=ORIENTED_EDGE('',*,*,#7558,.T.);
#10347=ORIENTED_EDGE('',*,*,#7559,.T.);
#10348=ORIENTED_EDGE('',*,*,#7560,.F.);
#10349=ORIENTED_EDGE('',*,*,#7512,.F.);
#10350=ORIENTED_EDGE('',*,*,#7561,.T.);
#10351=ORIENTED_EDGE('',*,*,#7562,.T.);
#10352=ORIENTED_EDGE('',*,*,#7558,.F.);
#10353=ORIENTED_EDGE('',*,*,#7514,.F.);
#10354=ORIENTED_EDGE('',*,*,#7561,.F.);
#10355=ORIENTED_EDGE('',*,*,#7516,.T.);
#10356=ORIENTED_EDGE('',*,*,#7563,.T.);
#10357=ORIENTED_EDGE('',*,*,#7564,.F.);
#10358=ORIENTED_EDGE('',*,*,#7563,.F.);
#10359=ORIENTED_EDGE('',*,*,#7517,.T.);
#10360=ORIENTED_EDGE('',*,*,#7560,.T.);
#10361=ORIENTED_EDGE('',*,*,#7565,.F.);
#10362=ORIENTED_EDGE('',*,*,#7519,.F.);
#10363=ORIENTED_EDGE('',*,*,#7525,.F.);
#10364=ORIENTED_EDGE('',*,*,#7524,.T.);
#10365=ORIENTED_EDGE('',*,*,#7522,.T.);
#10366=ORIENTED_EDGE('',*,*,#7529,.F.);
#10367=ORIENTED_EDGE('',*,*,#7527,.F.);
#10368=ORIENTED_EDGE('',*,*,#7533,.T.);
#10369=ORIENTED_EDGE('',*,*,#7532,.T.);
#10370=ORIENTED_EDGE('',*,*,#7541,.F.);
#10371=ORIENTED_EDGE('',*,*,#7539,.F.);
#10372=ORIENTED_EDGE('',*,*,#7538,.T.);
#10373=ORIENTED_EDGE('',*,*,#7536,.T.);
#10374=ORIENTED_EDGE('',*,*,#7544,.T.);
#10375=ORIENTED_EDGE('',*,*,#7546,.F.);
#10376=ORIENTED_EDGE('',*,*,#7548,.F.);
#10377=ORIENTED_EDGE('',*,*,#7549,.T.);
#10378=ORIENTED_EDGE('',*,*,#7554,.T.);
#10379=ORIENTED_EDGE('',*,*,#7556,.F.);
#10380=ORIENTED_EDGE('',*,*,#7557,.F.);
#10381=ORIENTED_EDGE('',*,*,#7552,.T.);
#10382=ORIENTED_EDGE('',*,*,#7565,.T.);
#10383=ORIENTED_EDGE('',*,*,#7559,.F.);
#10384=ORIENTED_EDGE('',*,*,#7562,.F.);
#10385=ORIENTED_EDGE('',*,*,#7564,.T.);
#10386=ORIENTED_EDGE('',*,*,#7566,.F.);
#10387=ORIENTED_EDGE('',*,*,#7567,.F.);
#10388=ORIENTED_EDGE('',*,*,#7568,.T.);
#10389=ORIENTED_EDGE('',*,*,#7569,.T.);
#10390=ORIENTED_EDGE('',*,*,#7568,.F.);
#10391=ORIENTED_EDGE('',*,*,#7569,.F.);
#10392=ORIENTED_EDGE('',*,*,#7570,.T.);
#10393=ORIENTED_EDGE('',*,*,#7571,.T.);
#10394=ORIENTED_EDGE('',*,*,#7572,.T.);
#10395=ORIENTED_EDGE('',*,*,#7566,.T.);
#10396=ORIENTED_EDGE('',*,*,#7567,.T.);
#10397=ORIENTED_EDGE('',*,*,#7572,.F.);
#10398=ORIENTED_EDGE('',*,*,#7573,.F.);
#10399=ORIENTED_EDGE('',*,*,#7574,.T.);
#10400=ORIENTED_EDGE('',*,*,#7570,.F.);
#10401=ORIENTED_EDGE('',*,*,#7571,.F.);
#10402=ORIENTED_EDGE('',*,*,#7574,.F.);
#10403=ORIENTED_EDGE('',*,*,#7575,.F.);
#10404=ORIENTED_EDGE('',*,*,#7573,.T.);
#10405=ORIENTED_EDGE('',*,*,#7576,.F.);
#10406=ORIENTED_EDGE('',*,*,#7577,.T.);
#10407=ORIENTED_EDGE('',*,*,#7575,.T.);
#10408=ORIENTED_EDGE('',*,*,#7577,.F.);
#10409=ORIENTED_EDGE('',*,*,#7578,.F.);
#10410=ORIENTED_EDGE('',*,*,#7576,.T.);
#10411=ORIENTED_EDGE('',*,*,#7579,.F.);
#10412=ORIENTED_EDGE('',*,*,#7580,.T.);
#10413=ORIENTED_EDGE('',*,*,#7578,.T.);
#10414=ORIENTED_EDGE('',*,*,#7580,.F.);
#10415=ORIENTED_EDGE('',*,*,#7579,.T.);
#10416=ORIENTED_EDGE('',*,*,#7581,.F.);
#10417=ORIENTED_EDGE('',*,*,#7582,.F.);
#10418=ORIENTED_EDGE('',*,*,#7583,.T.);
#10419=ORIENTED_EDGE('',*,*,#7581,.T.);
#10420=ORIENTED_EDGE('',*,*,#7583,.F.);
#10421=ORIENTED_EDGE('',*,*,#7582,.T.);
#10422=ORIENTED_EDGE('',*,*,#7584,.F.);
#10423=ORIENTED_EDGE('',*,*,#7585,.F.);
#10424=ORIENTED_EDGE('',*,*,#7586,.F.);
#10425=ORIENTED_EDGE('',*,*,#7587,.T.);
#10426=ORIENTED_EDGE('',*,*,#7584,.T.);
#10427=ORIENTED_EDGE('',*,*,#7587,.F.);
#10428=ORIENTED_EDGE('',*,*,#7588,.T.);
#10429=ORIENTED_EDGE('',*,*,#7589,.T.);
#10430=ORIENTED_EDGE('',*,*,#7590,.T.);
#10431=ORIENTED_EDGE('',*,*,#7585,.T.);
#10432=ORIENTED_EDGE('',*,*,#7586,.T.);
#10433=ORIENTED_EDGE('',*,*,#7590,.F.);
#10434=ORIENTED_EDGE('',*,*,#7591,.F.);
#10435=ORIENTED_EDGE('',*,*,#7592,.T.);
#10436=ORIENTED_EDGE('',*,*,#7588,.F.);
#10437=ORIENTED_EDGE('',*,*,#7589,.F.);
#10438=ORIENTED_EDGE('',*,*,#7592,.F.);
#10439=ORIENTED_EDGE('',*,*,#7591,.T.);
#10440=ORIENTED_EDGE('',*,*,#7593,.F.);
#10441=ORIENTED_EDGE('',*,*,#7594,.F.);
#10442=ORIENTED_EDGE('',*,*,#7595,.T.);
#10443=ORIENTED_EDGE('',*,*,#7596,.T.);
#10444=ORIENTED_EDGE('',*,*,#7595,.F.);
#10445=ORIENTED_EDGE('',*,*,#7596,.F.);
#10446=ORIENTED_EDGE('',*,*,#7597,.T.);
#10447=ORIENTED_EDGE('',*,*,#7598,.T.);
#10448=ORIENTED_EDGE('',*,*,#7599,.T.);
#10449=ORIENTED_EDGE('',*,*,#7593,.T.);
#10450=ORIENTED_EDGE('',*,*,#7594,.T.);
#10451=ORIENTED_EDGE('',*,*,#7599,.F.);
#10452=ORIENTED_EDGE('',*,*,#7600,.F.);
#10453=ORIENTED_EDGE('',*,*,#7601,.T.);
#10454=ORIENTED_EDGE('',*,*,#7597,.F.);
#10455=ORIENTED_EDGE('',*,*,#7598,.F.);
#10456=ORIENTED_EDGE('',*,*,#7601,.F.);
#10457=ORIENTED_EDGE('',*,*,#7602,.F.);
#10458=ORIENTED_EDGE('',*,*,#7600,.T.);
#10459=ORIENTED_EDGE('',*,*,#7603,.F.);
#10460=ORIENTED_EDGE('',*,*,#7604,.T.);
#10461=ORIENTED_EDGE('',*,*,#7602,.T.);
#10462=ORIENTED_EDGE('',*,*,#7604,.F.);
#10463=ORIENTED_EDGE('',*,*,#7605,.F.);
#10464=ORIENTED_EDGE('',*,*,#7603,.T.);
#10465=ORIENTED_EDGE('',*,*,#7606,.F.);
#10466=ORIENTED_EDGE('',*,*,#7607,.T.);
#10467=ORIENTED_EDGE('',*,*,#7605,.T.);
#10468=ORIENTED_EDGE('',*,*,#7607,.F.);
#10469=ORIENTED_EDGE('',*,*,#7606,.T.);
#10470=ORIENTED_EDGE('',*,*,#7608,.F.);
#10471=ORIENTED_EDGE('',*,*,#7609,.F.);
#10472=ORIENTED_EDGE('',*,*,#7610,.T.);
#10473=ORIENTED_EDGE('',*,*,#7608,.T.);
#10474=ORIENTED_EDGE('',*,*,#7610,.F.);
#10475=ORIENTED_EDGE('',*,*,#7609,.T.);
#10476=ORIENTED_EDGE('',*,*,#7611,.F.);
#10477=ORIENTED_EDGE('',*,*,#7612,.F.);
#10478=ORIENTED_EDGE('',*,*,#7613,.F.);
#10479=ORIENTED_EDGE('',*,*,#7614,.T.);
#10480=ORIENTED_EDGE('',*,*,#7611,.T.);
#10481=ORIENTED_EDGE('',*,*,#7614,.F.);
#10482=ORIENTED_EDGE('',*,*,#7615,.T.);
#10483=ORIENTED_EDGE('',*,*,#7616,.T.);
#10484=ORIENTED_EDGE('',*,*,#7617,.T.);
#10485=ORIENTED_EDGE('',*,*,#7612,.T.);
#10486=ORIENTED_EDGE('',*,*,#7613,.T.);
#10487=ORIENTED_EDGE('',*,*,#7617,.F.);
#10488=ORIENTED_EDGE('',*,*,#7618,.F.);
#10489=ORIENTED_EDGE('',*,*,#7619,.T.);
#10490=ORIENTED_EDGE('',*,*,#7615,.F.);
#10491=ORIENTED_EDGE('',*,*,#7616,.F.);
#10492=ORIENTED_EDGE('',*,*,#7619,.F.);
#10493=ORIENTED_EDGE('',*,*,#7618,.T.);
#10494=ORIENTED_EDGE('',*,*,#7620,.F.);
#10495=ORIENTED_EDGE('',*,*,#7621,.F.);
#10496=ORIENTED_EDGE('',*,*,#7622,.T.);
#10497=ORIENTED_EDGE('',*,*,#7623,.T.);
#10498=ORIENTED_EDGE('',*,*,#7622,.F.);
#10499=ORIENTED_EDGE('',*,*,#7623,.F.);
#10500=ORIENTED_EDGE('',*,*,#7624,.T.);
#10501=ORIENTED_EDGE('',*,*,#7625,.T.);
#10502=ORIENTED_EDGE('',*,*,#7626,.T.);
#10503=ORIENTED_EDGE('',*,*,#7620,.T.);
#10504=ORIENTED_EDGE('',*,*,#7621,.T.);
#10505=ORIENTED_EDGE('',*,*,#7626,.F.);
#10506=ORIENTED_EDGE('',*,*,#7627,.F.);
#10507=ORIENTED_EDGE('',*,*,#7628,.T.);
#10508=ORIENTED_EDGE('',*,*,#7624,.F.);
#10509=ORIENTED_EDGE('',*,*,#7625,.F.);
#10510=ORIENTED_EDGE('',*,*,#7628,.F.);
#10511=ORIENTED_EDGE('',*,*,#7629,.F.);
#10512=ORIENTED_EDGE('',*,*,#7627,.T.);
#10513=ORIENTED_EDGE('',*,*,#7630,.F.);
#10514=ORIENTED_EDGE('',*,*,#7631,.T.);
#10515=ORIENTED_EDGE('',*,*,#7629,.T.);
#10516=ORIENTED_EDGE('',*,*,#7631,.F.);
#10517=ORIENTED_EDGE('',*,*,#7632,.F.);
#10518=ORIENTED_EDGE('',*,*,#7630,.T.);
#10519=ORIENTED_EDGE('',*,*,#7633,.F.);
#10520=ORIENTED_EDGE('',*,*,#7634,.T.);
#10521=ORIENTED_EDGE('',*,*,#7632,.T.);
#10522=ORIENTED_EDGE('',*,*,#7634,.F.);
#10523=ORIENTED_EDGE('',*,*,#7633,.T.);
#10524=ORIENTED_EDGE('',*,*,#7635,.F.);
#10525=ORIENTED_EDGE('',*,*,#7636,.F.);
#10526=ORIENTED_EDGE('',*,*,#7637,.T.);
#10527=ORIENTED_EDGE('',*,*,#7635,.T.);
#10528=ORIENTED_EDGE('',*,*,#7637,.F.);
#10529=ORIENTED_EDGE('',*,*,#7636,.T.);
#10530=ORIENTED_EDGE('',*,*,#7638,.F.);
#10531=ORIENTED_EDGE('',*,*,#7639,.F.);
#10532=ORIENTED_EDGE('',*,*,#7640,.F.);
#10533=ORIENTED_EDGE('',*,*,#7641,.T.);
#10534=ORIENTED_EDGE('',*,*,#7638,.T.);
#10535=ORIENTED_EDGE('',*,*,#7641,.F.);
#10536=ORIENTED_EDGE('',*,*,#7642,.T.);
#10537=ORIENTED_EDGE('',*,*,#7643,.T.);
#10538=ORIENTED_EDGE('',*,*,#7644,.T.);
#10539=ORIENTED_EDGE('',*,*,#7639,.T.);
#10540=ORIENTED_EDGE('',*,*,#7640,.T.);
#10541=ORIENTED_EDGE('',*,*,#7644,.F.);
#10542=ORIENTED_EDGE('',*,*,#7645,.F.);
#10543=ORIENTED_EDGE('',*,*,#7646,.T.);
#10544=ORIENTED_EDGE('',*,*,#7642,.F.);
#10545=ORIENTED_EDGE('',*,*,#7643,.F.);
#10546=ORIENTED_EDGE('',*,*,#7646,.F.);
#10547=ORIENTED_EDGE('',*,*,#7645,.T.);
#10548=ORIENTED_EDGE('',*,*,#7647,.F.);
#10549=ORIENTED_EDGE('',*,*,#7648,.T.);
#10550=ORIENTED_EDGE('',*,*,#7649,.F.);
#10551=ORIENTED_EDGE('',*,*,#7648,.F.);
#10552=ORIENTED_EDGE('',*,*,#7650,.F.);
#10553=ORIENTED_EDGE('',*,*,#7651,.T.);
#10554=ORIENTED_EDGE('',*,*,#7652,.F.);
#10555=ORIENTED_EDGE('',*,*,#7651,.F.);
#10556=ORIENTED_EDGE('',*,*,#7653,.F.);
#10557=ORIENTED_EDGE('',*,*,#7654,.T.);
#10558=ORIENTED_EDGE('',*,*,#7655,.F.);
#10559=ORIENTED_EDGE('',*,*,#7654,.F.);
#10560=ORIENTED_EDGE('',*,*,#7656,.F.);
#10561=ORIENTED_EDGE('',*,*,#7657,.T.);
#10562=ORIENTED_EDGE('',*,*,#7658,.F.);
#10563=ORIENTED_EDGE('',*,*,#7657,.F.);
#10564=ORIENTED_EDGE('',*,*,#7659,.F.);
#10565=ORIENTED_EDGE('',*,*,#7660,.T.);
#10566=ORIENTED_EDGE('',*,*,#7661,.T.);
#10567=ORIENTED_EDGE('',*,*,#7660,.F.);
#10568=ORIENTED_EDGE('',*,*,#7661,.F.);
#10569=ORIENTED_EDGE('',*,*,#7653,.T.);
#10570=ORIENTED_EDGE('',*,*,#7662,.F.);
#10571=ORIENTED_EDGE('',*,*,#7663,.T.);
#10572=ORIENTED_EDGE('',*,*,#7664,.T.);
#10573=ORIENTED_EDGE('',*,*,#7663,.F.);
#10574=ORIENTED_EDGE('',*,*,#7664,.F.);
#10575=ORIENTED_EDGE('',*,*,#7656,.T.);
#10576=ORIENTED_EDGE('',*,*,#7665,.F.);
#10577=ORIENTED_EDGE('',*,*,#7666,.T.);
#10578=ORIENTED_EDGE('',*,*,#7667,.T.);
#10579=ORIENTED_EDGE('',*,*,#7666,.F.);
#10580=ORIENTED_EDGE('',*,*,#7667,.F.);
#10581=ORIENTED_EDGE('',*,*,#7647,.T.);
#10582=ORIENTED_EDGE('',*,*,#7668,.F.);
#10583=ORIENTED_EDGE('',*,*,#7669,.T.);
#10584=ORIENTED_EDGE('',*,*,#7670,.T.);
#10585=ORIENTED_EDGE('',*,*,#7669,.F.);
#10586=ORIENTED_EDGE('',*,*,#7670,.F.);
#10587=ORIENTED_EDGE('',*,*,#7650,.T.);
#10588=ORIENTED_EDGE('',*,*,#7671,.F.);
#10589=ORIENTED_EDGE('',*,*,#7672,.F.);
#10590=ORIENTED_EDGE('',*,*,#7673,.F.);
#10591=ORIENTED_EDGE('',*,*,#7674,.F.);
#10592=ORIENTED_EDGE('',*,*,#7675,.F.);
#10593=ORIENTED_EDGE('',*,*,#7676,.F.);
#10594=ORIENTED_EDGE('',*,*,#7677,.F.);
#10595=ORIENTED_EDGE('',*,*,#7678,.F.);
#10596=ORIENTED_EDGE('',*,*,#7679,.F.);
#10597=ORIENTED_EDGE('',*,*,#7680,.F.);
#10598=ORIENTED_EDGE('',*,*,#7681,.F.);
#10599=ORIENTED_EDGE('',*,*,#7682,.F.);
#10600=ORIENTED_EDGE('',*,*,#7683,.F.);
#10601=ORIENTED_EDGE('',*,*,#7684,.F.);
#10602=ORIENTED_EDGE('',*,*,#7685,.F.);
#10603=ORIENTED_EDGE('',*,*,#7686,.F.);
#10604=ORIENTED_EDGE('',*,*,#7687,.F.);
#10605=ORIENTED_EDGE('',*,*,#7688,.F.);
#10606=ORIENTED_EDGE('',*,*,#7689,.F.);
#10607=ORIENTED_EDGE('',*,*,#7690,.F.);
#10608=ORIENTED_EDGE('',*,*,#7691,.F.);
#10609=ORIENTED_EDGE('',*,*,#7692,.F.);
#10610=ORIENTED_EDGE('',*,*,#7693,.F.);
#10611=ORIENTED_EDGE('',*,*,#7694,.F.);
#10612=ORIENTED_EDGE('',*,*,#7695,.F.);
#10613=ORIENTED_EDGE('',*,*,#7696,.F.);
#10614=ORIENTED_EDGE('',*,*,#7697,.F.);
#10615=ORIENTED_EDGE('',*,*,#7698,.F.);
#10616=ORIENTED_EDGE('',*,*,#7699,.F.);
#10617=ORIENTED_EDGE('',*,*,#7700,.F.);
#10618=ORIENTED_EDGE('',*,*,#7701,.F.);
#10619=ORIENTED_EDGE('',*,*,#7702,.F.);
#10620=ORIENTED_EDGE('',*,*,#7703,.F.);
#10621=ORIENTED_EDGE('',*,*,#7704,.F.);
#10622=ORIENTED_EDGE('',*,*,#7705,.F.);
#10623=ORIENTED_EDGE('',*,*,#7706,.F.);
#10624=ORIENTED_EDGE('',*,*,#7707,.F.);
#10625=ORIENTED_EDGE('',*,*,#7708,.F.);
#10626=ORIENTED_EDGE('',*,*,#7709,.F.);
#10627=ORIENTED_EDGE('',*,*,#7710,.F.);
#10628=ORIENTED_EDGE('',*,*,#7711,.F.);
#10629=ORIENTED_EDGE('',*,*,#7712,.F.);
#10630=ORIENTED_EDGE('',*,*,#7713,.F.);
#10631=ORIENTED_EDGE('',*,*,#7714,.F.);
#10632=ORIENTED_EDGE('',*,*,#7715,.F.);
#10633=ORIENTED_EDGE('',*,*,#7716,.F.);
#10634=ORIENTED_EDGE('',*,*,#7717,.F.);
#10635=ORIENTED_EDGE('',*,*,#7718,.F.);
#10636=ORIENTED_EDGE('',*,*,#7719,.F.);
#10637=ORIENTED_EDGE('',*,*,#7720,.F.);
#10638=ORIENTED_EDGE('',*,*,#7721,.F.);
#10639=ORIENTED_EDGE('',*,*,#7722,.F.);
#10640=ORIENTED_EDGE('',*,*,#7723,.F.);
#10641=ORIENTED_EDGE('',*,*,#7724,.F.);
#10642=ORIENTED_EDGE('',*,*,#7725,.F.);
#10643=ORIENTED_EDGE('',*,*,#7726,.F.);
#10644=ORIENTED_EDGE('',*,*,#7727,.F.);
#10645=ORIENTED_EDGE('',*,*,#7728,.F.);
#10646=ORIENTED_EDGE('',*,*,#7729,.F.);
#10647=ORIENTED_EDGE('',*,*,#7730,.F.);
#10648=ORIENTED_EDGE('',*,*,#7731,.F.);
#10649=ORIENTED_EDGE('',*,*,#7732,.F.);
#10650=ORIENTED_EDGE('',*,*,#7733,.F.);
#10651=ORIENTED_EDGE('',*,*,#7734,.F.);
#10652=ORIENTED_EDGE('',*,*,#7735,.F.);
#10653=ORIENTED_EDGE('',*,*,#7736,.F.);
#10654=ORIENTED_EDGE('',*,*,#7737,.F.);
#10655=ORIENTED_EDGE('',*,*,#7738,.F.);
#10656=ORIENTED_EDGE('',*,*,#7739,.F.);
#10657=ORIENTED_EDGE('',*,*,#7740,.F.);
#10658=ORIENTED_EDGE('',*,*,#7741,.F.);
#10659=ORIENTED_EDGE('',*,*,#7742,.F.);
#10660=ORIENTED_EDGE('',*,*,#7743,.F.);
#10661=ORIENTED_EDGE('',*,*,#7744,.F.);
#10662=ORIENTED_EDGE('',*,*,#7745,.F.);
#10663=ORIENTED_EDGE('',*,*,#7678,.T.);
#10664=ORIENTED_EDGE('',*,*,#7746,.F.);
#10665=ORIENTED_EDGE('',*,*,#7747,.T.);
#10666=ORIENTED_EDGE('',*,*,#7748,.T.);
#10667=ORIENTED_EDGE('',*,*,#7677,.T.);
#10668=ORIENTED_EDGE('',*,*,#7749,.F.);
#10669=ORIENTED_EDGE('',*,*,#7750,.T.);
#10670=ORIENTED_EDGE('',*,*,#7746,.T.);
#10671=ORIENTED_EDGE('',*,*,#7676,.T.);
#10672=ORIENTED_EDGE('',*,*,#7751,.F.);
#10673=ORIENTED_EDGE('',*,*,#7752,.T.);
#10674=ORIENTED_EDGE('',*,*,#7749,.T.);
#10675=ORIENTED_EDGE('',*,*,#7679,.T.);
#10676=ORIENTED_EDGE('',*,*,#7748,.F.);
#10677=ORIENTED_EDGE('',*,*,#7753,.T.);
#10678=ORIENTED_EDGE('',*,*,#7751,.T.);
#10679=ORIENTED_EDGE('',*,*,#7750,.F.);
#10680=ORIENTED_EDGE('',*,*,#7752,.F.);
#10681=ORIENTED_EDGE('',*,*,#7753,.F.);
#10682=ORIENTED_EDGE('',*,*,#7747,.F.);
#10683=ORIENTED_EDGE('',*,*,#7682,.T.);
#10684=ORIENTED_EDGE('',*,*,#7754,.F.);
#10685=ORIENTED_EDGE('',*,*,#7755,.T.);
#10686=ORIENTED_EDGE('',*,*,#7756,.T.);
#10687=ORIENTED_EDGE('',*,*,#7681,.T.);
#10688=ORIENTED_EDGE('',*,*,#7757,.F.);
#10689=ORIENTED_EDGE('',*,*,#7758,.T.);
#10690=ORIENTED_EDGE('',*,*,#7754,.T.);
#10691=ORIENTED_EDGE('',*,*,#7680,.T.);
#10692=ORIENTED_EDGE('',*,*,#7759,.F.);
#10693=ORIENTED_EDGE('',*,*,#7760,.T.);
#10694=ORIENTED_EDGE('',*,*,#7757,.T.);
#10695=ORIENTED_EDGE('',*,*,#7683,.T.);
#10696=ORIENTED_EDGE('',*,*,#7756,.F.);
#10697=ORIENTED_EDGE('',*,*,#7761,.T.);
#10698=ORIENTED_EDGE('',*,*,#7759,.T.);
#10699=ORIENTED_EDGE('',*,*,#7758,.F.);
#10700=ORIENTED_EDGE('',*,*,#7760,.F.);
#10701=ORIENTED_EDGE('',*,*,#7761,.F.);
#10702=ORIENTED_EDGE('',*,*,#7755,.F.);
#10703=ORIENTED_EDGE('',*,*,#7686,.T.);
#10704=ORIENTED_EDGE('',*,*,#7762,.F.);
#10705=ORIENTED_EDGE('',*,*,#7763,.T.);
#10706=ORIENTED_EDGE('',*,*,#7764,.T.);
#10707=ORIENTED_EDGE('',*,*,#7685,.T.);
#10708=ORIENTED_EDGE('',*,*,#7765,.F.);
#10709=ORIENTED_EDGE('',*,*,#7766,.T.);
#10710=ORIENTED_EDGE('',*,*,#7762,.T.);
#10711=ORIENTED_EDGE('',*,*,#7684,.T.);
#10712=ORIENTED_EDGE('',*,*,#7767,.F.);
#10713=ORIENTED_EDGE('',*,*,#7768,.T.);
#10714=ORIENTED_EDGE('',*,*,#7765,.T.);
#10715=ORIENTED_EDGE('',*,*,#7687,.T.);
#10716=ORIENTED_EDGE('',*,*,#7764,.F.);
#10717=ORIENTED_EDGE('',*,*,#7769,.T.);
#10718=ORIENTED_EDGE('',*,*,#7767,.T.);
#10719=ORIENTED_EDGE('',*,*,#7766,.F.);
#10720=ORIENTED_EDGE('',*,*,#7768,.F.);
#10721=ORIENTED_EDGE('',*,*,#7769,.F.);
#10722=ORIENTED_EDGE('',*,*,#7763,.F.);
#10723=ORIENTED_EDGE('',*,*,#7690,.T.);
#10724=ORIENTED_EDGE('',*,*,#7770,.F.);
#10725=ORIENTED_EDGE('',*,*,#7771,.T.);
#10726=ORIENTED_EDGE('',*,*,#7772,.T.);
#10727=ORIENTED_EDGE('',*,*,#7689,.T.);
#10728=ORIENTED_EDGE('',*,*,#7773,.F.);
#10729=ORIENTED_EDGE('',*,*,#7774,.T.);
#10730=ORIENTED_EDGE('',*,*,#7770,.T.);
#10731=ORIENTED_EDGE('',*,*,#7688,.T.);
#10732=ORIENTED_EDGE('',*,*,#7775,.F.);
#10733=ORIENTED_EDGE('',*,*,#7776,.T.);
#10734=ORIENTED_EDGE('',*,*,#7773,.T.);
#10735=ORIENTED_EDGE('',*,*,#7691,.T.);
#10736=ORIENTED_EDGE('',*,*,#7772,.F.);
#10737=ORIENTED_EDGE('',*,*,#7777,.T.);
#10738=ORIENTED_EDGE('',*,*,#7775,.T.);
#10739=ORIENTED_EDGE('',*,*,#7774,.F.);
#10740=ORIENTED_EDGE('',*,*,#7776,.F.);
#10741=ORIENTED_EDGE('',*,*,#7777,.F.);
#10742=ORIENTED_EDGE('',*,*,#7771,.F.);
#10743=ORIENTED_EDGE('',*,*,#7694,.T.);
#10744=ORIENTED_EDGE('',*,*,#7778,.F.);
#10745=ORIENTED_EDGE('',*,*,#7779,.T.);
#10746=ORIENTED_EDGE('',*,*,#7780,.T.);
#10747=ORIENTED_EDGE('',*,*,#7693,.T.);
#10748=ORIENTED_EDGE('',*,*,#7781,.F.);
#10749=ORIENTED_EDGE('',*,*,#7782,.T.);
#10750=ORIENTED_EDGE('',*,*,#7778,.T.);
#10751=ORIENTED_EDGE('',*,*,#7692,.T.);
#10752=ORIENTED_EDGE('',*,*,#7783,.F.);
#10753=ORIENTED_EDGE('',*,*,#7784,.T.);
#10754=ORIENTED_EDGE('',*,*,#7781,.T.);
#10755=ORIENTED_EDGE('',*,*,#7695,.T.);
#10756=ORIENTED_EDGE('',*,*,#7780,.F.);
#10757=ORIENTED_EDGE('',*,*,#7785,.T.);
#10758=ORIENTED_EDGE('',*,*,#7783,.T.);
#10759=ORIENTED_EDGE('',*,*,#7782,.F.);
#10760=ORIENTED_EDGE('',*,*,#7784,.F.);
#10761=ORIENTED_EDGE('',*,*,#7785,.F.);
#10762=ORIENTED_EDGE('',*,*,#7779,.F.);
#10763=ORIENTED_EDGE('',*,*,#7698,.T.);
#10764=ORIENTED_EDGE('',*,*,#7786,.F.);
#10765=ORIENTED_EDGE('',*,*,#7787,.T.);
#10766=ORIENTED_EDGE('',*,*,#7788,.T.);
#10767=ORIENTED_EDGE('',*,*,#7697,.T.);
#10768=ORIENTED_EDGE('',*,*,#7789,.F.);
#10769=ORIENTED_EDGE('',*,*,#7790,.T.);
#10770=ORIENTED_EDGE('',*,*,#7786,.T.);
#10771=ORIENTED_EDGE('',*,*,#7696,.T.);
#10772=ORIENTED_EDGE('',*,*,#7791,.F.);
#10773=ORIENTED_EDGE('',*,*,#7792,.T.);
#10774=ORIENTED_EDGE('',*,*,#7789,.T.);
#10775=ORIENTED_EDGE('',*,*,#7699,.T.);
#10776=ORIENTED_EDGE('',*,*,#7788,.F.);
#10777=ORIENTED_EDGE('',*,*,#7793,.T.);
#10778=ORIENTED_EDGE('',*,*,#7791,.T.);
#10779=ORIENTED_EDGE('',*,*,#7790,.F.);
#10780=ORIENTED_EDGE('',*,*,#7792,.F.);
#10781=ORIENTED_EDGE('',*,*,#7793,.F.);
#10782=ORIENTED_EDGE('',*,*,#7787,.F.);
#10783=ORIENTED_EDGE('',*,*,#7702,.T.);
#10784=ORIENTED_EDGE('',*,*,#7794,.F.);
#10785=ORIENTED_EDGE('',*,*,#7795,.F.);
#10786=ORIENTED_EDGE('',*,*,#7796,.T.);
#10787=ORIENTED_EDGE('',*,*,#7701,.T.);
#10788=ORIENTED_EDGE('',*,*,#7797,.F.);
#10789=ORIENTED_EDGE('',*,*,#7798,.F.);
#10790=ORIENTED_EDGE('',*,*,#7794,.T.);
#10791=ORIENTED_EDGE('',*,*,#7671,.T.);
#10792=ORIENTED_EDGE('',*,*,#7799,.T.);
#10793=ORIENTED_EDGE('',*,*,#7800,.T.);
#10794=ORIENTED_EDGE('',*,*,#7799,.F.);
#10795=ORIENTED_EDGE('',*,*,#7700,.T.);
#10796=ORIENTED_EDGE('',*,*,#7801,.F.);
#10797=ORIENTED_EDGE('',*,*,#7802,.F.);
#10798=ORIENTED_EDGE('',*,*,#7797,.T.);
#10799=ORIENTED_EDGE('',*,*,#7703,.T.);
#10800=ORIENTED_EDGE('',*,*,#7796,.F.);
#10801=ORIENTED_EDGE('',*,*,#7803,.F.);
#10802=ORIENTED_EDGE('',*,*,#7801,.T.);
#10803=ORIENTED_EDGE('',*,*,#7798,.T.);
#10804=ORIENTED_EDGE('',*,*,#7802,.T.);
#10805=ORIENTED_EDGE('',*,*,#7803,.T.);
#10806=ORIENTED_EDGE('',*,*,#7795,.T.);
#10807=ORIENTED_EDGE('',*,*,#7800,.F.);
#10808=ORIENTED_EDGE('',*,*,#7706,.T.);
#10809=ORIENTED_EDGE('',*,*,#7804,.F.);
#10810=ORIENTED_EDGE('',*,*,#7805,.T.);
#10811=ORIENTED_EDGE('',*,*,#7806,.T.);
#10812=ORIENTED_EDGE('',*,*,#7705,.T.);
#10813=ORIENTED_EDGE('',*,*,#7807,.F.);
#10814=ORIENTED_EDGE('',*,*,#7808,.T.);
#10815=ORIENTED_EDGE('',*,*,#7804,.T.);
#10816=ORIENTED_EDGE('',*,*,#7704,.T.);
#10817=ORIENTED_EDGE('',*,*,#7809,.F.);
#10818=ORIENTED_EDGE('',*,*,#7810,.T.);
#10819=ORIENTED_EDGE('',*,*,#7807,.T.);
#10820=ORIENTED_EDGE('',*,*,#7707,.T.);
#10821=ORIENTED_EDGE('',*,*,#7806,.F.);
#10822=ORIENTED_EDGE('',*,*,#7811,.T.);
#10823=ORIENTED_EDGE('',*,*,#7809,.T.);
#10824=ORIENTED_EDGE('',*,*,#7808,.F.);
#10825=ORIENTED_EDGE('',*,*,#7810,.F.);
#10826=ORIENTED_EDGE('',*,*,#7811,.F.);
#10827=ORIENTED_EDGE('',*,*,#7805,.F.);
#10828=ORIENTED_EDGE('',*,*,#7711,.T.);
#10829=ORIENTED_EDGE('',*,*,#7812,.F.);
#10830=ORIENTED_EDGE('',*,*,#7813,.T.);
#10831=ORIENTED_EDGE('',*,*,#7814,.T.);
#10832=ORIENTED_EDGE('',*,*,#7710,.T.);
#10833=ORIENTED_EDGE('',*,*,#7815,.F.);
#10834=ORIENTED_EDGE('',*,*,#7816,.T.);
#10835=ORIENTED_EDGE('',*,*,#7812,.T.);
#10836=ORIENTED_EDGE('',*,*,#7709,.T.);
#10837=ORIENTED_EDGE('',*,*,#7817,.F.);
#10838=ORIENTED_EDGE('',*,*,#7818,.T.);
#10839=ORIENTED_EDGE('',*,*,#7815,.T.);
#10840=ORIENTED_EDGE('',*,*,#7708,.T.);
#10841=ORIENTED_EDGE('',*,*,#7819,.F.);
#10842=ORIENTED_EDGE('',*,*,#7820,.F.);
#10843=ORIENTED_EDGE('',*,*,#7817,.T.);
#10844=ORIENTED_EDGE('',*,*,#7713,.T.);
#10845=ORIENTED_EDGE('',*,*,#7821,.F.);
#10846=ORIENTED_EDGE('',*,*,#7822,.T.);
#10847=ORIENTED_EDGE('',*,*,#7819,.T.);
#10848=ORIENTED_EDGE('',*,*,#7712,.T.);
#10849=ORIENTED_EDGE('',*,*,#7814,.F.);
#10850=ORIENTED_EDGE('',*,*,#7823,.T.);
#10851=ORIENTED_EDGE('',*,*,#7821,.T.);
#10852=ORIENTED_EDGE('',*,*,#7818,.F.);
#10853=ORIENTED_EDGE('',*,*,#7820,.T.);
#10854=ORIENTED_EDGE('',*,*,#7822,.F.);
#10855=ORIENTED_EDGE('',*,*,#7823,.F.);
#10856=ORIENTED_EDGE('',*,*,#7813,.F.);
#10857=ORIENTED_EDGE('',*,*,#7816,.F.);
#10858=ORIENTED_EDGE('',*,*,#7673,.T.);
#10859=ORIENTED_EDGE('',*,*,#7824,.F.);
#10860=ORIENTED_EDGE('',*,*,#7825,.T.);
#10861=ORIENTED_EDGE('',*,*,#7826,.T.);
#10862=ORIENTED_EDGE('',*,*,#7672,.T.);
#10863=ORIENTED_EDGE('',*,*,#7827,.F.);
#10864=ORIENTED_EDGE('',*,*,#7828,.T.);
#10865=ORIENTED_EDGE('',*,*,#7824,.T.);
#10866=ORIENTED_EDGE('',*,*,#7829,.T.);
#10867=ORIENTED_EDGE('',*,*,#7830,.T.);
#10868=ORIENTED_EDGE('',*,*,#7831,.T.);
#10869=ORIENTED_EDGE('',*,*,#7832,.T.);
#10870=ORIENTED_EDGE('',*,*,#7833,.F.);
#10871=ORIENTED_EDGE('',*,*,#7834,.F.);
#10872=ORIENTED_EDGE('',*,*,#7825,.F.);
#10873=ORIENTED_EDGE('',*,*,#7828,.F.);
#10874=ORIENTED_EDGE('',*,*,#7674,.T.);
#10875=ORIENTED_EDGE('',*,*,#7826,.F.);
#10876=ORIENTED_EDGE('',*,*,#7834,.T.);
#10877=ORIENTED_EDGE('',*,*,#7835,.T.);
#10878=ORIENTED_EDGE('',*,*,#7675,.T.);
#10879=ORIENTED_EDGE('',*,*,#7835,.F.);
#10880=ORIENTED_EDGE('',*,*,#7833,.T.);
#10881=ORIENTED_EDGE('',*,*,#7827,.T.);
#10882=ORIENTED_EDGE('',*,*,#7836,.F.);
#10883=ORIENTED_EDGE('',*,*,#7837,.T.);
#10884=ORIENTED_EDGE('',*,*,#7829,.F.);
#10885=ORIENTED_EDGE('',*,*,#7838,.F.);
#10886=ORIENTED_EDGE('',*,*,#7839,.F.);
#10887=ORIENTED_EDGE('',*,*,#7838,.T.);
#10888=ORIENTED_EDGE('',*,*,#7832,.F.);
#10889=ORIENTED_EDGE('',*,*,#7840,.F.);
#10890=ORIENTED_EDGE('',*,*,#7841,.F.);
#10891=ORIENTED_EDGE('',*,*,#7840,.T.);
#10892=ORIENTED_EDGE('',*,*,#7831,.F.);
#10893=ORIENTED_EDGE('',*,*,#7842,.F.);
#10894=ORIENTED_EDGE('',*,*,#7843,.F.);
#10895=ORIENTED_EDGE('',*,*,#7842,.T.);
#10896=ORIENTED_EDGE('',*,*,#7830,.F.);
#10897=ORIENTED_EDGE('',*,*,#7837,.F.);
#10898=ORIENTED_EDGE('',*,*,#7844,.T.);
#10899=ORIENTED_EDGE('',*,*,#7845,.T.);
#10900=ORIENTED_EDGE('',*,*,#7846,.F.);
#10901=ORIENTED_EDGE('',*,*,#7847,.F.);
#10902=ORIENTED_EDGE('',*,*,#7848,.T.);
#10903=ORIENTED_EDGE('',*,*,#7847,.T.);
#10904=ORIENTED_EDGE('',*,*,#7849,.F.);
#10905=ORIENTED_EDGE('',*,*,#7850,.F.);
#10906=ORIENTED_EDGE('',*,*,#7851,.T.);
#10907=ORIENTED_EDGE('',*,*,#7850,.T.);
#10908=ORIENTED_EDGE('',*,*,#7852,.F.);
#10909=ORIENTED_EDGE('',*,*,#7853,.F.);
#10910=ORIENTED_EDGE('',*,*,#7854,.T.);
#10911=ORIENTED_EDGE('',*,*,#7853,.T.);
#10912=ORIENTED_EDGE('',*,*,#7855,.F.);
#10913=ORIENTED_EDGE('',*,*,#7845,.F.);
#10914=ORIENTED_EDGE('',*,*,#7854,.F.);
#10915=ORIENTED_EDGE('',*,*,#7844,.F.);
#10916=ORIENTED_EDGE('',*,*,#7848,.F.);
#10917=ORIENTED_EDGE('',*,*,#7851,.F.);
#10918=ORIENTED_EDGE('',*,*,#7843,.T.);
#10919=ORIENTED_EDGE('',*,*,#7836,.T.);
#10920=ORIENTED_EDGE('',*,*,#7839,.T.);
#10921=ORIENTED_EDGE('',*,*,#7841,.T.);
#10922=ORIENTED_EDGE('',*,*,#7668,.T.);
#10923=ORIENTED_EDGE('',*,*,#7665,.T.);
#10924=ORIENTED_EDGE('',*,*,#7662,.T.);
#10925=ORIENTED_EDGE('',*,*,#7659,.T.);
#10926=ORIENTED_EDGE('',*,*,#7716,.T.);
#10927=ORIENTED_EDGE('',*,*,#7856,.F.);
#10928=ORIENTED_EDGE('',*,*,#7857,.T.);
#10929=ORIENTED_EDGE('',*,*,#7858,.T.);
#10930=ORIENTED_EDGE('',*,*,#7715,.T.);
#10931=ORIENTED_EDGE('',*,*,#7859,.F.);
#10932=ORIENTED_EDGE('',*,*,#7860,.T.);
#10933=ORIENTED_EDGE('',*,*,#7856,.T.);
#10934=ORIENTED_EDGE('',*,*,#7714,.T.);
#10935=ORIENTED_EDGE('',*,*,#7861,.F.);
#10936=ORIENTED_EDGE('',*,*,#7862,.T.);
#10937=ORIENTED_EDGE('',*,*,#7859,.T.);
#10938=ORIENTED_EDGE('',*,*,#7717,.T.);
#10939=ORIENTED_EDGE('',*,*,#7858,.F.);
#10940=ORIENTED_EDGE('',*,*,#7863,.T.);
#10941=ORIENTED_EDGE('',*,*,#7861,.T.);
#10942=ORIENTED_EDGE('',*,*,#7860,.F.);
#10943=ORIENTED_EDGE('',*,*,#7862,.F.);
#10944=ORIENTED_EDGE('',*,*,#7863,.F.);
#10945=ORIENTED_EDGE('',*,*,#7857,.F.);
#10946=ORIENTED_EDGE('',*,*,#7720,.T.);
#10947=ORIENTED_EDGE('',*,*,#7864,.F.);
#10948=ORIENTED_EDGE('',*,*,#7865,.T.);
#10949=ORIENTED_EDGE('',*,*,#7866,.T.);
#10950=ORIENTED_EDGE('',*,*,#7719,.T.);
#10951=ORIENTED_EDGE('',*,*,#7867,.F.);
#10952=ORIENTED_EDGE('',*,*,#7868,.T.);
#10953=ORIENTED_EDGE('',*,*,#7864,.T.);
#10954=ORIENTED_EDGE('',*,*,#7718,.T.);
#10955=ORIENTED_EDGE('',*,*,#7869,.F.);
#10956=ORIENTED_EDGE('',*,*,#7870,.T.);
#10957=ORIENTED_EDGE('',*,*,#7867,.T.);
#10958=ORIENTED_EDGE('',*,*,#7721,.T.);
#10959=ORIENTED_EDGE('',*,*,#7866,.F.);
#10960=ORIENTED_EDGE('',*,*,#7871,.T.);
#10961=ORIENTED_EDGE('',*,*,#7869,.T.);
#10962=ORIENTED_EDGE('',*,*,#7868,.F.);
#10963=ORIENTED_EDGE('',*,*,#7870,.F.);
#10964=ORIENTED_EDGE('',*,*,#7871,.F.);
#10965=ORIENTED_EDGE('',*,*,#7865,.F.);
#10966=ORIENTED_EDGE('',*,*,#7724,.T.);
#10967=ORIENTED_EDGE('',*,*,#7872,.F.);
#10968=ORIENTED_EDGE('',*,*,#7873,.T.);
#10969=ORIENTED_EDGE('',*,*,#7874,.T.);
#10970=ORIENTED_EDGE('',*,*,#7723,.T.);
#10971=ORIENTED_EDGE('',*,*,#7875,.F.);
#10972=ORIENTED_EDGE('',*,*,#7876,.T.);
#10973=ORIENTED_EDGE('',*,*,#7872,.T.);
#10974=ORIENTED_EDGE('',*,*,#7722,.T.);
#10975=ORIENTED_EDGE('',*,*,#7877,.F.);
#10976=ORIENTED_EDGE('',*,*,#7878,.T.);
#10977=ORIENTED_EDGE('',*,*,#7875,.T.);
#10978=ORIENTED_EDGE('',*,*,#7725,.T.);
#10979=ORIENTED_EDGE('',*,*,#7874,.F.);
#10980=ORIENTED_EDGE('',*,*,#7879,.T.);
#10981=ORIENTED_EDGE('',*,*,#7877,.T.);
#10982=ORIENTED_EDGE('',*,*,#7876,.F.);
#10983=ORIENTED_EDGE('',*,*,#7878,.F.);
#10984=ORIENTED_EDGE('',*,*,#7879,.F.);
#10985=ORIENTED_EDGE('',*,*,#7873,.F.);
#10986=ORIENTED_EDGE('',*,*,#7728,.T.);
#10987=ORIENTED_EDGE('',*,*,#7880,.F.);
#10988=ORIENTED_EDGE('',*,*,#7881,.T.);
#10989=ORIENTED_EDGE('',*,*,#7882,.T.);
#10990=ORIENTED_EDGE('',*,*,#7727,.T.);
#10991=ORIENTED_EDGE('',*,*,#7883,.F.);
#10992=ORIENTED_EDGE('',*,*,#7884,.T.);
#10993=ORIENTED_EDGE('',*,*,#7880,.T.);
#10994=ORIENTED_EDGE('',*,*,#7726,.T.);
#10995=ORIENTED_EDGE('',*,*,#7885,.F.);
#10996=ORIENTED_EDGE('',*,*,#7886,.T.);
#10997=ORIENTED_EDGE('',*,*,#7883,.T.);
#10998=ORIENTED_EDGE('',*,*,#7729,.T.);
#10999=ORIENTED_EDGE('',*,*,#7882,.F.);
#11000=ORIENTED_EDGE('',*,*,#7887,.T.);
#11001=ORIENTED_EDGE('',*,*,#7885,.T.);
#11002=ORIENTED_EDGE('',*,*,#7884,.F.);
#11003=ORIENTED_EDGE('',*,*,#7886,.F.);
#11004=ORIENTED_EDGE('',*,*,#7887,.F.);
#11005=ORIENTED_EDGE('',*,*,#7881,.F.);
#11006=ORIENTED_EDGE('',*,*,#7732,.T.);
#11007=ORIENTED_EDGE('',*,*,#7888,.F.);
#11008=ORIENTED_EDGE('',*,*,#7889,.T.);
#11009=ORIENTED_EDGE('',*,*,#7890,.T.);
#11010=ORIENTED_EDGE('',*,*,#7731,.T.);
#11011=ORIENTED_EDGE('',*,*,#7891,.F.);
#11012=ORIENTED_EDGE('',*,*,#7892,.T.);
#11013=ORIENTED_EDGE('',*,*,#7888,.T.);
#11014=ORIENTED_EDGE('',*,*,#7730,.T.);
#11015=ORIENTED_EDGE('',*,*,#7893,.F.);
#11016=ORIENTED_EDGE('',*,*,#7894,.T.);
#11017=ORIENTED_EDGE('',*,*,#7891,.T.);
#11018=ORIENTED_EDGE('',*,*,#7733,.T.);
#11019=ORIENTED_EDGE('',*,*,#7890,.F.);
#11020=ORIENTED_EDGE('',*,*,#7895,.T.);
#11021=ORIENTED_EDGE('',*,*,#7893,.T.);
#11022=ORIENTED_EDGE('',*,*,#7892,.F.);
#11023=ORIENTED_EDGE('',*,*,#7894,.F.);
#11024=ORIENTED_EDGE('',*,*,#7895,.F.);
#11025=ORIENTED_EDGE('',*,*,#7889,.F.);
#11026=ORIENTED_EDGE('',*,*,#7736,.T.);
#11027=ORIENTED_EDGE('',*,*,#7896,.F.);
#11028=ORIENTED_EDGE('',*,*,#7897,.T.);
#11029=ORIENTED_EDGE('',*,*,#7898,.T.);
#11030=ORIENTED_EDGE('',*,*,#7735,.T.);
#11031=ORIENTED_EDGE('',*,*,#7899,.F.);
#11032=ORIENTED_EDGE('',*,*,#7900,.T.);
#11033=ORIENTED_EDGE('',*,*,#7896,.T.);
#11034=ORIENTED_EDGE('',*,*,#7734,.T.);
#11035=ORIENTED_EDGE('',*,*,#7901,.F.);
#11036=ORIENTED_EDGE('',*,*,#7902,.T.);
#11037=ORIENTED_EDGE('',*,*,#7899,.T.);
#11038=ORIENTED_EDGE('',*,*,#7737,.T.);
#11039=ORIENTED_EDGE('',*,*,#7898,.F.);
#11040=ORIENTED_EDGE('',*,*,#7903,.T.);
#11041=ORIENTED_EDGE('',*,*,#7901,.T.);
#11042=ORIENTED_EDGE('',*,*,#7900,.F.);
#11043=ORIENTED_EDGE('',*,*,#7902,.F.);
#11044=ORIENTED_EDGE('',*,*,#7903,.F.);
#11045=ORIENTED_EDGE('',*,*,#7897,.F.);
#11046=ORIENTED_EDGE('',*,*,#7740,.T.);
#11047=ORIENTED_EDGE('',*,*,#7904,.F.);
#11048=ORIENTED_EDGE('',*,*,#7905,.T.);
#11049=ORIENTED_EDGE('',*,*,#7906,.T.);
#11050=ORIENTED_EDGE('',*,*,#7739,.T.);
#11051=ORIENTED_EDGE('',*,*,#7907,.F.);
#11052=ORIENTED_EDGE('',*,*,#7908,.T.);
#11053=ORIENTED_EDGE('',*,*,#7904,.T.);
#11054=ORIENTED_EDGE('',*,*,#7738,.T.);
#11055=ORIENTED_EDGE('',*,*,#7909,.F.);
#11056=ORIENTED_EDGE('',*,*,#7910,.T.);
#11057=ORIENTED_EDGE('',*,*,#7907,.T.);
#11058=ORIENTED_EDGE('',*,*,#7741,.T.);
#11059=ORIENTED_EDGE('',*,*,#7906,.F.);
#11060=ORIENTED_EDGE('',*,*,#7911,.T.);
#11061=ORIENTED_EDGE('',*,*,#7909,.T.);
#11062=ORIENTED_EDGE('',*,*,#7908,.F.);
#11063=ORIENTED_EDGE('',*,*,#7910,.F.);
#11064=ORIENTED_EDGE('',*,*,#7911,.F.);
#11065=ORIENTED_EDGE('',*,*,#7905,.F.);
#11066=ORIENTED_EDGE('',*,*,#7744,.T.);
#11067=ORIENTED_EDGE('',*,*,#7912,.F.);
#11068=ORIENTED_EDGE('',*,*,#7913,.T.);
#11069=ORIENTED_EDGE('',*,*,#7914,.T.);
#11070=ORIENTED_EDGE('',*,*,#7743,.T.);
#11071=ORIENTED_EDGE('',*,*,#7915,.F.);
#11072=ORIENTED_EDGE('',*,*,#7916,.T.);
#11073=ORIENTED_EDGE('',*,*,#7912,.T.);
#11074=ORIENTED_EDGE('',*,*,#7742,.T.);
#11075=ORIENTED_EDGE('',*,*,#7917,.F.);
#11076=ORIENTED_EDGE('',*,*,#7918,.T.);
#11077=ORIENTED_EDGE('',*,*,#7915,.T.);
#11078=ORIENTED_EDGE('',*,*,#7745,.T.);
#11079=ORIENTED_EDGE('',*,*,#7914,.F.);
#11080=ORIENTED_EDGE('',*,*,#7919,.T.);
#11081=ORIENTED_EDGE('',*,*,#7917,.T.);
#11082=ORIENTED_EDGE('',*,*,#7846,.T.);
#11083=ORIENTED_EDGE('',*,*,#7855,.T.);
#11084=ORIENTED_EDGE('',*,*,#7852,.T.);
#11085=ORIENTED_EDGE('',*,*,#7849,.T.);
#11086=ORIENTED_EDGE('',*,*,#7649,.T.);
#11087=ORIENTED_EDGE('',*,*,#7652,.T.);
#11088=ORIENTED_EDGE('',*,*,#7655,.T.);
#11089=ORIENTED_EDGE('',*,*,#7658,.T.);
#11090=ORIENTED_EDGE('',*,*,#7916,.F.);
#11091=ORIENTED_EDGE('',*,*,#7918,.F.);
#11092=ORIENTED_EDGE('',*,*,#7919,.F.);
#11093=ORIENTED_EDGE('',*,*,#7913,.F.);
#11094=ORIENTED_EDGE('',*,*,#7920,.F.);
#11095=ORIENTED_EDGE('',*,*,#7921,.F.);
#11096=ORIENTED_EDGE('',*,*,#7922,.F.);
#11097=ORIENTED_EDGE('',*,*,#7923,.F.);
#11098=ORIENTED_EDGE('',*,*,#7924,.F.);
#11099=ORIENTED_EDGE('',*,*,#7925,.F.);
#11100=ORIENTED_EDGE('',*,*,#7926,.F.);
#11101=ORIENTED_EDGE('',*,*,#7927,.F.);
#11102=ORIENTED_EDGE('',*,*,#7927,.T.);
#11103=ORIENTED_EDGE('',*,*,#7928,.T.);
#11104=ORIENTED_EDGE('',*,*,#7929,.T.);
#11105=ORIENTED_EDGE('',*,*,#7930,.T.);
#11106=ORIENTED_EDGE('',*,*,#7931,.T.);
#11107=ORIENTED_EDGE('',*,*,#7932,.T.);
#11108=ORIENTED_EDGE('',*,*,#7921,.T.);
#11109=ORIENTED_EDGE('',*,*,#7933,.T.);
#11110=ORIENTED_EDGE('',*,*,#7934,.T.);
#11111=ORIENTED_EDGE('',*,*,#7935,.T.);
#11112=ORIENTED_EDGE('',*,*,#7936,.T.);
#11113=ORIENTED_EDGE('',*,*,#7937,.T.);
#11114=ORIENTED_EDGE('',*,*,#7938,.T.);
#11115=ORIENTED_EDGE('',*,*,#7939,.T.);
#11116=ORIENTED_EDGE('',*,*,#7940,.T.);
#11117=ORIENTED_EDGE('',*,*,#7941,.T.);
#11118=ORIENTED_EDGE('',*,*,#7920,.T.);
#11119=ORIENTED_EDGE('',*,*,#7942,.T.);
#11120=ORIENTED_EDGE('',*,*,#7943,.T.);
#11121=ORIENTED_EDGE('',*,*,#7933,.F.);
#11122=ORIENTED_EDGE('',*,*,#7922,.T.);
#11123=ORIENTED_EDGE('',*,*,#7932,.F.);
#11124=ORIENTED_EDGE('',*,*,#7944,.F.);
#11125=ORIENTED_EDGE('',*,*,#7945,.F.);
#11126=ORIENTED_EDGE('',*,*,#7946,.F.);
#11127=ORIENTED_EDGE('',*,*,#7947,.T.);
#11128=ORIENTED_EDGE('',*,*,#7948,.F.);
#11129=ORIENTED_EDGE('',*,*,#7947,.F.);
#11130=ORIENTED_EDGE('',*,*,#7949,.F.);
#11131=ORIENTED_EDGE('',*,*,#7950,.T.);
#11132=ORIENTED_EDGE('',*,*,#7951,.F.);
#11133=ORIENTED_EDGE('',*,*,#7950,.F.);
#11134=ORIENTED_EDGE('',*,*,#7952,.F.);
#11135=ORIENTED_EDGE('',*,*,#7953,.T.);
#11136=ORIENTED_EDGE('',*,*,#7954,.F.);
#11137=ORIENTED_EDGE('',*,*,#7953,.F.);
#11138=ORIENTED_EDGE('',*,*,#7955,.F.);
#11139=ORIENTED_EDGE('',*,*,#7956,.T.);
#11140=ORIENTED_EDGE('',*,*,#7957,.F.);
#11141=ORIENTED_EDGE('',*,*,#7956,.F.);
#11142=ORIENTED_EDGE('',*,*,#7938,.F.);
#11143=ORIENTED_EDGE('',*,*,#7958,.T.);
#11144=ORIENTED_EDGE('',*,*,#7959,.T.);
#11145=ORIENTED_EDGE('',*,*,#7958,.F.);
#11146=ORIENTED_EDGE('',*,*,#7959,.F.);
#11147=ORIENTED_EDGE('',*,*,#7949,.T.);
#11148=ORIENTED_EDGE('',*,*,#7939,.F.);
#11149=ORIENTED_EDGE('',*,*,#7960,.T.);
#11150=ORIENTED_EDGE('',*,*,#7961,.T.);
#11151=ORIENTED_EDGE('',*,*,#7960,.F.);
#11152=ORIENTED_EDGE('',*,*,#7961,.F.);
#11153=ORIENTED_EDGE('',*,*,#7955,.T.);
#11154=ORIENTED_EDGE('',*,*,#7940,.F.);
#11155=ORIENTED_EDGE('',*,*,#7962,.T.);
#11156=ORIENTED_EDGE('',*,*,#7963,.T.);
#11157=ORIENTED_EDGE('',*,*,#7962,.F.);
#11158=ORIENTED_EDGE('',*,*,#7963,.F.);
#11159=ORIENTED_EDGE('',*,*,#7946,.T.);
#11160=ORIENTED_EDGE('',*,*,#7941,.F.);
#11161=ORIENTED_EDGE('',*,*,#7964,.T.);
#11162=ORIENTED_EDGE('',*,*,#7965,.T.);
#11163=ORIENTED_EDGE('',*,*,#7964,.F.);
#11164=ORIENTED_EDGE('',*,*,#7965,.F.);
#11165=ORIENTED_EDGE('',*,*,#7952,.T.);
#11166=ORIENTED_EDGE('',*,*,#7924,.T.);
#11167=ORIENTED_EDGE('',*,*,#7937,.F.);
#11168=ORIENTED_EDGE('',*,*,#7966,.F.);
#11169=ORIENTED_EDGE('',*,*,#7967,.T.);
#11170=ORIENTED_EDGE('',*,*,#7968,.T.);
#11171=ORIENTED_EDGE('',*,*,#7966,.T.);
#11172=ORIENTED_EDGE('',*,*,#7936,.F.);
#11173=ORIENTED_EDGE('',*,*,#7969,.F.);
#11174=ORIENTED_EDGE('',*,*,#7970,.T.);
#11175=ORIENTED_EDGE('',*,*,#7969,.T.);
#11176=ORIENTED_EDGE('',*,*,#7935,.F.);
#11177=ORIENTED_EDGE('',*,*,#7971,.F.);
#11178=ORIENTED_EDGE('',*,*,#7972,.T.);
#11179=ORIENTED_EDGE('',*,*,#7971,.T.);
#11180=ORIENTED_EDGE('',*,*,#7934,.F.);
#11181=ORIENTED_EDGE('',*,*,#7943,.F.);
#11182=ORIENTED_EDGE('',*,*,#7926,.T.);
#11183=ORIENTED_EDGE('',*,*,#7973,.F.);
#11184=ORIENTED_EDGE('',*,*,#7974,.T.);
#11185=ORIENTED_EDGE('',*,*,#7928,.F.);
#11186=ORIENTED_EDGE('',*,*,#7975,.F.);
#11187=ORIENTED_EDGE('',*,*,#7944,.T.);
#11188=ORIENTED_EDGE('',*,*,#7931,.F.);
#11189=ORIENTED_EDGE('',*,*,#7976,.F.);
#11190=ORIENTED_EDGE('',*,*,#7977,.F.);
#11191=ORIENTED_EDGE('',*,*,#7976,.T.);
#11192=ORIENTED_EDGE('',*,*,#7930,.F.);
#11193=ORIENTED_EDGE('',*,*,#7978,.F.);
#11194=ORIENTED_EDGE('',*,*,#7979,.F.);
#11195=ORIENTED_EDGE('',*,*,#7978,.T.);
#11196=ORIENTED_EDGE('',*,*,#7929,.F.);
#11197=ORIENTED_EDGE('',*,*,#7974,.F.);
#11198=ORIENTED_EDGE('',*,*,#7925,.T.);
#11199=ORIENTED_EDGE('',*,*,#7967,.F.);
#11200=ORIENTED_EDGE('',*,*,#7968,.F.);
#11201=ORIENTED_EDGE('',*,*,#7970,.F.);
#11202=ORIENTED_EDGE('',*,*,#7972,.F.);
#11203=ORIENTED_EDGE('',*,*,#7942,.F.);
#11204=ORIENTED_EDGE('',*,*,#7923,.T.);
#11205=ORIENTED_EDGE('',*,*,#7945,.T.);
#11206=ORIENTED_EDGE('',*,*,#7975,.T.);
#11207=ORIENTED_EDGE('',*,*,#7977,.T.);
#11208=ORIENTED_EDGE('',*,*,#7979,.T.);
#11209=ORIENTED_EDGE('',*,*,#7973,.T.);
#11210=ORIENTED_EDGE('',*,*,#7957,.T.);
#11211=ORIENTED_EDGE('',*,*,#7954,.T.);
#11212=ORIENTED_EDGE('',*,*,#7951,.T.);
#11213=ORIENTED_EDGE('',*,*,#7948,.T.);
#11214=PLANE('',#12288);
#11215=PLANE('',#12289);
#11216=PLANE('',#12290);
#11217=PLANE('',#12291);
#11218=PLANE('',#12476);
#11219=PLANE('',#12661);
#11220=PLANE('',#12850);
#11221=PLANE('',#12857);
#11222=PLANE('',#12861);
#11223=PLANE('',#12865);
#11224=PLANE('',#12869);
#11225=PLANE('',#12880);
#11226=PLANE('',#12885);
#11227=PLANE('',#12892);
#11228=PLANE('',#12896);
#11229=PLANE('',#12900);
#11230=PLANE('',#12904);
#11231=PLANE('',#12915);
#11232=PLANE('',#12920);
#11233=PLANE('',#12927);
#11234=PLANE('',#12931);
#11235=PLANE('',#12935);
#11236=PLANE('',#12939);
#11237=PLANE('',#12950);
#11238=PLANE('',#12955);
#11239=PLANE('',#12962);
#11240=PLANE('',#12966);
#11241=PLANE('',#12970);
#11242=PLANE('',#12974);
#11243=PLANE('',#12985);
#11244=PLANE('',#12990);
#11245=PLANE('',#12997);
#11246=PLANE('',#13001);
#11247=PLANE('',#13005);
#11248=PLANE('',#13009);
#11249=PLANE('',#13020);
#11250=PLANE('',#13025);
#11251=PLANE('',#13032);
#11252=PLANE('',#13036);
#11253=PLANE('',#13040);
#11254=PLANE('',#13044);
#11255=PLANE('',#13055);
#11256=PLANE('',#13060);
#11257=PLANE('',#13067);
#11258=PLANE('',#13071);
#11259=PLANE('',#13075);
#11260=PLANE('',#13079);
#11261=PLANE('',#13090);
#11262=PLANE('',#13095);
#11263=PLANE('',#13102);
#11264=PLANE('',#13106);
#11265=PLANE('',#13110);
#11266=PLANE('',#13114);
#11267=PLANE('',#13125);
#11268=PLANE('',#13130);
#11269=PLANE('',#13137);
#11270=PLANE('',#13141);
#11271=PLANE('',#13145);
#11272=PLANE('',#13149);
#11273=PLANE('',#13160);
#11274=PLANE('',#13165);
#11275=PLANE('',#13172);
#11276=PLANE('',#13176);
#11277=PLANE('',#13180);
#11278=PLANE('',#13184);
#11279=PLANE('',#13195);
#11280=PLANE('',#13200);
#11281=PLANE('',#13207);
#11282=PLANE('',#13211);
#11283=PLANE('',#13215);
#11284=PLANE('',#13219);
#11285=PLANE('',#13230);
#11286=PLANE('',#13235);
#11287=PLANE('',#13242);
#11288=PLANE('',#13246);
#11289=PLANE('',#13250);
#11290=PLANE('',#13254);
#11291=PLANE('',#13265);
#11292=PLANE('',#13270);
#11293=PLANE('',#13277);
#11294=PLANE('',#13281);
#11295=PLANE('',#13285);
#11296=PLANE('',#13289);
#11297=PLANE('',#13300);
#11298=PLANE('',#13305);
#11299=PLANE('',#13312);
#11300=PLANE('',#13316);
#11301=PLANE('',#13320);
#11302=PLANE('',#13324);
#11303=PLANE('',#13335);
#11304=PLANE('',#13340);
#11305=PLANE('',#13347);
#11306=PLANE('',#13351);
#11307=PLANE('',#13355);
#11308=PLANE('',#13359);
#11309=PLANE('',#13370);
#11310=PLANE('',#13375);
#11311=PLANE('',#13382);
#11312=PLANE('',#13386);
#11313=PLANE('',#13390);
#11314=PLANE('',#13394);
#11315=PLANE('',#13405);
#11316=PLANE('',#13410);
#11317=PLANE('',#13417);
#11318=PLANE('',#13421);
#11319=PLANE('',#13425);
#11320=PLANE('',#13429);
#11321=PLANE('',#13440);
#11322=PLANE('',#13441);
#11323=PLANE('',#13442);
#11324=PLANE('',#13443);
#11325=PLANE('',#13444);
#11326=PLANE('',#13445);
#11327=PLANE('',#13446);
#11328=PLANE('',#13447);
#11329=PLANE('',#13448);
#11330=PLANE('',#13449);
#11331=PLANE('',#13450);
#11332=PLANE('',#13451);
#11333=PLANE('',#13452);
#11334=PLANE('',#13453);
#11335=PLANE('',#13454);
#11336=PLANE('',#13455);
#11337=PLANE('',#13456);
#11338=PLANE('',#13457);
#11339=PLANE('',#13458);
#11340=PLANE('',#13459);
#11341=PLANE('',#13460);
#11342=PLANE('',#13461);
#11343=PLANE('',#13462);
#11344=PLANE('',#13463);
#11345=PLANE('',#13464);
#11346=PLANE('',#13465);
#11347=PLANE('',#13466);
#11348=PLANE('',#13467);
#11349=PLANE('',#13468);
#11350=PLANE('',#13469);
#11351=PLANE('',#13470);
#11352=PLANE('',#13471);
#11353=PLANE('',#13472);
#11354=PLANE('',#13473);
#11355=PLANE('',#13474);
#11356=PLANE('',#13475);
#11357=PLANE('',#13476);
#11358=PLANE('',#13477);
#11359=PLANE('',#13478);
#11360=PLANE('',#13479);
#11361=PLANE('',#13480);
#11362=PLANE('',#13481);
#11363=PLANE('',#13482);
#11364=PLANE('',#13483);
#11365=PLANE('',#13484);
#11366=PLANE('',#13485);
#11367=PLANE('',#13486);
#11368=PLANE('',#13487);
#11369=PLANE('',#13488);
#11370=PLANE('',#13489);
#11371=PLANE('',#13490);
#11372=PLANE('',#13491);
#11373=PLANE('',#13492);
#11374=PLANE('',#13493);
#11375=PLANE('',#13494);
#11376=PLANE('',#13495);
#11377=PLANE('',#13496);
#11378=PLANE('',#13497);
#11379=PLANE('',#13498);
#11380=PLANE('',#13499);
#11381=PLANE('',#13500);
#11382=PLANE('',#13501);
#11383=PLANE('',#13502);
#11384=PLANE('',#13503);
#11385=PLANE('',#13504);
#11386=PLANE('',#13505);
#11387=PLANE('',#13506);
#11388=PLANE('',#13507);
#11389=PLANE('',#13508);
#11390=PLANE('',#13509);
#11391=PLANE('',#13510);
#11392=PLANE('',#13511);
#11393=PLANE('',#13512);
#11394=PLANE('',#13513);
#11395=PLANE('',#13514);
#11396=PLANE('',#13515);
#11397=PLANE('',#13516);
#11398=PLANE('',#13521);
#11399=PLANE('',#13528);
#11400=PLANE('',#13532);
#11401=PLANE('',#13536);
#11402=PLANE('',#13540);
#11403=PLANE('',#13551);
#11404=PLANE('',#13556);
#11405=PLANE('',#13563);
#11406=PLANE('',#13567);
#11407=PLANE('',#13571);
#11408=PLANE('',#13575);
#11409=PLANE('',#13586);
#11410=PLANE('',#13591);
#11411=PLANE('',#13598);
#11412=PLANE('',#13602);
#11413=PLANE('',#13606);
#11414=PLANE('',#13610);
#11415=PLANE('',#13621);
#11416=PLANE('',#13637);
#11417=PLANE('',#13641);
#11418=PLANE('',#13645);
#11419=PLANE('',#13649);
#11420=PLANE('',#13650);
#11421=PLANE('',#13652);
#11422=PLANE('',#13654);
#11423=PLANE('',#13655);
#11424=PLANE('',#13656);
#11425=PLANE('',#13657);
#11426=PLANE('',#13658);
#11427=PLANE('',#13659);
#11428=PLANE('',#13660);
#11429=PLANE('',#13661);
#11430=PLANE('',#13662);
#11431=PLANE('',#13663);
#11432=PLANE('',#13664);
#11433=PLANE('',#13665);
#11434=PLANE('',#13666);
#11435=PLANE('',#13667);
#11436=PLANE('',#13668);
#11437=PLANE('',#13669);
#11438=PLANE('',#13670);
#11439=PLANE('',#13671);
#11440=PLANE('',#13672);
#11441=PLANE('',#13673);
#11442=PLANE('',#13674);
#11443=PLANE('',#13675);
#11444=PLANE('',#13676);
#11445=PLANE('',#13677);
#11446=PLANE('',#13678);
#11447=PLANE('',#13679);
#11448=PLANE('',#13680);
#11449=PLANE('',#13681);
#11450=PLANE('',#13682);
#11451=PLANE('',#13683);
#11452=PLANE('',#13684);
#11453=PLANE('',#13685);
#11454=PLANE('',#13688);
#11455=PLANE('',#13689);
#11456=PLANE('',#13690);
#11457=PLANE('',#13691);
#11458=PLANE('',#13692);
#11459=PLANE('',#13693);
#11460=PLANE('',#13694);
#11461=PLANE('',#13695);
#11462=PLANE('',#13696);
#11463=PLANE('',#13697);
#11464=PLANE('',#13698);
#11465=PLANE('',#13701);
#11466=PLANE('',#13702);
#11467=PLANE('',#13703);
#11468=PLANE('',#13704);
#11469=PLANE('',#13705);
#11470=PLANE('',#13706);
#11471=PLANE('',#13707);
#11472=PLANE('',#13708);
#11473=PLANE('',#13709);
#11474=PLANE('',#13710);
#11475=PLANE('',#13711);
#11476=PLANE('',#13712);
#11477=PLANE('',#13713);
#11478=PLANE('',#13714);
#11479=PLANE('',#13715);
#11480=PLANE('',#13716);
#11481=PLANE('',#13717);
#11482=PLANE('',#13718);
#11483=PLANE('',#13719);
#11484=PLANE('',#13720);
#11485=PLANE('',#13721);
#11486=PLANE('',#13722);
#11487=PLANE('',#13723);
#11488=PLANE('',#13724);
#11489=PLANE('',#13725);
#11490=PLANE('',#13726);
#11491=PLANE('',#13727);
#11492=PLANE('',#13728);
#11493=PLANE('',#13729);
#11494=PLANE('',#13730);
#11495=PLANE('',#13731);
#11496=PLANE('',#13732);
#11497=PLANE('',#13733);
#11498=PLANE('',#13734);
#11499=PLANE('',#13735);
#11500=PLANE('',#13736);
#11501=PLANE('',#13737);
#11502=PLANE('',#13738);
#11503=PLANE('',#13739);
#11504=PLANE('',#13740);
#11505=PLANE('',#13741);
#11506=PLANE('',#13742);
#11507=PLANE('',#13743);
#11508=PLANE('',#13744);
#11509=PLANE('',#13745);
#11510=PLANE('',#13746);
#11511=PLANE('',#13747);
#11512=PLANE('',#13748);
#11513=PLANE('',#13749);
#11514=PLANE('',#13750);
#11515=PLANE('',#13751);
#11516=PLANE('',#13752);
#11517=PLANE('',#13753);
#11518=PLANE('',#13754);
#11519=PLANE('',#13755);
#11520=PLANE('',#13756);
#11521=PLANE('',#13757);
#11522=PLANE('',#13758);
#11523=PLANE('',#13759);
#11524=PLANE('',#13760);
#11525=PLANE('',#13761);
#11526=PLANE('',#13766);
#11527=PLANE('',#13767);
#11528=PLANE('',#13782);
#11529=PLANE('',#13785);
#11530=PLANE('',#13788);
#11531=PLANE('',#13791);
#11532=PLANE('',#13792);
#11533=PLANE('',#13793);
#11534=PLANE('',#13794);
#11535=PLANE('',#13795);
#11536=PLANE('',#13796);
#11537=PLANE('',#13797);
#11538=PLANE('',#13798);
#11539=PLANE('',#13799);
#11540=PLANE('',#13800);
#11541=ADVANCED_FACE('',(#1751),#11214,.T.);
#11542=ADVANCED_FACE('',(#1752),#11215,.T.);
#11543=ADVANCED_FACE('',(#1753),#11216,.T.);
#11544=ADVANCED_FACE('',(#1754,#449,#450,#451,#452,#453,#454,#455,#456,
#457,#458,#459,#460,#461,#462,#463,#464,#465,#466,#467,#468,#469,#470,#471,
#472,#473,#474,#475,#476,#477,#478,#479,#480,#481,#482,#483,#484,#485,#486,
#487,#488,#489,#490,#491,#492,#493,#494,#495,#496,#497,#498,#499,#500,#501,
#502,#503,#504,#505,#506,#507,#508,#509,#510,#511,#512,#513,#514,#515,#516,
#517,#518,#519,#520,#521,#522,#523,#524,#525,#526,#527,#528,#529,#530,#531,
#532,#533,#534,#535,#536,#537,#538,#539,#540,#541,#542,#543,#544,#545,#546,
#547,#548,#549,#550,#551,#552,#553,#554,#555,#556,#557,#558,#559,#560,#561,
#562,#563,#564,#565,#566,#567,#568,#569,#570,#571,#572,#573,#574,#575,#576,
#577,#578,#579,#580,#581,#582,#583,#584,#585,#586,#587,#588,#589,#590,#591,
#592,#593,#594,#595,#596,#597,#598,#599,#600,#601,#602,#603,#604,#605,#606,
#607,#608,#609,#610,#611,#612,#613,#614,#615,#616,#617,#618,#619,#620,#621,
#622,#623,#624,#625,#626,#627,#628,#629,#630,#631,#632),#11217,.F.);
#11545=ADVANCED_FACE('',(#1755,#633,#634,#635,#636,#637,#638,#639,#640,
#641,#642,#643,#644,#645,#646,#647,#648,#649,#650,#651,#652,#653,#654,#655,
#656,#657,#658,#659,#660,#661,#662,#663,#664,#665,#666,#667,#668,#669,#670,
#671,#672,#673,#674,#675,#676,#677,#678,#679,#680,#681,#682,#683,#684,#685,
#686,#687,#688,#689,#690,#691,#692,#693,#694,#695,#696,#697,#698,#699,#700,
#701,#702,#703,#704,#705,#706,#707,#708,#709,#710,#711,#712,#713,#714,#715,
#716,#717,#718,#719,#720,#721,#722,#723,#724,#725,#726,#727,#728,#729,#730,
#731,#732,#733,#734,#735,#736,#737,#738,#739,#740,#741,#742,#743,#744,#745,
#746,#747,#748,#749,#750,#751,#752,#753,#754,#755,#756,#757,#758,#759,#760,
#761,#762,#763,#764,#765,#766,#767,#768,#769,#770,#771,#772,#773,#774,#775,
#776,#777,#778,#779,#780,#781,#782,#783,#784,#785,#786,#787,#788,#789,#790,
#791,#792,#793,#794,#795,#796,#797,#798,#799,#800,#801,#802,#803,#804,#805,
#806,#807,#808,#809,#810,#811,#812,#813,#814,#815,#816),#11218,.T.);
#11546=ADVANCED_FACE('',(#1756),#11219,.T.);
#11547=ADVANCED_FACE('',(#1757),#107,.F.);
#11548=ADVANCED_FACE('',(#1758),#108,.F.);
#11549=ADVANCED_FACE('',(#1759),#109,.F.);
#11550=ADVANCED_FACE('',(#1760),#110,.F.);
#11551=ADVANCED_FACE('',(#1761),#111,.F.);
#11552=ADVANCED_FACE('',(#1762),#112,.F.);
#11553=ADVANCED_FACE('',(#1763),#113,.F.);
#11554=ADVANCED_FACE('',(#1764),#114,.F.);
#11555=ADVANCED_FACE('',(#1765),#115,.F.);
#11556=ADVANCED_FACE('',(#1766),#116,.F.);
#11557=ADVANCED_FACE('',(#1767),#117,.F.);
#11558=ADVANCED_FACE('',(#1768),#118,.F.);
#11559=ADVANCED_FACE('',(#1769),#119,.F.);
#11560=ADVANCED_FACE('',(#1770),#120,.F.);
#11561=ADVANCED_FACE('',(#1771),#121,.F.);
#11562=ADVANCED_FACE('',(#1772),#122,.F.);
#11563=ADVANCED_FACE('',(#1773),#123,.F.);
#11564=ADVANCED_FACE('',(#1774),#124,.F.);
#11565=ADVANCED_FACE('',(#1775),#125,.F.);
#11566=ADVANCED_FACE('',(#1776),#126,.F.);
#11567=ADVANCED_FACE('',(#1777),#127,.F.);
#11568=ADVANCED_FACE('',(#1778),#128,.F.);
#11569=ADVANCED_FACE('',(#1779),#129,.F.);
#11570=ADVANCED_FACE('',(#1780),#130,.F.);
#11571=ADVANCED_FACE('',(#1781),#131,.F.);
#11572=ADVANCED_FACE('',(#1782),#132,.F.);
#11573=ADVANCED_FACE('',(#1783),#133,.F.);
#11574=ADVANCED_FACE('',(#1784),#134,.F.);
#11575=ADVANCED_FACE('',(#1785),#135,.F.);
#11576=ADVANCED_FACE('',(#1786),#136,.F.);
#11577=ADVANCED_FACE('',(#1787),#137,.F.);
#11578=ADVANCED_FACE('',(#1788),#138,.F.);
#11579=ADVANCED_FACE('',(#1789),#139,.F.);
#11580=ADVANCED_FACE('',(#1790),#140,.F.);
#11581=ADVANCED_FACE('',(#1791),#141,.F.);
#11582=ADVANCED_FACE('',(#1792),#142,.F.);
#11583=ADVANCED_FACE('',(#1793),#143,.F.);
#11584=ADVANCED_FACE('',(#1794),#144,.F.);
#11585=ADVANCED_FACE('',(#1795),#145,.F.);
#11586=ADVANCED_FACE('',(#1796),#146,.F.);
#11587=ADVANCED_FACE('',(#1797),#147,.F.);
#11588=ADVANCED_FACE('',(#1798),#148,.F.);
#11589=ADVANCED_FACE('',(#1799),#149,.F.);
#11590=ADVANCED_FACE('',(#1800),#150,.F.);
#11591=ADVANCED_FACE('',(#1801),#151,.F.);
#11592=ADVANCED_FACE('',(#1802),#152,.F.);
#11593=ADVANCED_FACE('',(#1803),#153,.F.);
#11594=ADVANCED_FACE('',(#1804),#154,.F.);
#11595=ADVANCED_FACE('',(#1805),#155,.F.);
#11596=ADVANCED_FACE('',(#1806),#156,.F.);
#11597=ADVANCED_FACE('',(#1807),#157,.F.);
#11598=ADVANCED_FACE('',(#1808),#158,.F.);
#11599=ADVANCED_FACE('',(#1809),#159,.F.);
#11600=ADVANCED_FACE('',(#1810),#160,.F.);
#11601=ADVANCED_FACE('',(#1811),#161,.F.);
#11602=ADVANCED_FACE('',(#1812),#162,.F.);
#11603=ADVANCED_FACE('',(#1813),#163,.F.);
#11604=ADVANCED_FACE('',(#1814),#164,.F.);
#11605=ADVANCED_FACE('',(#1815),#165,.F.);
#11606=ADVANCED_FACE('',(#1816),#166,.F.);
#11607=ADVANCED_FACE('',(#1817),#167,.F.);
#11608=ADVANCED_FACE('',(#1818),#168,.F.);
#11609=ADVANCED_FACE('',(#1819),#169,.F.);
#11610=ADVANCED_FACE('',(#1820),#170,.F.);
#11611=ADVANCED_FACE('',(#1821),#171,.F.);
#11612=ADVANCED_FACE('',(#1822),#172,.F.);
#11613=ADVANCED_FACE('',(#1823),#173,.F.);
#11614=ADVANCED_FACE('',(#1824),#174,.F.);
#11615=ADVANCED_FACE('',(#1825),#175,.F.);
#11616=ADVANCED_FACE('',(#1826),#176,.F.);
#11617=ADVANCED_FACE('',(#1827),#177,.F.);
#11618=ADVANCED_FACE('',(#1828),#178,.F.);
#11619=ADVANCED_FACE('',(#1829),#179,.F.);
#11620=ADVANCED_FACE('',(#1830),#180,.F.);
#11621=ADVANCED_FACE('',(#1831),#181,.F.);
#11622=ADVANCED_FACE('',(#1832),#182,.F.);
#11623=ADVANCED_FACE('',(#1833),#183,.F.);
#11624=ADVANCED_FACE('',(#1834),#184,.F.);
#11625=ADVANCED_FACE('',(#1835),#185,.F.);
#11626=ADVANCED_FACE('',(#1836),#186,.F.);
#11627=ADVANCED_FACE('',(#1837),#187,.F.);
#11628=ADVANCED_FACE('',(#1838),#188,.F.);
#11629=ADVANCED_FACE('',(#1839),#189,.F.);
#11630=ADVANCED_FACE('',(#1840),#190,.F.);
#11631=ADVANCED_FACE('',(#1841),#191,.F.);
#11632=ADVANCED_FACE('',(#1842),#192,.F.);
#11633=ADVANCED_FACE('',(#1843),#193,.F.);
#11634=ADVANCED_FACE('',(#1844),#194,.F.);
#11635=ADVANCED_FACE('',(#1845),#195,.F.);
#11636=ADVANCED_FACE('',(#1846),#196,.F.);
#11637=ADVANCED_FACE('',(#1847),#197,.F.);
#11638=ADVANCED_FACE('',(#1848),#198,.F.);
#11639=ADVANCED_FACE('',(#1849),#199,.F.);
#11640=ADVANCED_FACE('',(#1850),#200,.F.);
#11641=ADVANCED_FACE('',(#1851),#201,.F.);
#11642=ADVANCED_FACE('',(#1852),#202,.F.);
#11643=ADVANCED_FACE('',(#1853),#203,.F.);
#11644=ADVANCED_FACE('',(#1854),#204,.F.);
#11645=ADVANCED_FACE('',(#1855),#205,.F.);
#11646=ADVANCED_FACE('',(#1856),#206,.F.);
#11647=ADVANCED_FACE('',(#1857),#207,.F.);
#11648=ADVANCED_FACE('',(#1858),#208,.F.);
#11649=ADVANCED_FACE('',(#1859),#209,.F.);
#11650=ADVANCED_FACE('',(#1860),#210,.F.);
#11651=ADVANCED_FACE('',(#1861),#211,.F.);
#11652=ADVANCED_FACE('',(#1862),#212,.F.);
#11653=ADVANCED_FACE('',(#1863),#213,.F.);
#11654=ADVANCED_FACE('',(#1864),#214,.F.);
#11655=ADVANCED_FACE('',(#1865),#215,.F.);
#11656=ADVANCED_FACE('',(#1866),#216,.F.);
#11657=ADVANCED_FACE('',(#1867),#217,.F.);
#11658=ADVANCED_FACE('',(#1868),#218,.F.);
#11659=ADVANCED_FACE('',(#1869),#219,.F.);
#11660=ADVANCED_FACE('',(#1870),#220,.F.);
#11661=ADVANCED_FACE('',(#1871),#221,.F.);
#11662=ADVANCED_FACE('',(#1872),#222,.F.);
#11663=ADVANCED_FACE('',(#1873),#223,.F.);
#11664=ADVANCED_FACE('',(#1874),#224,.F.);
#11665=ADVANCED_FACE('',(#1875),#225,.F.);
#11666=ADVANCED_FACE('',(#1876),#226,.F.);
#11667=ADVANCED_FACE('',(#1877),#227,.F.);
#11668=ADVANCED_FACE('',(#1878),#228,.F.);
#11669=ADVANCED_FACE('',(#1879),#229,.F.);
#11670=ADVANCED_FACE('',(#1880),#230,.F.);
#11671=ADVANCED_FACE('',(#1881),#231,.F.);
#11672=ADVANCED_FACE('',(#1882),#232,.F.);
#11673=ADVANCED_FACE('',(#1883),#233,.F.);
#11674=ADVANCED_FACE('',(#1884),#234,.F.);
#11675=ADVANCED_FACE('',(#1885),#235,.F.);
#11676=ADVANCED_FACE('',(#1886),#236,.F.);
#11677=ADVANCED_FACE('',(#1887),#237,.F.);
#11678=ADVANCED_FACE('',(#1888),#238,.F.);
#11679=ADVANCED_FACE('',(#1889),#239,.F.);
#11680=ADVANCED_FACE('',(#1890),#240,.F.);
#11681=ADVANCED_FACE('',(#1891),#241,.F.);
#11682=ADVANCED_FACE('',(#1892),#242,.F.);
#11683=ADVANCED_FACE('',(#1893),#243,.F.);
#11684=ADVANCED_FACE('',(#1894),#244,.F.);
#11685=ADVANCED_FACE('',(#1895),#245,.F.);
#11686=ADVANCED_FACE('',(#1896),#246,.F.);
#11687=ADVANCED_FACE('',(#1897),#247,.F.);
#11688=ADVANCED_FACE('',(#1898),#248,.F.);
#11689=ADVANCED_FACE('',(#1899),#249,.F.);
#11690=ADVANCED_FACE('',(#1900),#250,.F.);
#11691=ADVANCED_FACE('',(#1901),#251,.F.);
#11692=ADVANCED_FACE('',(#1902),#252,.F.);
#11693=ADVANCED_FACE('',(#1903),#253,.F.);
#11694=ADVANCED_FACE('',(#1904),#254,.F.);
#11695=ADVANCED_FACE('',(#1905),#255,.F.);
#11696=ADVANCED_FACE('',(#1906),#256,.F.);
#11697=ADVANCED_FACE('',(#1907),#257,.F.);
#11698=ADVANCED_FACE('',(#1908),#258,.F.);
#11699=ADVANCED_FACE('',(#1909),#259,.F.);
#11700=ADVANCED_FACE('',(#1910),#260,.F.);
#11701=ADVANCED_FACE('',(#1911),#261,.F.);
#11702=ADVANCED_FACE('',(#1912),#262,.F.);
#11703=ADVANCED_FACE('',(#1913),#263,.F.);
#11704=ADVANCED_FACE('',(#1914),#264,.F.);
#11705=ADVANCED_FACE('',(#1915),#265,.F.);
#11706=ADVANCED_FACE('',(#1916),#266,.F.);
#11707=ADVANCED_FACE('',(#1917),#267,.F.);
#11708=ADVANCED_FACE('',(#1918),#268,.F.);
#11709=ADVANCED_FACE('',(#1919),#269,.F.);
#11710=ADVANCED_FACE('',(#1920),#270,.F.);
#11711=ADVANCED_FACE('',(#1921),#271,.F.);
#11712=ADVANCED_FACE('',(#1922),#272,.F.);
#11713=ADVANCED_FACE('',(#1923),#273,.F.);
#11714=ADVANCED_FACE('',(#1924),#274,.F.);
#11715=ADVANCED_FACE('',(#1925),#275,.F.);
#11716=ADVANCED_FACE('',(#1926),#276,.F.);
#11717=ADVANCED_FACE('',(#1927),#277,.F.);
#11718=ADVANCED_FACE('',(#1928),#278,.F.);
#11719=ADVANCED_FACE('',(#1929),#279,.F.);
#11720=ADVANCED_FACE('',(#1930),#280,.F.);
#11721=ADVANCED_FACE('',(#1931),#281,.F.);
#11722=ADVANCED_FACE('',(#1932),#282,.F.);
#11723=ADVANCED_FACE('',(#1933),#283,.F.);
#11724=ADVANCED_FACE('',(#1934),#284,.F.);
#11725=ADVANCED_FACE('',(#1935),#285,.F.);
#11726=ADVANCED_FACE('',(#1936),#286,.F.);
#11727=ADVANCED_FACE('',(#1937),#287,.F.);
#11728=ADVANCED_FACE('',(#1938),#288,.F.);
#11729=ADVANCED_FACE('',(#1939),#289,.F.);
#11730=ADVANCED_FACE('',(#1940),#290,.F.);
#11731=ADVANCED_FACE('',(#1941),#291,.T.);
#11732=ADVANCED_FACE('',(#1942),#11220,.T.);
#11733=ADVANCED_FACE('',(#1943),#19,.T.);
#11734=ADVANCED_FACE('',(#1944),#292,.T.);
#11735=ADVANCED_FACE('',(#1945,#817),#11221,.F.);
#11736=ADVANCED_FACE('',(#1946),#293,.T.);
#11737=ADVANCED_FACE('',(#1947,#818),#11222,.F.);
#11738=ADVANCED_FACE('',(#1948),#294,.T.);
#11739=ADVANCED_FACE('',(#1949,#819),#11223,.T.);
#11740=ADVANCED_FACE('',(#1950),#295,.T.);
#11741=ADVANCED_FACE('',(#1951,#820),#11224,.T.);
#11742=ADVANCED_FACE('',(#1952),#296,.T.);
#11743=ADVANCED_FACE('',(#1953),#20,.T.);
#11744=ADVANCED_FACE('',(#1954),#297,.T.);
#11745=ADVANCED_FACE('',(#1955),#11225,.F.);
#11746=ADVANCED_FACE('',(#1956),#298,.T.);
#11747=ADVANCED_FACE('',(#1957),#11226,.T.);
#11748=ADVANCED_FACE('',(#1958),#21,.T.);
#11749=ADVANCED_FACE('',(#1959),#299,.T.);
#11750=ADVANCED_FACE('',(#1960,#821),#11227,.F.);
#11751=ADVANCED_FACE('',(#1961),#300,.T.);
#11752=ADVANCED_FACE('',(#1962,#822),#11228,.F.);
#11753=ADVANCED_FACE('',(#1963),#301,.T.);
#11754=ADVANCED_FACE('',(#1964,#823),#11229,.T.);
#11755=ADVANCED_FACE('',(#1965),#302,.T.);
#11756=ADVANCED_FACE('',(#1966,#824),#11230,.T.);
#11757=ADVANCED_FACE('',(#1967),#303,.T.);
#11758=ADVANCED_FACE('',(#1968),#22,.T.);
#11759=ADVANCED_FACE('',(#1969),#304,.T.);
#11760=ADVANCED_FACE('',(#1970),#11231,.F.);
#11761=ADVANCED_FACE('',(#1971),#305,.T.);
#11762=ADVANCED_FACE('',(#1972),#11232,.T.);
#11763=ADVANCED_FACE('',(#1973),#23,.T.);
#11764=ADVANCED_FACE('',(#1974),#306,.T.);
#11765=ADVANCED_FACE('',(#1975,#825),#11233,.F.);
#11766=ADVANCED_FACE('',(#1976),#307,.T.);
#11767=ADVANCED_FACE('',(#1977,#826),#11234,.F.);
#11768=ADVANCED_FACE('',(#1978),#308,.T.);
#11769=ADVANCED_FACE('',(#1979,#827),#11235,.T.);
#11770=ADVANCED_FACE('',(#1980),#309,.T.);
#11771=ADVANCED_FACE('',(#1981,#828),#11236,.T.);
#11772=ADVANCED_FACE('',(#1982),#310,.T.);
#11773=ADVANCED_FACE('',(#1983),#24,.T.);
#11774=ADVANCED_FACE('',(#1984),#311,.T.);
#11775=ADVANCED_FACE('',(#1985),#11237,.F.);
#11776=ADVANCED_FACE('',(#1986),#312,.T.);
#11777=ADVANCED_FACE('',(#1987),#11238,.T.);
#11778=ADVANCED_FACE('',(#1988),#25,.T.);
#11779=ADVANCED_FACE('',(#1989),#313,.T.);
#11780=ADVANCED_FACE('',(#1990,#829),#11239,.F.);
#11781=ADVANCED_FACE('',(#1991),#314,.T.);
#11782=ADVANCED_FACE('',(#1992,#830),#11240,.F.);
#11783=ADVANCED_FACE('',(#1993),#315,.T.);
#11784=ADVANCED_FACE('',(#1994,#831),#11241,.T.);
#11785=ADVANCED_FACE('',(#1995),#316,.T.);
#11786=ADVANCED_FACE('',(#1996,#832),#11242,.T.);
#11787=ADVANCED_FACE('',(#1997),#317,.T.);
#11788=ADVANCED_FACE('',(#1998),#26,.T.);
#11789=ADVANCED_FACE('',(#1999),#318,.T.);
#11790=ADVANCED_FACE('',(#2000),#11243,.F.);
#11791=ADVANCED_FACE('',(#2001),#319,.T.);
#11792=ADVANCED_FACE('',(#2002),#11244,.T.);
#11793=ADVANCED_FACE('',(#2003),#27,.T.);
#11794=ADVANCED_FACE('',(#2004),#320,.T.);
#11795=ADVANCED_FACE('',(#2005,#833),#11245,.F.);
#11796=ADVANCED_FACE('',(#2006),#321,.T.);
#11797=ADVANCED_FACE('',(#2007,#834),#11246,.F.);
#11798=ADVANCED_FACE('',(#2008),#322,.T.);
#11799=ADVANCED_FACE('',(#2009,#835),#11247,.T.);
#11800=ADVANCED_FACE('',(#2010),#323,.T.);
#11801=ADVANCED_FACE('',(#2011,#836),#11248,.T.);
#11802=ADVANCED_FACE('',(#2012),#324,.T.);
#11803=ADVANCED_FACE('',(#2013),#28,.T.);
#11804=ADVANCED_FACE('',(#2014),#325,.T.);
#11805=ADVANCED_FACE('',(#2015),#11249,.F.);
#11806=ADVANCED_FACE('',(#2016),#326,.T.);
#11807=ADVANCED_FACE('',(#2017),#11250,.T.);
#11808=ADVANCED_FACE('',(#2018),#29,.T.);
#11809=ADVANCED_FACE('',(#2019),#327,.T.);
#11810=ADVANCED_FACE('',(#2020,#837),#11251,.F.);
#11811=ADVANCED_FACE('',(#2021),#328,.T.);
#11812=ADVANCED_FACE('',(#2022,#838),#11252,.F.);
#11813=ADVANCED_FACE('',(#2023),#329,.T.);
#11814=ADVANCED_FACE('',(#2024,#839),#11253,.T.);
#11815=ADVANCED_FACE('',(#2025),#330,.T.);
#11816=ADVANCED_FACE('',(#2026,#840),#11254,.T.);
#11817=ADVANCED_FACE('',(#2027),#331,.T.);
#11818=ADVANCED_FACE('',(#2028),#30,.T.);
#11819=ADVANCED_FACE('',(#2029),#332,.T.);
#11820=ADVANCED_FACE('',(#2030),#11255,.F.);
#11821=ADVANCED_FACE('',(#2031),#333,.T.);
#11822=ADVANCED_FACE('',(#2032),#11256,.T.);
#11823=ADVANCED_FACE('',(#2033),#31,.T.);
#11824=ADVANCED_FACE('',(#2034),#334,.T.);
#11825=ADVANCED_FACE('',(#2035,#841),#11257,.F.);
#11826=ADVANCED_FACE('',(#2036),#335,.T.);
#11827=ADVANCED_FACE('',(#2037,#842),#11258,.F.);
#11828=ADVANCED_FACE('',(#2038),#336,.T.);
#11829=ADVANCED_FACE('',(#2039,#843),#11259,.T.);
#11830=ADVANCED_FACE('',(#2040),#337,.T.);
#11831=ADVANCED_FACE('',(#2041,#844),#11260,.T.);
#11832=ADVANCED_FACE('',(#2042),#338,.T.);
#11833=ADVANCED_FACE('',(#2043),#32,.T.);
#11834=ADVANCED_FACE('',(#2044),#339,.T.);
#11835=ADVANCED_FACE('',(#2045),#11261,.F.);
#11836=ADVANCED_FACE('',(#2046),#340,.T.);
#11837=ADVANCED_FACE('',(#2047),#11262,.T.);
#11838=ADVANCED_FACE('',(#2048),#33,.T.);
#11839=ADVANCED_FACE('',(#2049),#341,.T.);
#11840=ADVANCED_FACE('',(#2050,#845),#11263,.F.);
#11841=ADVANCED_FACE('',(#2051),#342,.T.);
#11842=ADVANCED_FACE('',(#2052,#846),#11264,.F.);
#11843=ADVANCED_FACE('',(#2053),#343,.T.);
#11844=ADVANCED_FACE('',(#2054,#847),#11265,.T.);
#11845=ADVANCED_FACE('',(#2055),#344,.T.);
#11846=ADVANCED_FACE('',(#2056,#848),#11266,.T.);
#11847=ADVANCED_FACE('',(#2057),#345,.T.);
#11848=ADVANCED_FACE('',(#2058),#34,.T.);
#11849=ADVANCED_FACE('',(#2059),#346,.T.);
#11850=ADVANCED_FACE('',(#2060),#11267,.F.);
#11851=ADVANCED_FACE('',(#2061),#347,.T.);
#11852=ADVANCED_FACE('',(#2062),#11268,.T.);
#11853=ADVANCED_FACE('',(#2063),#35,.T.);
#11854=ADVANCED_FACE('',(#2064),#348,.T.);
#11855=ADVANCED_FACE('',(#2065,#849),#11269,.F.);
#11856=ADVANCED_FACE('',(#2066),#349,.T.);
#11857=ADVANCED_FACE('',(#2067,#850),#11270,.F.);
#11858=ADVANCED_FACE('',(#2068),#350,.T.);
#11859=ADVANCED_FACE('',(#2069,#851),#11271,.T.);
#11860=ADVANCED_FACE('',(#2070),#351,.T.);
#11861=ADVANCED_FACE('',(#2071,#852),#11272,.T.);
#11862=ADVANCED_FACE('',(#2072),#352,.T.);
#11863=ADVANCED_FACE('',(#2073),#36,.T.);
#11864=ADVANCED_FACE('',(#2074),#353,.T.);
#11865=ADVANCED_FACE('',(#2075),#11273,.F.);
#11866=ADVANCED_FACE('',(#2076),#354,.T.);
#11867=ADVANCED_FACE('',(#2077),#11274,.T.);
#11868=ADVANCED_FACE('',(#2078),#37,.T.);
#11869=ADVANCED_FACE('',(#2079),#355,.T.);
#11870=ADVANCED_FACE('',(#2080,#853),#11275,.F.);
#11871=ADVANCED_FACE('',(#2081),#356,.T.);
#11872=ADVANCED_FACE('',(#2082,#854),#11276,.F.);
#11873=ADVANCED_FACE('',(#2083),#357,.T.);
#11874=ADVANCED_FACE('',(#2084,#855),#11277,.T.);
#11875=ADVANCED_FACE('',(#2085),#358,.T.);
#11876=ADVANCED_FACE('',(#2086,#856),#11278,.T.);
#11877=ADVANCED_FACE('',(#2087),#359,.T.);
#11878=ADVANCED_FACE('',(#2088),#38,.T.);
#11879=ADVANCED_FACE('',(#2089),#360,.T.);
#11880=ADVANCED_FACE('',(#2090),#11279,.F.);
#11881=ADVANCED_FACE('',(#2091),#361,.T.);
#11882=ADVANCED_FACE('',(#2092),#11280,.T.);
#11883=ADVANCED_FACE('',(#2093),#39,.T.);
#11884=ADVANCED_FACE('',(#2094),#362,.T.);
#11885=ADVANCED_FACE('',(#2095,#857),#11281,.F.);
#11886=ADVANCED_FACE('',(#2096),#363,.T.);
#11887=ADVANCED_FACE('',(#2097,#858),#11282,.F.);
#11888=ADVANCED_FACE('',(#2098),#364,.T.);
#11889=ADVANCED_FACE('',(#2099,#859),#11283,.T.);
#11890=ADVANCED_FACE('',(#2100),#365,.T.);
#11891=ADVANCED_FACE('',(#2101,#860),#11284,.T.);
#11892=ADVANCED_FACE('',(#2102),#366,.T.);
#11893=ADVANCED_FACE('',(#2103),#40,.T.);
#11894=ADVANCED_FACE('',(#2104),#367,.T.);
#11895=ADVANCED_FACE('',(#2105),#11285,.F.);
#11896=ADVANCED_FACE('',(#2106),#368,.T.);
#11897=ADVANCED_FACE('',(#2107),#11286,.T.);
#11898=ADVANCED_FACE('',(#2108),#41,.T.);
#11899=ADVANCED_FACE('',(#2109),#369,.T.);
#11900=ADVANCED_FACE('',(#2110,#861),#11287,.F.);
#11901=ADVANCED_FACE('',(#2111),#370,.T.);
#11902=ADVANCED_FACE('',(#2112,#862),#11288,.F.);
#11903=ADVANCED_FACE('',(#2113),#371,.T.);
#11904=ADVANCED_FACE('',(#2114,#863),#11289,.T.);
#11905=ADVANCED_FACE('',(#2115),#372,.T.);
#11906=ADVANCED_FACE('',(#2116,#864),#11290,.T.);
#11907=ADVANCED_FACE('',(#2117),#373,.T.);
#11908=ADVANCED_FACE('',(#2118),#42,.T.);
#11909=ADVANCED_FACE('',(#2119),#374,.T.);
#11910=ADVANCED_FACE('',(#2120),#11291,.F.);
#11911=ADVANCED_FACE('',(#2121),#375,.T.);
#11912=ADVANCED_FACE('',(#2122),#11292,.T.);
#11913=ADVANCED_FACE('',(#2123),#43,.T.);
#11914=ADVANCED_FACE('',(#2124),#376,.T.);
#11915=ADVANCED_FACE('',(#2125,#865),#11293,.F.);
#11916=ADVANCED_FACE('',(#2126),#377,.T.);
#11917=ADVANCED_FACE('',(#2127,#866),#11294,.F.);
#11918=ADVANCED_FACE('',(#2128),#378,.T.);
#11919=ADVANCED_FACE('',(#2129,#867),#11295,.T.);
#11920=ADVANCED_FACE('',(#2130),#379,.T.);
#11921=ADVANCED_FACE('',(#2131,#868),#11296,.T.);
#11922=ADVANCED_FACE('',(#2132),#380,.T.);
#11923=ADVANCED_FACE('',(#2133),#44,.T.);
#11924=ADVANCED_FACE('',(#2134),#381,.T.);
#11925=ADVANCED_FACE('',(#2135),#11297,.F.);
#11926=ADVANCED_FACE('',(#2136),#382,.T.);
#11927=ADVANCED_FACE('',(#2137),#11298,.T.);
#11928=ADVANCED_FACE('',(#2138),#45,.T.);
#11929=ADVANCED_FACE('',(#2139),#383,.T.);
#11930=ADVANCED_FACE('',(#2140,#869),#11299,.F.);
#11931=ADVANCED_FACE('',(#2141),#384,.T.);
#11932=ADVANCED_FACE('',(#2142,#870),#11300,.F.);
#11933=ADVANCED_FACE('',(#2143),#385,.T.);
#11934=ADVANCED_FACE('',(#2144,#871),#11301,.T.);
#11935=ADVANCED_FACE('',(#2145),#386,.T.);
#11936=ADVANCED_FACE('',(#2146,#872),#11302,.T.);
#11937=ADVANCED_FACE('',(#2147),#387,.T.);
#11938=ADVANCED_FACE('',(#2148),#46,.T.);
#11939=ADVANCED_FACE('',(#2149),#388,.T.);
#11940=ADVANCED_FACE('',(#2150),#11303,.F.);
#11941=ADVANCED_FACE('',(#2151),#389,.T.);
#11942=ADVANCED_FACE('',(#2152),#11304,.T.);
#11943=ADVANCED_FACE('',(#2153),#47,.T.);
#11944=ADVANCED_FACE('',(#2154),#390,.T.);
#11945=ADVANCED_FACE('',(#2155,#873),#11305,.F.);
#11946=ADVANCED_FACE('',(#2156),#391,.T.);
#11947=ADVANCED_FACE('',(#2157,#874),#11306,.F.);
#11948=ADVANCED_FACE('',(#2158),#392,.T.);
#11949=ADVANCED_FACE('',(#2159,#875),#11307,.T.);
#11950=ADVANCED_FACE('',(#2160),#393,.T.);
#11951=ADVANCED_FACE('',(#2161,#876),#11308,.T.);
#11952=ADVANCED_FACE('',(#2162),#394,.T.);
#11953=ADVANCED_FACE('',(#2163),#48,.T.);
#11954=ADVANCED_FACE('',(#2164),#395,.T.);
#11955=ADVANCED_FACE('',(#2165),#11309,.F.);
#11956=ADVANCED_FACE('',(#2166),#396,.T.);
#11957=ADVANCED_FACE('',(#2167),#11310,.T.);
#11958=ADVANCED_FACE('',(#2168),#49,.T.);
#11959=ADVANCED_FACE('',(#2169),#397,.T.);
#11960=ADVANCED_FACE('',(#2170,#877),#11311,.F.);
#11961=ADVANCED_FACE('',(#2171),#398,.T.);
#11962=ADVANCED_FACE('',(#2172,#878),#11312,.F.);
#11963=ADVANCED_FACE('',(#2173),#399,.T.);
#11964=ADVANCED_FACE('',(#2174,#879),#11313,.T.);
#11965=ADVANCED_FACE('',(#2175),#400,.T.);
#11966=ADVANCED_FACE('',(#2176,#880),#11314,.T.);
#11967=ADVANCED_FACE('',(#2177),#401,.T.);
#11968=ADVANCED_FACE('',(#2178),#50,.T.);
#11969=ADVANCED_FACE('',(#2179),#402,.T.);
#11970=ADVANCED_FACE('',(#2180),#11315,.F.);
#11971=ADVANCED_FACE('',(#2181),#403,.T.);
#11972=ADVANCED_FACE('',(#2182),#11316,.T.);
#11973=ADVANCED_FACE('',(#2183),#51,.T.);
#11974=ADVANCED_FACE('',(#2184),#404,.T.);
#11975=ADVANCED_FACE('',(#2185,#881),#11317,.F.);
#11976=ADVANCED_FACE('',(#2186),#405,.T.);
#11977=ADVANCED_FACE('',(#2187,#882),#11318,.F.);
#11978=ADVANCED_FACE('',(#2188),#406,.T.);
#11979=ADVANCED_FACE('',(#2189,#883),#11319,.T.);
#11980=ADVANCED_FACE('',(#2190),#407,.T.);
#11981=ADVANCED_FACE('',(#2191,#884),#11320,.T.);
#11982=ADVANCED_FACE('',(#2192),#408,.T.);
#11983=ADVANCED_FACE('',(#2193),#52,.T.);
#11984=ADVANCED_FACE('',(#2194),#409,.T.);
#11985=ADVANCED_FACE('',(#2195),#11321,.F.);
#11986=ADVANCED_FACE('',(#2196),#11322,.F.);
#11987=ADVANCED_FACE('',(#2197),#11323,.F.);
#11988=ADVANCED_FACE('',(#2198),#11324,.F.);
#11989=ADVANCED_FACE('',(#2199,#885,#886,#887),#11325,.F.);
#11990=ADVANCED_FACE('',(#2200,#888,#889,#890),#11326,.T.);
#11991=ADVANCED_FACE('',(#2201),#11327,.F.);
#11992=ADVANCED_FACE('',(#2202),#11328,.F.);
#11993=ADVANCED_FACE('',(#2203),#11329,.F.);
#11994=ADVANCED_FACE('',(#2204),#11330,.F.);
#11995=ADVANCED_FACE('',(#2205),#11331,.F.);
#11996=ADVANCED_FACE('',(#2206),#11332,.F.);
#11997=ADVANCED_FACE('',(#2207),#11333,.F.);
#11998=ADVANCED_FACE('',(#2208),#11334,.F.);
#11999=ADVANCED_FACE('',(#2209),#11335,.F.);
#12000=ADVANCED_FACE('',(#2210),#11336,.F.);
#12001=ADVANCED_FACE('',(#2211),#11337,.F.);
#12002=ADVANCED_FACE('',(#2212),#11338,.F.);
#12003=ADVANCED_FACE('',(#2213),#11339,.F.);
#12004=ADVANCED_FACE('',(#2214),#11340,.F.);
#12005=ADVANCED_FACE('',(#2215),#11341,.F.);
#12006=ADVANCED_FACE('',(#2216),#11342,.F.);
#12007=ADVANCED_FACE('',(#2217),#11343,.F.);
#12008=ADVANCED_FACE('',(#2218),#11344,.T.);
#12009=ADVANCED_FACE('',(#2219),#11345,.T.);
#12010=ADVANCED_FACE('',(#2220),#11346,.F.);
#12011=ADVANCED_FACE('',(#2221),#11347,.F.);
#12012=ADVANCED_FACE('',(#2222),#11348,.F.);
#12013=ADVANCED_FACE('',(#2223),#11349,.T.);
#12014=ADVANCED_FACE('',(#2224),#11350,.T.);
#12015=ADVANCED_FACE('',(#2225),#11351,.F.);
#12016=ADVANCED_FACE('',(#2226),#11352,.T.);
#12017=ADVANCED_FACE('',(#2227),#11353,.F.);
#12018=ADVANCED_FACE('',(#2228),#11354,.F.);
#12019=ADVANCED_FACE('',(#2229),#11355,.T.);
#12020=ADVANCED_FACE('',(#2230),#11356,.T.);
#12021=ADVANCED_FACE('',(#2231),#11357,.T.);
#12022=ADVANCED_FACE('',(#2232),#11358,.F.);
#12023=ADVANCED_FACE('',(#2233),#11359,.F.);
#12024=ADVANCED_FACE('',(#2234),#11360,.F.);
#12025=ADVANCED_FACE('',(#2235),#11361,.T.);
#12026=ADVANCED_FACE('',(#2236),#11362,.T.);
#12027=ADVANCED_FACE('',(#2237),#11363,.F.);
#12028=ADVANCED_FACE('',(#2238),#11364,.T.);
#12029=ADVANCED_FACE('',(#2239),#11365,.F.);
#12030=ADVANCED_FACE('',(#2240),#11366,.F.);
#12031=ADVANCED_FACE('',(#2241),#11367,.T.);
#12032=ADVANCED_FACE('',(#2242),#11368,.F.);
#12033=ADVANCED_FACE('',(#2243),#11369,.F.);
#12034=ADVANCED_FACE('',(#2244),#11370,.T.);
#12035=ADVANCED_FACE('',(#2245),#11371,.T.);
#12036=ADVANCED_FACE('',(#2246),#11372,.T.);
#12037=ADVANCED_FACE('',(#2247),#11373,.F.);
#12038=ADVANCED_FACE('',(#2248),#11374,.F.);
#12039=ADVANCED_FACE('',(#2249),#11375,.T.);
#12040=ADVANCED_FACE('',(#2250),#11376,.F.);
#12041=ADVANCED_FACE('',(#2251),#11377,.T.);
#12042=ADVANCED_FACE('',(#2252),#11378,.T.);
#12043=ADVANCED_FACE('',(#2253),#11379,.F.);
#12044=ADVANCED_FACE('',(#2254),#11380,.T.);
#12045=ADVANCED_FACE('',(#2255),#11381,.T.);
#12046=ADVANCED_FACE('',(#2256),#11382,.F.);
#12047=ADVANCED_FACE('',(#2257),#11383,.F.);
#12048=ADVANCED_FACE('',(#2258),#11384,.F.);
#12049=ADVANCED_FACE('',(#2259),#11385,.T.);
#12050=ADVANCED_FACE('',(#2260),#11386,.T.);
#12051=ADVANCED_FACE('',(#2261),#11387,.F.);
#12052=ADVANCED_FACE('',(#2262),#11388,.T.);
#12053=ADVANCED_FACE('',(#2263),#11389,.F.);
#12054=ADVANCED_FACE('',(#2264),#11390,.F.);
#12055=ADVANCED_FACE('',(#2265),#11391,.T.);
#12056=ADVANCED_FACE('',(#2266),#11392,.F.);
#12057=ADVANCED_FACE('',(#2267),#11393,.F.);
#12058=ADVANCED_FACE('',(#2268),#11394,.F.);
#12059=ADVANCED_FACE('',(#2269),#11395,.T.);
#12060=ADVANCED_FACE('',(#2270),#11396,.T.);
#12061=ADVANCED_FACE('',(#2271),#11397,.T.);
#12062=ADVANCED_FACE('',(#2272),#410,.T.);
#12063=ADVANCED_FACE('',(#2273),#11398,.T.);
#12064=ADVANCED_FACE('',(#2274),#53,.T.);
#12065=ADVANCED_FACE('',(#2275),#411,.T.);
#12066=ADVANCED_FACE('',(#2276,#891),#11399,.F.);
#12067=ADVANCED_FACE('',(#2277),#412,.T.);
#12068=ADVANCED_FACE('',(#2278,#892),#11400,.F.);
#12069=ADVANCED_FACE('',(#2279),#413,.T.);
#12070=ADVANCED_FACE('',(#2280,#893),#11401,.T.);
#12071=ADVANCED_FACE('',(#2281),#414,.T.);
#12072=ADVANCED_FACE('',(#2282,#894),#11402,.T.);
#12073=ADVANCED_FACE('',(#2283),#415,.T.);
#12074=ADVANCED_FACE('',(#2284),#54,.T.);
#12075=ADVANCED_FACE('',(#2285),#416,.T.);
#12076=ADVANCED_FACE('',(#2286),#11403,.F.);
#12077=ADVANCED_FACE('',(#2287),#417,.T.);
#12078=ADVANCED_FACE('',(#2288),#11404,.T.);
#12079=ADVANCED_FACE('',(#2289),#55,.T.);
#12080=ADVANCED_FACE('',(#2290),#418,.T.);
#12081=ADVANCED_FACE('',(#2291,#895),#11405,.F.);
#12082=ADVANCED_FACE('',(#2292),#419,.T.);
#12083=ADVANCED_FACE('',(#2293,#896),#11406,.F.);
#12084=ADVANCED_FACE('',(#2294),#420,.T.);
#12085=ADVANCED_FACE('',(#2295,#897),#11407,.T.);
#12086=ADVANCED_FACE('',(#2296),#421,.T.);
#12087=ADVANCED_FACE('',(#2297,#898),#11408,.T.);
#12088=ADVANCED_FACE('',(#2298),#422,.T.);
#12089=ADVANCED_FACE('',(#2299),#56,.T.);
#12090=ADVANCED_FACE('',(#2300),#423,.T.);
#12091=ADVANCED_FACE('',(#2301),#11409,.F.);
#12092=ADVANCED_FACE('',(#2302),#424,.T.);
#12093=ADVANCED_FACE('',(#2303),#11410,.T.);
#12094=ADVANCED_FACE('',(#2304),#57,.T.);
#12095=ADVANCED_FACE('',(#2305),#425,.T.);
#12096=ADVANCED_FACE('',(#2306,#899),#11411,.F.);
#12097=ADVANCED_FACE('',(#2307),#426,.T.);
#12098=ADVANCED_FACE('',(#2308,#900),#11412,.F.);
#12099=ADVANCED_FACE('',(#2309),#427,.T.);
#12100=ADVANCED_FACE('',(#2310,#901),#11413,.T.);
#12101=ADVANCED_FACE('',(#2311),#428,.T.);
#12102=ADVANCED_FACE('',(#2312,#902),#11414,.T.);
#12103=ADVANCED_FACE('',(#2313),#429,.T.);
#12104=ADVANCED_FACE('',(#2314),#58,.T.);
#12105=ADVANCED_FACE('',(#2315),#430,.T.);
#12106=ADVANCED_FACE('',(#2316),#11415,.F.);
#12107=ADVANCED_FACE('',(#2317),#431,.F.);
#12108=ADVANCED_FACE('',(#2318),#432,.F.);
#12109=ADVANCED_FACE('',(#2319),#433,.F.);
#12110=ADVANCED_FACE('',(#2320),#434,.F.);
#12111=ADVANCED_FACE('',(#2321),#435,.F.);
#12112=ADVANCED_FACE('',(#2322,#903),#11416,.T.);
#12113=ADVANCED_FACE('',(#2323),#436,.F.);
#12114=ADVANCED_FACE('',(#2324,#904),#11417,.T.);
#12115=ADVANCED_FACE('',(#2325),#437,.F.);
#12116=ADVANCED_FACE('',(#2326,#905),#11418,.T.);
#12117=ADVANCED_FACE('',(#2327),#438,.F.);
#12118=ADVANCED_FACE('',(#2328,#906),#11419,.T.);
#12119=ADVANCED_FACE('',(#2329),#11420,.T.);
#12120=ADVANCED_FACE('',(#2330,#907,#908,#909,#910,#911,#912,#913,#914,
#915,#916,#917,#918,#919,#920,#921,#922,#923),#11421,.T.);
#12121=ADVANCED_FACE('',(#2331),#11422,.T.);
#12122=ADVANCED_FACE('',(#2332),#11423,.T.);
#12123=ADVANCED_FACE('',(#2333),#11424,.T.);
#12124=ADVANCED_FACE('',(#2334),#11425,.T.);
#12125=ADVANCED_FACE('',(#2335),#11426,.F.);
#12126=ADVANCED_FACE('',(#2336),#11427,.T.);
#12127=ADVANCED_FACE('',(#2337),#11428,.T.);
#12128=ADVANCED_FACE('',(#2338),#11429,.T.);
#12129=ADVANCED_FACE('',(#2339),#11430,.T.);
#12130=ADVANCED_FACE('',(#2340),#11431,.F.);
#12131=ADVANCED_FACE('',(#2341),#11432,.T.);
#12132=ADVANCED_FACE('',(#2342),#11433,.T.);
#12133=ADVANCED_FACE('',(#2343),#11434,.T.);
#12134=ADVANCED_FACE('',(#2344),#11435,.T.);
#12135=ADVANCED_FACE('',(#2345),#11436,.F.);
#12136=ADVANCED_FACE('',(#2346),#11437,.T.);
#12137=ADVANCED_FACE('',(#2347),#11438,.T.);
#12138=ADVANCED_FACE('',(#2348),#11439,.T.);
#12139=ADVANCED_FACE('',(#2349),#11440,.T.);
#12140=ADVANCED_FACE('',(#2350),#11441,.F.);
#12141=ADVANCED_FACE('',(#2351),#11442,.T.);
#12142=ADVANCED_FACE('',(#2352),#11443,.T.);
#12143=ADVANCED_FACE('',(#2353),#11444,.T.);
#12144=ADVANCED_FACE('',(#2354),#11445,.T.);
#12145=ADVANCED_FACE('',(#2355),#11446,.F.);
#12146=ADVANCED_FACE('',(#2356),#11447,.T.);
#12147=ADVANCED_FACE('',(#2357),#11448,.T.);
#12148=ADVANCED_FACE('',(#2358),#11449,.T.);
#12149=ADVANCED_FACE('',(#2359),#11450,.T.);
#12150=ADVANCED_FACE('',(#2360),#11451,.F.);
#12151=ADVANCED_FACE('',(#2361),#11452,.T.);
#12152=ADVANCED_FACE('',(#2362),#11453,.T.);
#12153=ADVANCED_FACE('',(#2363),#439,.F.);
#12154=ADVANCED_FACE('',(#2364),#11454,.T.);
#12155=ADVANCED_FACE('',(#2365),#11455,.T.);
#12156=ADVANCED_FACE('',(#2366,#924),#11456,.F.);
#12157=ADVANCED_FACE('',(#2367),#11457,.T.);
#12158=ADVANCED_FACE('',(#2368),#11458,.T.);
#12159=ADVANCED_FACE('',(#2369),#11459,.T.);
#12160=ADVANCED_FACE('',(#2370),#11460,.T.);
#12161=ADVANCED_FACE('',(#2371),#11461,.F.);
#12162=ADVANCED_FACE('',(#2372),#11462,.T.);
#12163=ADVANCED_FACE('',(#2373),#11463,.T.);
#12164=ADVANCED_FACE('',(#2374),#11464,.T.);
#12165=ADVANCED_FACE('',(#2375),#440,.F.);
#12166=ADVANCED_FACE('',(#2376),#11465,.T.);
#12167=ADVANCED_FACE('',(#2377),#11466,.T.);
#12168=ADVANCED_FACE('',(#2378),#11467,.F.);
#12169=ADVANCED_FACE('',(#2379),#11468,.T.);
#12170=ADVANCED_FACE('',(#2380),#11469,.T.);
#12171=ADVANCED_FACE('',(#2381,#925),#11470,.F.);
#12172=ADVANCED_FACE('',(#2382),#11471,.T.);
#12173=ADVANCED_FACE('',(#2383),#11472,.T.);
#12174=ADVANCED_FACE('',(#2384),#11473,.T.);
#12175=ADVANCED_FACE('',(#2385),#11474,.T.);
#12176=ADVANCED_FACE('',(#2386),#11475,.T.);
#12177=ADVANCED_FACE('',(#2387),#11476,.T.);
#12178=ADVANCED_FACE('',(#2388),#11477,.T.);
#12179=ADVANCED_FACE('',(#2389),#11478,.T.);
#12180=ADVANCED_FACE('',(#2390),#11479,.T.);
#12181=ADVANCED_FACE('',(#2391),#11480,.T.);
#12182=ADVANCED_FACE('',(#2392,#926,#927,#928,#929,#930),#11481,.T.);
#12183=ADVANCED_FACE('',(#2393),#11482,.T.);
#12184=ADVANCED_FACE('',(#2394),#11483,.T.);
#12185=ADVANCED_FACE('',(#2395),#11484,.T.);
#12186=ADVANCED_FACE('',(#2396),#11485,.T.);
#12187=ADVANCED_FACE('',(#2397),#11486,.F.);
#12188=ADVANCED_FACE('',(#2398),#11487,.T.);
#12189=ADVANCED_FACE('',(#2399),#11488,.T.);
#12190=ADVANCED_FACE('',(#2400),#11489,.T.);
#12191=ADVANCED_FACE('',(#2401),#11490,.T.);
#12192=ADVANCED_FACE('',(#2402),#11491,.F.);
#12193=ADVANCED_FACE('',(#2403),#11492,.T.);
#12194=ADVANCED_FACE('',(#2404),#11493,.T.);
#12195=ADVANCED_FACE('',(#2405),#11494,.T.);
#12196=ADVANCED_FACE('',(#2406),#11495,.T.);
#12197=ADVANCED_FACE('',(#2407),#11496,.F.);
#12198=ADVANCED_FACE('',(#2408),#11497,.T.);
#12199=ADVANCED_FACE('',(#2409),#11498,.T.);
#12200=ADVANCED_FACE('',(#2410),#11499,.T.);
#12201=ADVANCED_FACE('',(#2411),#11500,.T.);
#12202=ADVANCED_FACE('',(#2412),#11501,.F.);
#12203=ADVANCED_FACE('',(#2413),#11502,.T.);
#12204=ADVANCED_FACE('',(#2414),#11503,.T.);
#12205=ADVANCED_FACE('',(#2415),#11504,.T.);
#12206=ADVANCED_FACE('',(#2416),#11505,.T.);
#12207=ADVANCED_FACE('',(#2417),#11506,.F.);
#12208=ADVANCED_FACE('',(#2418),#11507,.T.);
#12209=ADVANCED_FACE('',(#2419),#11508,.T.);
#12210=ADVANCED_FACE('',(#2420),#11509,.T.);
#12211=ADVANCED_FACE('',(#2421),#11510,.T.);
#12212=ADVANCED_FACE('',(#2422),#11511,.F.);
#12213=ADVANCED_FACE('',(#2423),#11512,.T.);
#12214=ADVANCED_FACE('',(#2424),#11513,.T.);
#12215=ADVANCED_FACE('',(#2425),#11514,.T.);
#12216=ADVANCED_FACE('',(#2426),#11515,.T.);
#12217=ADVANCED_FACE('',(#2427),#11516,.F.);
#12218=ADVANCED_FACE('',(#2428),#11517,.T.);
#12219=ADVANCED_FACE('',(#2429),#11518,.T.);
#12220=ADVANCED_FACE('',(#2430),#11519,.T.);
#12221=ADVANCED_FACE('',(#2431),#11520,.T.);
#12222=ADVANCED_FACE('',(#2432,#931,#932,#933,#934),#11521,.T.);
#12223=ADVANCED_FACE('',(#2433),#11522,.F.);
#12224=ADVANCED_FACE('',(#2434),#11523,.F.);
#12225=ADVANCED_FACE('',(#2435),#11524,.F.);
#12226=ADVANCED_FACE('',(#2436,#935,#936,#937,#938),#11525,.T.);
#12227=ADVANCED_FACE('',(#2437),#11526,.T.);
#12228=ADVANCED_FACE('',(#2438),#11527,.T.);
#12229=ADVANCED_FACE('',(#2439),#441,.F.);
#12230=ADVANCED_FACE('',(#2440),#442,.F.);
#12231=ADVANCED_FACE('',(#2441),#443,.F.);
#12232=ADVANCED_FACE('',(#2442),#444,.F.);
#12233=ADVANCED_FACE('',(#2443),#445,.F.);
#12234=ADVANCED_FACE('',(#2444,#939),#11528,.T.);
#12235=ADVANCED_FACE('',(#2445),#446,.F.);
#12236=ADVANCED_FACE('',(#2446,#940),#11529,.T.);
#12237=ADVANCED_FACE('',(#2447),#447,.F.);
#12238=ADVANCED_FACE('',(#2448,#941),#11530,.T.);
#12239=ADVANCED_FACE('',(#2449),#448,.F.);
#12240=ADVANCED_FACE('',(#2450,#942),#11531,.T.);
#12241=ADVANCED_FACE('',(#2451),#11532,.T.);
#12242=ADVANCED_FACE('',(#2452),#11533,.T.);
#12243=ADVANCED_FACE('',(#2453),#11534,.T.);
#12244=ADVANCED_FACE('',(#2454),#11535,.T.);
#12245=ADVANCED_FACE('',(#2455),#11536,.T.);
#12246=ADVANCED_FACE('',(#2456),#11537,.T.);
#12247=ADVANCED_FACE('',(#2457),#11538,.T.);
#12248=ADVANCED_FACE('',(#2458),#11539,.T.);
#12249=ADVANCED_FACE('',(#2459,#943,#944,#945,#946),#11540,.F.);
#12250=CLOSED_SHELL('',(#11541,#11542,#11543,#11544,#11545,#11546,#11547,
#11548,#11549,#11550,#11551,#11552,#11553,#11554,#11555,#11556,#11557,#11558,
#11559,#11560,#11561,#11562,#11563,#11564,#11565,#11566,#11567,#11568,#11569,
#11570,#11571,#11572,#11573,#11574,#11575,#11576,#11577,#11578,#11579,#11580,
#11581,#11582,#11583,#11584,#11585,#11586,#11587,#11588,#11589,#11590,#11591,
#11592,#11593,#11594,#11595,#11596,#11597,#11598,#11599,#11600,#11601,#11602,
#11603,#11604,#11605,#11606,#11607,#11608,#11609,#11610,#11611,#11612,#11613,
#11614,#11615,#11616,#11617,#11618,#11619,#11620,#11621,#11622,#11623,#11624,
#11625,#11626,#11627,#11628,#11629,#11630,#11631,#11632,#11633,#11634,#11635,
#11636,#11637,#11638,#11639,#11640,#11641,#11642,#11643,#11644,#11645,#11646,
#11647,#11648,#11649,#11650,#11651,#11652,#11653,#11654,#11655,#11656,#11657,
#11658,#11659,#11660,#11661,#11662,#11663,#11664,#11665,#11666,#11667,#11668,
#11669,#11670,#11671,#11672,#11673,#11674,#11675,#11676,#11677,#11678,#11679,
#11680,#11681,#11682,#11683,#11684,#11685,#11686,#11687,#11688,#11689,#11690,
#11691,#11692,#11693,#11694,#11695,#11696,#11697,#11698,#11699,#11700,#11701,
#11702,#11703,#11704,#11705,#11706,#11707,#11708,#11709,#11710,#11711,#11712,
#11713,#11714,#11715,#11716,#11717,#11718,#11719,#11720,#11721,#11722,#11723,
#11724,#11725,#11726,#11727,#11728,#11729,#11730));
#12251=CLOSED_SHELL('',(#11731,#11732,#11733,#11734,#11735,#11736,#11737,
#11738,#11739,#11740,#11741,#11742,#11743,#11744,#11745));
#12252=CLOSED_SHELL('',(#11746,#11747,#11748,#11749,#11750,#11751,#11752,
#11753,#11754,#11755,#11756,#11757,#11758,#11759,#11760));
#12253=CLOSED_SHELL('',(#11761,#11762,#11763,#11764,#11765,#11766,#11767,
#11768,#11769,#11770,#11771,#11772,#11773,#11774,#11775));
#12254=CLOSED_SHELL('',(#11776,#11777,#11778,#11779,#11780,#11781,#11782,
#11783,#11784,#11785,#11786,#11787,#11788,#11789,#11790));
#12255=CLOSED_SHELL('',(#11791,#11792,#11793,#11794,#11795,#11796,#11797,
#11798,#11799,#11800,#11801,#11802,#11803,#11804,#11805));
#12256=CLOSED_SHELL('',(#11806,#11807,#11808,#11809,#11810,#11811,#11812,
#11813,#11814,#11815,#11816,#11817,#11818,#11819,#11820));
#12257=CLOSED_SHELL('',(#11821,#11822,#11823,#11824,#11825,#11826,#11827,
#11828,#11829,#11830,#11831,#11832,#11833,#11834,#11835));
#12258=CLOSED_SHELL('',(#11836,#11837,#11838,#11839,#11840,#11841,#11842,
#11843,#11844,#11845,#11846,#11847,#11848,#11849,#11850));
#12259=CLOSED_SHELL('',(#11851,#11852,#11853,#11854,#11855,#11856,#11857,
#11858,#11859,#11860,#11861,#11862,#11863,#11864,#11865));
#12260=CLOSED_SHELL('',(#11866,#11867,#11868,#11869,#11870,#11871,#11872,
#11873,#11874,#11875,#11876,#11877,#11878,#11879,#11880));
#12261=CLOSED_SHELL('',(#11881,#11882,#11883,#11884,#11885,#11886,#11887,
#11888,#11889,#11890,#11891,#11892,#11893,#11894,#11895));
#12262=CLOSED_SHELL('',(#11896,#11897,#11898,#11899,#11900,#11901,#11902,
#11903,#11904,#11905,#11906,#11907,#11908,#11909,#11910));
#12263=CLOSED_SHELL('',(#11911,#11912,#11913,#11914,#11915,#11916,#11917,
#11918,#11919,#11920,#11921,#11922,#11923,#11924,#11925));
#12264=CLOSED_SHELL('',(#11926,#11927,#11928,#11929,#11930,#11931,#11932,
#11933,#11934,#11935,#11936,#11937,#11938,#11939,#11940));
#12265=CLOSED_SHELL('',(#11941,#11942,#11943,#11944,#11945,#11946,#11947,
#11948,#11949,#11950,#11951,#11952,#11953,#11954,#11955));
#12266=CLOSED_SHELL('',(#11956,#11957,#11958,#11959,#11960,#11961,#11962,
#11963,#11964,#11965,#11966,#11967,#11968,#11969,#11970));
#12267=CLOSED_SHELL('',(#11971,#11972,#11973,#11974,#11975,#11976,#11977,
#11978,#11979,#11980,#11981,#11982,#11983,#11984,#11985));
#12268=CLOSED_SHELL('',(#11986,#11987,#11988,#11989,#11990,#11991,#11992,
#11993,#11994,#11995,#11996,#11997,#11998,#11999,#12000,#12001,#12002,#12003,
#12004,#12005,#12006,#12007,#12008,#12009,#12010,#12011,#12012,#12013,#12014,
#12015,#12016,#12017,#12018,#12019,#12020,#12021,#12022,#12023,#12024,#12025,
#12026,#12027,#12028,#12029,#12030,#12031,#12032,#12033,#12034,#12035,#12036,
#12037,#12038,#12039,#12040,#12041,#12042,#12043,#12044,#12045,#12046,#12047,
#12048,#12049,#12050,#12051,#12052,#12053,#12054,#12055,#12056,#12057,#12058,
#12059,#12060,#12061));
#12269=CLOSED_SHELL('',(#12062,#12063,#12064,#12065,#12066,#12067,#12068,
#12069,#12070,#12071,#12072,#12073,#12074,#12075,#12076));
#12270=CLOSED_SHELL('',(#12077,#12078,#12079,#12080,#12081,#12082,#12083,
#12084,#12085,#12086,#12087,#12088,#12089,#12090,#12091));
#12271=CLOSED_SHELL('',(#12092,#12093,#12094,#12095,#12096,#12097,#12098,
#12099,#12100,#12101,#12102,#12103,#12104,#12105,#12106));
#12272=CLOSED_SHELL('',(#12107,#12108,#12109,#12110,#12111,#12112,#12113,
#12114,#12115,#12116,#12117,#12118,#12119,#12120,#12121,#12122,#12123,#12124,
#12125,#12126,#12127,#12128,#12129,#12130,#12131,#12132,#12133,#12134,#12135,
#12136,#12137,#12138,#12139,#12140,#12141,#12142,#12143,#12144,#12145,#12146,
#12147,#12148,#12149,#12150,#12151,#12152,#12153,#12154,#12155,#12156,#12157,
#12158,#12159,#12160,#12161,#12162,#12163,#12164,#12165,#12166,#12167,#12168,
#12169,#12170,#12171,#12172,#12173,#12174,#12175,#12176,#12177,#12178,#12179,
#12180,#12181,#12182,#12183,#12184,#12185,#12186,#12187,#12188,#12189,#12190,
#12191,#12192,#12193,#12194,#12195,#12196,#12197,#12198,#12199,#12200,#12201,
#12202,#12203,#12204,#12205,#12206,#12207,#12208,#12209,#12210,#12211,#12212,
#12213,#12214,#12215,#12216,#12217,#12218,#12219,#12220,#12221,#12222,#12223));
#12273=CLOSED_SHELL('',(#12224,#12225,#12226,#12227,#12228,#12229,#12230,
#12231,#12232,#12233,#12234,#12235,#12236,#12237,#12238,#12239,#12240,#12241,
#12242,#12243,#12244,#12245,#12246,#12247,#12248,#12249));
#12274=DERIVED_UNIT_ELEMENT(#12276,1.);
#12275=DERIVED_UNIT_ELEMENT(#21053,-3.);
#12276=(
MASS_UNIT()
NAMED_UNIT(*)
SI_UNIT(.KILO.,.GRAM.)
);
#12277=DERIVED_UNIT((#12274,#12275));
#12278=MEASURE_REPRESENTATION_ITEM('density measure',
POSITIVE_RATIO_MEASURE(1060.),#12277);
#12279=PROPERTY_DEFINITION_REPRESENTATION(#12284,#12281);
#12280=PROPERTY_DEFINITION_REPRESENTATION(#12285,#12282);
#12281=REPRESENTATION('material name',(#12283),#21050);
#12282=REPRESENTATION('density',(#12278),#21050);
#12283=DESCRIPTIVE_REPRESENTATION_ITEM('ABS Plastic','ABS Plastic');
#12284=PROPERTY_DEFINITION('material property','material name',#21065);
#12285=PROPERTY_DEFINITION('material property','density of part',#21065);
#12286=AXIS2_PLACEMENT_3D('',#17647,#13802,#13803);
#12287=AXIS2_PLACEMENT_3D('',#17648,#13804,#13805);
#12288=AXIS2_PLACEMENT_3D('',#17649,#13806,#13807);
#12289=AXIS2_PLACEMENT_3D('',#17658,#13812,#13813);
#12290=AXIS2_PLACEMENT_3D('',#17664,#13817,#13818);
#12291=AXIS2_PLACEMENT_3D('',#17670,#13822,#13823);
#12292=AXIS2_PLACEMENT_3D('',#17673,#13825,#13826);
#12293=AXIS2_PLACEMENT_3D('',#17675,#13827,#13828);
#12294=AXIS2_PLACEMENT_3D('',#17677,#13829,#13830);
#12295=AXIS2_PLACEMENT_3D('',#17679,#13831,#13832);
#12296=AXIS2_PLACEMENT_3D('',#17681,#13833,#13834);
#12297=AXIS2_PLACEMENT_3D('',#17683,#13835,#13836);
#12298=AXIS2_PLACEMENT_3D('',#17685,#13837,#13838);
#12299=AXIS2_PLACEMENT_3D('',#17687,#13839,#13840);
#12300=AXIS2_PLACEMENT_3D('',#17689,#13841,#13842);
#12301=AXIS2_PLACEMENT_3D('',#17691,#13843,#13844);
#12302=AXIS2_PLACEMENT_3D('',#17693,#13845,#13846);
#12303=AXIS2_PLACEMENT_3D('',#17695,#13847,#13848);
#12304=AXIS2_PLACEMENT_3D('',#17697,#13849,#13850);
#12305=AXIS2_PLACEMENT_3D('',#17699,#13851,#13852);
#12306=AXIS2_PLACEMENT_3D('',#17701,#13853,#13854);
#12307=AXIS2_PLACEMENT_3D('',#17703,#13855,#13856);
#12308=AXIS2_PLACEMENT_3D('',#17705,#13857,#13858);
#12309=AXIS2_PLACEMENT_3D('',#17707,#13859,#13860);
#12310=AXIS2_PLACEMENT_3D('',#17709,#13861,#13862);
#12311=AXIS2_PLACEMENT_3D('',#17711,#13863,#13864);
#12312=AXIS2_PLACEMENT_3D('',#17713,#13865,#13866);
#12313=AXIS2_PLACEMENT_3D('',#17715,#13867,#13868);
#12314=AXIS2_PLACEMENT_3D('',#17717,#13869,#13870);
#12315=AXIS2_PLACEMENT_3D('',#17719,#13871,#13872);
#12316=AXIS2_PLACEMENT_3D('',#17721,#13873,#13874);
#12317=AXIS2_PLACEMENT_3D('',#17723,#13875,#13876);
#12318=AXIS2_PLACEMENT_3D('',#17725,#13877,#13878);
#12319=AXIS2_PLACEMENT_3D('',#17727,#13879,#13880);
#12320=AXIS2_PLACEMENT_3D('',#17729,#13881,#13882);
#12321=AXIS2_PLACEMENT_3D('',#17731,#13883,#13884);
#12322=AXIS2_PLACEMENT_3D('',#17733,#13885,#13886);
#12323=AXIS2_PLACEMENT_3D('',#17735,#13887,#13888);
#12324=AXIS2_PLACEMENT_3D('',#17737,#13889,#13890);
#12325=AXIS2_PLACEMENT_3D('',#17739,#13891,#13892);
#12326=AXIS2_PLACEMENT_3D('',#17741,#13893,#13894);
#12327=AXIS2_PLACEMENT_3D('',#17743,#13895,#13896);
#12328=AXIS2_PLACEMENT_3D('',#17745,#13897,#13898);
#12329=AXIS2_PLACEMENT_3D('',#17747,#13899,#13900);
#12330=AXIS2_PLACEMENT_3D('',#17749,#13901,#13902);
#12331=AXIS2_PLACEMENT_3D('',#17751,#13903,#13904);
#12332=AXIS2_PLACEMENT_3D('',#17753,#13905,#13906);
#12333=AXIS2_PLACEMENT_3D('',#17755,#13907,#13908);
#12334=AXIS2_PLACEMENT_3D('',#17757,#13909,#13910);
#12335=AXIS2_PLACEMENT_3D('',#17759,#13911,#13912);
#12336=AXIS2_PLACEMENT_3D('',#17761,#13913,#13914);
#12337=AXIS2_PLACEMENT_3D('',#17763,#13915,#13916);
#12338=AXIS2_PLACEMENT_3D('',#17765,#13917,#13918);
#12339=AXIS2_PLACEMENT_3D('',#17767,#13919,#13920);
#12340=AXIS2_PLACEMENT_3D('',#17769,#13921,#13922);
#12341=AXIS2_PLACEMENT_3D('',#17771,#13923,#13924);
#12342=AXIS2_PLACEMENT_3D('',#17773,#13925,#13926);
#12343=AXIS2_PLACEMENT_3D('',#17775,#13927,#13928);
#12344=AXIS2_PLACEMENT_3D('',#17777,#13929,#13930);
#12345=AXIS2_PLACEMENT_3D('',#17779,#13931,#13932);
#12346=AXIS2_PLACEMENT_3D('',#17781,#13933,#13934);
#12347=AXIS2_PLACEMENT_3D('',#17783,#13935,#13936);
#12348=AXIS2_PLACEMENT_3D('',#17785,#13937,#13938);
#12349=AXIS2_PLACEMENT_3D('',#17787,#13939,#13940);
#12350=AXIS2_PLACEMENT_3D('',#17789,#13941,#13942);
#12351=AXIS2_PLACEMENT_3D('',#17791,#13943,#13944);
#12352=AXIS2_PLACEMENT_3D('',#17793,#13945,#13946);
#12353=AXIS2_PLACEMENT_3D('',#17795,#13947,#13948);
#12354=AXIS2_PLACEMENT_3D('',#17797,#13949,#13950);
#12355=AXIS2_PLACEMENT_3D('',#17799,#13951,#13952);
#12356=AXIS2_PLACEMENT_3D('',#17801,#13953,#13954);
#12357=AXIS2_PLACEMENT_3D('',#17803,#13955,#13956);
#12358=AXIS2_PLACEMENT_3D('',#17805,#13957,#13958);
#12359=AXIS2_PLACEMENT_3D('',#17807,#13959,#13960);
#12360=AXIS2_PLACEMENT_3D('',#17809,#13961,#13962);
#12361=AXIS2_PLACEMENT_3D('',#17811,#13963,#13964);
#12362=AXIS2_PLACEMENT_3D('',#17813,#13965,#13966);
#12363=AXIS2_PLACEMENT_3D('',#17815,#13967,#13968);
#12364=AXIS2_PLACEMENT_3D('',#17817,#13969,#13970);
#12365=AXIS2_PLACEMENT_3D('',#17819,#13971,#13972);
#12366=AXIS2_PLACEMENT_3D('',#17821,#13973,#13974);
#12367=AXIS2_PLACEMENT_3D('',#17823,#13975,#13976);
#12368=AXIS2_PLACEMENT_3D('',#17825,#13977,#13978);
#12369=AXIS2_PLACEMENT_3D('',#17827,#13979,#13980);
#12370=AXIS2_PLACEMENT_3D('',#17829,#13981,#13982);
#12371=AXIS2_PLACEMENT_3D('',#17831,#13983,#13984);
#12372=AXIS2_PLACEMENT_3D('',#17833,#13985,#13986);
#12373=AXIS2_PLACEMENT_3D('',#17835,#13987,#13988);
#12374=AXIS2_PLACEMENT_3D('',#17837,#13989,#13990);
#12375=AXIS2_PLACEMENT_3D('',#17839,#13991,#13992);
#12376=AXIS2_PLACEMENT_3D('',#17841,#13993,#13994);
#12377=AXIS2_PLACEMENT_3D('',#17843,#13995,#13996);
#12378=AXIS2_PLACEMENT_3D('',#17845,#13997,#13998);
#12379=AXIS2_PLACEMENT_3D('',#17847,#13999,#14000);
#12380=AXIS2_PLACEMENT_3D('',#17849,#14001,#14002);
#12381=AXIS2_PLACEMENT_3D('',#17851,#14003,#14004);
#12382=AXIS2_PLACEMENT_3D('',#17853,#14005,#14006);
#12383=AXIS2_PLACEMENT_3D('',#17855,#14007,#14008);
#12384=AXIS2_PLACEMENT_3D('',#17857,#14009,#14010);
#12385=AXIS2_PLACEMENT_3D('',#17859,#14011,#14012);
#12386=AXIS2_PLACEMENT_3D('',#17861,#14013,#14014);
#12387=AXIS2_PLACEMENT_3D('',#17863,#14015,#14016);
#12388=AXIS2_PLACEMENT_3D('',#17865,#14017,#14018);
#12389=AXIS2_PLACEMENT_3D('',#17867,#14019,#14020);
#12390=AXIS2_PLACEMENT_3D('',#17869,#14021,#14022);
#12391=AXIS2_PLACEMENT_3D('',#17871,#14023,#14024);
#12392=AXIS2_PLACEMENT_3D('',#17873,#14025,#14026);
#12393=AXIS2_PLACEMENT_3D('',#17875,#14027,#14028);
#12394=AXIS2_PLACEMENT_3D('',#17877,#14029,#14030);
#12395=AXIS2_PLACEMENT_3D('',#17879,#14031,#14032);
#12396=AXIS2_PLACEMENT_3D('',#17881,#14033,#14034);
#12397=AXIS2_PLACEMENT_3D('',#17883,#14035,#14036);
#12398=AXIS2_PLACEMENT_3D('',#17885,#14037,#14038);
#12399=AXIS2_PLACEMENT_3D('',#17887,#14039,#14040);
#12400=AXIS2_PLACEMENT_3D('',#17889,#14041,#14042);
#12401=AXIS2_PLACEMENT_3D('',#17891,#14043,#14044);
#12402=AXIS2_PLACEMENT_3D('',#17893,#14045,#14046);
#12403=AXIS2_PLACEMENT_3D('',#17895,#14047,#14048);
#12404=AXIS2_PLACEMENT_3D('',#17897,#14049,#14050);
#12405=AXIS2_PLACEMENT_3D('',#17899,#14051,#14052);
#12406=AXIS2_PLACEMENT_3D('',#17901,#14053,#14054);
#12407=AXIS2_PLACEMENT_3D('',#17903,#14055,#14056);
#12408=AXIS2_PLACEMENT_3D('',#17905,#14057,#14058);
#12409=AXIS2_PLACEMENT_3D('',#17907,#14059,#14060);
#12410=AXIS2_PLACEMENT_3D('',#17909,#14061,#14062);
#12411=AXIS2_PLACEMENT_3D('',#17911,#14063,#14064);
#12412=AXIS2_PLACEMENT_3D('',#17913,#14065,#14066);
#12413=AXIS2_PLACEMENT_3D('',#17915,#14067,#14068);
#12414=AXIS2_PLACEMENT_3D('',#17917,#14069,#14070);
#12415=AXIS2_PLACEMENT_3D('',#17919,#14071,#14072);
#12416=AXIS2_PLACEMENT_3D('',#17921,#14073,#14074);
#12417=AXIS2_PLACEMENT_3D('',#17923,#14075,#14076);
#12418=AXIS2_PLACEMENT_3D('',#17925,#14077,#14078);
#12419=AXIS2_PLACEMENT_3D('',#17927,#14079,#14080);
#12420=AXIS2_PLACEMENT_3D('',#17929,#14081,#14082);
#12421=AXIS2_PLACEMENT_3D('',#17931,#14083,#14084);
#12422=AXIS2_PLACEMENT_3D('',#17933,#14085,#14086);
#12423=AXIS2_PLACEMENT_3D('',#17935,#14087,#14088);
#12424=AXIS2_PLACEMENT_3D('',#17937,#14089,#14090);
#12425=AXIS2_PLACEMENT_3D('',#17939,#14091,#14092);
#12426=AXIS2_PLACEMENT_3D('',#17941,#14093,#14094);
#12427=AXIS2_PLACEMENT_3D('',#17943,#14095,#14096);
#12428=AXIS2_PLACEMENT_3D('',#17945,#14097,#14098);
#12429=AXIS2_PLACEMENT_3D('',#17947,#14099,#14100);
#12430=AXIS2_PLACEMENT_3D('',#17949,#14101,#14102);
#12431=AXIS2_PLACEMENT_3D('',#17951,#14103,#14104);
#12432=AXIS2_PLACEMENT_3D('',#17953,#14105,#14106);
#12433=AXIS2_PLACEMENT_3D('',#17955,#14107,#14108);
#12434=AXIS2_PLACEMENT_3D('',#17957,#14109,#14110);
#12435=AXIS2_PLACEMENT_3D('',#17959,#14111,#14112);
#12436=AXIS2_PLACEMENT_3D('',#17961,#14113,#14114);
#12437=AXIS2_PLACEMENT_3D('',#17963,#14115,#14116);
#12438=AXIS2_PLACEMENT_3D('',#17965,#14117,#14118);
#12439=AXIS2_PLACEMENT_3D('',#17967,#14119,#14120);
#12440=AXIS2_PLACEMENT_3D('',#17969,#14121,#14122);
#12441=AXIS2_PLACEMENT_3D('',#17971,#14123,#14124);
#12442=AXIS2_PLACEMENT_3D('',#17973,#14125,#14126);
#12443=AXIS2_PLACEMENT_3D('',#17975,#14127,#14128);
#12444=AXIS2_PLACEMENT_3D('',#17977,#14129,#14130);
#12445=AXIS2_PLACEMENT_3D('',#17979,#14131,#14132);
#12446=AXIS2_PLACEMENT_3D('',#17981,#14133,#14134);
#12447=AXIS2_PLACEMENT_3D('',#17983,#14135,#14136);
#12448=AXIS2_PLACEMENT_3D('',#17985,#14137,#14138);
#12449=AXIS2_PLACEMENT_3D('',#17987,#14139,#14140);
#12450=AXIS2_PLACEMENT_3D('',#17989,#14141,#14142);
#12451=AXIS2_PLACEMENT_3D('',#17991,#14143,#14144);
#12452=AXIS2_PLACEMENT_3D('',#17993,#14145,#14146);
#12453=AXIS2_PLACEMENT_3D('',#17995,#14147,#14148);
#12454=AXIS2_PLACEMENT_3D('',#17997,#14149,#14150);
#12455=AXIS2_PLACEMENT_3D('',#17999,#14151,#14152);
#12456=AXIS2_PLACEMENT_3D('',#18001,#14153,#14154);
#12457=AXIS2_PLACEMENT_3D('',#18003,#14155,#14156);
#12458=AXIS2_PLACEMENT_3D('',#18005,#14157,#14158);
#12459=AXIS2_PLACEMENT_3D('',#18007,#14159,#14160);
#12460=AXIS2_PLACEMENT_3D('',#18009,#14161,#14162);
#12461=AXIS2_PLACEMENT_3D('',#18011,#14163,#14164);
#12462=AXIS2_PLACEMENT_3D('',#18013,#14165,#14166);
#12463=AXIS2_PLACEMENT_3D('',#18015,#14167,#14168);
#12464=AXIS2_PLACEMENT_3D('',#18017,#14169,#14170);
#12465=AXIS2_PLACEMENT_3D('',#18019,#14171,#14172);
#12466=AXIS2_PLACEMENT_3D('',#18021,#14173,#14174);
#12467=AXIS2_PLACEMENT_3D('',#18023,#14175,#14176);
#12468=AXIS2_PLACEMENT_3D('',#18025,#14177,#14178);
#12469=AXIS2_PLACEMENT_3D('',#18027,#14179,#14180);
#12470=AXIS2_PLACEMENT_3D('',#18029,#14181,#14182);
#12471=AXIS2_PLACEMENT_3D('',#18031,#14183,#14184);
#12472=AXIS2_PLACEMENT_3D('',#18033,#14185,#14186);
#12473=AXIS2_PLACEMENT_3D('',#18035,#14187,#14188);
#12474=AXIS2_PLACEMENT_3D('',#18037,#14189,#14190);
#12475=AXIS2_PLACEMENT_3D('',#18039,#14191,#14192);
#12476=AXIS2_PLACEMENT_3D('',#18040,#14193,#14194);
#12477=AXIS2_PLACEMENT_3D('',#18043,#14196,#14197);
#12478=AXIS2_PLACEMENT_3D('',#18045,#14198,#14199);
#12479=AXIS2_PLACEMENT_3D('',#18047,#14200,#14201);
#12480=AXIS2_PLACEMENT_3D('',#18049,#14202,#14203);
#12481=AXIS2_PLACEMENT_3D('',#18051,#14204,#14205);
#12482=AXIS2_PLACEMENT_3D('',#18053,#14206,#14207);
#12483=AXIS2_PLACEMENT_3D('',#18055,#14208,#14209);
#12484=AXIS2_PLACEMENT_3D('',#18057,#14210,#14211);
#12485=AXIS2_PLACEMENT_3D('',#18059,#14212,#14213);
#12486=AXIS2_PLACEMENT_3D('',#18061,#14214,#14215);
#12487=AXIS2_PLACEMENT_3D('',#18063,#14216,#14217);
#12488=AXIS2_PLACEMENT_3D('',#18065,#14218,#14219);
#12489=AXIS2_PLACEMENT_3D('',#18067,#14220,#14221);
#12490=AXIS2_PLACEMENT_3D('',#18069,#14222,#14223);
#12491=AXIS2_PLACEMENT_3D('',#18071,#14224,#14225);
#12492=AXIS2_PLACEMENT_3D('',#18073,#14226,#14227);
#12493=AXIS2_PLACEMENT_3D('',#18075,#14228,#14229);
#12494=AXIS2_PLACEMENT_3D('',#18077,#14230,#14231);
#12495=AXIS2_PLACEMENT_3D('',#18079,#14232,#14233);
#12496=AXIS2_PLACEMENT_3D('',#18081,#14234,#14235);
#12497=AXIS2_PLACEMENT_3D('',#18083,#14236,#14237);
#12498=AXIS2_PLACEMENT_3D('',#18085,#14238,#14239);
#12499=AXIS2_PLACEMENT_3D('',#18087,#14240,#14241);
#12500=AXIS2_PLACEMENT_3D('',#18089,#14242,#14243);
#12501=AXIS2_PLACEMENT_3D('',#18091,#14244,#14245);
#12502=AXIS2_PLACEMENT_3D('',#18093,#14246,#14247);
#12503=AXIS2_PLACEMENT_3D('',#18095,#14248,#14249);
#12504=AXIS2_PLACEMENT_3D('',#18097,#14250,#14251);
#12505=AXIS2_PLACEMENT_3D('',#18099,#14252,#14253);
#12506=AXIS2_PLACEMENT_3D('',#18101,#14254,#14255);
#12507=AXIS2_PLACEMENT_3D('',#18103,#14256,#14257);
#12508=AXIS2_PLACEMENT_3D('',#18105,#14258,#14259);
#12509=AXIS2_PLACEMENT_3D('',#18107,#14260,#14261);
#12510=AXIS2_PLACEMENT_3D('',#18109,#14262,#14263);
#12511=AXIS2_PLACEMENT_3D('',#18111,#14264,#14265);
#12512=AXIS2_PLACEMENT_3D('',#18113,#14266,#14267);
#12513=AXIS2_PLACEMENT_3D('',#18115,#14268,#14269);
#12514=AXIS2_PLACEMENT_3D('',#18117,#14270,#14271);
#12515=AXIS2_PLACEMENT_3D('',#18119,#14272,#14273);
#12516=AXIS2_PLACEMENT_3D('',#18121,#14274,#14275);
#12517=AXIS2_PLACEMENT_3D('',#18123,#14276,#14277);
#12518=AXIS2_PLACEMENT_3D('',#18125,#14278,#14279);
#12519=AXIS2_PLACEMENT_3D('',#18127,#14280,#14281);
#12520=AXIS2_PLACEMENT_3D('',#18129,#14282,#14283);
#12521=AXIS2_PLACEMENT_3D('',#18131,#14284,#14285);
#12522=AXIS2_PLACEMENT_3D('',#18133,#14286,#14287);
#12523=AXIS2_PLACEMENT_3D('',#18135,#14288,#14289);
#12524=AXIS2_PLACEMENT_3D('',#18137,#14290,#14291);
#12525=AXIS2_PLACEMENT_3D('',#18139,#14292,#14293);
#12526=AXIS2_PLACEMENT_3D('',#18141,#14294,#14295);
#12527=AXIS2_PLACEMENT_3D('',#18143,#14296,#14297);
#12528=AXIS2_PLACEMENT_3D('',#18145,#14298,#14299);
#12529=AXIS2_PLACEMENT_3D('',#18147,#14300,#14301);
#12530=AXIS2_PLACEMENT_3D('',#18149,#14302,#14303);
#12531=AXIS2_PLACEMENT_3D('',#18151,#14304,#14305);
#12532=AXIS2_PLACEMENT_3D('',#18153,#14306,#14307);
#12533=AXIS2_PLACEMENT_3D('',#18155,#14308,#14309);
#12534=AXIS2_PLACEMENT_3D('',#18157,#14310,#14311);
#12535=AXIS2_PLACEMENT_3D('',#18159,#14312,#14313);
#12536=AXIS2_PLACEMENT_3D('',#18161,#14314,#14315);
#12537=AXIS2_PLACEMENT_3D('',#18163,#14316,#14317);
#12538=AXIS2_PLACEMENT_3D('',#18165,#14318,#14319);
#12539=AXIS2_PLACEMENT_3D('',#18167,#14320,#14321);
#12540=AXIS2_PLACEMENT_3D('',#18169,#14322,#14323);
#12541=AXIS2_PLACEMENT_3D('',#18171,#14324,#14325);
#12542=AXIS2_PLACEMENT_3D('',#18173,#14326,#14327);
#12543=AXIS2_PLACEMENT_3D('',#18175,#14328,#14329);
#12544=AXIS2_PLACEMENT_3D('',#18177,#14330,#14331);
#12545=AXIS2_PLACEMENT_3D('',#18179,#14332,#14333);
#12546=AXIS2_PLACEMENT_3D('',#18181,#14334,#14335);
#12547=AXIS2_PLACEMENT_3D('',#18183,#14336,#14337);
#12548=AXIS2_PLACEMENT_3D('',#18185,#14338,#14339);
#12549=AXIS2_PLACEMENT_3D('',#18187,#14340,#14341);
#12550=AXIS2_PLACEMENT_3D('',#18189,#14342,#14343);
#12551=AXIS2_PLACEMENT_3D('',#18191,#14344,#14345);
#12552=AXIS2_PLACEMENT_3D('',#18193,#14346,#14347);
#12553=AXIS2_PLACEMENT_3D('',#18195,#14348,#14349);
#12554=AXIS2_PLACEMENT_3D('',#18197,#14350,#14351);
#12555=AXIS2_PLACEMENT_3D('',#18199,#14352,#14353);
#12556=AXIS2_PLACEMENT_3D('',#18201,#14354,#14355);
#12557=AXIS2_PLACEMENT_3D('',#18203,#14356,#14357);
#12558=AXIS2_PLACEMENT_3D('',#18205,#14358,#14359);
#12559=AXIS2_PLACEMENT_3D('',#18207,#14360,#14361);
#12560=AXIS2_PLACEMENT_3D('',#18209,#14362,#14363);
#12561=AXIS2_PLACEMENT_3D('',#18211,#14364,#14365);
#12562=AXIS2_PLACEMENT_3D('',#18213,#14366,#14367);
#12563=AXIS2_PLACEMENT_3D('',#18215,#14368,#14369);
#12564=AXIS2_PLACEMENT_3D('',#18217,#14370,#14371);
#12565=AXIS2_PLACEMENT_3D('',#18219,#14372,#14373);
#12566=AXIS2_PLACEMENT_3D('',#18221,#14374,#14375);
#12567=AXIS2_PLACEMENT_3D('',#18223,#14376,#14377);
#12568=AXIS2_PLACEMENT_3D('',#18225,#14378,#14379);
#12569=AXIS2_PLACEMENT_3D('',#18227,#14380,#14381);
#12570=AXIS2_PLACEMENT_3D('',#18229,#14382,#14383);
#12571=AXIS2_PLACEMENT_3D('',#18231,#14384,#14385);
#12572=AXIS2_PLACEMENT_3D('',#18233,#14386,#14387);
#12573=AXIS2_PLACEMENT_3D('',#18235,#14388,#14389);
#12574=AXIS2_PLACEMENT_3D('',#18237,#14390,#14391);
#12575=AXIS2_PLACEMENT_3D('',#18239,#14392,#14393);
#12576=AXIS2_PLACEMENT_3D('',#18241,#14394,#14395);
#12577=AXIS2_PLACEMENT_3D('',#18243,#14396,#14397);
#12578=AXIS2_PLACEMENT_3D('',#18245,#14398,#14399);
#12579=AXIS2_PLACEMENT_3D('',#18247,#14400,#14401);
#12580=AXIS2_PLACEMENT_3D('',#18249,#14402,#14403);
#12581=AXIS2_PLACEMENT_3D('',#18251,#14404,#14405);
#12582=AXIS2_PLACEMENT_3D('',#18253,#14406,#14407);
#12583=AXIS2_PLACEMENT_3D('',#18255,#14408,#14409);
#12584=AXIS2_PLACEMENT_3D('',#18257,#14410,#14411);
#12585=AXIS2_PLACEMENT_3D('',#18259,#14412,#14413);
#12586=AXIS2_PLACEMENT_3D('',#18261,#14414,#14415);
#12587=AXIS2_PLACEMENT_3D('',#18263,#14416,#14417);
#12588=AXIS2_PLACEMENT_3D('',#18265,#14418,#14419);
#12589=AXIS2_PLACEMENT_3D('',#18267,#14420,#14421);
#12590=AXIS2_PLACEMENT_3D('',#18269,#14422,#14423);
#12591=AXIS2_PLACEMENT_3D('',#18271,#14424,#14425);
#12592=AXIS2_PLACEMENT_3D('',#18273,#14426,#14427);
#12593=AXIS2_PLACEMENT_3D('',#18275,#14428,#14429);
#12594=AXIS2_PLACEMENT_3D('',#18277,#14430,#14431);
#12595=AXIS2_PLACEMENT_3D('',#18279,#14432,#14433);
#12596=AXIS2_PLACEMENT_3D('',#18281,#14434,#14435);
#12597=AXIS2_PLACEMENT_3D('',#18283,#14436,#14437);
#12598=AXIS2_PLACEMENT_3D('',#18285,#14438,#14439);
#12599=AXIS2_PLACEMENT_3D('',#18287,#14440,#14441);
#12600=AXIS2_PLACEMENT_3D('',#18289,#14442,#14443);
#12601=AXIS2_PLACEMENT_3D('',#18291,#14444,#14445);
#12602=AXIS2_PLACEMENT_3D('',#18293,#14446,#14447);
#12603=AXIS2_PLACEMENT_3D('',#18295,#14448,#14449);
#12604=AXIS2_PLACEMENT_3D('',#18297,#14450,#14451);
#12605=AXIS2_PLACEMENT_3D('',#18299,#14452,#14453);
#12606=AXIS2_PLACEMENT_3D('',#18301,#14454,#14455);
#12607=AXIS2_PLACEMENT_3D('',#18303,#14456,#14457);
#12608=AXIS2_PLACEMENT_3D('',#18305,#14458,#14459);
#12609=AXIS2_PLACEMENT_3D('',#18307,#14460,#14461);
#12610=AXIS2_PLACEMENT_3D('',#18309,#14462,#14463);
#12611=AXIS2_PLACEMENT_3D('',#18311,#14464,#14465);
#12612=AXIS2_PLACEMENT_3D('',#18313,#14466,#14467);
#12613=AXIS2_PLACEMENT_3D('',#18315,#14468,#14469);
#12614=AXIS2_PLACEMENT_3D('',#18317,#14470,#14471);
#12615=AXIS2_PLACEMENT_3D('',#18319,#14472,#14473);
#12616=AXIS2_PLACEMENT_3D('',#18321,#14474,#14475);
#12617=AXIS2_PLACEMENT_3D('',#18323,#14476,#14477);
#12618=AXIS2_PLACEMENT_3D('',#18325,#14478,#14479);
#12619=AXIS2_PLACEMENT_3D('',#18327,#14480,#14481);
#12620=AXIS2_PLACEMENT_3D('',#18329,#14482,#14483);
#12621=AXIS2_PLACEMENT_3D('',#18331,#14484,#14485);
#12622=AXIS2_PLACEMENT_3D('',#18333,#14486,#14487);
#12623=AXIS2_PLACEMENT_3D('',#18335,#14488,#14489);
#12624=AXIS2_PLACEMENT_3D('',#18337,#14490,#14491);
#12625=AXIS2_PLACEMENT_3D('',#18339,#14492,#14493);
#12626=AXIS2_PLACEMENT_3D('',#18341,#14494,#14495);
#12627=AXIS2_PLACEMENT_3D('',#18343,#14496,#14497);
#12628=AXIS2_PLACEMENT_3D('',#18345,#14498,#14499);
#12629=AXIS2_PLACEMENT_3D('',#18347,#14500,#14501);
#12630=AXIS2_PLACEMENT_3D('',#18349,#14502,#14503);
#12631=AXIS2_PLACEMENT_3D('',#18351,#14504,#14505);
#12632=AXIS2_PLACEMENT_3D('',#18353,#14506,#14507);
#12633=AXIS2_PLACEMENT_3D('',#18355,#14508,#14509);
#12634=AXIS2_PLACEMENT_3D('',#18357,#14510,#14511);
#12635=AXIS2_PLACEMENT_3D('',#18359,#14512,#14513);
#12636=AXIS2_PLACEMENT_3D('',#18361,#14514,#14515);
#12637=AXIS2_PLACEMENT_3D('',#18363,#14516,#14517);
#12638=AXIS2_PLACEMENT_3D('',#18365,#14518,#14519);
#12639=AXIS2_PLACEMENT_3D('',#18367,#14520,#14521);
#12640=AXIS2_PLACEMENT_3D('',#18369,#14522,#14523);
#12641=AXIS2_PLACEMENT_3D('',#18371,#14524,#14525);
#12642=AXIS2_PLACEMENT_3D('',#18373,#14526,#14527);
#12643=AXIS2_PLACEMENT_3D('',#18375,#14528,#14529);
#12644=AXIS2_PLACEMENT_3D('',#18377,#14530,#14531);
#12645=AXIS2_PLACEMENT_3D('',#18379,#14532,#14533);
#12646=AXIS2_PLACEMENT_3D('',#18381,#14534,#14535);
#12647=AXIS2_PLACEMENT_3D('',#18383,#14536,#14537);
#12648=AXIS2_PLACEMENT_3D('',#18385,#14538,#14539);
#12649=AXIS2_PLACEMENT_3D('',#18387,#14540,#14541);
#12650=AXIS2_PLACEMENT_3D('',#18389,#14542,#14543);
#12651=AXIS2_PLACEMENT_3D('',#18391,#14544,#14545);
#12652=AXIS2_PLACEMENT_3D('',#18393,#14546,#14547);
#12653=AXIS2_PLACEMENT_3D('',#18395,#14548,#14549);
#12654=AXIS2_PLACEMENT_3D('',#18397,#14550,#14551);
#12655=AXIS2_PLACEMENT_3D('',#18399,#14552,#14553);
#12656=AXIS2_PLACEMENT_3D('',#18401,#14554,#14555);
#12657=AXIS2_PLACEMENT_3D('',#18403,#14556,#14557);
#12658=AXIS2_PLACEMENT_3D('',#18405,#14558,#14559);
#12659=AXIS2_PLACEMENT_3D('',#18407,#14560,#14561);
#12660=AXIS2_PLACEMENT_3D('',#18409,#14562,#14563);
#12661=AXIS2_PLACEMENT_3D('',#18410,#14564,#14565);
#12662=AXIS2_PLACEMENT_3D('',#18411,#14566,#14567);
#12663=AXIS2_PLACEMENT_3D('',#18413,#14569,#14570);
#12664=AXIS2_PLACEMENT_3D('',#18415,#14572,#14573);
#12665=AXIS2_PLACEMENT_3D('',#18417,#14575,#14576);
#12666=AXIS2_PLACEMENT_3D('',#18419,#14578,#14579);
#12667=AXIS2_PLACEMENT_3D('',#18421,#14581,#14582);
#12668=AXIS2_PLACEMENT_3D('',#18423,#14584,#14585);
#12669=AXIS2_PLACEMENT_3D('',#18425,#14587,#14588);
#12670=AXIS2_PLACEMENT_3D('',#18427,#14590,#14591);
#12671=AXIS2_PLACEMENT_3D('',#18429,#14593,#14594);
#12672=AXIS2_PLACEMENT_3D('',#18431,#14596,#14597);
#12673=AXIS2_PLACEMENT_3D('',#18433,#14599,#14600);
#12674=AXIS2_PLACEMENT_3D('',#18435,#14602,#14603);
#12675=AXIS2_PLACEMENT_3D('',#18437,#14605,#14606);
#12676=AXIS2_PLACEMENT_3D('',#18439,#14608,#14609);
#12677=AXIS2_PLACEMENT_3D('',#18441,#14611,#14612);
#12678=AXIS2_PLACEMENT_3D('',#18443,#14614,#14615);
#12679=AXIS2_PLACEMENT_3D('',#18445,#14617,#14618);
#12680=AXIS2_PLACEMENT_3D('',#18447,#14620,#14621);
#12681=AXIS2_PLACEMENT_3D('',#18449,#14623,#14624);
#12682=AXIS2_PLACEMENT_3D('',#18451,#14626,#14627);
#12683=AXIS2_PLACEMENT_3D('',#18453,#14629,#14630);
#12684=AXIS2_PLACEMENT_3D('',#18455,#14632,#14633);
#12685=AXIS2_PLACEMENT_3D('',#18457,#14635,#14636);
#12686=AXIS2_PLACEMENT_3D('',#18459,#14638,#14639);
#12687=AXIS2_PLACEMENT_3D('',#18461,#14641,#14642);
#12688=AXIS2_PLACEMENT_3D('',#18463,#14644,#14645);
#12689=AXIS2_PLACEMENT_3D('',#18465,#14647,#14648);
#12690=AXIS2_PLACEMENT_3D('',#18467,#14650,#14651);
#12691=AXIS2_PLACEMENT_3D('',#18469,#14653,#14654);
#12692=AXIS2_PLACEMENT_3D('',#18471,#14656,#14657);
#12693=AXIS2_PLACEMENT_3D('',#18473,#14659,#14660);
#12694=AXIS2_PLACEMENT_3D('',#18475,#14662,#14663);
#12695=AXIS2_PLACEMENT_3D('',#18477,#14665,#14666);
#12696=AXIS2_PLACEMENT_3D('',#18479,#14668,#14669);
#12697=AXIS2_PLACEMENT_3D('',#18481,#14671,#14672);
#12698=AXIS2_PLACEMENT_3D('',#18483,#14674,#14675);
#12699=AXIS2_PLACEMENT_3D('',#18485,#14677,#14678);
#12700=AXIS2_PLACEMENT_3D('',#18487,#14680,#14681);
#12701=AXIS2_PLACEMENT_3D('',#18489,#14683,#14684);
#12702=AXIS2_PLACEMENT_3D('',#18491,#14686,#14687);
#12703=AXIS2_PLACEMENT_3D('',#18493,#14689,#14690);
#12704=AXIS2_PLACEMENT_3D('',#18495,#14692,#14693);
#12705=AXIS2_PLACEMENT_3D('',#18497,#14695,#14696);
#12706=AXIS2_PLACEMENT_3D('',#18499,#14698,#14699);
#12707=AXIS2_PLACEMENT_3D('',#18501,#14701,#14702);
#12708=AXIS2_PLACEMENT_3D('',#18503,#14704,#14705);
#12709=AXIS2_PLACEMENT_3D('',#18505,#14707,#14708);
#12710=AXIS2_PLACEMENT_3D('',#18507,#14710,#14711);
#12711=AXIS2_PLACEMENT_3D('',#18509,#14713,#14714);
#12712=AXIS2_PLACEMENT_3D('',#18511,#14716,#14717);
#12713=AXIS2_PLACEMENT_3D('',#18513,#14719,#14720);
#12714=AXIS2_PLACEMENT_3D('',#18515,#14722,#14723);
#12715=AXIS2_PLACEMENT_3D('',#18517,#14725,#14726);
#12716=AXIS2_PLACEMENT_3D('',#18519,#14728,#14729);
#12717=AXIS2_PLACEMENT_3D('',#18521,#14731,#14732);
#12718=AXIS2_PLACEMENT_3D('',#18523,#14734,#14735);
#12719=AXIS2_PLACEMENT_3D('',#18525,#14737,#14738);
#12720=AXIS2_PLACEMENT_3D('',#18527,#14740,#14741);
#12721=AXIS2_PLACEMENT_3D('',#18529,#14743,#14744);
#12722=AXIS2_PLACEMENT_3D('',#18531,#14746,#14747);
#12723=AXIS2_PLACEMENT_3D('',#18533,#14749,#14750);
#12724=AXIS2_PLACEMENT_3D('',#18535,#14752,#14753);
#12725=AXIS2_PLACEMENT_3D('',#18537,#14755,#14756);
#12726=AXIS2_PLACEMENT_3D('',#18539,#14758,#14759);
#12727=AXIS2_PLACEMENT_3D('',#18541,#14761,#14762);
#12728=AXIS2_PLACEMENT_3D('',#18543,#14764,#14765);
#12729=AXIS2_PLACEMENT_3D('',#18545,#14767,#14768);
#12730=AXIS2_PLACEMENT_3D('',#18547,#14770,#14771);
#12731=AXIS2_PLACEMENT_3D('',#18549,#14773,#14774);
#12732=AXIS2_PLACEMENT_3D('',#18551,#14776,#14777);
#12733=AXIS2_PLACEMENT_3D('',#18553,#14779,#14780);
#12734=AXIS2_PLACEMENT_3D('',#18555,#14782,#14783);
#12735=AXIS2_PLACEMENT_3D('',#18557,#14785,#14786);
#12736=AXIS2_PLACEMENT_3D('',#18559,#14788,#14789);
#12737=AXIS2_PLACEMENT_3D('',#18561,#14791,#14792);
#12738=AXIS2_PLACEMENT_3D('',#18563,#14794,#14795);
#12739=AXIS2_PLACEMENT_3D('',#18565,#14797,#14798);
#12740=AXIS2_PLACEMENT_3D('',#18567,#14800,#14801);
#12741=AXIS2_PLACEMENT_3D('',#18569,#14803,#14804);
#12742=AXIS2_PLACEMENT_3D('',#18571,#14806,#14807);
#12743=AXIS2_PLACEMENT_3D('',#18573,#14809,#14810);
#12744=AXIS2_PLACEMENT_3D('',#18575,#14812,#14813);
#12745=AXIS2_PLACEMENT_3D('',#18577,#14815,#14816);
#12746=AXIS2_PLACEMENT_3D('',#18579,#14818,#14819);
#12747=AXIS2_PLACEMENT_3D('',#18581,#14821,#14822);
#12748=AXIS2_PLACEMENT_3D('',#18583,#14824,#14825);
#12749=AXIS2_PLACEMENT_3D('',#18585,#14827,#14828);
#12750=AXIS2_PLACEMENT_3D('',#18587,#14830,#14831);
#12751=AXIS2_PLACEMENT_3D('',#18589,#14833,#14834);
#12752=AXIS2_PLACEMENT_3D('',#18591,#14836,#14837);
#12753=AXIS2_PLACEMENT_3D('',#18593,#14839,#14840);
#12754=AXIS2_PLACEMENT_3D('',#18595,#14842,#14843);
#12755=AXIS2_PLACEMENT_3D('',#18597,#14845,#14846);
#12756=AXIS2_PLACEMENT_3D('',#18599,#14848,#14849);
#12757=AXIS2_PLACEMENT_3D('',#18601,#14851,#14852);
#12758=AXIS2_PLACEMENT_3D('',#18603,#14854,#14855);
#12759=AXIS2_PLACEMENT_3D('',#18605,#14857,#14858);
#12760=AXIS2_PLACEMENT_3D('',#18607,#14860,#14861);
#12761=AXIS2_PLACEMENT_3D('',#18609,#14863,#14864);
#12762=AXIS2_PLACEMENT_3D('',#18611,#14866,#14867);
#12763=AXIS2_PLACEMENT_3D('',#18613,#14869,#14870);
#12764=AXIS2_PLACEMENT_3D('',#18615,#14872,#14873);
#12765=AXIS2_PLACEMENT_3D('',#18617,#14875,#14876);
#12766=AXIS2_PLACEMENT_3D('',#18619,#14878,#14879);
#12767=AXIS2_PLACEMENT_3D('',#18621,#14881,#14882);
#12768=AXIS2_PLACEMENT_3D('',#18623,#14884,#14885);
#12769=AXIS2_PLACEMENT_3D('',#18625,#14887,#14888);
#12770=AXIS2_PLACEMENT_3D('',#18627,#14890,#14891);
#12771=AXIS2_PLACEMENT_3D('',#18629,#14893,#14894);
#12772=AXIS2_PLACEMENT_3D('',#18631,#14896,#14897);
#12773=AXIS2_PLACEMENT_3D('',#18633,#14899,#14900);
#12774=AXIS2_PLACEMENT_3D('',#18635,#14902,#14903);
#12775=AXIS2_PLACEMENT_3D('',#18637,#14905,#14906);
#12776=AXIS2_PLACEMENT_3D('',#18639,#14908,#14909);
#12777=AXIS2_PLACEMENT_3D('',#18641,#14911,#14912);
#12778=AXIS2_PLACEMENT_3D('',#18643,#14914,#14915);
#12779=AXIS2_PLACEMENT_3D('',#18645,#14917,#14918);
#12780=AXIS2_PLACEMENT_3D('',#18647,#14920,#14921);
#12781=AXIS2_PLACEMENT_3D('',#18649,#14923,#14924);
#12782=AXIS2_PLACEMENT_3D('',#18651,#14926,#14927);
#12783=AXIS2_PLACEMENT_3D('',#18653,#14929,#14930);
#12784=AXIS2_PLACEMENT_3D('',#18655,#14932,#14933);
#12785=AXIS2_PLACEMENT_3D('',#18657,#14935,#14936);
#12786=AXIS2_PLACEMENT_3D('',#18659,#14938,#14939);
#12787=AXIS2_PLACEMENT_3D('',#18661,#14941,#14942);
#12788=AXIS2_PLACEMENT_3D('',#18663,#14944,#14945);
#12789=AXIS2_PLACEMENT_3D('',#18665,#14947,#14948);
#12790=AXIS2_PLACEMENT_3D('',#18667,#14950,#14951);
#12791=AXIS2_PLACEMENT_3D('',#18669,#14953,#14954);
#12792=AXIS2_PLACEMENT_3D('',#18671,#14956,#14957);
#12793=AXIS2_PLACEMENT_3D('',#18673,#14959,#14960);
#12794=AXIS2_PLACEMENT_3D('',#18675,#14962,#14963);
#12795=AXIS2_PLACEMENT_3D('',#18677,#14965,#14966);
#12796=AXIS2_PLACEMENT_3D('',#18679,#14968,#14969);
#12797=AXIS2_PLACEMENT_3D('',#18681,#14971,#14972);
#12798=AXIS2_PLACEMENT_3D('',#18683,#14974,#14975);
#12799=AXIS2_PLACEMENT_3D('',#18685,#14977,#14978);
#12800=AXIS2_PLACEMENT_3D('',#18687,#14980,#14981);
#12801=AXIS2_PLACEMENT_3D('',#18689,#14983,#14984);
#12802=AXIS2_PLACEMENT_3D('',#18691,#14986,#14987);
#12803=AXIS2_PLACEMENT_3D('',#18693,#14989,#14990);
#12804=AXIS2_PLACEMENT_3D('',#18695,#14992,#14993);
#12805=AXIS2_PLACEMENT_3D('',#18697,#14995,#14996);
#12806=AXIS2_PLACEMENT_3D('',#18699,#14998,#14999);
#12807=AXIS2_PLACEMENT_3D('',#18701,#15001,#15002);
#12808=AXIS2_PLACEMENT_3D('',#18703,#15004,#15005);
#12809=AXIS2_PLACEMENT_3D('',#18705,#15007,#15008);
#12810=AXIS2_PLACEMENT_3D('',#18707,#15010,#15011);
#12811=AXIS2_PLACEMENT_3D('',#18709,#15013,#15014);
#12812=AXIS2_PLACEMENT_3D('',#18711,#15016,#15017);
#12813=AXIS2_PLACEMENT_3D('',#18713,#15019,#15020);
#12814=AXIS2_PLACEMENT_3D('',#18715,#15022,#15023);
#12815=AXIS2_PLACEMENT_3D('',#18717,#15025,#15026);
#12816=AXIS2_PLACEMENT_3D('',#18719,#15028,#15029);
#12817=AXIS2_PLACEMENT_3D('',#18721,#15031,#15032);
#12818=AXIS2_PLACEMENT_3D('',#18723,#15034,#15035);
#12819=AXIS2_PLACEMENT_3D('',#18725,#15037,#15038);
#12820=AXIS2_PLACEMENT_3D('',#18727,#15040,#15041);
#12821=AXIS2_PLACEMENT_3D('',#18729,#15043,#15044);
#12822=AXIS2_PLACEMENT_3D('',#18731,#15046,#15047);
#12823=AXIS2_PLACEMENT_3D('',#18733,#15049,#15050);
#12824=AXIS2_PLACEMENT_3D('',#18735,#15052,#15053);
#12825=AXIS2_PLACEMENT_3D('',#18737,#15055,#15056);
#12826=AXIS2_PLACEMENT_3D('',#18739,#15058,#15059);
#12827=AXIS2_PLACEMENT_3D('',#18741,#15061,#15062);
#12828=AXIS2_PLACEMENT_3D('',#18743,#15064,#15065);
#12829=AXIS2_PLACEMENT_3D('',#18745,#15067,#15068);
#12830=AXIS2_PLACEMENT_3D('',#18747,#15070,#15071);
#12831=AXIS2_PLACEMENT_3D('',#18749,#15073,#15074);
#12832=AXIS2_PLACEMENT_3D('',#18751,#15076,#15077);
#12833=AXIS2_PLACEMENT_3D('',#18753,#15079,#15080);
#12834=AXIS2_PLACEMENT_3D('',#18755,#15082,#15083);
#12835=AXIS2_PLACEMENT_3D('',#18757,#15085,#15086);
#12836=AXIS2_PLACEMENT_3D('',#18759,#15088,#15089);
#12837=AXIS2_PLACEMENT_3D('',#18761,#15091,#15092);
#12838=AXIS2_PLACEMENT_3D('',#18763,#15094,#15095);
#12839=AXIS2_PLACEMENT_3D('',#18765,#15097,#15098);
#12840=AXIS2_PLACEMENT_3D('',#18767,#15100,#15101);
#12841=AXIS2_PLACEMENT_3D('',#18769,#15103,#15104);
#12842=AXIS2_PLACEMENT_3D('',#18771,#15106,#15107);
#12843=AXIS2_PLACEMENT_3D('',#18773,#15109,#15110);
#12844=AXIS2_PLACEMENT_3D('',#18775,#15112,#15113);
#12845=AXIS2_PLACEMENT_3D('',#18777,#15115,#15116);
#12846=AXIS2_PLACEMENT_3D('',#18779,#15118,#15119);
#12847=AXIS2_PLACEMENT_3D('',#18782,#15120,#15121);
#12848=AXIS2_PLACEMENT_3D('',#18783,#15122,#15123);
#12849=AXIS2_PLACEMENT_3D('',#18786,#15125,#15126);
#12850=AXIS2_PLACEMENT_3D('',#18787,#15127,#15128);
#12851=AXIS2_PLACEMENT_3D('',#18788,#15129,#15130);
#12852=AXIS2_PLACEMENT_3D('',#18791,#15131,#15132);
#12853=AXIS2_PLACEMENT_3D('',#18792,#15133,#15134);
#12854=AXIS2_PLACEMENT_3D('',#18793,#15135,#15136);
#12855=AXIS2_PLACEMENT_3D('',#18794,#15137,#15138);
#12856=AXIS2_PLACEMENT_3D('',#18796,#15139,#15140);
#12857=AXIS2_PLACEMENT_3D('',#18798,#15142,#15143);
#12858=AXIS2_PLACEMENT_3D('',#18800,#15144,#15145);
#12859=AXIS2_PLACEMENT_3D('',#18801,#15146,#15147);
#12860=AXIS2_PLACEMENT_3D('',#18803,#15148,#15149);
#12861=AXIS2_PLACEMENT_3D('',#18805,#15151,#15152);
#12862=AXIS2_PLACEMENT_3D('',#18807,#15153,#15154);
#12863=AXIS2_PLACEMENT_3D('',#18808,#15155,#15156);
#12864=AXIS2_PLACEMENT_3D('',#18810,#15157,#15158);
#12865=AXIS2_PLACEMENT_3D('',#18812,#15160,#15161);
#12866=AXIS2_PLACEMENT_3D('',#18814,#15162,#15163);
#12867=AXIS2_PLACEMENT_3D('',#18815,#15164,#15165);
#12868=AXIS2_PLACEMENT_3D('',#18817,#15166,#15167);
#12869=AXIS2_PLACEMENT_3D('',#18819,#15169,#15170);
#12870=AXIS2_PLACEMENT_3D('',#18821,#15171,#15172);
#12871=AXIS2_PLACEMENT_3D('',#18822,#15173,#15174);
#12872=AXIS2_PLACEMENT_3D('',#18825,#15175,#15176);
#12873=AXIS2_PLACEMENT_3D('',#18826,#15177,#15178);
#12874=AXIS2_PLACEMENT_3D('',#18828,#15180,#15181);
#12875=AXIS2_PLACEMENT_3D('',#18831,#15182,#15183);
#12876=AXIS2_PLACEMENT_3D('',#18832,#15184,#15185);
#12877=AXIS2_PLACEMENT_3D('',#18833,#15186,#15187);
#12878=AXIS2_PLACEMENT_3D('',#18834,#15188,#15189);
#12879=AXIS2_PLACEMENT_3D('',#18836,#15190,#15191);
#12880=AXIS2_PLACEMENT_3D('',#18838,#15193,#15194);
#12881=AXIS2_PLACEMENT_3D('',#18839,#15195,#15196);
#12882=AXIS2_PLACEMENT_3D('',#18842,#15197,#15198);
#12883=AXIS2_PLACEMENT_3D('',#18843,#15199,#15200);
#12884=AXIS2_PLACEMENT_3D('',#18846,#15202,#15203);
#12885=AXIS2_PLACEMENT_3D('',#18847,#15204,#15205);
#12886=AXIS2_PLACEMENT_3D('',#18848,#15206,#15207);
#12887=AXIS2_PLACEMENT_3D('',#18851,#15208,#15209);
#12888=AXIS2_PLACEMENT_3D('',#18852,#15210,#15211);
#12889=AXIS2_PLACEMENT_3D('',#18853,#15212,#15213);
#12890=AXIS2_PLACEMENT_3D('',#18854,#15214,#15215);
#12891=AXIS2_PLACEMENT_3D('',#18856,#15216,#15217);
#12892=AXIS2_PLACEMENT_3D('',#18858,#15219,#15220);
#12893=AXIS2_PLACEMENT_3D('',#18860,#15221,#15222);
#12894=AXIS2_PLACEMENT_3D('',#18861,#15223,#15224);
#12895=AXIS2_PLACEMENT_3D('',#18863,#15225,#15226);
#12896=AXIS2_PLACEMENT_3D('',#18865,#15228,#15229);
#12897=AXIS2_PLACEMENT_3D('',#18867,#15230,#15231);
#12898=AXIS2_PLACEMENT_3D('',#18868,#15232,#15233);
#12899=AXIS2_PLACEMENT_3D('',#18870,#15234,#15235);
#12900=AXIS2_PLACEMENT_3D('',#18872,#15237,#15238);
#12901=AXIS2_PLACEMENT_3D('',#18874,#15239,#15240);
#12902=AXIS2_PLACEMENT_3D('',#18875,#15241,#15242);
#12903=AXIS2_PLACEMENT_3D('',#18877,#15243,#15244);
#12904=AXIS2_PLACEMENT_3D('',#18879,#15246,#15247);
#12905=AXIS2_PLACEMENT_3D('',#18881,#15248,#15249);
#12906=AXIS2_PLACEMENT_3D('',#18882,#15250,#15251);
#12907=AXIS2_PLACEMENT_3D('',#18885,#15252,#15253);
#12908=AXIS2_PLACEMENT_3D('',#18886,#15254,#15255);
#12909=AXIS2_PLACEMENT_3D('',#18888,#15257,#15258);
#12910=AXIS2_PLACEMENT_3D('',#18891,#15259,#15260);
#12911=AXIS2_PLACEMENT_3D('',#18892,#15261,#15262);
#12912=AXIS2_PLACEMENT_3D('',#18893,#15263,#15264);
#12913=AXIS2_PLACEMENT_3D('',#18894,#15265,#15266);
#12914=AXIS2_PLACEMENT_3D('',#18896,#15267,#15268);
#12915=AXIS2_PLACEMENT_3D('',#18898,#15270,#15271);
#12916=AXIS2_PLACEMENT_3D('',#18899,#15272,#15273);
#12917=AXIS2_PLACEMENT_3D('',#18902,#15274,#15275);
#12918=AXIS2_PLACEMENT_3D('',#18903,#15276,#15277);
#12919=AXIS2_PLACEMENT_3D('',#18906,#15279,#15280);
#12920=AXIS2_PLACEMENT_3D('',#18907,#15281,#15282);
#12921=AXIS2_PLACEMENT_3D('',#18908,#15283,#15284);
#12922=AXIS2_PLACEMENT_3D('',#18911,#15285,#15286);
#12923=AXIS2_PLACEMENT_3D('',#18912,#15287,#15288);
#12924=AXIS2_PLACEMENT_3D('',#18913,#15289,#15290);
#12925=AXIS2_PLACEMENT_3D('',#18914,#15291,#15292);
#12926=AXIS2_PLACEMENT_3D('',#18916,#15293,#15294);
#12927=AXIS2_PLACEMENT_3D('',#18918,#15296,#15297);
#12928=AXIS2_PLACEMENT_3D('',#18920,#15298,#15299);
#12929=AXIS2_PLACEMENT_3D('',#18921,#15300,#15301);
#12930=AXIS2_PLACEMENT_3D('',#18923,#15302,#15303);
#12931=AXIS2_PLACEMENT_3D('',#18925,#15305,#15306);
#12932=AXIS2_PLACEMENT_3D('',#18927,#15307,#15308);
#12933=AXIS2_PLACEMENT_3D('',#18928,#15309,#15310);
#12934=AXIS2_PLACEMENT_3D('',#18930,#15311,#15312);
#12935=AXIS2_PLACEMENT_3D('',#18932,#15314,#15315);
#12936=AXIS2_PLACEMENT_3D('',#18934,#15316,#15317);
#12937=AXIS2_PLACEMENT_3D('',#18935,#15318,#15319);
#12938=AXIS2_PLACEMENT_3D('',#18937,#15320,#15321);
#12939=AXIS2_PLACEMENT_3D('',#18939,#15323,#15324);
#12940=AXIS2_PLACEMENT_3D('',#18941,#15325,#15326);
#12941=AXIS2_PLACEMENT_3D('',#18942,#15327,#15328);
#12942=AXIS2_PLACEMENT_3D('',#18945,#15329,#15330);
#12943=AXIS2_PLACEMENT_3D('',#18946,#15331,#15332);
#12944=AXIS2_PLACEMENT_3D('',#18948,#15334,#15335);
#12945=AXIS2_PLACEMENT_3D('',#18951,#15336,#15337);
#12946=AXIS2_PLACEMENT_3D('',#18952,#15338,#15339);
#12947=AXIS2_PLACEMENT_3D('',#18953,#15340,#15341);
#12948=AXIS2_PLACEMENT_3D('',#18954,#15342,#15343);
#12949=AXIS2_PLACEMENT_3D('',#18956,#15344,#15345);
#12950=AXIS2_PLACEMENT_3D('',#18958,#15347,#15348);
#12951=AXIS2_PLACEMENT_3D('',#18959,#15349,#15350);
#12952=AXIS2_PLACEMENT_3D('',#18962,#15351,#15352);
#12953=AXIS2_PLACEMENT_3D('',#18963,#15353,#15354);
#12954=AXIS2_PLACEMENT_3D('',#18966,#15356,#15357);
#12955=AXIS2_PLACEMENT_3D('',#18967,#15358,#15359);
#12956=AXIS2_PLACEMENT_3D('',#18968,#15360,#15361);
#12957=AXIS2_PLACEMENT_3D('',#18971,#15362,#15363);
#12958=AXIS2_PLACEMENT_3D('',#18972,#15364,#15365);
#12959=AXIS2_PLACEMENT_3D('',#18973,#15366,#15367);
#12960=AXIS2_PLACEMENT_3D('',#18974,#15368,#15369);
#12961=AXIS2_PLACEMENT_3D('',#18976,#15370,#15371);
#12962=AXIS2_PLACEMENT_3D('',#18978,#15373,#15374);
#12963=AXIS2_PLACEMENT_3D('',#18980,#15375,#15376);
#12964=AXIS2_PLACEMENT_3D('',#18981,#15377,#15378);
#12965=AXIS2_PLACEMENT_3D('',#18983,#15379,#15380);
#12966=AXIS2_PLACEMENT_3D('',#18985,#15382,#15383);
#12967=AXIS2_PLACEMENT_3D('',#18987,#15384,#15385);
#12968=AXIS2_PLACEMENT_3D('',#18988,#15386,#15387);
#12969=AXIS2_PLACEMENT_3D('',#18990,#15388,#15389);
#12970=AXIS2_PLACEMENT_3D('',#18992,#15391,#15392);
#12971=AXIS2_PLACEMENT_3D('',#18994,#15393,#15394);
#12972=AXIS2_PLACEMENT_3D('',#18995,#15395,#15396);
#12973=AXIS2_PLACEMENT_3D('',#18997,#15397,#15398);
#12974=AXIS2_PLACEMENT_3D('',#18999,#15400,#15401);
#12975=AXIS2_PLACEMENT_3D('',#19001,#15402,#15403);
#12976=AXIS2_PLACEMENT_3D('',#19002,#15404,#15405);
#12977=AXIS2_PLACEMENT_3D('',#19005,#15406,#15407);
#12978=AXIS2_PLACEMENT_3D('',#19006,#15408,#15409);
#12979=AXIS2_PLACEMENT_3D('',#19008,#15411,#15412);
#12980=AXIS2_PLACEMENT_3D('',#19011,#15413,#15414);
#12981=AXIS2_PLACEMENT_3D('',#19012,#15415,#15416);
#12982=AXIS2_PLACEMENT_3D('',#19013,#15417,#15418);
#12983=AXIS2_PLACEMENT_3D('',#19014,#15419,#15420);
#12984=AXIS2_PLACEMENT_3D('',#19016,#15421,#15422);
#12985=AXIS2_PLACEMENT_3D('',#19018,#15424,#15425);
#12986=AXIS2_PLACEMENT_3D('',#19019,#15426,#15427);
#12987=AXIS2_PLACEMENT_3D('',#19022,#15428,#15429);
#12988=AXIS2_PLACEMENT_3D('',#19023,#15430,#15431);
#12989=AXIS2_PLACEMENT_3D('',#19026,#15433,#15434);
#12990=AXIS2_PLACEMENT_3D('',#19027,#15435,#15436);
#12991=AXIS2_PLACEMENT_3D('',#19028,#15437,#15438);
#12992=AXIS2_PLACEMENT_3D('',#19031,#15439,#15440);
#12993=AXIS2_PLACEMENT_3D('',#19032,#15441,#15442);
#12994=AXIS2_PLACEMENT_3D('',#19033,#15443,#15444);
#12995=AXIS2_PLACEMENT_3D('',#19034,#15445,#15446);
#12996=AXIS2_PLACEMENT_3D('',#19036,#15447,#15448);
#12997=AXIS2_PLACEMENT_3D('',#19038,#15450,#15451);
#12998=AXIS2_PLACEMENT_3D('',#19040,#15452,#15453);
#12999=AXIS2_PLACEMENT_3D('',#19041,#15454,#15455);
#13000=AXIS2_PLACEMENT_3D('',#19043,#15456,#15457);
#13001=AXIS2_PLACEMENT_3D('',#19045,#15459,#15460);
#13002=AXIS2_PLACEMENT_3D('',#19047,#15461,#15462);
#13003=AXIS2_PLACEMENT_3D('',#19048,#15463,#15464);
#13004=AXIS2_PLACEMENT_3D('',#19050,#15465,#15466);
#13005=AXIS2_PLACEMENT_3D('',#19052,#15468,#15469);
#13006=AXIS2_PLACEMENT_3D('',#19054,#15470,#15471);
#13007=AXIS2_PLACEMENT_3D('',#19055,#15472,#15473);
#13008=AXIS2_PLACEMENT_3D('',#19057,#15474,#15475);
#13009=AXIS2_PLACEMENT_3D('',#19059,#15477,#15478);
#13010=AXIS2_PLACEMENT_3D('',#19061,#15479,#15480);
#13011=AXIS2_PLACEMENT_3D('',#19062,#15481,#15482);
#13012=AXIS2_PLACEMENT_3D('',#19065,#15483,#15484);
#13013=AXIS2_PLACEMENT_3D('',#19066,#15485,#15486);
#13014=AXIS2_PLACEMENT_3D('',#19068,#15488,#15489);
#13015=AXIS2_PLACEMENT_3D('',#19071,#15490,#15491);
#13016=AXIS2_PLACEMENT_3D('',#19072,#15492,#15493);
#13017=AXIS2_PLACEMENT_3D('',#19073,#15494,#15495);
#13018=AXIS2_PLACEMENT_3D('',#19074,#15496,#15497);
#13019=AXIS2_PLACEMENT_3D('',#19076,#15498,#15499);
#13020=AXIS2_PLACEMENT_3D('',#19078,#15501,#15502);
#13021=AXIS2_PLACEMENT_3D('',#19079,#15503,#15504);
#13022=AXIS2_PLACEMENT_3D('',#19082,#15505,#15506);
#13023=AXIS2_PLACEMENT_3D('',#19083,#15507,#15508);
#13024=AXIS2_PLACEMENT_3D('',#19086,#15510,#15511);
#13025=AXIS2_PLACEMENT_3D('',#19087,#15512,#15513);
#13026=AXIS2_PLACEMENT_3D('',#19088,#15514,#15515);
#13027=AXIS2_PLACEMENT_3D('',#19091,#15516,#15517);
#13028=AXIS2_PLACEMENT_3D('',#19092,#15518,#15519);
#13029=AXIS2_PLACEMENT_3D('',#19093,#15520,#15521);
#13030=AXIS2_PLACEMENT_3D('',#19094,#15522,#15523);
#13031=AXIS2_PLACEMENT_3D('',#19096,#15524,#15525);
#13032=AXIS2_PLACEMENT_3D('',#19098,#15527,#15528);
#13033=AXIS2_PLACEMENT_3D('',#19100,#15529,#15530);
#13034=AXIS2_PLACEMENT_3D('',#19101,#15531,#15532);
#13035=AXIS2_PLACEMENT_3D('',#19103,#15533,#15534);
#13036=AXIS2_PLACEMENT_3D('',#19105,#15536,#15537);
#13037=AXIS2_PLACEMENT_3D('',#19107,#15538,#15539);
#13038=AXIS2_PLACEMENT_3D('',#19108,#15540,#15541);
#13039=AXIS2_PLACEMENT_3D('',#19110,#15542,#15543);
#13040=AXIS2_PLACEMENT_3D('',#19112,#15545,#15546);
#13041=AXIS2_PLACEMENT_3D('',#19114,#15547,#15548);
#13042=AXIS2_PLACEMENT_3D('',#19115,#15549,#15550);
#13043=AXIS2_PLACEMENT_3D('',#19117,#15551,#15552);
#13044=AXIS2_PLACEMENT_3D('',#19119,#15554,#15555);
#13045=AXIS2_PLACEMENT_3D('',#19121,#15556,#15557);
#13046=AXIS2_PLACEMENT_3D('',#19122,#15558,#15559);
#13047=AXIS2_PLACEMENT_3D('',#19125,#15560,#15561);
#13048=AXIS2_PLACEMENT_3D('',#19126,#15562,#15563);
#13049=AXIS2_PLACEMENT_3D('',#19128,#15565,#15566);
#13050=AXIS2_PLACEMENT_3D('',#19131,#15567,#15568);
#13051=AXIS2_PLACEMENT_3D('',#19132,#15569,#15570);
#13052=AXIS2_PLACEMENT_3D('',#19133,#15571,#15572);
#13053=AXIS2_PLACEMENT_3D('',#19134,#15573,#15574);
#13054=AXIS2_PLACEMENT_3D('',#19136,#15575,#15576);
#13055=AXIS2_PLACEMENT_3D('',#19138,#15578,#15579);
#13056=AXIS2_PLACEMENT_3D('',#19139,#15580,#15581);
#13057=AXIS2_PLACEMENT_3D('',#19142,#15582,#15583);
#13058=AXIS2_PLACEMENT_3D('',#19143,#15584,#15585);
#13059=AXIS2_PLACEMENT_3D('',#19146,#15587,#15588);
#13060=AXIS2_PLACEMENT_3D('',#19147,#15589,#15590);
#13061=AXIS2_PLACEMENT_3D('',#19148,#15591,#15592);
#13062=AXIS2_PLACEMENT_3D('',#19151,#15593,#15594);
#13063=AXIS2_PLACEMENT_3D('',#19152,#15595,#15596);
#13064=AXIS2_PLACEMENT_3D('',#19153,#15597,#15598);
#13065=AXIS2_PLACEMENT_3D('',#19154,#15599,#15600);
#13066=AXIS2_PLACEMENT_3D('',#19156,#15601,#15602);
#13067=AXIS2_PLACEMENT_3D('',#19158,#15604,#15605);
#13068=AXIS2_PLACEMENT_3D('',#19160,#15606,#15607);
#13069=AXIS2_PLACEMENT_3D('',#19161,#15608,#15609);
#13070=AXIS2_PLACEMENT_3D('',#19163,#15610,#15611);
#13071=AXIS2_PLACEMENT_3D('',#19165,#15613,#15614);
#13072=AXIS2_PLACEMENT_3D('',#19167,#15615,#15616);
#13073=AXIS2_PLACEMENT_3D('',#19168,#15617,#15618);
#13074=AXIS2_PLACEMENT_3D('',#19170,#15619,#15620);
#13075=AXIS2_PLACEMENT_3D('',#19172,#15622,#15623);
#13076=AXIS2_PLACEMENT_3D('',#19174,#15624,#15625);
#13077=AXIS2_PLACEMENT_3D('',#19175,#15626,#15627);
#13078=AXIS2_PLACEMENT_3D('',#19177,#15628,#15629);
#13079=AXIS2_PLACEMENT_3D('',#19179,#15631,#15632);
#13080=AXIS2_PLACEMENT_3D('',#19181,#15633,#15634);
#13081=AXIS2_PLACEMENT_3D('',#19182,#15635,#15636);
#13082=AXIS2_PLACEMENT_3D('',#19185,#15637,#15638);
#13083=AXIS2_PLACEMENT_3D('',#19186,#15639,#15640);
#13084=AXIS2_PLACEMENT_3D('',#19188,#15642,#15643);
#13085=AXIS2_PLACEMENT_3D('',#19191,#15644,#15645);
#13086=AXIS2_PLACEMENT_3D('',#19192,#15646,#15647);
#13087=AXIS2_PLACEMENT_3D('',#19193,#15648,#15649);
#13088=AXIS2_PLACEMENT_3D('',#19194,#15650,#15651);
#13089=AXIS2_PLACEMENT_3D('',#19196,#15652,#15653);
#13090=AXIS2_PLACEMENT_3D('',#19198,#15655,#15656);
#13091=AXIS2_PLACEMENT_3D('',#19199,#15657,#15658);
#13092=AXIS2_PLACEMENT_3D('',#19202,#15659,#15660);
#13093=AXIS2_PLACEMENT_3D('',#19203,#15661,#15662);
#13094=AXIS2_PLACEMENT_3D('',#19206,#15664,#15665);
#13095=AXIS2_PLACEMENT_3D('',#19207,#15666,#15667);
#13096=AXIS2_PLACEMENT_3D('',#19208,#15668,#15669);
#13097=AXIS2_PLACEMENT_3D('',#19211,#15670,#15671);
#13098=AXIS2_PLACEMENT_3D('',#19212,#15672,#15673);
#13099=AXIS2_PLACEMENT_3D('',#19213,#15674,#15675);
#13100=AXIS2_PLACEMENT_3D('',#19214,#15676,#15677);
#13101=AXIS2_PLACEMENT_3D('',#19216,#15678,#15679);
#13102=AXIS2_PLACEMENT_3D('',#19218,#15681,#15682);
#13103=AXIS2_PLACEMENT_3D('',#19220,#15683,#15684);
#13104=AXIS2_PLACEMENT_3D('',#19221,#15685,#15686);
#13105=AXIS2_PLACEMENT_3D('',#19223,#15687,#15688);
#13106=AXIS2_PLACEMENT_3D('',#19225,#15690,#15691);
#13107=AXIS2_PLACEMENT_3D('',#19227,#15692,#15693);
#13108=AXIS2_PLACEMENT_3D('',#19228,#15694,#15695);
#13109=AXIS2_PLACEMENT_3D('',#19230,#15696,#15697);
#13110=AXIS2_PLACEMENT_3D('',#19232,#15699,#15700);
#13111=AXIS2_PLACEMENT_3D('',#19234,#15701,#15702);
#13112=AXIS2_PLACEMENT_3D('',#19235,#15703,#15704);
#13113=AXIS2_PLACEMENT_3D('',#19237,#15705,#15706);
#13114=AXIS2_PLACEMENT_3D('',#19239,#15708,#15709);
#13115=AXIS2_PLACEMENT_3D('',#19241,#15710,#15711);
#13116=AXIS2_PLACEMENT_3D('',#19242,#15712,#15713);
#13117=AXIS2_PLACEMENT_3D('',#19245,#15714,#15715);
#13118=AXIS2_PLACEMENT_3D('',#19246,#15716,#15717);
#13119=AXIS2_PLACEMENT_3D('',#19248,#15719,#15720);
#13120=AXIS2_PLACEMENT_3D('',#19251,#15721,#15722);
#13121=AXIS2_PLACEMENT_3D('',#19252,#15723,#15724);
#13122=AXIS2_PLACEMENT_3D('',#19253,#15725,#15726);
#13123=AXIS2_PLACEMENT_3D('',#19254,#15727,#15728);
#13124=AXIS2_PLACEMENT_3D('',#19256,#15729,#15730);
#13125=AXIS2_PLACEMENT_3D('',#19258,#15732,#15733);
#13126=AXIS2_PLACEMENT_3D('',#19259,#15734,#15735);
#13127=AXIS2_PLACEMENT_3D('',#19262,#15736,#15737);
#13128=AXIS2_PLACEMENT_3D('',#19263,#15738,#15739);
#13129=AXIS2_PLACEMENT_3D('',#19266,#15741,#15742);
#13130=AXIS2_PLACEMENT_3D('',#19267,#15743,#15744);
#13131=AXIS2_PLACEMENT_3D('',#19268,#15745,#15746);
#13132=AXIS2_PLACEMENT_3D('',#19271,#15747,#15748);
#13133=AXIS2_PLACEMENT_3D('',#19272,#15749,#15750);
#13134=AXIS2_PLACEMENT_3D('',#19273,#15751,#15752);
#13135=AXIS2_PLACEMENT_3D('',#19274,#15753,#15754);
#13136=AXIS2_PLACEMENT_3D('',#19276,#15755,#15756);
#13137=AXIS2_PLACEMENT_3D('',#19278,#15758,#15759);
#13138=AXIS2_PLACEMENT_3D('',#19280,#15760,#15761);
#13139=AXIS2_PLACEMENT_3D('',#19281,#15762,#15763);
#13140=AXIS2_PLACEMENT_3D('',#19283,#15764,#15765);
#13141=AXIS2_PLACEMENT_3D('',#19285,#15767,#15768);
#13142=AXIS2_PLACEMENT_3D('',#19287,#15769,#15770);
#13143=AXIS2_PLACEMENT_3D('',#19288,#15771,#15772);
#13144=AXIS2_PLACEMENT_3D('',#19290,#15773,#15774);
#13145=AXIS2_PLACEMENT_3D('',#19292,#15776,#15777);
#13146=AXIS2_PLACEMENT_3D('',#19294,#15778,#15779);
#13147=AXIS2_PLACEMENT_3D('',#19295,#15780,#15781);
#13148=AXIS2_PLACEMENT_3D('',#19297,#15782,#15783);
#13149=AXIS2_PLACEMENT_3D('',#19299,#15785,#15786);
#13150=AXIS2_PLACEMENT_3D('',#19301,#15787,#15788);
#13151=AXIS2_PLACEMENT_3D('',#19302,#15789,#15790);
#13152=AXIS2_PLACEMENT_3D('',#19305,#15791,#15792);
#13153=AXIS2_PLACEMENT_3D('',#19306,#15793,#15794);
#13154=AXIS2_PLACEMENT_3D('',#19308,#15796,#15797);
#13155=AXIS2_PLACEMENT_3D('',#19311,#15798,#15799);
#13156=AXIS2_PLACEMENT_3D('',#19312,#15800,#15801);
#13157=AXIS2_PLACEMENT_3D('',#19313,#15802,#15803);
#13158=AXIS2_PLACEMENT_3D('',#19314,#15804,#15805);
#13159=AXIS2_PLACEMENT_3D('',#19316,#15806,#15807);
#13160=AXIS2_PLACEMENT_3D('',#19318,#15809,#15810);
#13161=AXIS2_PLACEMENT_3D('',#19319,#15811,#15812);
#13162=AXIS2_PLACEMENT_3D('',#19322,#15813,#15814);
#13163=AXIS2_PLACEMENT_3D('',#19323,#15815,#15816);
#13164=AXIS2_PLACEMENT_3D('',#19326,#15818,#15819);
#13165=AXIS2_PLACEMENT_3D('',#19327,#15820,#15821);
#13166=AXIS2_PLACEMENT_3D('',#19328,#15822,#15823);
#13167=AXIS2_PLACEMENT_3D('',#19331,#15824,#15825);
#13168=AXIS2_PLACEMENT_3D('',#19332,#15826,#15827);
#13169=AXIS2_PLACEMENT_3D('',#19333,#15828,#15829);
#13170=AXIS2_PLACEMENT_3D('',#19334,#15830,#15831);
#13171=AXIS2_PLACEMENT_3D('',#19336,#15832,#15833);
#13172=AXIS2_PLACEMENT_3D('',#19338,#15835,#15836);
#13173=AXIS2_PLACEMENT_3D('',#19340,#15837,#15838);
#13174=AXIS2_PLACEMENT_3D('',#19341,#15839,#15840);
#13175=AXIS2_PLACEMENT_3D('',#19343,#15841,#15842);
#13176=AXIS2_PLACEMENT_3D('',#19345,#15844,#15845);
#13177=AXIS2_PLACEMENT_3D('',#19347,#15846,#15847);
#13178=AXIS2_PLACEMENT_3D('',#19348,#15848,#15849);
#13179=AXIS2_PLACEMENT_3D('',#19350,#15850,#15851);
#13180=AXIS2_PLACEMENT_3D('',#19352,#15853,#15854);
#13181=AXIS2_PLACEMENT_3D('',#19354,#15855,#15856);
#13182=AXIS2_PLACEMENT_3D('',#19355,#15857,#15858);
#13183=AXIS2_PLACEMENT_3D('',#19357,#15859,#15860);
#13184=AXIS2_PLACEMENT_3D('',#19359,#15862,#15863);
#13185=AXIS2_PLACEMENT_3D('',#19361,#15864,#15865);
#13186=AXIS2_PLACEMENT_3D('',#19362,#15866,#15867);
#13187=AXIS2_PLACEMENT_3D('',#19365,#15868,#15869);
#13188=AXIS2_PLACEMENT_3D('',#19366,#15870,#15871);
#13189=AXIS2_PLACEMENT_3D('',#19368,#15873,#15874);
#13190=AXIS2_PLACEMENT_3D('',#19371,#15875,#15876);
#13191=AXIS2_PLACEMENT_3D('',#19372,#15877,#15878);
#13192=AXIS2_PLACEMENT_3D('',#19373,#15879,#15880);
#13193=AXIS2_PLACEMENT_3D('',#19374,#15881,#15882);
#13194=AXIS2_PLACEMENT_3D('',#19376,#15883,#15884);
#13195=AXIS2_PLACEMENT_3D('',#19378,#15886,#15887);
#13196=AXIS2_PLACEMENT_3D('',#19379,#15888,#15889);
#13197=AXIS2_PLACEMENT_3D('',#19382,#15890,#15891);
#13198=AXIS2_PLACEMENT_3D('',#19383,#15892,#15893);
#13199=AXIS2_PLACEMENT_3D('',#19386,#15895,#15896);
#13200=AXIS2_PLACEMENT_3D('',#19387,#15897,#15898);
#13201=AXIS2_PLACEMENT_3D('',#19388,#15899,#15900);
#13202=AXIS2_PLACEMENT_3D('',#19391,#15901,#15902);
#13203=AXIS2_PLACEMENT_3D('',#19392,#15903,#15904);
#13204=AXIS2_PLACEMENT_3D('',#19393,#15905,#15906);
#13205=AXIS2_PLACEMENT_3D('',#19394,#15907,#15908);
#13206=AXIS2_PLACEMENT_3D('',#19396,#15909,#15910);
#13207=AXIS2_PLACEMENT_3D('',#19398,#15912,#15913);
#13208=AXIS2_PLACEMENT_3D('',#19400,#15914,#15915);
#13209=AXIS2_PLACEMENT_3D('',#19401,#15916,#15917);
#13210=AXIS2_PLACEMENT_3D('',#19403,#15918,#15919);
#13211=AXIS2_PLACEMENT_3D('',#19405,#15921,#15922);
#13212=AXIS2_PLACEMENT_3D('',#19407,#15923,#15924);
#13213=AXIS2_PLACEMENT_3D('',#19408,#15925,#15926);
#13214=AXIS2_PLACEMENT_3D('',#19410,#15927,#15928);
#13215=AXIS2_PLACEMENT_3D('',#19412,#15930,#15931);
#13216=AXIS2_PLACEMENT_3D('',#19414,#15932,#15933);
#13217=AXIS2_PLACEMENT_3D('',#19415,#15934,#15935);
#13218=AXIS2_PLACEMENT_3D('',#19417,#15936,#15937);
#13219=AXIS2_PLACEMENT_3D('',#19419,#15939,#15940);
#13220=AXIS2_PLACEMENT_3D('',#19421,#15941,#15942);
#13221=AXIS2_PLACEMENT_3D('',#19422,#15943,#15944);
#13222=AXIS2_PLACEMENT_3D('',#19425,#15945,#15946);
#13223=AXIS2_PLACEMENT_3D('',#19426,#15947,#15948);
#13224=AXIS2_PLACEMENT_3D('',#19428,#15950,#15951);
#13225=AXIS2_PLACEMENT_3D('',#19431,#15952,#15953);
#13226=AXIS2_PLACEMENT_3D('',#19432,#15954,#15955);
#13227=AXIS2_PLACEMENT_3D('',#19433,#15956,#15957);
#13228=AXIS2_PLACEMENT_3D('',#19434,#15958,#15959);
#13229=AXIS2_PLACEMENT_3D('',#19436,#15960,#15961);
#13230=AXIS2_PLACEMENT_3D('',#19438,#15963,#15964);
#13231=AXIS2_PLACEMENT_3D('',#19439,#15965,#15966);
#13232=AXIS2_PLACEMENT_3D('',#19442,#15967,#15968);
#13233=AXIS2_PLACEMENT_3D('',#19443,#15969,#15970);
#13234=AXIS2_PLACEMENT_3D('',#19446,#15972,#15973);
#13235=AXIS2_PLACEMENT_3D('',#19447,#15974,#15975);
#13236=AXIS2_PLACEMENT_3D('',#19448,#15976,#15977);
#13237=AXIS2_PLACEMENT_3D('',#19451,#15978,#15979);
#13238=AXIS2_PLACEMENT_3D('',#19452,#15980,#15981);
#13239=AXIS2_PLACEMENT_3D('',#19453,#15982,#15983);
#13240=AXIS2_PLACEMENT_3D('',#19454,#15984,#15985);
#13241=AXIS2_PLACEMENT_3D('',#19456,#15986,#15987);
#13242=AXIS2_PLACEMENT_3D('',#19458,#15989,#15990);
#13243=AXIS2_PLACEMENT_3D('',#19460,#15991,#15992);
#13244=AXIS2_PLACEMENT_3D('',#19461,#15993,#15994);
#13245=AXIS2_PLACEMENT_3D('',#19463,#15995,#15996);
#13246=AXIS2_PLACEMENT_3D('',#19465,#15998,#15999);
#13247=AXIS2_PLACEMENT_3D('',#19467,#16000,#16001);
#13248=AXIS2_PLACEMENT_3D('',#19468,#16002,#16003);
#13249=AXIS2_PLACEMENT_3D('',#19470,#16004,#16005);
#13250=AXIS2_PLACEMENT_3D('',#19472,#16007,#16008);
#13251=AXIS2_PLACEMENT_3D('',#19474,#16009,#16010);
#13252=AXIS2_PLACEMENT_3D('',#19475,#16011,#16012);
#13253=AXIS2_PLACEMENT_3D('',#19477,#16013,#16014);
#13254=AXIS2_PLACEMENT_3D('',#19479,#16016,#16017);
#13255=AXIS2_PLACEMENT_3D('',#19481,#16018,#16019);
#13256=AXIS2_PLACEMENT_3D('',#19482,#16020,#16021);
#13257=AXIS2_PLACEMENT_3D('',#19485,#16022,#16023);
#13258=AXIS2_PLACEMENT_3D('',#19486,#16024,#16025);
#13259=AXIS2_PLACEMENT_3D('',#19488,#16027,#16028);
#13260=AXIS2_PLACEMENT_3D('',#19491,#16029,#16030);
#13261=AXIS2_PLACEMENT_3D('',#19492,#16031,#16032);
#13262=AXIS2_PLACEMENT_3D('',#19493,#16033,#16034);
#13263=AXIS2_PLACEMENT_3D('',#19494,#16035,#16036);
#13264=AXIS2_PLACEMENT_3D('',#19496,#16037,#16038);
#13265=AXIS2_PLACEMENT_3D('',#19498,#16040,#16041);
#13266=AXIS2_PLACEMENT_3D('',#19499,#16042,#16043);
#13267=AXIS2_PLACEMENT_3D('',#19502,#16044,#16045);
#13268=AXIS2_PLACEMENT_3D('',#19503,#16046,#16047);
#13269=AXIS2_PLACEMENT_3D('',#19506,#16049,#16050);
#13270=AXIS2_PLACEMENT_3D('',#19507,#16051,#16052);
#13271=AXIS2_PLACEMENT_3D('',#19508,#16053,#16054);
#13272=AXIS2_PLACEMENT_3D('',#19511,#16055,#16056);
#13273=AXIS2_PLACEMENT_3D('',#19512,#16057,#16058);
#13274=AXIS2_PLACEMENT_3D('',#19513,#16059,#16060);
#13275=AXIS2_PLACEMENT_3D('',#19514,#16061,#16062);
#13276=AXIS2_PLACEMENT_3D('',#19516,#16063,#16064);
#13277=AXIS2_PLACEMENT_3D('',#19518,#16066,#16067);
#13278=AXIS2_PLACEMENT_3D('',#19520,#16068,#16069);
#13279=AXIS2_PLACEMENT_3D('',#19521,#16070,#16071);
#13280=AXIS2_PLACEMENT_3D('',#19523,#16072,#16073);
#13281=AXIS2_PLACEMENT_3D('',#19525,#16075,#16076);
#13282=AXIS2_PLACEMENT_3D('',#19527,#16077,#16078);
#13283=AXIS2_PLACEMENT_3D('',#19528,#16079,#16080);
#13284=AXIS2_PLACEMENT_3D('',#19530,#16081,#16082);
#13285=AXIS2_PLACEMENT_3D('',#19532,#16084,#16085);
#13286=AXIS2_PLACEMENT_3D('',#19534,#16086,#16087);
#13287=AXIS2_PLACEMENT_3D('',#19535,#16088,#16089);
#13288=AXIS2_PLACEMENT_3D('',#19537,#16090,#16091);
#13289=AXIS2_PLACEMENT_3D('',#19539,#16093,#16094);
#13290=AXIS2_PLACEMENT_3D('',#19541,#16095,#16096);
#13291=AXIS2_PLACEMENT_3D('',#19542,#16097,#16098);
#13292=AXIS2_PLACEMENT_3D('',#19545,#16099,#16100);
#13293=AXIS2_PLACEMENT_3D('',#19546,#16101,#16102);
#13294=AXIS2_PLACEMENT_3D('',#19548,#16104,#16105);
#13295=AXIS2_PLACEMENT_3D('',#19551,#16106,#16107);
#13296=AXIS2_PLACEMENT_3D('',#19552,#16108,#16109);
#13297=AXIS2_PLACEMENT_3D('',#19553,#16110,#16111);
#13298=AXIS2_PLACEMENT_3D('',#19554,#16112,#16113);
#13299=AXIS2_PLACEMENT_3D('',#19556,#16114,#16115);
#13300=AXIS2_PLACEMENT_3D('',#19558,#16117,#16118);
#13301=AXIS2_PLACEMENT_3D('',#19559,#16119,#16120);
#13302=AXIS2_PLACEMENT_3D('',#19562,#16121,#16122);
#13303=AXIS2_PLACEMENT_3D('',#19563,#16123,#16124);
#13304=AXIS2_PLACEMENT_3D('',#19566,#16126,#16127);
#13305=AXIS2_PLACEMENT_3D('',#19567,#16128,#16129);
#13306=AXIS2_PLACEMENT_3D('',#19568,#16130,#16131);
#13307=AXIS2_PLACEMENT_3D('',#19571,#16132,#16133);
#13308=AXIS2_PLACEMENT_3D('',#19572,#16134,#16135);
#13309=AXIS2_PLACEMENT_3D('',#19573,#16136,#16137);
#13310=AXIS2_PLACEMENT_3D('',#19574,#16138,#16139);
#13311=AXIS2_PLACEMENT_3D('',#19576,#16140,#16141);
#13312=AXIS2_PLACEMENT_3D('',#19578,#16143,#16144);
#13313=AXIS2_PLACEMENT_3D('',#19580,#16145,#16146);
#13314=AXIS2_PLACEMENT_3D('',#19581,#16147,#16148);
#13315=AXIS2_PLACEMENT_3D('',#19583,#16149,#16150);
#13316=AXIS2_PLACEMENT_3D('',#19585,#16152,#16153);
#13317=AXIS2_PLACEMENT_3D('',#19587,#16154,#16155);
#13318=AXIS2_PLACEMENT_3D('',#19588,#16156,#16157);
#13319=AXIS2_PLACEMENT_3D('',#19590,#16158,#16159);
#13320=AXIS2_PLACEMENT_3D('',#19592,#16161,#16162);
#13321=AXIS2_PLACEMENT_3D('',#19594,#16163,#16164);
#13322=AXIS2_PLACEMENT_3D('',#19595,#16165,#16166);
#13323=AXIS2_PLACEMENT_3D('',#19597,#16167,#16168);
#13324=AXIS2_PLACEMENT_3D('',#19599,#16170,#16171);
#13325=AXIS2_PLACEMENT_3D('',#19601,#16172,#16173);
#13326=AXIS2_PLACEMENT_3D('',#19602,#16174,#16175);
#13327=AXIS2_PLACEMENT_3D('',#19605,#16176,#16177);
#13328=AXIS2_PLACEMENT_3D('',#19606,#16178,#16179);
#13329=AXIS2_PLACEMENT_3D('',#19608,#16181,#16182);
#13330=AXIS2_PLACEMENT_3D('',#19611,#16183,#16184);
#13331=AXIS2_PLACEMENT_3D('',#19612,#16185,#16186);
#13332=AXIS2_PLACEMENT_3D('',#19613,#16187,#16188);
#13333=AXIS2_PLACEMENT_3D('',#19614,#16189,#16190);
#13334=AXIS2_PLACEMENT_3D('',#19616,#16191,#16192);
#13335=AXIS2_PLACEMENT_3D('',#19618,#16194,#16195);
#13336=AXIS2_PLACEMENT_3D('',#19619,#16196,#16197);
#13337=AXIS2_PLACEMENT_3D('',#19622,#16198,#16199);
#13338=AXIS2_PLACEMENT_3D('',#19623,#16200,#16201);
#13339=AXIS2_PLACEMENT_3D('',#19626,#16203,#16204);
#13340=AXIS2_PLACEMENT_3D('',#19627,#16205,#16206);
#13341=AXIS2_PLACEMENT_3D('',#19628,#16207,#16208);
#13342=AXIS2_PLACEMENT_3D('',#19631,#16209,#16210);
#13343=AXIS2_PLACEMENT_3D('',#19632,#16211,#16212);
#13344=AXIS2_PLACEMENT_3D('',#19633,#16213,#16214);
#13345=AXIS2_PLACEMENT_3D('',#19634,#16215,#16216);
#13346=AXIS2_PLACEMENT_3D('',#19636,#16217,#16218);
#13347=AXIS2_PLACEMENT_3D('',#19638,#16220,#16221);
#13348=AXIS2_PLACEMENT_3D('',#19640,#16222,#16223);
#13349=AXIS2_PLACEMENT_3D('',#19641,#16224,#16225);
#13350=AXIS2_PLACEMENT_3D('',#19643,#16226,#16227);
#13351=AXIS2_PLACEMENT_3D('',#19645,#16229,#16230);
#13352=AXIS2_PLACEMENT_3D('',#19647,#16231,#16232);
#13353=AXIS2_PLACEMENT_3D('',#19648,#16233,#16234);
#13354=AXIS2_PLACEMENT_3D('',#19650,#16235,#16236);
#13355=AXIS2_PLACEMENT_3D('',#19652,#16238,#16239);
#13356=AXIS2_PLACEMENT_3D('',#19654,#16240,#16241);
#13357=AXIS2_PLACEMENT_3D('',#19655,#16242,#16243);
#13358=AXIS2_PLACEMENT_3D('',#19657,#16244,#16245);
#13359=AXIS2_PLACEMENT_3D('',#19659,#16247,#16248);
#13360=AXIS2_PLACEMENT_3D('',#19661,#16249,#16250);
#13361=AXIS2_PLACEMENT_3D('',#19662,#16251,#16252);
#13362=AXIS2_PLACEMENT_3D('',#19665,#16253,#16254);
#13363=AXIS2_PLACEMENT_3D('',#19666,#16255,#16256);
#13364=AXIS2_PLACEMENT_3D('',#19668,#16258,#16259);
#13365=AXIS2_PLACEMENT_3D('',#19671,#16260,#16261);
#13366=AXIS2_PLACEMENT_3D('',#19672,#16262,#16263);
#13367=AXIS2_PLACEMENT_3D('',#19673,#16264,#16265);
#13368=AXIS2_PLACEMENT_3D('',#19674,#16266,#16267);
#13369=AXIS2_PLACEMENT_3D('',#19676,#16268,#16269);
#13370=AXIS2_PLACEMENT_3D('',#19678,#16271,#16272);
#13371=AXIS2_PLACEMENT_3D('',#19679,#16273,#16274);
#13372=AXIS2_PLACEMENT_3D('',#19682,#16275,#16276);
#13373=AXIS2_PLACEMENT_3D('',#19683,#16277,#16278);
#13374=AXIS2_PLACEMENT_3D('',#19686,#16280,#16281);
#13375=AXIS2_PLACEMENT_3D('',#19687,#16282,#16283);
#13376=AXIS2_PLACEMENT_3D('',#19688,#16284,#16285);
#13377=AXIS2_PLACEMENT_3D('',#19691,#16286,#16287);
#13378=AXIS2_PLACEMENT_3D('',#19692,#16288,#16289);
#13379=AXIS2_PLACEMENT_3D('',#19693,#16290,#16291);
#13380=AXIS2_PLACEMENT_3D('',#19694,#16292,#16293);
#13381=AXIS2_PLACEMENT_3D('',#19696,#16294,#16295);
#13382=AXIS2_PLACEMENT_3D('',#19698,#16297,#16298);
#13383=AXIS2_PLACEMENT_3D('',#19700,#16299,#16300);
#13384=AXIS2_PLACEMENT_3D('',#19701,#16301,#16302);
#13385=AXIS2_PLACEMENT_3D('',#19703,#16303,#16304);
#13386=AXIS2_PLACEMENT_3D('',#19705,#16306,#16307);
#13387=AXIS2_PLACEMENT_3D('',#19707,#16308,#16309);
#13388=AXIS2_PLACEMENT_3D('',#19708,#16310,#16311);
#13389=AXIS2_PLACEMENT_3D('',#19710,#16312,#16313);
#13390=AXIS2_PLACEMENT_3D('',#19712,#16315,#16316);
#13391=AXIS2_PLACEMENT_3D('',#19714,#16317,#16318);
#13392=AXIS2_PLACEMENT_3D('',#19715,#16319,#16320);
#13393=AXIS2_PLACEMENT_3D('',#19717,#16321,#16322);
#13394=AXIS2_PLACEMENT_3D('',#19719,#16324,#16325);
#13395=AXIS2_PLACEMENT_3D('',#19721,#16326,#16327);
#13396=AXIS2_PLACEMENT_3D('',#19722,#16328,#16329);
#13397=AXIS2_PLACEMENT_3D('',#19725,#16330,#16331);
#13398=AXIS2_PLACEMENT_3D('',#19726,#16332,#16333);
#13399=AXIS2_PLACEMENT_3D('',#19728,#16335,#16336);
#13400=AXIS2_PLACEMENT_3D('',#19731,#16337,#16338);
#13401=AXIS2_PLACEMENT_3D('',#19732,#16339,#16340);
#13402=AXIS2_PLACEMENT_3D('',#19733,#16341,#16342);
#13403=AXIS2_PLACEMENT_3D('',#19734,#16343,#16344);
#13404=AXIS2_PLACEMENT_3D('',#19736,#16345,#16346);
#13405=AXIS2_PLACEMENT_3D('',#19738,#16348,#16349);
#13406=AXIS2_PLACEMENT_3D('',#19739,#16350,#16351);
#13407=AXIS2_PLACEMENT_3D('',#19742,#16352,#16353);
#13408=AXIS2_PLACEMENT_3D('',#19743,#16354,#16355);
#13409=AXIS2_PLACEMENT_3D('',#19746,#16357,#16358);
#13410=AXIS2_PLACEMENT_3D('',#19747,#16359,#16360);
#13411=AXIS2_PLACEMENT_3D('',#19748,#16361,#16362);
#13412=AXIS2_PLACEMENT_3D('',#19751,#16363,#16364);
#13413=AXIS2_PLACEMENT_3D('',#19752,#16365,#16366);
#13414=AXIS2_PLACEMENT_3D('',#19753,#16367,#16368);
#13415=AXIS2_PLACEMENT_3D('',#19754,#16369,#16370);
#13416=AXIS2_PLACEMENT_3D('',#19756,#16371,#16372);
#13417=AXIS2_PLACEMENT_3D('',#19758,#16374,#16375);
#13418=AXIS2_PLACEMENT_3D('',#19760,#16376,#16377);
#13419=AXIS2_PLACEMENT_3D('',#19761,#16378,#16379);
#13420=AXIS2_PLACEMENT_3D('',#19763,#16380,#16381);
#13421=AXIS2_PLACEMENT_3D('',#19765,#16383,#16384);
#13422=AXIS2_PLACEMENT_3D('',#19767,#16385,#16386);
#13423=AXIS2_PLACEMENT_3D('',#19768,#16387,#16388);
#13424=AXIS2_PLACEMENT_3D('',#19770,#16389,#16390);
#13425=AXIS2_PLACEMENT_3D('',#19772,#16392,#16393);
#13426=AXIS2_PLACEMENT_3D('',#19774,#16394,#16395);
#13427=AXIS2_PLACEMENT_3D('',#19775,#16396,#16397);
#13428=AXIS2_PLACEMENT_3D('',#19777,#16398,#16399);
#13429=AXIS2_PLACEMENT_3D('',#19779,#16401,#16402);
#13430=AXIS2_PLACEMENT_3D('',#19781,#16403,#16404);
#13431=AXIS2_PLACEMENT_3D('',#19782,#16405,#16406);
#13432=AXIS2_PLACEMENT_3D('',#19785,#16407,#16408);
#13433=AXIS2_PLACEMENT_3D('',#19786,#16409,#16410);
#13434=AXIS2_PLACEMENT_3D('',#19788,#16412,#16413);
#13435=AXIS2_PLACEMENT_3D('',#19791,#16414,#16415);
#13436=AXIS2_PLACEMENT_3D('',#19792,#16416,#16417);
#13437=AXIS2_PLACEMENT_3D('',#19793,#16418,#16419);
#13438=AXIS2_PLACEMENT_3D('',#19794,#16420,#16421);
#13439=AXIS2_PLACEMENT_3D('',#19796,#16422,#16423);
#13440=AXIS2_PLACEMENT_3D('',#19798,#16425,#16426);
#13441=AXIS2_PLACEMENT_3D('',#19799,#16427,#16428);
#13442=AXIS2_PLACEMENT_3D('',#19808,#16433,#16434);
#13443=AXIS2_PLACEMENT_3D('',#19814,#16438,#16439);
#13444=AXIS2_PLACEMENT_3D('',#19820,#16443,#16444);
#13445=AXIS2_PLACEMENT_3D('',#19878,#16474,#16475);
#13446=AXIS2_PLACEMENT_3D('',#19936,#16505,#16506);
#13447=AXIS2_PLACEMENT_3D('',#19938,#16508,#16509);
#13448=AXIS2_PLACEMENT_3D('',#19940,#16511,#16512);
#13449=AXIS2_PLACEMENT_3D('',#19942,#16514,#16515);
#13450=AXIS2_PLACEMENT_3D('',#19944,#16517,#16518);
#13451=AXIS2_PLACEMENT_3D('',#19946,#16520,#16521);
#13452=AXIS2_PLACEMENT_3D('',#19948,#16523,#16524);
#13453=AXIS2_PLACEMENT_3D('',#19950,#16526,#16527);
#13454=AXIS2_PLACEMENT_3D('',#19952,#16529,#16530);
#13455=AXIS2_PLACEMENT_3D('',#19954,#16532,#16533);
#13456=AXIS2_PLACEMENT_3D('',#19956,#16535,#16536);
#13457=AXIS2_PLACEMENT_3D('',#19958,#16538,#16539);
#13458=AXIS2_PLACEMENT_3D('',#19960,#16541,#16542);
#13459=AXIS2_PLACEMENT_3D('',#19962,#16544,#16545);
#13460=AXIS2_PLACEMENT_3D('',#19964,#16547,#16548);
#13461=AXIS2_PLACEMENT_3D('',#19966,#16550,#16551);
#13462=AXIS2_PLACEMENT_3D('',#19968,#16553,#16554);
#13463=AXIS2_PLACEMENT_3D('',#19969,#16555,#16556);
#13464=AXIS2_PLACEMENT_3D('',#19975,#16560,#16561);
#13465=AXIS2_PLACEMENT_3D('',#19979,#16564,#16565);
#13466=AXIS2_PLACEMENT_3D('',#19983,#16568,#16569);
#13467=AXIS2_PLACEMENT_3D('',#19985,#16571,#16572);
#13468=AXIS2_PLACEMENT_3D('',#19991,#16576,#16577);
#13469=AXIS2_PLACEMENT_3D('',#19995,#16580,#16581);
#13470=AXIS2_PLACEMENT_3D('',#19999,#16584,#16585);
#13471=AXIS2_PLACEMENT_3D('',#20001,#16587,#16588);
#13472=AXIS2_PLACEMENT_3D('',#20007,#16592,#16593);
#13473=AXIS2_PLACEMENT_3D('',#20011,#16596,#16597);
#13474=AXIS2_PLACEMENT_3D('',#20015,#16600,#16601);
#13475=AXIS2_PLACEMENT_3D('',#20017,#16603,#16604);
#13476=AXIS2_PLACEMENT_3D('',#20023,#16608,#16609);
#13477=AXIS2_PLACEMENT_3D('',#20027,#16612,#16613);
#13478=AXIS2_PLACEMENT_3D('',#20031,#16616,#16617);
#13479=AXIS2_PLACEMENT_3D('',#20033,#16619,#16620);
#13480=AXIS2_PLACEMENT_3D('',#20039,#16624,#16625);
#13481=AXIS2_PLACEMENT_3D('',#20043,#16628,#16629);
#13482=AXIS2_PLACEMENT_3D('',#20047,#16632,#16633);
#13483=AXIS2_PLACEMENT_3D('',#20049,#16635,#16636);
#13484=AXIS2_PLACEMENT_3D('',#20055,#16640,#16641);
#13485=AXIS2_PLACEMENT_3D('',#20059,#16644,#16645);
#13486=AXIS2_PLACEMENT_3D('',#20063,#16648,#16649);
#13487=AXIS2_PLACEMENT_3D('',#20065,#16651,#16652);
#13488=AXIS2_PLACEMENT_3D('',#20071,#16656,#16657);
#13489=AXIS2_PLACEMENT_3D('',#20075,#16660,#16661);
#13490=AXIS2_PLACEMENT_3D('',#20079,#16664,#16665);
#13491=AXIS2_PLACEMENT_3D('',#20081,#16667,#16668);
#13492=AXIS2_PLACEMENT_3D('',#20087,#16672,#16673);
#13493=AXIS2_PLACEMENT_3D('',#20091,#16676,#16677);
#13494=AXIS2_PLACEMENT_3D('',#20095,#16680,#16681);
#13495=AXIS2_PLACEMENT_3D('',#20097,#16683,#16684);
#13496=AXIS2_PLACEMENT_3D('',#20103,#16688,#16689);
#13497=AXIS2_PLACEMENT_3D('',#20107,#16692,#16693);
#13498=AXIS2_PLACEMENT_3D('',#20111,#16696,#16697);
#13499=AXIS2_PLACEMENT_3D('',#20113,#16699,#16700);
#13500=AXIS2_PLACEMENT_3D('',#20119,#16704,#16705);
#13501=AXIS2_PLACEMENT_3D('',#20123,#16708,#16709);
#13502=AXIS2_PLACEMENT_3D('',#20127,#16712,#16713);
#13503=AXIS2_PLACEMENT_3D('',#20129,#16715,#16716);
#13504=AXIS2_PLACEMENT_3D('',#20135,#16720,#16721);
#13505=AXIS2_PLACEMENT_3D('',#20139,#16724,#16725);
#13506=AXIS2_PLACEMENT_3D('',#20143,#16728,#16729);
#13507=AXIS2_PLACEMENT_3D('',#20145,#16731,#16732);
#13508=AXIS2_PLACEMENT_3D('',#20151,#16736,#16737);
#13509=AXIS2_PLACEMENT_3D('',#20155,#16740,#16741);
#13510=AXIS2_PLACEMENT_3D('',#20159,#16744,#16745);
#13511=AXIS2_PLACEMENT_3D('',#20161,#16747,#16748);
#13512=AXIS2_PLACEMENT_3D('',#20162,#16749,#16750);
#13513=AXIS2_PLACEMENT_3D('',#20163,#16751,#16752);
#13514=AXIS2_PLACEMENT_3D('',#20164,#16753,#16754);
#13515=AXIS2_PLACEMENT_3D('',#20165,#16755,#16756);
#13516=AXIS2_PLACEMENT_3D('',#20166,#16757,#16758);
#13517=AXIS2_PLACEMENT_3D('',#20167,#16759,#16760);
#13518=AXIS2_PLACEMENT_3D('',#20170,#16761,#16762);
#13519=AXIS2_PLACEMENT_3D('',#20171,#16763,#16764);
#13520=AXIS2_PLACEMENT_3D('',#20174,#16766,#16767);
#13521=AXIS2_PLACEMENT_3D('',#20175,#16768,#16769);
#13522=AXIS2_PLACEMENT_3D('',#20176,#16770,#16771);
#13523=AXIS2_PLACEMENT_3D('',#20179,#16772,#16773);
#13524=AXIS2_PLACEMENT_3D('',#20180,#16774,#16775);
#13525=AXIS2_PLACEMENT_3D('',#20181,#16776,#16777);
#13526=AXIS2_PLACEMENT_3D('',#20182,#16778,#16779);
#13527=AXIS2_PLACEMENT_3D('',#20184,#16780,#16781);
#13528=AXIS2_PLACEMENT_3D('',#20186,#16783,#16784);
#13529=AXIS2_PLACEMENT_3D('',#20188,#16785,#16786);
#13530=AXIS2_PLACEMENT_3D('',#20189,#16787,#16788);
#13531=AXIS2_PLACEMENT_3D('',#20191,#16789,#16790);
#13532=AXIS2_PLACEMENT_3D('',#20193,#16792,#16793);
#13533=AXIS2_PLACEMENT_3D('',#20195,#16794,#16795);
#13534=AXIS2_PLACEMENT_3D('',#20196,#16796,#16797);
#13535=AXIS2_PLACEMENT_3D('',#20198,#16798,#16799);
#13536=AXIS2_PLACEMENT_3D('',#20200,#16801,#16802);
#13537=AXIS2_PLACEMENT_3D('',#20202,#16803,#16804);
#13538=AXIS2_PLACEMENT_3D('',#20203,#16805,#16806);
#13539=AXIS2_PLACEMENT_3D('',#20205,#16807,#16808);
#13540=AXIS2_PLACEMENT_3D('',#20207,#16810,#16811);
#13541=AXIS2_PLACEMENT_3D('',#20209,#16812,#16813);
#13542=AXIS2_PLACEMENT_3D('',#20210,#16814,#16815);
#13543=AXIS2_PLACEMENT_3D('',#20213,#16816,#16817);
#13544=AXIS2_PLACEMENT_3D('',#20214,#16818,#16819);
#13545=AXIS2_PLACEMENT_3D('',#20216,#16821,#16822);
#13546=AXIS2_PLACEMENT_3D('',#20219,#16823,#16824);
#13547=AXIS2_PLACEMENT_3D('',#20220,#16825,#16826);
#13548=AXIS2_PLACEMENT_3D('',#20221,#16827,#16828);
#13549=AXIS2_PLACEMENT_3D('',#20222,#16829,#16830);
#13550=AXIS2_PLACEMENT_3D('',#20224,#16831,#16832);
#13551=AXIS2_PLACEMENT_3D('',#20226,#16834,#16835);
#13552=AXIS2_PLACEMENT_3D('',#20227,#16836,#16837);
#13553=AXIS2_PLACEMENT_3D('',#20230,#16838,#16839);
#13554=AXIS2_PLACEMENT_3D('',#20231,#16840,#16841);
#13555=AXIS2_PLACEMENT_3D('',#20234,#16843,#16844);
#13556=AXIS2_PLACEMENT_3D('',#20235,#16845,#16846);
#13557=AXIS2_PLACEMENT_3D('',#20236,#16847,#16848);
#13558=AXIS2_PLACEMENT_3D('',#20239,#16849,#16850);
#13559=AXIS2_PLACEMENT_3D('',#20240,#16851,#16852);
#13560=AXIS2_PLACEMENT_3D('',#20241,#16853,#16854);
#13561=AXIS2_PLACEMENT_3D('',#20242,#16855,#16856);
#13562=AXIS2_PLACEMENT_3D('',#20244,#16857,#16858);
#13563=AXIS2_PLACEMENT_3D('',#20246,#16860,#16861);
#13564=AXIS2_PLACEMENT_3D('',#20248,#16862,#16863);
#13565=AXIS2_PLACEMENT_3D('',#20249,#16864,#16865);
#13566=AXIS2_PLACEMENT_3D('',#20251,#16866,#16867);
#13567=AXIS2_PLACEMENT_3D('',#20253,#16869,#16870);
#13568=AXIS2_PLACEMENT_3D('',#20255,#16871,#16872);
#13569=AXIS2_PLACEMENT_3D('',#20256,#16873,#16874);
#13570=AXIS2_PLACEMENT_3D('',#20258,#16875,#16876);
#13571=AXIS2_PLACEMENT_3D('',#20260,#16878,#16879);
#13572=AXIS2_PLACEMENT_3D('',#20262,#16880,#16881);
#13573=AXIS2_PLACEMENT_3D('',#20263,#16882,#16883);
#13574=AXIS2_PLACEMENT_3D('',#20265,#16884,#16885);
#13575=AXIS2_PLACEMENT_3D('',#20267,#16887,#16888);
#13576=AXIS2_PLACEMENT_3D('',#20269,#16889,#16890);
#13577=AXIS2_PLACEMENT_3D('',#20270,#16891,#16892);
#13578=AXIS2_PLACEMENT_3D('',#20273,#16893,#16894);
#13579=AXIS2_PLACEMENT_3D('',#20274,#16895,#16896);
#13580=AXIS2_PLACEMENT_3D('',#20276,#16898,#16899);
#13581=AXIS2_PLACEMENT_3D('',#20279,#16900,#16901);
#13582=AXIS2_PLACEMENT_3D('',#20280,#16902,#16903);
#13583=AXIS2_PLACEMENT_3D('',#20281,#16904,#16905);
#13584=AXIS2_PLACEMENT_3D('',#20282,#16906,#16907);
#13585=AXIS2_PLACEMENT_3D('',#20284,#16908,#16909);
#13586=AXIS2_PLACEMENT_3D('',#20286,#16911,#16912);
#13587=AXIS2_PLACEMENT_3D('',#20287,#16913,#16914);
#13588=AXIS2_PLACEMENT_3D('',#20290,#16915,#16916);
#13589=AXIS2_PLACEMENT_3D('',#20291,#16917,#16918);
#13590=AXIS2_PLACEMENT_3D('',#20294,#16920,#16921);
#13591=AXIS2_PLACEMENT_3D('',#20295,#16922,#16923);
#13592=AXIS2_PLACEMENT_3D('',#20296,#16924,#16925);
#13593=AXIS2_PLACEMENT_3D('',#20299,#16926,#16927);
#13594=AXIS2_PLACEMENT_3D('',#20300,#16928,#16929);
#13595=AXIS2_PLACEMENT_3D('',#20301,#16930,#16931);
#13596=AXIS2_PLACEMENT_3D('',#20302,#16932,#16933);
#13597=AXIS2_PLACEMENT_3D('',#20304,#16934,#16935);
#13598=AXIS2_PLACEMENT_3D('',#20306,#16937,#16938);
#13599=AXIS2_PLACEMENT_3D('',#20308,#16939,#16940);
#13600=AXIS2_PLACEMENT_3D('',#20309,#16941,#16942);
#13601=AXIS2_PLACEMENT_3D('',#20311,#16943,#16944);
#13602=AXIS2_PLACEMENT_3D('',#20313,#16946,#16947);
#13603=AXIS2_PLACEMENT_3D('',#20315,#16948,#16949);
#13604=AXIS2_PLACEMENT_3D('',#20316,#16950,#16951);
#13605=AXIS2_PLACEMENT_3D('',#20318,#16952,#16953);
#13606=AXIS2_PLACEMENT_3D('',#20320,#16955,#16956);
#13607=AXIS2_PLACEMENT_3D('',#20322,#16957,#16958);
#13608=AXIS2_PLACEMENT_3D('',#20323,#16959,#16960);
#13609=AXIS2_PLACEMENT_3D('',#20325,#16961,#16962);
#13610=AXIS2_PLACEMENT_3D('',#20327,#16964,#16965);
#13611=AXIS2_PLACEMENT_3D('',#20329,#16966,#16967);
#13612=AXIS2_PLACEMENT_3D('',#20330,#16968,#16969);
#13613=AXIS2_PLACEMENT_3D('',#20333,#16970,#16971);
#13614=AXIS2_PLACEMENT_3D('',#20334,#16972,#16973);
#13615=AXIS2_PLACEMENT_3D('',#20336,#16975,#16976);
#13616=AXIS2_PLACEMENT_3D('',#20339,#16977,#16978);
#13617=AXIS2_PLACEMENT_3D('',#20340,#16979,#16980);
#13618=AXIS2_PLACEMENT_3D('',#20341,#16981,#16982);
#13619=AXIS2_PLACEMENT_3D('',#20342,#16983,#16984);
#13620=AXIS2_PLACEMENT_3D('',#20344,#16985,#16986);
#13621=AXIS2_PLACEMENT_3D('',#20346,#16988,#16989);
#13622=AXIS2_PLACEMENT_3D('',#20347,#16990,#16991);
#13623=AXIS2_PLACEMENT_3D('',#20349,#16992,#16993);
#13624=AXIS2_PLACEMENT_3D('',#20352,#16995,#16996);
#13625=AXIS2_PLACEMENT_3D('',#20353,#16997,#16998);
#13626=AXIS2_PLACEMENT_3D('',#20355,#16999,#17000);
#13627=AXIS2_PLACEMENT_3D('',#20358,#17002,#17003);
#13628=AXIS2_PLACEMENT_3D('',#20359,#17004,#17005);
#13629=AXIS2_PLACEMENT_3D('',#20361,#17006,#17007);
#13630=AXIS2_PLACEMENT_3D('',#20364,#17009,#17010);
#13631=AXIS2_PLACEMENT_3D('',#20365,#17011,#17012);
#13632=AXIS2_PLACEMENT_3D('',#20367,#17013,#17014);
#13633=AXIS2_PLACEMENT_3D('',#20370,#17016,#17017);
#13634=AXIS2_PLACEMENT_3D('',#20371,#17018,#17019);
#13635=AXIS2_PLACEMENT_3D('',#20373,#17020,#17021);
#13636=AXIS2_PLACEMENT_3D('',#20376,#17023,#17024);
#13637=AXIS2_PLACEMENT_3D('',#20377,#17025,#17026);
#13638=AXIS2_PLACEMENT_3D('',#20378,#17027,#17028);
#13639=AXIS2_PLACEMENT_3D('',#20380,#17029,#17030);
#13640=AXIS2_PLACEMENT_3D('',#20383,#17032,#17033);
#13641=AXIS2_PLACEMENT_3D('',#20384,#17034,#17035);
#13642=AXIS2_PLACEMENT_3D('',#20385,#17036,#17037);
#13643=AXIS2_PLACEMENT_3D('',#20387,#17038,#17039);
#13644=AXIS2_PLACEMENT_3D('',#20390,#17041,#17042);
#13645=AXIS2_PLACEMENT_3D('',#20391,#17043,#17044);
#13646=AXIS2_PLACEMENT_3D('',#20392,#17045,#17046);
#13647=AXIS2_PLACEMENT_3D('',#20394,#17047,#17048);
#13648=AXIS2_PLACEMENT_3D('',#20397,#17050,#17051);
#13649=AXIS2_PLACEMENT_3D('',#20398,#17052,#17053);
#13650=AXIS2_PLACEMENT_3D('',#20399,#17054,#17055);
#13651=AXIS2_PLACEMENT_3D('',#20401,#17056,#17057);
#13652=AXIS2_PLACEMENT_3D('',#20402,#17058,#17059);
#13653=AXIS2_PLACEMENT_3D('',#20477,#17096,#17097);
#13654=AXIS2_PLACEMENT_3D('',#20551,#17135,#17136);
#13655=AXIS2_PLACEMENT_3D('',#20557,#17140,#17141);
#13656=AXIS2_PLACEMENT_3D('',#20561,#17144,#17145);
#13657=AXIS2_PLACEMENT_3D('',#20565,#17148,#17149);
#13658=AXIS2_PLACEMENT_3D('',#20567,#17151,#17152);
#13659=AXIS2_PLACEMENT_3D('',#20568,#17153,#17154);
#13660=AXIS2_PLACEMENT_3D('',#20574,#17158,#17159);
#13661=AXIS2_PLACEMENT_3D('',#20578,#17162,#17163);
#13662=AXIS2_PLACEMENT_3D('',#20582,#17166,#17167);
#13663=AXIS2_PLACEMENT_3D('',#20584,#17169,#17170);
#13664=AXIS2_PLACEMENT_3D('',#20585,#17171,#17172);
#13665=AXIS2_PLACEMENT_3D('',#20591,#17176,#17177);
#13666=AXIS2_PLACEMENT_3D('',#20595,#17180,#17181);
#13667=AXIS2_PLACEMENT_3D('',#20599,#17184,#17185);
#13668=AXIS2_PLACEMENT_3D('',#20601,#17187,#17188);
#13669=AXIS2_PLACEMENT_3D('',#20602,#17189,#17190);
#13670=AXIS2_PLACEMENT_3D('',#20608,#17194,#17195);
#13671=AXIS2_PLACEMENT_3D('',#20612,#17198,#17199);
#13672=AXIS2_PLACEMENT_3D('',#20616,#17202,#17203);
#13673=AXIS2_PLACEMENT_3D('',#20618,#17205,#17206);
#13674=AXIS2_PLACEMENT_3D('',#20619,#17207,#17208);
#13675=AXIS2_PLACEMENT_3D('',#20625,#17212,#17213);
#13676=AXIS2_PLACEMENT_3D('',#20629,#17216,#17217);
#13677=AXIS2_PLACEMENT_3D('',#20633,#17220,#17221);
#13678=AXIS2_PLACEMENT_3D('',#20635,#17223,#17224);
#13679=AXIS2_PLACEMENT_3D('',#20636,#17225,#17226);
#13680=AXIS2_PLACEMENT_3D('',#20642,#17230,#17231);
#13681=AXIS2_PLACEMENT_3D('',#20646,#17234,#17235);
#13682=AXIS2_PLACEMENT_3D('',#20650,#17238,#17239);
#13683=AXIS2_PLACEMENT_3D('',#20652,#17241,#17242);
#13684=AXIS2_PLACEMENT_3D('',#20653,#17243,#17244);
#13685=AXIS2_PLACEMENT_3D('',#20659,#17248,#17249);
#13686=AXIS2_PLACEMENT_3D('',#20663,#17252,#17253);
#13687=AXIS2_PLACEMENT_3D('',#20666,#17255,#17256);
#13688=AXIS2_PLACEMENT_3D('',#20667,#17257,#17258);
#13689=AXIS2_PLACEMENT_3D('',#20671,#17261,#17262);
#13690=AXIS2_PLACEMENT_3D('',#20673,#17264,#17265);
#13691=AXIS2_PLACEMENT_3D('',#20674,#17266,#17267);
#13692=AXIS2_PLACEMENT_3D('',#20680,#17271,#17272);
#13693=AXIS2_PLACEMENT_3D('',#20684,#17275,#17276);
#13694=AXIS2_PLACEMENT_3D('',#20688,#17279,#17280);
#13695=AXIS2_PLACEMENT_3D('',#20690,#17282,#17283);
#13696=AXIS2_PLACEMENT_3D('',#20691,#17284,#17285);
#13697=AXIS2_PLACEMENT_3D('',#20697,#17289,#17290);
#13698=AXIS2_PLACEMENT_3D('',#20701,#17293,#17294);
#13699=AXIS2_PLACEMENT_3D('',#20705,#17297,#17298);
#13700=AXIS2_PLACEMENT_3D('',#20708,#17300,#17301);
#13701=AXIS2_PLACEMENT_3D('',#20709,#17302,#17303);
#13702=AXIS2_PLACEMENT_3D('',#20713,#17306,#17307);
#13703=AXIS2_PLACEMENT_3D('',#20715,#17309,#17310);
#13704=AXIS2_PLACEMENT_3D('',#20716,#17311,#17312);
#13705=AXIS2_PLACEMENT_3D('',#20722,#17316,#17317);
#13706=AXIS2_PLACEMENT_3D('',#20726,#17320,#17321);
#13707=AXIS2_PLACEMENT_3D('',#20738,#17328,#17329);
#13708=AXIS2_PLACEMENT_3D('',#20740,#17331,#17332);
#13709=AXIS2_PLACEMENT_3D('',#20741,#17333,#17334);
#13710=AXIS2_PLACEMENT_3D('',#20747,#17338,#17339);
#13711=AXIS2_PLACEMENT_3D('',#20751,#17342,#17343);
#13712=AXIS2_PLACEMENT_3D('',#20755,#17346,#17347);
#13713=AXIS2_PLACEMENT_3D('',#20757,#17349,#17350);
#13714=AXIS2_PLACEMENT_3D('',#20766,#17355,#17356);
#13715=AXIS2_PLACEMENT_3D('',#20772,#17360,#17361);
#13716=AXIS2_PLACEMENT_3D('',#20778,#17365,#17366);
#13717=AXIS2_PLACEMENT_3D('',#20781,#17369,#17370);
#13718=AXIS2_PLACEMENT_3D('',#20782,#17371,#17372);
#13719=AXIS2_PLACEMENT_3D('',#20788,#17376,#17377);
#13720=AXIS2_PLACEMENT_3D('',#20792,#17380,#17381);
#13721=AXIS2_PLACEMENT_3D('',#20796,#17384,#17385);
#13722=AXIS2_PLACEMENT_3D('',#20798,#17387,#17388);
#13723=AXIS2_PLACEMENT_3D('',#20799,#17389,#17390);
#13724=AXIS2_PLACEMENT_3D('',#20805,#17394,#17395);
#13725=AXIS2_PLACEMENT_3D('',#20809,#17398,#17399);
#13726=AXIS2_PLACEMENT_3D('',#20813,#17402,#17403);
#13727=AXIS2_PLACEMENT_3D('',#20815,#17405,#17406);
#13728=AXIS2_PLACEMENT_3D('',#20816,#17407,#17408);
#13729=AXIS2_PLACEMENT_3D('',#20822,#17412,#17413);
#13730=AXIS2_PLACEMENT_3D('',#20826,#17416,#17417);
#13731=AXIS2_PLACEMENT_3D('',#20830,#17420,#17421);
#13732=AXIS2_PLACEMENT_3D('',#20832,#17423,#17424);
#13733=AXIS2_PLACEMENT_3D('',#20833,#17425,#17426);
#13734=AXIS2_PLACEMENT_3D('',#20839,#17430,#17431);
#13735=AXIS2_PLACEMENT_3D('',#20843,#17434,#17435);
#13736=AXIS2_PLACEMENT_3D('',#20847,#17438,#17439);
#13737=AXIS2_PLACEMENT_3D('',#20849,#17441,#17442);
#13738=AXIS2_PLACEMENT_3D('',#20850,#17443,#17444);
#13739=AXIS2_PLACEMENT_3D('',#20856,#17448,#17449);
#13740=AXIS2_PLACEMENT_3D('',#20860,#17452,#17453);
#13741=AXIS2_PLACEMENT_3D('',#20864,#17456,#17457);
#13742=AXIS2_PLACEMENT_3D('',#20866,#17459,#17460);
#13743=AXIS2_PLACEMENT_3D('',#20867,#17461,#17462);
#13744=AXIS2_PLACEMENT_3D('',#20873,#17466,#17467);
#13745=AXIS2_PLACEMENT_3D('',#20877,#17470,#17471);
#13746=AXIS2_PLACEMENT_3D('',#20881,#17474,#17475);
#13747=AXIS2_PLACEMENT_3D('',#20883,#17477,#17478);
#13748=AXIS2_PLACEMENT_3D('',#20884,#17479,#17480);
#13749=AXIS2_PLACEMENT_3D('',#20890,#17484,#17485);
#13750=AXIS2_PLACEMENT_3D('',#20894,#17488,#17489);
#13751=AXIS2_PLACEMENT_3D('',#20898,#17492,#17493);
#13752=AXIS2_PLACEMENT_3D('',#20900,#17495,#17496);
#13753=AXIS2_PLACEMENT_3D('',#20901,#17497,#17498);
#13754=AXIS2_PLACEMENT_3D('',#20907,#17502,#17503);
#13755=AXIS2_PLACEMENT_3D('',#20911,#17506,#17507);
#13756=AXIS2_PLACEMENT_3D('',#20915,#17510,#17511);
#13757=AXIS2_PLACEMENT_3D('',#20917,#17513,#17514);
#13758=AXIS2_PLACEMENT_3D('',#20918,#17515,#17516);
#13759=AXIS2_PLACEMENT_3D('',#20919,#17517,#17518);
#13760=AXIS2_PLACEMENT_3D('',#20928,#17523,#17524);
#13761=AXIS2_PLACEMENT_3D('',#20937,#17529,#17530);
#13762=AXIS2_PLACEMENT_3D('',#20957,#17541,#17542);
#13763=AXIS2_PLACEMENT_3D('',#20959,#17543,#17544);
#13764=AXIS2_PLACEMENT_3D('',#20961,#17545,#17546);
#13765=AXIS2_PLACEMENT_3D('',#20963,#17547,#17548);
#13766=AXIS2_PLACEMENT_3D('',#20964,#17549,#17550);
#13767=AXIS2_PLACEMENT_3D('',#20968,#17553,#17554);
#13768=AXIS2_PLACEMENT_3D('',#20972,#17557,#17558);
#13769=AXIS2_PLACEMENT_3D('',#20974,#17559,#17560);
#13770=AXIS2_PLACEMENT_3D('',#20977,#17562,#17563);
#13771=AXIS2_PLACEMENT_3D('',#20978,#17564,#17565);
#13772=AXIS2_PLACEMENT_3D('',#20980,#17566,#17567);
#13773=AXIS2_PLACEMENT_3D('',#20983,#17569,#17570);
#13774=AXIS2_PLACEMENT_3D('',#20984,#17571,#17572);
#13775=AXIS2_PLACEMENT_3D('',#20986,#17573,#17574);
#13776=AXIS2_PLACEMENT_3D('',#20989,#17576,#17577);
#13777=AXIS2_PLACEMENT_3D('',#20990,#17578,#17579);
#13778=AXIS2_PLACEMENT_3D('',#20992,#17580,#17581);
#13779=AXIS2_PLACEMENT_3D('',#20995,#17583,#17584);
#13780=AXIS2_PLACEMENT_3D('',#20996,#17585,#17586);
#13781=AXIS2_PLACEMENT_3D('',#20999,#17588,#17589);
#13782=AXIS2_PLACEMENT_3D('',#21000,#17590,#17591);
#13783=AXIS2_PLACEMENT_3D('',#21001,#17592,#17593);
#13784=AXIS2_PLACEMENT_3D('',#21004,#17595,#17596);
#13785=AXIS2_PLACEMENT_3D('',#21005,#17597,#17598);
#13786=AXIS2_PLACEMENT_3D('',#21006,#17599,#17600);
#13787=AXIS2_PLACEMENT_3D('',#21009,#17602,#17603);
#13788=AXIS2_PLACEMENT_3D('',#21010,#17604,#17605);
#13789=AXIS2_PLACEMENT_3D('',#21011,#17606,#17607);
#13790=AXIS2_PLACEMENT_3D('',#21014,#17609,#17610);
#13791=AXIS2_PLACEMENT_3D('',#21015,#17611,#17612);
#13792=AXIS2_PLACEMENT_3D('',#21016,#17613,#17614);
#13793=AXIS2_PLACEMENT_3D('',#21020,#17617,#17618);
#13794=AXIS2_PLACEMENT_3D('',#21024,#17621,#17622);
#13795=AXIS2_PLACEMENT_3D('',#21028,#17625,#17626);
#13796=AXIS2_PLACEMENT_3D('',#21030,#17628,#17629);
#13797=AXIS2_PLACEMENT_3D('',#21034,#17632,#17633);
#13798=AXIS2_PLACEMENT_3D('',#21038,#17636,#17637);
#13799=AXIS2_PLACEMENT_3D('',#21042,#17640,#17641);
#13800=AXIS2_PLACEMENT_3D('',#21044,#17643,#17644);
#13801=AXIS2_PLACEMENT_3D('',#21045,#17645,#17646);
#13802=DIRECTION('axis',(0.,0.,1.));
#13803=DIRECTION('refdir',(1.,0.,0.));
#13804=DIRECTION('axis',(0.,0.,1.));
#13805=DIRECTION('refdir',(1.,0.,0.));
#13806=DIRECTION('center_axis',(0.,-1.,0.));
#13807=DIRECTION('ref_axis',(-1.,0.,0.));
#13808=DIRECTION('',(0.,0.,1.));
#13809=DIRECTION('',(-1.,0.,0.));
#13810=DIRECTION('',(0.,0.,1.));
#13811=DIRECTION('',(-1.,0.,0.));
#13812=DIRECTION('center_axis',(1.,0.,0.));
#13813=DIRECTION('ref_axis',(0.,-1.,0.));
#13814=DIRECTION('',(0.,0.,1.));
#13815=DIRECTION('',(0.,-1.,0.));
#13816=DIRECTION('',(0.,-1.,0.));
#13817=DIRECTION('center_axis',(-1.,0.,0.));
#13818=DIRECTION('ref_axis',(0.,1.,0.));
#13819=DIRECTION('',(0.,1.,0.));
#13820=DIRECTION('',(0.,0.,1.));
#13821=DIRECTION('',(0.,1.,0.));
#13822=DIRECTION('center_axis',(0.,0.,1.));
#13823=DIRECTION('ref_axis',(1.,0.,0.));
#13824=DIRECTION('',(1.,0.,0.));
#13825=DIRECTION('center_axis',(0.,0.,-1.));
#13826=DIRECTION('ref_axis',(0.,-1.,0.));
#13827=DIRECTION('center_axis',(0.,0.,-1.));
#13828=DIRECTION('ref_axis',(0.,-1.,0.));
#13829=DIRECTION('center_axis',(0.,0.,-1.));
#13830=DIRECTION('ref_axis',(0.,-1.,0.));
#13831=DIRECTION('center_axis',(0.,0.,-1.));
#13832=DIRECTION('ref_axis',(1.578983857245E-14,-1.,0.));
#13833=DIRECTION('center_axis',(0.,0.,-1.));
#13834=DIRECTION('ref_axis',(1.578983857245E-14,-1.,0.));
#13835=DIRECTION('center_axis',(0.,0.,-1.));
#13836=DIRECTION('ref_axis',(-4.17966315153E-15,-1.,0.));
#13837=DIRECTION('center_axis',(0.,0.,-1.));
#13838=DIRECTION('ref_axis',(0.,-1.,0.));
#13839=DIRECTION('center_axis',(0.,0.,-1.));
#13840=DIRECTION('ref_axis',(1.578983857245E-14,-1.,0.));
#13841=DIRECTION('center_axis',(0.,0.,-1.));
#13842=DIRECTION('ref_axis',(-2.368475785867E-14,-1.,0.));
#13843=DIRECTION('center_axis',(0.,0.,-1.));
#13844=DIRECTION('ref_axis',(0.,-1.,0.));
#13845=DIRECTION('center_axis',(0.,0.,-1.));
#13846=DIRECTION('ref_axis',(0.,-1.,0.));
#13847=DIRECTION('center_axis',(0.,0.,-1.));
#13848=DIRECTION('ref_axis',(0.,-1.,0.));
#13849=DIRECTION('center_axis',(0.,0.,-1.));
#13850=DIRECTION('ref_axis',(1.578983857245E-14,-1.,0.));
#13851=DIRECTION('center_axis',(0.,0.,-1.));
#13852=DIRECTION('ref_axis',(1.578983857245E-14,-1.,0.));
#13853=DIRECTION('center_axis',(0.,0.,-1.));
#13854=DIRECTION('ref_axis',(-4.17966315153E-15,-1.,0.));
#13855=DIRECTION('center_axis',(0.,0.,-1.));
#13856=DIRECTION('ref_axis',(1.578983857245E-14,-1.,0.));
#13857=DIRECTION('center_axis',(0.,0.,-1.));
#13858=DIRECTION('ref_axis',(0.,-1.,0.));
#13859=DIRECTION('center_axis',(0.,0.,-1.));
#13860=DIRECTION('ref_axis',(0.,-1.,0.));
#13861=DIRECTION('center_axis',(0.,0.,-1.));
#13862=DIRECTION('ref_axis',(0.,-1.,0.));
#13863=DIRECTION('center_axis',(0.,0.,-1.));
#13864=DIRECTION('ref_axis',(0.,-1.,0.));
#13865=DIRECTION('center_axis',(0.,0.,-1.));
#13866=DIRECTION('ref_axis',(1.044915787883E-15,-1.,0.));
#13867=DIRECTION('center_axis',(0.,0.,-1.));
#13868=DIRECTION('ref_axis',(1.110223024625E-16,-1.,0.));
#13869=DIRECTION('center_axis',(0.,0.,-1.));
#13870=DIRECTION('ref_axis',(0.,-1.,0.));
#13871=DIRECTION('center_axis',(0.,0.,-1.));
#13872=DIRECTION('ref_axis',(0.,-1.,0.));
#13873=DIRECTION('center_axis',(0.,0.,-1.));
#13874=DIRECTION('ref_axis',(0.,-1.,0.));
#13875=DIRECTION('center_axis',(0.,0.,-1.));
#13876=DIRECTION('ref_axis',(0.,-1.,0.));
#13877=DIRECTION('center_axis',(0.,0.,-1.));
#13878=DIRECTION('ref_axis',(1.044915787883E-15,-1.,0.));
#13879=DIRECTION('center_axis',(0.,0.,-1.));
#13880=DIRECTION('ref_axis',(0.,-1.,0.));
#13881=DIRECTION('center_axis',(0.,0.,-1.));
#13882=DIRECTION('ref_axis',(0.,-1.,0.));
#13883=DIRECTION('center_axis',(0.,0.,-1.));
#13884=DIRECTION('ref_axis',(0.,-1.,0.));
#13885=DIRECTION('center_axis',(0.,0.,-1.));
#13886=DIRECTION('ref_axis',(0.,-1.,0.));
#13887=DIRECTION('center_axis',(0.,0.,-1.));
#13888=DIRECTION('ref_axis',(0.,-1.,0.));
#13889=DIRECTION('center_axis',(0.,0.,-1.));
#13890=DIRECTION('ref_axis',(0.,-1.,0.));
#13891=DIRECTION('center_axis',(0.,0.,-1.));
#13892=DIRECTION('ref_axis',(0.,-1.,0.));
#13893=DIRECTION('center_axis',(0.,0.,-1.));
#13894=DIRECTION('ref_axis',(0.,-1.,0.));
#13895=DIRECTION('center_axis',(0.,0.,-1.));
#13896=DIRECTION('ref_axis',(-1.578983857245E-14,-1.,0.));
#13897=DIRECTION('center_axis',(0.,0.,-1.));
#13898=DIRECTION('ref_axis',(-1.578983857245E-14,-1.,0.));
#13899=DIRECTION('center_axis',(0.,0.,-1.));
#13900=DIRECTION('ref_axis',(-1.578983857245E-14,-1.,0.));
#13901=DIRECTION('center_axis',(0.,0.,-1.));
#13902=DIRECTION('ref_axis',(-4.17966315153E-15,-1.,0.));
#13903=DIRECTION('center_axis',(0.,0.,-1.));
#13904=DIRECTION('ref_axis',(0.,-1.,0.));
#13905=DIRECTION('center_axis',(0.,0.,-1.));
#13906=DIRECTION('ref_axis',(0.,-1.,0.));
#13907=DIRECTION('center_axis',(0.,0.,-1.));
#13908=DIRECTION('ref_axis',(0.,-1.,0.));
#13909=DIRECTION('center_axis',(0.,0.,-1.));
#13910=DIRECTION('ref_axis',(2.368475785867E-14,-1.,0.));
#13911=DIRECTION('center_axis',(0.,0.,-1.));
#13912=DIRECTION('ref_axis',(-1.578983857245E-14,-1.,0.));
#13913=DIRECTION('center_axis',(0.,0.,-1.));
#13914=DIRECTION('ref_axis',(0.,-1.,0.));
#13915=DIRECTION('center_axis',(0.,0.,-1.));
#13916=DIRECTION('ref_axis',(-1.578983857245E-14,-1.,0.));
#13917=DIRECTION('center_axis',(0.,0.,-1.));
#13918=DIRECTION('ref_axis',(-1.578983857245E-14,-1.,0.));
#13919=DIRECTION('center_axis',(0.,0.,-1.));
#13920=DIRECTION('ref_axis',(0.,-1.,0.));
#13921=DIRECTION('center_axis',(0.,0.,-1.));
#13922=DIRECTION('ref_axis',(0.,-1.,0.));
#13923=DIRECTION('center_axis',(0.,0.,-1.));
#13924=DIRECTION('ref_axis',(1.044915787883E-15,-1.,0.));
#13925=DIRECTION('center_axis',(0.,0.,-1.));
#13926=DIRECTION('ref_axis',(1.110223024625E-16,-1.,0.));
#13927=DIRECTION('center_axis',(0.,0.,-1.));
#13928=DIRECTION('ref_axis',(0.,-1.,0.));
#13929=DIRECTION('center_axis',(0.,0.,-1.));
#13930=DIRECTION('ref_axis',(0.,-1.,0.));
#13931=DIRECTION('center_axis',(0.,0.,-1.));
#13932=DIRECTION('ref_axis',(5.921189464667E-15,-1.,0.));
#13933=DIRECTION('center_axis',(0.,0.,-1.));
#13934=DIRECTION('ref_axis',(0.,-1.,0.));
#13935=DIRECTION('center_axis',(0.,0.,-1.));
#13936=DIRECTION('ref_axis',(2.960594732334E-16,-1.,0.));
#13937=DIRECTION('center_axis',(0.,0.,-1.));
#13938=DIRECTION('ref_axis',(0.,-1.,0.));
#13939=DIRECTION('center_axis',(0.,0.,-1.));
#13940=DIRECTION('ref_axis',(2.089831575765E-15,-1.,0.));
#13941=DIRECTION('center_axis',(0.,0.,-1.));
#13942=DIRECTION('ref_axis',(0.,-1.,0.));
#13943=DIRECTION('center_axis',(0.,0.,-1.));
#13944=DIRECTION('ref_axis',(0.,-1.,0.));
#13945=DIRECTION('center_axis',(0.,0.,-1.));
#13946=DIRECTION('ref_axis',(0.,-1.,0.));
#13947=DIRECTION('center_axis',(0.,0.,-1.));
#13948=DIRECTION('ref_axis',(0.,-1.,0.));
#13949=DIRECTION('center_axis',(0.,0.,-1.));
#13950=DIRECTION('ref_axis',(2.960594732334E-16,-1.,0.));
#13951=DIRECTION('center_axis',(0.,0.,-1.));
#13952=DIRECTION('ref_axis',(2.089831575765E-15,-1.,0.));
#13953=DIRECTION('center_axis',(0.,0.,-1.));
#13954=DIRECTION('ref_axis',(0.,-1.,0.));
#13955=DIRECTION('center_axis',(0.,0.,-1.));
#13956=DIRECTION('ref_axis',(0.,-1.,0.));
#13957=DIRECTION('center_axis',(0.,0.,-1.));
#13958=DIRECTION('ref_axis',(0.,-1.,0.));
#13959=DIRECTION('center_axis',(0.,0.,-1.));
#13960=DIRECTION('ref_axis',(-4.17966315153E-15,-1.,0.));
#13961=DIRECTION('center_axis',(0.,0.,-1.));
#13962=DIRECTION('ref_axis',(0.,-1.,0.));
#13963=DIRECTION('center_axis',(0.,0.,-1.));
#13964=DIRECTION('ref_axis',(0.,-1.,0.));
#13965=DIRECTION('center_axis',(0.,0.,-1.));
#13966=DIRECTION('ref_axis',(0.,-1.,0.));
#13967=DIRECTION('center_axis',(0.,0.,-1.));
#13968=DIRECTION('ref_axis',(0.,-1.,0.));
#13969=DIRECTION('center_axis',(0.,0.,-1.));
#13970=DIRECTION('ref_axis',(0.,-1.,0.));
#13971=DIRECTION('center_axis',(0.,0.,-1.));
#13972=DIRECTION('ref_axis',(-4.17966315153E-15,-1.,0.));
#13973=DIRECTION('center_axis',(0.,0.,-1.));
#13974=DIRECTION('ref_axis',(0.,-1.,0.));
#13975=DIRECTION('center_axis',(0.,0.,-1.));
#13976=DIRECTION('ref_axis',(0.,-1.,0.));
#13977=DIRECTION('center_axis',(0.,0.,-1.));
#13978=DIRECTION('ref_axis',(0.,-1.,0.));
#13979=DIRECTION('center_axis',(0.,0.,-1.));
#13980=DIRECTION('ref_axis',(0.,-1.,0.));
#13981=DIRECTION('center_axis',(0.,0.,-1.));
#13982=DIRECTION('ref_axis',(0.,-1.,0.));
#13983=DIRECTION('center_axis',(0.,0.,-1.));
#13984=DIRECTION('ref_axis',(0.,-1.,0.));
#13985=DIRECTION('center_axis',(0.,0.,-1.));
#13986=DIRECTION('ref_axis',(2.089831575765E-15,-1.,0.));
#13987=DIRECTION('center_axis',(0.,0.,-1.));
#13988=DIRECTION('ref_axis',(0.,-1.,0.));
#13989=DIRECTION('center_axis',(0.,0.,-1.));
#13990=DIRECTION('ref_axis',(2.960594732334E-16,-1.,0.));
#13991=DIRECTION('center_axis',(0.,0.,-1.));
#13992=DIRECTION('ref_axis',(1.184237892933E-14,-1.,0.));
#13993=DIRECTION('center_axis',(0.,0.,-1.));
#13994=DIRECTION('ref_axis',(0.,-1.,0.));
#13995=DIRECTION('center_axis',(0.,0.,-1.));
#13996=DIRECTION('ref_axis',(0.,-1.,0.));
#13997=DIRECTION('center_axis',(0.,0.,-1.));
#13998=DIRECTION('ref_axis',(-4.17966315153E-15,-1.,0.));
#13999=DIRECTION('center_axis',(0.,0.,-1.));
#14000=DIRECTION('ref_axis',(0.,-1.,0.));
#14001=DIRECTION('center_axis',(0.,0.,-1.));
#14002=DIRECTION('ref_axis',(0.,-1.,0.));
#14003=DIRECTION('center_axis',(0.,0.,-1.));
#14004=DIRECTION('ref_axis',(0.,-1.,0.));
#14005=DIRECTION('center_axis',(0.,0.,-1.));
#14006=DIRECTION('ref_axis',(0.,-1.,0.));
#14007=DIRECTION('center_axis',(0.,0.,-1.));
#14008=DIRECTION('ref_axis',(0.,-1.,0.));
#14009=DIRECTION('center_axis',(0.,0.,-1.));
#14010=DIRECTION('ref_axis',(0.,-1.,0.));
#14011=DIRECTION('center_axis',(0.,0.,-1.));
#14012=DIRECTION('ref_axis',(0.,-1.,0.));
#14013=DIRECTION('center_axis',(0.,0.,-1.));
#14014=DIRECTION('ref_axis',(0.,-1.,0.));
#14015=DIRECTION('center_axis',(0.,0.,-1.));
#14016=DIRECTION('ref_axis',(-1.578983857245E-14,-1.,0.));
#14017=DIRECTION('center_axis',(0.,0.,-1.));
#14018=DIRECTION('ref_axis',(-4.17966315153E-15,-1.,0.));
#14019=DIRECTION('center_axis',(0.,0.,-1.));
#14020=DIRECTION('ref_axis',(0.,-1.,0.));
#14021=DIRECTION('center_axis',(0.,0.,-1.));
#14022=DIRECTION('ref_axis',(-1.578983857245E-14,-1.,0.));
#14023=DIRECTION('center_axis',(0.,0.,-1.));
#14024=DIRECTION('ref_axis',(0.,-1.,0.));
#14025=DIRECTION('center_axis',(0.,0.,-1.));
#14026=DIRECTION('ref_axis',(-1.578983857245E-14,-1.,0.));
#14027=DIRECTION('center_axis',(0.,0.,-1.));
#14028=DIRECTION('ref_axis',(0.,-1.,0.));
#14029=DIRECTION('center_axis',(0.,0.,-1.));
#14030=DIRECTION('ref_axis',(0.,-1.,0.));
#14031=DIRECTION('center_axis',(0.,0.,-1.));
#14032=DIRECTION('ref_axis',(0.,-1.,0.));
#14033=DIRECTION('center_axis',(0.,0.,-1.));
#14034=DIRECTION('ref_axis',(-1.578983857245E-14,-1.,0.));
#14035=DIRECTION('center_axis',(0.,0.,-1.));
#14036=DIRECTION('ref_axis',(-1.578983857245E-14,-1.,0.));
#14037=DIRECTION('center_axis',(0.,0.,-1.));
#14038=DIRECTION('ref_axis',(-1.578983857245E-14,-1.,0.));
#14039=DIRECTION('center_axis',(0.,0.,-1.));
#14040=DIRECTION('ref_axis',(-4.17966315153E-15,-1.,0.));
#14041=DIRECTION('center_axis',(0.,0.,-1.));
#14042=DIRECTION('ref_axis',(0.,-1.,0.));
#14043=DIRECTION('center_axis',(0.,0.,-1.));
#14044=DIRECTION('ref_axis',(0.,-1.,0.));
#14045=DIRECTION('center_axis',(0.,0.,-1.));
#14046=DIRECTION('ref_axis',(0.,-1.,0.));
#14047=DIRECTION('center_axis',(0.,0.,-1.));
#14048=DIRECTION('ref_axis',(0.,-1.,0.));
#14049=DIRECTION('center_axis',(0.,0.,-1.));
#14050=DIRECTION('ref_axis',(1.044915787882E-15,-1.,0.));
#14051=DIRECTION('center_axis',(0.,0.,-1.));
#14052=DIRECTION('ref_axis',(1.110223024625E-16,-1.,0.));
#14053=DIRECTION('center_axis',(0.,0.,-1.));
#14054=DIRECTION('ref_axis',(0.,-1.,0.));
#14055=DIRECTION('center_axis',(0.,0.,-1.));
#14056=DIRECTION('ref_axis',(0.,-1.,0.));
#14057=DIRECTION('center_axis',(0.,0.,-1.));
#14058=DIRECTION('ref_axis',(0.,-1.,0.));
#14059=DIRECTION('center_axis',(0.,0.,-1.));
#14060=DIRECTION('ref_axis',(0.,-1.,0.));
#14061=DIRECTION('center_axis',(0.,0.,-1.));
#14062=DIRECTION('ref_axis',(1.044915787882E-15,-1.,0.));
#14063=DIRECTION('center_axis',(0.,0.,-1.));
#14064=DIRECTION('ref_axis',(0.,-1.,0.));
#14065=DIRECTION('center_axis',(0.,0.,-1.));
#14066=DIRECTION('ref_axis',(1.110223024625E-16,-1.,0.));
#14067=DIRECTION('center_axis',(0.,0.,-1.));
#14068=DIRECTION('ref_axis',(0.,-1.,0.));
#14069=DIRECTION('center_axis',(0.,0.,-1.));
#14070=DIRECTION('ref_axis',(-1.578983857245E-14,-1.,0.));
#14071=DIRECTION('center_axis',(0.,0.,-1.));
#14072=DIRECTION('ref_axis',(0.,-1.,0.));
#14073=DIRECTION('center_axis',(0.,0.,-1.));
#14074=DIRECTION('ref_axis',(0.,-1.,0.));
#14075=DIRECTION('center_axis',(0.,0.,-1.));
#14076=DIRECTION('ref_axis',(-1.748382715945E-16,-1.,0.));
#14077=DIRECTION('center_axis',(0.,0.,-1.));
#14078=DIRECTION('ref_axis',(0.,-1.,0.));
#14079=DIRECTION('center_axis',(0.,0.,-1.));
#14080=DIRECTION('ref_axis',(0.,-1.,0.));
#14081=DIRECTION('center_axis',(0.,0.,-1.));
#14082=DIRECTION('ref_axis',(0.,-1.,0.));
#14083=DIRECTION('center_axis',(0.,0.,-1.));
#14084=DIRECTION('ref_axis',(-1.748382715945E-16,-1.,0.));
#14085=DIRECTION('center_axis',(0.,0.,-1.));
#14086=DIRECTION('ref_axis',(0.,-1.,0.));
#14087=DIRECTION('center_axis',(0.,0.,-1.));
#14088=DIRECTION('ref_axis',(2.960594732334E-16,-1.,0.));
#14089=DIRECTION('center_axis',(0.,0.,-1.));
#14090=DIRECTION('ref_axis',(2.089831575765E-15,-1.,0.));
#14091=DIRECTION('center_axis',(0.,0.,-1.));
#14092=DIRECTION('ref_axis',(0.,-1.,0.));
#14093=DIRECTION('center_axis',(0.,0.,-1.));
#14094=DIRECTION('ref_axis',(0.,-1.,0.));
#14095=DIRECTION('center_axis',(0.,0.,-1.));
#14096=DIRECTION('ref_axis',(0.,-1.,0.));
#14097=DIRECTION('center_axis',(0.,0.,-1.));
#14098=DIRECTION('ref_axis',(0.,-1.,0.));
#14099=DIRECTION('center_axis',(0.,0.,-1.));
#14100=DIRECTION('ref_axis',(2.960594732334E-16,-1.,0.));
#14101=DIRECTION('center_axis',(0.,0.,-1.));
#14102=DIRECTION('ref_axis',(2.089831575765E-15,-1.,0.));
#14103=DIRECTION('center_axis',(0.,0.,-1.));
#14104=DIRECTION('ref_axis',(0.,-1.,0.));
#14105=DIRECTION('center_axis',(0.,0.,-1.));
#14106=DIRECTION('ref_axis',(0.,-1.,0.));
#14107=DIRECTION('center_axis',(0.,0.,-1.));
#14108=DIRECTION('ref_axis',(0.,-1.,0.));
#14109=DIRECTION('center_axis',(0.,0.,-1.));
#14110=DIRECTION('ref_axis',(-4.17966315153E-15,-1.,0.));
#14111=DIRECTION('center_axis',(0.,0.,-1.));
#14112=DIRECTION('ref_axis',(0.,-1.,0.));
#14113=DIRECTION('center_axis',(0.,0.,-1.));
#14114=DIRECTION('ref_axis',(0.,-1.,0.));
#14115=DIRECTION('center_axis',(0.,0.,-1.));
#14116=DIRECTION('ref_axis',(0.,-1.,0.));
#14117=DIRECTION('center_axis',(0.,0.,-1.));
#14118=DIRECTION('ref_axis',(0.,-1.,0.));
#14119=DIRECTION('center_axis',(0.,0.,-1.));
#14120=DIRECTION('ref_axis',(0.,-1.,0.));
#14121=DIRECTION('center_axis',(0.,0.,-1.));
#14122=DIRECTION('ref_axis',(-4.17966315153E-15,-1.,0.));
#14123=DIRECTION('center_axis',(0.,0.,-1.));
#14124=DIRECTION('ref_axis',(0.,-1.,0.));
#14125=DIRECTION('center_axis',(0.,0.,-1.));
#14126=DIRECTION('ref_axis',(0.,-1.,0.));
#14127=DIRECTION('center_axis',(0.,0.,-1.));
#14128=DIRECTION('ref_axis',(0.,-1.,0.));
#14129=DIRECTION('center_axis',(0.,0.,-1.));
#14130=DIRECTION('ref_axis',(0.,-1.,0.));
#14131=DIRECTION('center_axis',(0.,0.,-1.));
#14132=DIRECTION('ref_axis',(0.,-1.,0.));
#14133=DIRECTION('center_axis',(0.,0.,-1.));
#14134=DIRECTION('ref_axis',(0.,-1.,0.));
#14135=DIRECTION('center_axis',(0.,0.,-1.));
#14136=DIRECTION('ref_axis',(0.,-1.,0.));
#14137=DIRECTION('center_axis',(0.,0.,-1.));
#14138=DIRECTION('ref_axis',(0.,-1.,0.));
#14139=DIRECTION('center_axis',(0.,0.,-1.));
#14140=DIRECTION('ref_axis',(0.,-1.,0.));
#14141=DIRECTION('center_axis',(0.,0.,-1.));
#14142=DIRECTION('ref_axis',(0.,-1.,0.));
#14143=DIRECTION('center_axis',(0.,0.,-1.));
#14144=DIRECTION('ref_axis',(0.,-1.,0.));
#14145=DIRECTION('center_axis',(0.,0.,-1.));
#14146=DIRECTION('ref_axis',(0.,-1.,0.));
#14147=DIRECTION('center_axis',(0.,0.,-1.));
#14148=DIRECTION('ref_axis',(0.,-1.,0.));
#14149=DIRECTION('center_axis',(0.,0.,-1.));
#14150=DIRECTION('ref_axis',(0.,-1.,0.));
#14151=DIRECTION('center_axis',(0.,0.,-1.));
#14152=DIRECTION('ref_axis',(0.,-1.,0.));
#14153=DIRECTION('center_axis',(0.,0.,-1.));
#14154=DIRECTION('ref_axis',(0.,-1.,0.));
#14155=DIRECTION('center_axis',(0.,0.,-1.));
#14156=DIRECTION('ref_axis',(0.,-1.,0.));
#14157=DIRECTION('center_axis',(0.,0.,-1.));
#14158=DIRECTION('ref_axis',(0.,-1.,0.));
#14159=DIRECTION('center_axis',(0.,0.,-1.));
#14160=DIRECTION('ref_axis',(0.,-1.,0.));
#14161=DIRECTION('center_axis',(0.,0.,-1.));
#14162=DIRECTION('ref_axis',(0.,-1.,0.));
#14163=DIRECTION('center_axis',(0.,0.,-1.));
#14164=DIRECTION('ref_axis',(0.,-1.,0.));
#14165=DIRECTION('center_axis',(0.,0.,-1.));
#14166=DIRECTION('ref_axis',(0.,-1.,0.));
#14167=DIRECTION('center_axis',(0.,0.,-1.));
#14168=DIRECTION('ref_axis',(0.,-1.,0.));
#14169=DIRECTION('center_axis',(0.,0.,-1.));
#14170=DIRECTION('ref_axis',(0.,-1.,0.));
#14171=DIRECTION('center_axis',(0.,0.,-1.));
#14172=DIRECTION('ref_axis',(0.,-1.,0.));
#14173=DIRECTION('center_axis',(0.,0.,-1.));
#14174=DIRECTION('ref_axis',(0.,-1.,0.));
#14175=DIRECTION('center_axis',(0.,0.,-1.));
#14176=DIRECTION('ref_axis',(5.594824691024E-15,-1.,0.));
#14177=DIRECTION('center_axis',(0.,0.,-1.));
#14178=DIRECTION('ref_axis',(0.,-1.,0.));
#14179=DIRECTION('center_axis',(0.,0.,-1.));
#14180=DIRECTION('ref_axis',(0.,-1.,0.));
#14181=DIRECTION('center_axis',(0.,0.,-1.));
#14182=DIRECTION('ref_axis',(0.,-1.,0.));
#14183=DIRECTION('center_axis',(0.,0.,-1.));
#14184=DIRECTION('ref_axis',(0.,-1.,0.));
#14185=DIRECTION('center_axis',(0.,0.,-1.));
#14186=DIRECTION('ref_axis',(0.,-1.,0.));
#14187=DIRECTION('center_axis',(0.,0.,-1.));
#14188=DIRECTION('ref_axis',(0.,-1.,0.));
#14189=DIRECTION('center_axis',(0.,0.,-1.));
#14190=DIRECTION('ref_axis',(0.,-1.,0.));
#14191=DIRECTION('center_axis',(0.,0.,-1.));
#14192=DIRECTION('ref_axis',(5.594824691024E-15,-1.,0.));
#14193=DIRECTION('center_axis',(0.,0.,1.));
#14194=DIRECTION('ref_axis',(1.,0.,0.));
#14195=DIRECTION('',(1.,0.,0.));
#14196=DIRECTION('center_axis',(0.,0.,-1.));
#14197=DIRECTION('ref_axis',(0.,-1.,0.));
#14198=DIRECTION('center_axis',(0.,0.,-1.));
#14199=DIRECTION('ref_axis',(0.,-1.,0.));
#14200=DIRECTION('center_axis',(0.,0.,-1.));
#14201=DIRECTION('ref_axis',(0.,-1.,0.));
#14202=DIRECTION('center_axis',(0.,0.,-1.));
#14203=DIRECTION('ref_axis',(1.578983857245E-14,-1.,0.));
#14204=DIRECTION('center_axis',(0.,0.,-1.));
#14205=DIRECTION('ref_axis',(1.578983857245E-14,-1.,0.));
#14206=DIRECTION('center_axis',(0.,0.,-1.));
#14207=DIRECTION('ref_axis',(-4.17966315153E-15,-1.,0.));
#14208=DIRECTION('center_axis',(0.,0.,-1.));
#14209=DIRECTION('ref_axis',(0.,-1.,0.));
#14210=DIRECTION('center_axis',(0.,0.,-1.));
#14211=DIRECTION('ref_axis',(1.578983857245E-14,-1.,0.));
#14212=DIRECTION('center_axis',(0.,0.,-1.));
#14213=DIRECTION('ref_axis',(-2.368475785867E-14,-1.,0.));
#14214=DIRECTION('center_axis',(0.,0.,-1.));
#14215=DIRECTION('ref_axis',(0.,-1.,0.));
#14216=DIRECTION('center_axis',(0.,0.,-1.));
#14217=DIRECTION('ref_axis',(0.,-1.,0.));
#14218=DIRECTION('center_axis',(0.,0.,-1.));
#14219=DIRECTION('ref_axis',(0.,-1.,0.));
#14220=DIRECTION('center_axis',(0.,0.,-1.));
#14221=DIRECTION('ref_axis',(1.578983857245E-14,-1.,0.));
#14222=DIRECTION('center_axis',(0.,0.,-1.));
#14223=DIRECTION('ref_axis',(1.578983857245E-14,-1.,0.));
#14224=DIRECTION('center_axis',(0.,0.,-1.));
#14225=DIRECTION('ref_axis',(-4.17966315153E-15,-1.,0.));
#14226=DIRECTION('center_axis',(0.,0.,-1.));
#14227=DIRECTION('ref_axis',(1.578983857245E-14,-1.,0.));
#14228=DIRECTION('center_axis',(0.,0.,-1.));
#14229=DIRECTION('ref_axis',(0.,-1.,0.));
#14230=DIRECTION('center_axis',(0.,0.,-1.));
#14231=DIRECTION('ref_axis',(0.,-1.,0.));
#14232=DIRECTION('center_axis',(0.,0.,-1.));
#14233=DIRECTION('ref_axis',(0.,-1.,0.));
#14234=DIRECTION('center_axis',(0.,0.,-1.));
#14235=DIRECTION('ref_axis',(0.,-1.,0.));
#14236=DIRECTION('center_axis',(0.,0.,-1.));
#14237=DIRECTION('ref_axis',(1.044915787883E-15,-1.,0.));
#14238=DIRECTION('center_axis',(0.,0.,-1.));
#14239=DIRECTION('ref_axis',(1.110223024625E-16,-1.,0.));
#14240=DIRECTION('center_axis',(0.,0.,-1.));
#14241=DIRECTION('ref_axis',(0.,-1.,0.));
#14242=DIRECTION('center_axis',(0.,0.,-1.));
#14243=DIRECTION('ref_axis',(0.,-1.,0.));
#14244=DIRECTION('center_axis',(0.,0.,-1.));
#14245=DIRECTION('ref_axis',(0.,-1.,0.));
#14246=DIRECTION('center_axis',(0.,0.,-1.));
#14247=DIRECTION('ref_axis',(0.,-1.,0.));
#14248=DIRECTION('center_axis',(0.,0.,-1.));
#14249=DIRECTION('ref_axis',(1.044915787883E-15,-1.,0.));
#14250=DIRECTION('center_axis',(0.,0.,-1.));
#14251=DIRECTION('ref_axis',(0.,-1.,0.));
#14252=DIRECTION('center_axis',(0.,0.,-1.));
#14253=DIRECTION('ref_axis',(0.,-1.,0.));
#14254=DIRECTION('center_axis',(0.,0.,-1.));
#14255=DIRECTION('ref_axis',(0.,-1.,0.));
#14256=DIRECTION('center_axis',(0.,0.,-1.));
#14257=DIRECTION('ref_axis',(0.,-1.,0.));
#14258=DIRECTION('center_axis',(0.,0.,-1.));
#14259=DIRECTION('ref_axis',(0.,-1.,0.));
#14260=DIRECTION('center_axis',(0.,0.,-1.));
#14261=DIRECTION('ref_axis',(0.,-1.,0.));
#14262=DIRECTION('center_axis',(0.,0.,-1.));
#14263=DIRECTION('ref_axis',(0.,-1.,0.));
#14264=DIRECTION('center_axis',(0.,0.,-1.));
#14265=DIRECTION('ref_axis',(0.,-1.,0.));
#14266=DIRECTION('center_axis',(0.,0.,-1.));
#14267=DIRECTION('ref_axis',(-1.578983857245E-14,-1.,0.));
#14268=DIRECTION('center_axis',(0.,0.,-1.));
#14269=DIRECTION('ref_axis',(-1.578983857245E-14,-1.,0.));
#14270=DIRECTION('center_axis',(0.,0.,-1.));
#14271=DIRECTION('ref_axis',(-1.578983857245E-14,-1.,0.));
#14272=DIRECTION('center_axis',(0.,0.,-1.));
#14273=DIRECTION('ref_axis',(-4.17966315153E-15,-1.,0.));
#14274=DIRECTION('center_axis',(0.,0.,-1.));
#14275=DIRECTION('ref_axis',(0.,-1.,0.));
#14276=DIRECTION('center_axis',(0.,0.,-1.));
#14277=DIRECTION('ref_axis',(0.,-1.,0.));
#14278=DIRECTION('center_axis',(0.,0.,-1.));
#14279=DIRECTION('ref_axis',(0.,-1.,0.));
#14280=DIRECTION('center_axis',(0.,0.,-1.));
#14281=DIRECTION('ref_axis',(2.368475785867E-14,-1.,0.));
#14282=DIRECTION('center_axis',(0.,0.,-1.));
#14283=DIRECTION('ref_axis',(-1.578983857245E-14,-1.,0.));
#14284=DIRECTION('center_axis',(0.,0.,-1.));
#14285=DIRECTION('ref_axis',(0.,-1.,0.));
#14286=DIRECTION('center_axis',(0.,0.,-1.));
#14287=DIRECTION('ref_axis',(-1.578983857245E-14,-1.,0.));
#14288=DIRECTION('center_axis',(0.,0.,-1.));
#14289=DIRECTION('ref_axis',(-1.578983857245E-14,-1.,0.));
#14290=DIRECTION('center_axis',(0.,0.,-1.));
#14291=DIRECTION('ref_axis',(0.,-1.,0.));
#14292=DIRECTION('center_axis',(0.,0.,-1.));
#14293=DIRECTION('ref_axis',(0.,-1.,0.));
#14294=DIRECTION('center_axis',(0.,0.,-1.));
#14295=DIRECTION('ref_axis',(1.044915787883E-15,-1.,0.));
#14296=DIRECTION('center_axis',(0.,0.,-1.));
#14297=DIRECTION('ref_axis',(1.110223024625E-16,-1.,0.));
#14298=DIRECTION('center_axis',(0.,0.,-1.));
#14299=DIRECTION('ref_axis',(0.,-1.,0.));
#14300=DIRECTION('center_axis',(0.,0.,-1.));
#14301=DIRECTION('ref_axis',(0.,-1.,0.));
#14302=DIRECTION('center_axis',(0.,0.,-1.));
#14303=DIRECTION('ref_axis',(5.921189464667E-15,-1.,0.));
#14304=DIRECTION('center_axis',(0.,0.,-1.));
#14305=DIRECTION('ref_axis',(0.,-1.,0.));
#14306=DIRECTION('center_axis',(0.,0.,-1.));
#14307=DIRECTION('ref_axis',(2.960594732334E-16,-1.,0.));
#14308=DIRECTION('center_axis',(0.,0.,-1.));
#14309=DIRECTION('ref_axis',(0.,-1.,0.));
#14310=DIRECTION('center_axis',(0.,0.,-1.));
#14311=DIRECTION('ref_axis',(2.089831575765E-15,-1.,0.));
#14312=DIRECTION('center_axis',(0.,0.,-1.));
#14313=DIRECTION('ref_axis',(0.,-1.,0.));
#14314=DIRECTION('center_axis',(0.,0.,-1.));
#14315=DIRECTION('ref_axis',(0.,-1.,0.));
#14316=DIRECTION('center_axis',(0.,0.,-1.));
#14317=DIRECTION('ref_axis',(0.,-1.,0.));
#14318=DIRECTION('center_axis',(0.,0.,-1.));
#14319=DIRECTION('ref_axis',(0.,-1.,0.));
#14320=DIRECTION('center_axis',(0.,0.,-1.));
#14321=DIRECTION('ref_axis',(2.960594732334E-16,-1.,0.));
#14322=DIRECTION('center_axis',(0.,0.,-1.));
#14323=DIRECTION('ref_axis',(2.089831575765E-15,-1.,0.));
#14324=DIRECTION('center_axis',(0.,0.,-1.));
#14325=DIRECTION('ref_axis',(0.,-1.,0.));
#14326=DIRECTION('center_axis',(0.,0.,-1.));
#14327=DIRECTION('ref_axis',(0.,-1.,0.));
#14328=DIRECTION('center_axis',(0.,0.,-1.));
#14329=DIRECTION('ref_axis',(0.,-1.,0.));
#14330=DIRECTION('center_axis',(0.,0.,-1.));
#14331=DIRECTION('ref_axis',(-4.17966315153E-15,-1.,0.));
#14332=DIRECTION('center_axis',(0.,0.,-1.));
#14333=DIRECTION('ref_axis',(0.,-1.,0.));
#14334=DIRECTION('center_axis',(0.,0.,-1.));
#14335=DIRECTION('ref_axis',(0.,-1.,0.));
#14336=DIRECTION('center_axis',(0.,0.,-1.));
#14337=DIRECTION('ref_axis',(0.,-1.,0.));
#14338=DIRECTION('center_axis',(0.,0.,-1.));
#14339=DIRECTION('ref_axis',(0.,-1.,0.));
#14340=DIRECTION('center_axis',(0.,0.,-1.));
#14341=DIRECTION('ref_axis',(0.,-1.,0.));
#14342=DIRECTION('center_axis',(0.,0.,-1.));
#14343=DIRECTION('ref_axis',(-4.17966315153E-15,-1.,0.));
#14344=DIRECTION('center_axis',(0.,0.,-1.));
#14345=DIRECTION('ref_axis',(0.,-1.,0.));
#14346=DIRECTION('center_axis',(0.,0.,-1.));
#14347=DIRECTION('ref_axis',(0.,-1.,0.));
#14348=DIRECTION('center_axis',(0.,0.,-1.));
#14349=DIRECTION('ref_axis',(0.,-1.,0.));
#14350=DIRECTION('center_axis',(0.,0.,-1.));
#14351=DIRECTION('ref_axis',(0.,-1.,0.));
#14352=DIRECTION('center_axis',(0.,0.,-1.));
#14353=DIRECTION('ref_axis',(0.,-1.,0.));
#14354=DIRECTION('center_axis',(0.,0.,-1.));
#14355=DIRECTION('ref_axis',(0.,-1.,0.));
#14356=DIRECTION('center_axis',(0.,0.,-1.));
#14357=DIRECTION('ref_axis',(2.089831575765E-15,-1.,0.));
#14358=DIRECTION('center_axis',(0.,0.,-1.));
#14359=DIRECTION('ref_axis',(0.,-1.,0.));
#14360=DIRECTION('center_axis',(0.,0.,-1.));
#14361=DIRECTION('ref_axis',(2.960594732334E-16,-1.,0.));
#14362=DIRECTION('center_axis',(0.,0.,-1.));
#14363=DIRECTION('ref_axis',(1.184237892933E-14,-1.,0.));
#14364=DIRECTION('center_axis',(0.,0.,-1.));
#14365=DIRECTION('ref_axis',(0.,-1.,0.));
#14366=DIRECTION('center_axis',(0.,0.,-1.));
#14367=DIRECTION('ref_axis',(0.,-1.,0.));
#14368=DIRECTION('center_axis',(0.,0.,-1.));
#14369=DIRECTION('ref_axis',(-4.17966315153E-15,-1.,0.));
#14370=DIRECTION('center_axis',(0.,0.,-1.));
#14371=DIRECTION('ref_axis',(0.,-1.,0.));
#14372=DIRECTION('center_axis',(0.,0.,-1.));
#14373=DIRECTION('ref_axis',(0.,-1.,0.));
#14374=DIRECTION('center_axis',(0.,0.,-1.));
#14375=DIRECTION('ref_axis',(0.,-1.,0.));
#14376=DIRECTION('center_axis',(0.,0.,-1.));
#14377=DIRECTION('ref_axis',(0.,-1.,0.));
#14378=DIRECTION('center_axis',(0.,0.,-1.));
#14379=DIRECTION('ref_axis',(0.,-1.,0.));
#14380=DIRECTION('center_axis',(0.,0.,-1.));
#14381=DIRECTION('ref_axis',(0.,-1.,0.));
#14382=DIRECTION('center_axis',(0.,0.,-1.));
#14383=DIRECTION('ref_axis',(0.,-1.,0.));
#14384=DIRECTION('center_axis',(0.,0.,-1.));
#14385=DIRECTION('ref_axis',(0.,-1.,0.));
#14386=DIRECTION('center_axis',(0.,0.,-1.));
#14387=DIRECTION('ref_axis',(-1.578983857245E-14,-1.,0.));
#14388=DIRECTION('center_axis',(0.,0.,-1.));
#14389=DIRECTION('ref_axis',(-4.17966315153E-15,-1.,0.));
#14390=DIRECTION('center_axis',(0.,0.,-1.));
#14391=DIRECTION('ref_axis',(0.,-1.,0.));
#14392=DIRECTION('center_axis',(0.,0.,-1.));
#14393=DIRECTION('ref_axis',(-1.578983857245E-14,-1.,0.));
#14394=DIRECTION('center_axis',(0.,0.,-1.));
#14395=DIRECTION('ref_axis',(0.,-1.,0.));
#14396=DIRECTION('center_axis',(0.,0.,-1.));
#14397=DIRECTION('ref_axis',(-1.578983857245E-14,-1.,0.));
#14398=DIRECTION('center_axis',(0.,0.,-1.));
#14399=DIRECTION('ref_axis',(0.,-1.,0.));
#14400=DIRECTION('center_axis',(0.,0.,-1.));
#14401=DIRECTION('ref_axis',(0.,-1.,0.));
#14402=DIRECTION('center_axis',(0.,0.,-1.));
#14403=DIRECTION('ref_axis',(0.,-1.,0.));
#14404=DIRECTION('center_axis',(0.,0.,-1.));
#14405=DIRECTION('ref_axis',(-1.578983857245E-14,-1.,0.));
#14406=DIRECTION('center_axis',(0.,0.,-1.));
#14407=DIRECTION('ref_axis',(-1.578983857245E-14,-1.,0.));
#14408=DIRECTION('center_axis',(0.,0.,-1.));
#14409=DIRECTION('ref_axis',(-1.578983857245E-14,-1.,0.));
#14410=DIRECTION('center_axis',(0.,0.,-1.));
#14411=DIRECTION('ref_axis',(-4.17966315153E-15,-1.,0.));
#14412=DIRECTION('center_axis',(0.,0.,-1.));
#14413=DIRECTION('ref_axis',(0.,-1.,0.));
#14414=DIRECTION('center_axis',(0.,0.,-1.));
#14415=DIRECTION('ref_axis',(0.,-1.,0.));
#14416=DIRECTION('center_axis',(0.,0.,-1.));
#14417=DIRECTION('ref_axis',(0.,-1.,0.));
#14418=DIRECTION('center_axis',(0.,0.,-1.));
#14419=DIRECTION('ref_axis',(0.,-1.,0.));
#14420=DIRECTION('center_axis',(0.,0.,-1.));
#14421=DIRECTION('ref_axis',(1.044915787882E-15,-1.,0.));
#14422=DIRECTION('center_axis',(0.,0.,-1.));
#14423=DIRECTION('ref_axis',(1.110223024625E-16,-1.,0.));
#14424=DIRECTION('center_axis',(0.,0.,-1.));
#14425=DIRECTION('ref_axis',(0.,-1.,0.));
#14426=DIRECTION('center_axis',(0.,0.,-1.));
#14427=DIRECTION('ref_axis',(0.,-1.,0.));
#14428=DIRECTION('center_axis',(0.,0.,-1.));
#14429=DIRECTION('ref_axis',(0.,-1.,0.));
#14430=DIRECTION('center_axis',(0.,0.,-1.));
#14431=DIRECTION('ref_axis',(0.,-1.,0.));
#14432=DIRECTION('center_axis',(0.,0.,-1.));
#14433=DIRECTION('ref_axis',(1.044915787882E-15,-1.,0.));
#14434=DIRECTION('center_axis',(0.,0.,-1.));
#14435=DIRECTION('ref_axis',(0.,-1.,0.));
#14436=DIRECTION('center_axis',(0.,0.,-1.));
#14437=DIRECTION('ref_axis',(1.110223024625E-16,-1.,0.));
#14438=DIRECTION('center_axis',(0.,0.,-1.));
#14439=DIRECTION('ref_axis',(0.,-1.,0.));
#14440=DIRECTION('center_axis',(0.,0.,-1.));
#14441=DIRECTION('ref_axis',(-1.578983857245E-14,-1.,0.));
#14442=DIRECTION('center_axis',(0.,0.,-1.));
#14443=DIRECTION('ref_axis',(0.,-1.,0.));
#14444=DIRECTION('center_axis',(0.,0.,-1.));
#14445=DIRECTION('ref_axis',(0.,-1.,0.));
#14446=DIRECTION('center_axis',(0.,0.,-1.));
#14447=DIRECTION('ref_axis',(-1.748382715945E-16,-1.,0.));
#14448=DIRECTION('center_axis',(0.,0.,-1.));
#14449=DIRECTION('ref_axis',(0.,-1.,0.));
#14450=DIRECTION('center_axis',(0.,0.,-1.));
#14451=DIRECTION('ref_axis',(0.,-1.,0.));
#14452=DIRECTION('center_axis',(0.,0.,-1.));
#14453=DIRECTION('ref_axis',(0.,-1.,0.));
#14454=DIRECTION('center_axis',(0.,0.,-1.));
#14455=DIRECTION('ref_axis',(-1.748382715945E-16,-1.,0.));
#14456=DIRECTION('center_axis',(0.,0.,-1.));
#14457=DIRECTION('ref_axis',(0.,-1.,0.));
#14458=DIRECTION('center_axis',(0.,0.,-1.));
#14459=DIRECTION('ref_axis',(2.960594732334E-16,-1.,0.));
#14460=DIRECTION('center_axis',(0.,0.,-1.));
#14461=DIRECTION('ref_axis',(2.089831575765E-15,-1.,0.));
#14462=DIRECTION('center_axis',(0.,0.,-1.));
#14463=DIRECTION('ref_axis',(0.,-1.,0.));
#14464=DIRECTION('center_axis',(0.,0.,-1.));
#14465=DIRECTION('ref_axis',(0.,-1.,0.));
#14466=DIRECTION('center_axis',(0.,0.,-1.));
#14467=DIRECTION('ref_axis',(0.,-1.,0.));
#14468=DIRECTION('center_axis',(0.,0.,-1.));
#14469=DIRECTION('ref_axis',(0.,-1.,0.));
#14470=DIRECTION('center_axis',(0.,0.,-1.));
#14471=DIRECTION('ref_axis',(2.960594732334E-16,-1.,0.));
#14472=DIRECTION('center_axis',(0.,0.,-1.));
#14473=DIRECTION('ref_axis',(2.089831575765E-15,-1.,0.));
#14474=DIRECTION('center_axis',(0.,0.,-1.));
#14475=DIRECTION('ref_axis',(0.,-1.,0.));
#14476=DIRECTION('center_axis',(0.,0.,-1.));
#14477=DIRECTION('ref_axis',(0.,-1.,0.));
#14478=DIRECTION('center_axis',(0.,0.,-1.));
#14479=DIRECTION('ref_axis',(0.,-1.,0.));
#14480=DIRECTION('center_axis',(0.,0.,-1.));
#14481=DIRECTION('ref_axis',(-4.17966315153E-15,-1.,0.));
#14482=DIRECTION('center_axis',(0.,0.,-1.));
#14483=DIRECTION('ref_axis',(0.,-1.,0.));
#14484=DIRECTION('center_axis',(0.,0.,-1.));
#14485=DIRECTION('ref_axis',(0.,-1.,0.));
#14486=DIRECTION('center_axis',(0.,0.,-1.));
#14487=DIRECTION('ref_axis',(0.,-1.,0.));
#14488=DIRECTION('center_axis',(0.,0.,-1.));
#14489=DIRECTION('ref_axis',(0.,-1.,0.));
#14490=DIRECTION('center_axis',(0.,0.,-1.));
#14491=DIRECTION('ref_axis',(0.,-1.,0.));
#14492=DIRECTION('center_axis',(0.,0.,-1.));
#14493=DIRECTION('ref_axis',(-4.17966315153E-15,-1.,0.));
#14494=DIRECTION('center_axis',(0.,0.,-1.));
#14495=DIRECTION('ref_axis',(0.,-1.,0.));
#14496=DIRECTION('center_axis',(0.,0.,-1.));
#14497=DIRECTION('ref_axis',(0.,-1.,0.));
#14498=DIRECTION('center_axis',(0.,0.,-1.));
#14499=DIRECTION('ref_axis',(0.,-1.,0.));
#14500=DIRECTION('center_axis',(0.,0.,-1.));
#14501=DIRECTION('ref_axis',(0.,-1.,0.));
#14502=DIRECTION('center_axis',(0.,0.,-1.));
#14503=DIRECTION('ref_axis',(0.,-1.,0.));
#14504=DIRECTION('center_axis',(0.,0.,-1.));
#14505=DIRECTION('ref_axis',(0.,-1.,0.));
#14506=DIRECTION('center_axis',(0.,0.,-1.));
#14507=DIRECTION('ref_axis',(0.,-1.,0.));
#14508=DIRECTION('center_axis',(0.,0.,-1.));
#14509=DIRECTION('ref_axis',(0.,-1.,0.));
#14510=DIRECTION('center_axis',(0.,0.,-1.));
#14511=DIRECTION('ref_axis',(0.,-1.,0.));
#14512=DIRECTION('center_axis',(0.,0.,-1.));
#14513=DIRECTION('ref_axis',(0.,-1.,0.));
#14514=DIRECTION('center_axis',(0.,0.,-1.));
#14515=DIRECTION('ref_axis',(0.,-1.,0.));
#14516=DIRECTION('center_axis',(0.,0.,-1.));
#14517=DIRECTION('ref_axis',(0.,-1.,0.));
#14518=DIRECTION('center_axis',(0.,0.,-1.));
#14519=DIRECTION('ref_axis',(0.,-1.,0.));
#14520=DIRECTION('center_axis',(0.,0.,-1.));
#14521=DIRECTION('ref_axis',(0.,-1.,0.));
#14522=DIRECTION('center_axis',(0.,0.,-1.));
#14523=DIRECTION('ref_axis',(0.,-1.,0.));
#14524=DIRECTION('center_axis',(0.,0.,-1.));
#14525=DIRECTION('ref_axis',(0.,-1.,0.));
#14526=DIRECTION('center_axis',(0.,0.,-1.));
#14527=DIRECTION('ref_axis',(0.,-1.,0.));
#14528=DIRECTION('center_axis',(0.,0.,-1.));
#14529=DIRECTION('ref_axis',(0.,-1.,0.));
#14530=DIRECTION('center_axis',(0.,0.,-1.));
#14531=DIRECTION('ref_axis',(0.,-1.,0.));
#14532=DIRECTION('center_axis',(0.,0.,-1.));
#14533=DIRECTION('ref_axis',(0.,-1.,0.));
#14534=DIRECTION('center_axis',(0.,0.,-1.));
#14535=DIRECTION('ref_axis',(0.,-1.,0.));
#14536=DIRECTION('center_axis',(0.,0.,-1.));
#14537=DIRECTION('ref_axis',(0.,-1.,0.));
#14538=DIRECTION('center_axis',(0.,0.,-1.));
#14539=DIRECTION('ref_axis',(0.,-1.,0.));
#14540=DIRECTION('center_axis',(0.,0.,-1.));
#14541=DIRECTION('ref_axis',(0.,-1.,0.));
#14542=DIRECTION('center_axis',(0.,0.,-1.));
#14543=DIRECTION('ref_axis',(0.,-1.,0.));
#14544=DIRECTION('center_axis',(0.,0.,-1.));
#14545=DIRECTION('ref_axis',(0.,-1.,0.));
#14546=DIRECTION('center_axis',(0.,0.,-1.));
#14547=DIRECTION('ref_axis',(5.594824691024E-15,-1.,0.));
#14548=DIRECTION('center_axis',(0.,0.,-1.));
#14549=DIRECTION('ref_axis',(0.,-1.,0.));
#14550=DIRECTION('center_axis',(0.,0.,-1.));
#14551=DIRECTION('ref_axis',(0.,-1.,0.));
#14552=DIRECTION('center_axis',(0.,0.,-1.));
#14553=DIRECTION('ref_axis',(0.,-1.,0.));
#14554=DIRECTION('center_axis',(0.,0.,-1.));
#14555=DIRECTION('ref_axis',(0.,-1.,0.));
#14556=DIRECTION('center_axis',(0.,0.,-1.));
#14557=DIRECTION('ref_axis',(0.,-1.,0.));
#14558=DIRECTION('center_axis',(0.,0.,-1.));
#14559=DIRECTION('ref_axis',(0.,-1.,0.));
#14560=DIRECTION('center_axis',(0.,0.,-1.));
#14561=DIRECTION('ref_axis',(0.,-1.,0.));
#14562=DIRECTION('center_axis',(0.,0.,-1.));
#14563=DIRECTION('ref_axis',(5.594824691024E-15,-1.,0.));
#14564=DIRECTION('center_axis',(0.,1.,0.));
#14565=DIRECTION('ref_axis',(1.,0.,0.));
#14566=DIRECTION('center_axis',(0.,0.,-1.));
#14567=DIRECTION('ref_axis',(0.,-1.,0.));
#14568=DIRECTION('',(0.,0.,-1.));
#14569=DIRECTION('center_axis',(0.,0.,-1.));
#14570=DIRECTION('ref_axis',(0.,-1.,0.));
#14571=DIRECTION('',(0.,0.,-1.));
#14572=DIRECTION('center_axis',(0.,0.,-1.));
#14573=DIRECTION('ref_axis',(0.,-1.,0.));
#14574=DIRECTION('',(0.,0.,-1.));
#14575=DIRECTION('center_axis',(0.,0.,-1.));
#14576=DIRECTION('ref_axis',(1.578983857245E-14,-1.,0.));
#14577=DIRECTION('',(0.,0.,-1.));
#14578=DIRECTION('center_axis',(0.,0.,-1.));
#14579=DIRECTION('ref_axis',(1.578983857245E-14,-1.,0.));
#14580=DIRECTION('',(0.,0.,-1.));
#14581=DIRECTION('center_axis',(0.,0.,-1.));
#14582=DIRECTION('ref_axis',(-4.17966315153E-15,-1.,0.));
#14583=DIRECTION('',(0.,0.,-1.));
#14584=DIRECTION('center_axis',(0.,0.,-1.));
#14585=DIRECTION('ref_axis',(0.,-1.,0.));
#14586=DIRECTION('',(0.,0.,-1.));
#14587=DIRECTION('center_axis',(0.,0.,-1.));
#14588=DIRECTION('ref_axis',(1.578983857245E-14,-1.,0.));
#14589=DIRECTION('',(0.,0.,-1.));
#14590=DIRECTION('center_axis',(0.,0.,-1.));
#14591=DIRECTION('ref_axis',(-2.368475785867E-14,-1.,0.));
#14592=DIRECTION('',(0.,0.,-1.));
#14593=DIRECTION('center_axis',(0.,0.,-1.));
#14594=DIRECTION('ref_axis',(0.,-1.,0.));
#14595=DIRECTION('',(0.,0.,-1.));
#14596=DIRECTION('center_axis',(0.,0.,-1.));
#14597=DIRECTION('ref_axis',(0.,-1.,0.));
#14598=DIRECTION('',(0.,0.,-1.));
#14599=DIRECTION('center_axis',(0.,0.,-1.));
#14600=DIRECTION('ref_axis',(0.,-1.,0.));
#14601=DIRECTION('',(0.,0.,-1.));
#14602=DIRECTION('center_axis',(0.,0.,-1.));
#14603=DIRECTION('ref_axis',(1.578983857245E-14,-1.,0.));
#14604=DIRECTION('',(0.,0.,-1.));
#14605=DIRECTION('center_axis',(0.,0.,-1.));
#14606=DIRECTION('ref_axis',(1.578983857245E-14,-1.,0.));
#14607=DIRECTION('',(0.,0.,-1.));
#14608=DIRECTION('center_axis',(0.,0.,-1.));
#14609=DIRECTION('ref_axis',(-4.17966315153E-15,-1.,0.));
#14610=DIRECTION('',(0.,0.,-1.));
#14611=DIRECTION('center_axis',(0.,0.,-1.));
#14612=DIRECTION('ref_axis',(1.578983857245E-14,-1.,0.));
#14613=DIRECTION('',(0.,0.,-1.));
#14614=DIRECTION('center_axis',(0.,0.,-1.));
#14615=DIRECTION('ref_axis',(0.,-1.,0.));
#14616=DIRECTION('',(0.,0.,-1.));
#14617=DIRECTION('center_axis',(0.,0.,-1.));
#14618=DIRECTION('ref_axis',(0.,-1.,0.));
#14619=DIRECTION('',(0.,0.,-1.));
#14620=DIRECTION('center_axis',(0.,0.,-1.));
#14621=DIRECTION('ref_axis',(0.,-1.,0.));
#14622=DIRECTION('',(0.,0.,-1.));
#14623=DIRECTION('center_axis',(0.,0.,-1.));
#14624=DIRECTION('ref_axis',(0.,-1.,0.));
#14625=DIRECTION('',(0.,0.,-1.));
#14626=DIRECTION('center_axis',(0.,0.,-1.));
#14627=DIRECTION('ref_axis',(1.044915787883E-15,-1.,0.));
#14628=DIRECTION('',(0.,0.,-1.));
#14629=DIRECTION('center_axis',(0.,0.,-1.));
#14630=DIRECTION('ref_axis',(1.110223024625E-16,-1.,0.));
#14631=DIRECTION('',(0.,0.,-1.));
#14632=DIRECTION('center_axis',(0.,0.,-1.));
#14633=DIRECTION('ref_axis',(0.,-1.,0.));
#14634=DIRECTION('',(0.,0.,-1.));
#14635=DIRECTION('center_axis',(0.,0.,-1.));
#14636=DIRECTION('ref_axis',(0.,-1.,0.));
#14637=DIRECTION('',(0.,0.,-1.));
#14638=DIRECTION('center_axis',(0.,0.,-1.));
#14639=DIRECTION('ref_axis',(0.,-1.,0.));
#14640=DIRECTION('',(0.,0.,-1.));
#14641=DIRECTION('center_axis',(0.,0.,-1.));
#14642=DIRECTION('ref_axis',(0.,-1.,0.));
#14643=DIRECTION('',(0.,0.,-1.));
#14644=DIRECTION('center_axis',(0.,0.,-1.));
#14645=DIRECTION('ref_axis',(1.044915787883E-15,-1.,0.));
#14646=DIRECTION('',(0.,0.,-1.));
#14647=DIRECTION('center_axis',(0.,0.,-1.));
#14648=DIRECTION('ref_axis',(0.,-1.,0.));
#14649=DIRECTION('',(0.,0.,-1.));
#14650=DIRECTION('center_axis',(0.,0.,-1.));
#14651=DIRECTION('ref_axis',(0.,-1.,0.));
#14652=DIRECTION('',(0.,0.,-1.));
#14653=DIRECTION('center_axis',(0.,0.,-1.));
#14654=DIRECTION('ref_axis',(0.,-1.,0.));
#14655=DIRECTION('',(0.,0.,-1.));
#14656=DIRECTION('center_axis',(0.,0.,-1.));
#14657=DIRECTION('ref_axis',(0.,-1.,0.));
#14658=DIRECTION('',(0.,0.,-1.));
#14659=DIRECTION('center_axis',(0.,0.,-1.));
#14660=DIRECTION('ref_axis',(0.,-1.,0.));
#14661=DIRECTION('',(0.,0.,-1.));
#14662=DIRECTION('center_axis',(0.,0.,-1.));
#14663=DIRECTION('ref_axis',(0.,-1.,0.));
#14664=DIRECTION('',(0.,0.,-1.));
#14665=DIRECTION('center_axis',(0.,0.,-1.));
#14666=DIRECTION('ref_axis',(0.,-1.,0.));
#14667=DIRECTION('',(0.,0.,-1.));
#14668=DIRECTION('center_axis',(0.,0.,-1.));
#14669=DIRECTION('ref_axis',(0.,-1.,0.));
#14670=DIRECTION('',(0.,0.,-1.));
#14671=DIRECTION('center_axis',(0.,0.,-1.));
#14672=DIRECTION('ref_axis',(-1.578983857245E-14,-1.,0.));
#14673=DIRECTION('',(0.,0.,-1.));
#14674=DIRECTION('center_axis',(0.,0.,-1.));
#14675=DIRECTION('ref_axis',(-1.578983857245E-14,-1.,0.));
#14676=DIRECTION('',(0.,0.,-1.));
#14677=DIRECTION('center_axis',(0.,0.,-1.));
#14678=DIRECTION('ref_axis',(-1.578983857245E-14,-1.,0.));
#14679=DIRECTION('',(0.,0.,-1.));
#14680=DIRECTION('center_axis',(0.,0.,-1.));
#14681=DIRECTION('ref_axis',(-4.17966315153E-15,-1.,0.));
#14682=DIRECTION('',(0.,0.,-1.));
#14683=DIRECTION('center_axis',(0.,0.,-1.));
#14684=DIRECTION('ref_axis',(0.,-1.,0.));
#14685=DIRECTION('',(0.,0.,-1.));
#14686=DIRECTION('center_axis',(0.,0.,-1.));
#14687=DIRECTION('ref_axis',(0.,-1.,0.));
#14688=DIRECTION('',(0.,0.,-1.));
#14689=DIRECTION('center_axis',(0.,0.,-1.));
#14690=DIRECTION('ref_axis',(0.,-1.,0.));
#14691=DIRECTION('',(0.,0.,-1.));
#14692=DIRECTION('center_axis',(0.,0.,-1.));
#14693=DIRECTION('ref_axis',(2.368475785867E-14,-1.,0.));
#14694=DIRECTION('',(0.,0.,-1.));
#14695=DIRECTION('center_axis',(0.,0.,-1.));
#14696=DIRECTION('ref_axis',(-1.578983857245E-14,-1.,0.));
#14697=DIRECTION('',(0.,0.,-1.));
#14698=DIRECTION('center_axis',(0.,0.,-1.));
#14699=DIRECTION('ref_axis',(0.,-1.,0.));
#14700=DIRECTION('',(0.,0.,-1.));
#14701=DIRECTION('center_axis',(0.,0.,-1.));
#14702=DIRECTION('ref_axis',(-1.578983857245E-14,-1.,0.));
#14703=DIRECTION('',(0.,0.,-1.));
#14704=DIRECTION('center_axis',(0.,0.,-1.));
#14705=DIRECTION('ref_axis',(-1.578983857245E-14,-1.,0.));
#14706=DIRECTION('',(0.,0.,-1.));
#14707=DIRECTION('center_axis',(0.,0.,-1.));
#14708=DIRECTION('ref_axis',(0.,-1.,0.));
#14709=DIRECTION('',(0.,0.,-1.));
#14710=DIRECTION('center_axis',(0.,0.,-1.));
#14711=DIRECTION('ref_axis',(0.,-1.,0.));
#14712=DIRECTION('',(0.,0.,-1.));
#14713=DIRECTION('center_axis',(0.,0.,-1.));
#14714=DIRECTION('ref_axis',(1.044915787883E-15,-1.,0.));
#14715=DIRECTION('',(0.,0.,-1.));
#14716=DIRECTION('center_axis',(0.,0.,-1.));
#14717=DIRECTION('ref_axis',(1.110223024625E-16,-1.,0.));
#14718=DIRECTION('',(0.,0.,-1.));
#14719=DIRECTION('center_axis',(0.,0.,-1.));
#14720=DIRECTION('ref_axis',(0.,-1.,0.));
#14721=DIRECTION('',(0.,0.,-1.));
#14722=DIRECTION('center_axis',(0.,0.,-1.));
#14723=DIRECTION('ref_axis',(0.,-1.,0.));
#14724=DIRECTION('',(0.,0.,-1.));
#14725=DIRECTION('center_axis',(0.,0.,-1.));
#14726=DIRECTION('ref_axis',(5.921189464667E-15,-1.,0.));
#14727=DIRECTION('',(0.,0.,-1.));
#14728=DIRECTION('center_axis',(0.,0.,-1.));
#14729=DIRECTION('ref_axis',(0.,-1.,0.));
#14730=DIRECTION('',(0.,0.,-1.));
#14731=DIRECTION('center_axis',(0.,0.,-1.));
#14732=DIRECTION('ref_axis',(2.960594732334E-16,-1.,0.));
#14733=DIRECTION('',(0.,0.,-1.));
#14734=DIRECTION('center_axis',(0.,0.,-1.));
#14735=DIRECTION('ref_axis',(0.,-1.,0.));
#14736=DIRECTION('',(0.,0.,-1.));
#14737=DIRECTION('center_axis',(0.,0.,-1.));
#14738=DIRECTION('ref_axis',(2.089831575765E-15,-1.,0.));
#14739=DIRECTION('',(0.,0.,-1.));
#14740=DIRECTION('center_axis',(0.,0.,-1.));
#14741=DIRECTION('ref_axis',(0.,-1.,0.));
#14742=DIRECTION('',(0.,0.,-1.));
#14743=DIRECTION('center_axis',(0.,0.,-1.));
#14744=DIRECTION('ref_axis',(0.,-1.,0.));
#14745=DIRECTION('',(0.,0.,-1.));
#14746=DIRECTION('center_axis',(0.,0.,-1.));
#14747=DIRECTION('ref_axis',(0.,-1.,0.));
#14748=DIRECTION('',(0.,0.,-1.));
#14749=DIRECTION('center_axis',(0.,0.,-1.));
#14750=DIRECTION('ref_axis',(0.,-1.,0.));
#14751=DIRECTION('',(0.,0.,-1.));
#14752=DIRECTION('center_axis',(0.,0.,-1.));
#14753=DIRECTION('ref_axis',(2.960594732334E-16,-1.,0.));
#14754=DIRECTION('',(0.,0.,-1.));
#14755=DIRECTION('center_axis',(0.,0.,-1.));
#14756=DIRECTION('ref_axis',(2.089831575765E-15,-1.,0.));
#14757=DIRECTION('',(0.,0.,-1.));
#14758=DIRECTION('center_axis',(0.,0.,-1.));
#14759=DIRECTION('ref_axis',(0.,-1.,0.));
#14760=DIRECTION('',(0.,0.,-1.));
#14761=DIRECTION('center_axis',(0.,0.,-1.));
#14762=DIRECTION('ref_axis',(0.,-1.,0.));
#14763=DIRECTION('',(0.,0.,-1.));
#14764=DIRECTION('center_axis',(0.,0.,-1.));
#14765=DIRECTION('ref_axis',(0.,-1.,0.));
#14766=DIRECTION('',(0.,0.,-1.));
#14767=DIRECTION('center_axis',(0.,0.,-1.));
#14768=DIRECTION('ref_axis',(-4.17966315153E-15,-1.,0.));
#14769=DIRECTION('',(0.,0.,-1.));
#14770=DIRECTION('center_axis',(0.,0.,-1.));
#14771=DIRECTION('ref_axis',(0.,-1.,0.));
#14772=DIRECTION('',(0.,0.,-1.));
#14773=DIRECTION('center_axis',(0.,0.,-1.));
#14774=DIRECTION('ref_axis',(0.,-1.,0.));
#14775=DIRECTION('',(0.,0.,-1.));
#14776=DIRECTION('center_axis',(0.,0.,-1.));
#14777=DIRECTION('ref_axis',(0.,-1.,0.));
#14778=DIRECTION('',(0.,0.,-1.));
#14779=DIRECTION('center_axis',(0.,0.,-1.));
#14780=DIRECTION('ref_axis',(0.,-1.,0.));
#14781=DIRECTION('',(0.,0.,-1.));
#14782=DIRECTION('center_axis',(0.,0.,-1.));
#14783=DIRECTION('ref_axis',(0.,-1.,0.));
#14784=DIRECTION('',(0.,0.,-1.));
#14785=DIRECTION('center_axis',(0.,0.,-1.));
#14786=DIRECTION('ref_axis',(-4.17966315153E-15,-1.,0.));
#14787=DIRECTION('',(0.,0.,-1.));
#14788=DIRECTION('center_axis',(0.,0.,-1.));
#14789=DIRECTION('ref_axis',(0.,-1.,0.));
#14790=DIRECTION('',(0.,0.,-1.));
#14791=DIRECTION('center_axis',(0.,0.,-1.));
#14792=DIRECTION('ref_axis',(0.,-1.,0.));
#14793=DIRECTION('',(0.,0.,-1.));
#14794=DIRECTION('center_axis',(0.,0.,-1.));
#14795=DIRECTION('ref_axis',(0.,-1.,0.));
#14796=DIRECTION('',(0.,0.,-1.));
#14797=DIRECTION('center_axis',(0.,0.,-1.));
#14798=DIRECTION('ref_axis',(0.,-1.,0.));
#14799=DIRECTION('',(0.,0.,-1.));
#14800=DIRECTION('center_axis',(0.,0.,-1.));
#14801=DIRECTION('ref_axis',(0.,-1.,0.));
#14802=DIRECTION('',(0.,0.,-1.));
#14803=DIRECTION('center_axis',(0.,0.,-1.));
#14804=DIRECTION('ref_axis',(0.,-1.,0.));
#14805=DIRECTION('',(0.,0.,-1.));
#14806=DIRECTION('center_axis',(0.,0.,-1.));
#14807=DIRECTION('ref_axis',(2.089831575765E-15,-1.,0.));
#14808=DIRECTION('',(0.,0.,-1.));
#14809=DIRECTION('center_axis',(0.,0.,-1.));
#14810=DIRECTION('ref_axis',(0.,-1.,0.));
#14811=DIRECTION('',(0.,0.,-1.));
#14812=DIRECTION('center_axis',(0.,0.,-1.));
#14813=DIRECTION('ref_axis',(2.960594732334E-16,-1.,0.));
#14814=DIRECTION('',(0.,0.,-1.));
#14815=DIRECTION('center_axis',(0.,0.,-1.));
#14816=DIRECTION('ref_axis',(1.184237892933E-14,-1.,0.));
#14817=DIRECTION('',(0.,0.,-1.));
#14818=DIRECTION('center_axis',(0.,0.,-1.));
#14819=DIRECTION('ref_axis',(0.,-1.,0.));
#14820=DIRECTION('',(0.,0.,-1.));
#14821=DIRECTION('center_axis',(0.,0.,-1.));
#14822=DIRECTION('ref_axis',(0.,-1.,0.));
#14823=DIRECTION('',(0.,0.,-1.));
#14824=DIRECTION('center_axis',(0.,0.,-1.));
#14825=DIRECTION('ref_axis',(-4.17966315153E-15,-1.,0.));
#14826=DIRECTION('',(0.,0.,-1.));
#14827=DIRECTION('center_axis',(0.,0.,-1.));
#14828=DIRECTION('ref_axis',(0.,-1.,0.));
#14829=DIRECTION('',(0.,0.,-1.));
#14830=DIRECTION('center_axis',(0.,0.,-1.));
#14831=DIRECTION('ref_axis',(0.,-1.,0.));
#14832=DIRECTION('',(0.,0.,-1.));
#14833=DIRECTION('center_axis',(0.,0.,-1.));
#14834=DIRECTION('ref_axis',(0.,-1.,0.));
#14835=DIRECTION('',(0.,0.,-1.));
#14836=DIRECTION('center_axis',(0.,0.,-1.));
#14837=DIRECTION('ref_axis',(0.,-1.,0.));
#14838=DIRECTION('',(0.,0.,-1.));
#14839=DIRECTION('center_axis',(0.,0.,-1.));
#14840=DIRECTION('ref_axis',(0.,-1.,0.));
#14841=DIRECTION('',(0.,0.,-1.));
#14842=DIRECTION('center_axis',(0.,0.,-1.));
#14843=DIRECTION('ref_axis',(0.,-1.,0.));
#14844=DIRECTION('',(0.,0.,-1.));
#14845=DIRECTION('center_axis',(0.,0.,-1.));
#14846=DIRECTION('ref_axis',(0.,-1.,0.));
#14847=DIRECTION('',(0.,0.,-1.));
#14848=DIRECTION('center_axis',(0.,0.,-1.));
#14849=DIRECTION('ref_axis',(0.,-1.,0.));
#14850=DIRECTION('',(0.,0.,-1.));
#14851=DIRECTION('center_axis',(0.,0.,-1.));
#14852=DIRECTION('ref_axis',(-1.578983857245E-14,-1.,0.));
#14853=DIRECTION('',(0.,0.,-1.));
#14854=DIRECTION('center_axis',(0.,0.,-1.));
#14855=DIRECTION('ref_axis',(-4.17966315153E-15,-1.,0.));
#14856=DIRECTION('',(0.,0.,-1.));
#14857=DIRECTION('center_axis',(0.,0.,-1.));
#14858=DIRECTION('ref_axis',(0.,-1.,0.));
#14859=DIRECTION('',(0.,0.,-1.));
#14860=DIRECTION('center_axis',(0.,0.,-1.));
#14861=DIRECTION('ref_axis',(-1.578983857245E-14,-1.,0.));
#14862=DIRECTION('',(0.,0.,-1.));
#14863=DIRECTION('center_axis',(0.,0.,-1.));
#14864=DIRECTION('ref_axis',(0.,-1.,0.));
#14865=DIRECTION('',(0.,0.,-1.));
#14866=DIRECTION('center_axis',(0.,0.,-1.));
#14867=DIRECTION('ref_axis',(-1.578983857245E-14,-1.,0.));
#14868=DIRECTION('',(0.,0.,-1.));
#14869=DIRECTION('center_axis',(0.,0.,-1.));
#14870=DIRECTION('ref_axis',(0.,-1.,0.));
#14871=DIRECTION('',(0.,0.,-1.));
#14872=DIRECTION('center_axis',(0.,0.,-1.));
#14873=DIRECTION('ref_axis',(0.,-1.,0.));
#14874=DIRECTION('',(0.,0.,-1.));
#14875=DIRECTION('center_axis',(0.,0.,-1.));
#14876=DIRECTION('ref_axis',(0.,-1.,0.));
#14877=DIRECTION('',(0.,0.,-1.));
#14878=DIRECTION('center_axis',(0.,0.,-1.));
#14879=DIRECTION('ref_axis',(-1.578983857245E-14,-1.,0.));
#14880=DIRECTION('',(0.,0.,-1.));
#14881=DIRECTION('center_axis',(0.,0.,-1.));
#14882=DIRECTION('ref_axis',(-1.578983857245E-14,-1.,0.));
#14883=DIRECTION('',(0.,0.,-1.));
#14884=DIRECTION('center_axis',(0.,0.,-1.));
#14885=DIRECTION('ref_axis',(-1.578983857245E-14,-1.,0.));
#14886=DIRECTION('',(0.,0.,-1.));
#14887=DIRECTION('center_axis',(0.,0.,-1.));
#14888=DIRECTION('ref_axis',(-4.17966315153E-15,-1.,0.));
#14889=DIRECTION('',(0.,0.,-1.));
#14890=DIRECTION('center_axis',(0.,0.,-1.));
#14891=DIRECTION('ref_axis',(0.,-1.,0.));
#14892=DIRECTION('',(0.,0.,-1.));
#14893=DIRECTION('center_axis',(0.,0.,-1.));
#14894=DIRECTION('ref_axis',(0.,-1.,0.));
#14895=DIRECTION('',(0.,0.,-1.));
#14896=DIRECTION('center_axis',(0.,0.,-1.));
#14897=DIRECTION('ref_axis',(0.,-1.,0.));
#14898=DIRECTION('',(0.,0.,-1.));
#14899=DIRECTION('center_axis',(0.,0.,-1.));
#14900=DIRECTION('ref_axis',(0.,-1.,0.));
#14901=DIRECTION('',(0.,0.,-1.));
#14902=DIRECTION('center_axis',(0.,0.,-1.));
#14903=DIRECTION('ref_axis',(1.044915787882E-15,-1.,0.));
#14904=DIRECTION('',(0.,0.,-1.));
#14905=DIRECTION('center_axis',(0.,0.,-1.));
#14906=DIRECTION('ref_axis',(1.110223024625E-16,-1.,0.));
#14907=DIRECTION('',(0.,0.,-1.));
#14908=DIRECTION('center_axis',(0.,0.,-1.));
#14909=DIRECTION('ref_axis',(0.,-1.,0.));
#14910=DIRECTION('',(0.,0.,-1.));
#14911=DIRECTION('center_axis',(0.,0.,-1.));
#14912=DIRECTION('ref_axis',(0.,-1.,0.));
#14913=DIRECTION('',(0.,0.,-1.));
#14914=DIRECTION('center_axis',(0.,0.,-1.));
#14915=DIRECTION('ref_axis',(0.,-1.,0.));
#14916=DIRECTION('',(0.,0.,-1.));
#14917=DIRECTION('center_axis',(0.,0.,-1.));
#14918=DIRECTION('ref_axis',(0.,-1.,0.));
#14919=DIRECTION('',(0.,0.,-1.));
#14920=DIRECTION('center_axis',(0.,0.,-1.));
#14921=DIRECTION('ref_axis',(1.044915787882E-15,-1.,0.));
#14922=DIRECTION('',(0.,0.,-1.));
#14923=DIRECTION('center_axis',(0.,0.,-1.));
#14924=DIRECTION('ref_axis',(0.,-1.,0.));
#14925=DIRECTION('',(0.,0.,-1.));
#14926=DIRECTION('center_axis',(0.,0.,-1.));
#14927=DIRECTION('ref_axis',(1.110223024625E-16,-1.,0.));
#14928=DIRECTION('',(0.,0.,-1.));
#14929=DIRECTION('center_axis',(0.,0.,-1.));
#14930=DIRECTION('ref_axis',(0.,-1.,0.));
#14931=DIRECTION('',(0.,0.,-1.));
#14932=DIRECTION('center_axis',(0.,0.,-1.));
#14933=DIRECTION('ref_axis',(-1.578983857245E-14,-1.,0.));
#14934=DIRECTION('',(0.,0.,-1.));
#14935=DIRECTION('center_axis',(0.,0.,-1.));
#14936=DIRECTION('ref_axis',(0.,-1.,0.));
#14937=DIRECTION('',(0.,0.,-1.));
#14938=DIRECTION('center_axis',(0.,0.,-1.));
#14939=DIRECTION('ref_axis',(0.,-1.,0.));
#14940=DIRECTION('',(0.,0.,-1.));
#14941=DIRECTION('center_axis',(0.,0.,-1.));
#14942=DIRECTION('ref_axis',(-1.748382715945E-16,-1.,0.));
#14943=DIRECTION('',(0.,0.,-1.));
#14944=DIRECTION('center_axis',(0.,0.,-1.));
#14945=DIRECTION('ref_axis',(0.,-1.,0.));
#14946=DIRECTION('',(0.,0.,-1.));
#14947=DIRECTION('center_axis',(0.,0.,-1.));
#14948=DIRECTION('ref_axis',(0.,-1.,0.));
#14949=DIRECTION('',(0.,0.,-1.));
#14950=DIRECTION('center_axis',(0.,0.,-1.));
#14951=DIRECTION('ref_axis',(0.,-1.,0.));
#14952=DIRECTION('',(0.,0.,-1.));
#14953=DIRECTION('center_axis',(0.,0.,-1.));
#14954=DIRECTION('ref_axis',(-1.748382715945E-16,-1.,0.));
#14955=DIRECTION('',(0.,0.,-1.));
#14956=DIRECTION('center_axis',(0.,0.,-1.));
#14957=DIRECTION('ref_axis',(0.,-1.,0.));
#14958=DIRECTION('',(0.,0.,-1.));
#14959=DIRECTION('center_axis',(0.,0.,-1.));
#14960=DIRECTION('ref_axis',(2.960594732334E-16,-1.,0.));
#14961=DIRECTION('',(0.,0.,-1.));
#14962=DIRECTION('center_axis',(0.,0.,-1.));
#14963=DIRECTION('ref_axis',(2.089831575765E-15,-1.,0.));
#14964=DIRECTION('',(0.,0.,-1.));
#14965=DIRECTION('center_axis',(0.,0.,-1.));
#14966=DIRECTION('ref_axis',(0.,-1.,0.));
#14967=DIRECTION('',(0.,0.,-1.));
#14968=DIRECTION('center_axis',(0.,0.,-1.));
#14969=DIRECTION('ref_axis',(0.,-1.,0.));
#14970=DIRECTION('',(0.,0.,-1.));
#14971=DIRECTION('center_axis',(0.,0.,-1.));
#14972=DIRECTION('ref_axis',(0.,-1.,0.));
#14973=DIRECTION('',(0.,0.,-1.));
#14974=DIRECTION('center_axis',(0.,0.,-1.));
#14975=DIRECTION('ref_axis',(0.,-1.,0.));
#14976=DIRECTION('',(0.,0.,-1.));
#14977=DIRECTION('center_axis',(0.,0.,-1.));
#14978=DIRECTION('ref_axis',(2.960594732334E-16,-1.,0.));
#14979=DIRECTION('',(0.,0.,-1.));
#14980=DIRECTION('center_axis',(0.,0.,-1.));
#14981=DIRECTION('ref_axis',(2.089831575765E-15,-1.,0.));
#14982=DIRECTION('',(0.,0.,-1.));
#14983=DIRECTION('center_axis',(0.,0.,-1.));
#14984=DIRECTION('ref_axis',(0.,-1.,0.));
#14985=DIRECTION('',(0.,0.,-1.));
#14986=DIRECTION('center_axis',(0.,0.,-1.));
#14987=DIRECTION('ref_axis',(0.,-1.,0.));
#14988=DIRECTION('',(0.,0.,-1.));
#14989=DIRECTION('center_axis',(0.,0.,-1.));
#14990=DIRECTION('ref_axis',(0.,-1.,0.));
#14991=DIRECTION('',(0.,0.,-1.));
#14992=DIRECTION('center_axis',(0.,0.,-1.));
#14993=DIRECTION('ref_axis',(-4.17966315153E-15,-1.,0.));
#14994=DIRECTION('',(0.,0.,-1.));
#14995=DIRECTION('center_axis',(0.,0.,-1.));
#14996=DIRECTION('ref_axis',(0.,-1.,0.));
#14997=DIRECTION('',(0.,0.,-1.));
#14998=DIRECTION('center_axis',(0.,0.,-1.));
#14999=DIRECTION('ref_axis',(0.,-1.,0.));
#15000=DIRECTION('',(0.,0.,-1.));
#15001=DIRECTION('center_axis',(0.,0.,-1.));
#15002=DIRECTION('ref_axis',(0.,-1.,0.));
#15003=DIRECTION('',(0.,0.,-1.));
#15004=DIRECTION('center_axis',(0.,0.,-1.));
#15005=DIRECTION('ref_axis',(0.,-1.,0.));
#15006=DIRECTION('',(0.,0.,-1.));
#15007=DIRECTION('center_axis',(0.,0.,-1.));
#15008=DIRECTION('ref_axis',(0.,-1.,0.));
#15009=DIRECTION('',(0.,0.,-1.));
#15010=DIRECTION('center_axis',(0.,0.,-1.));
#15011=DIRECTION('ref_axis',(-4.17966315153E-15,-1.,0.));
#15012=DIRECTION('',(0.,0.,-1.));
#15013=DIRECTION('center_axis',(0.,0.,-1.));
#15014=DIRECTION('ref_axis',(0.,-1.,0.));
#15015=DIRECTION('',(0.,0.,-1.));
#15016=DIRECTION('center_axis',(0.,0.,-1.));
#15017=DIRECTION('ref_axis',(0.,-1.,0.));
#15018=DIRECTION('',(0.,0.,-1.));
#15019=DIRECTION('center_axis',(0.,0.,-1.));
#15020=DIRECTION('ref_axis',(0.,-1.,0.));
#15021=DIRECTION('',(0.,0.,-1.));
#15022=DIRECTION('center_axis',(0.,0.,-1.));
#15023=DIRECTION('ref_axis',(0.,-1.,0.));
#15024=DIRECTION('',(0.,0.,-1.));
#15025=DIRECTION('center_axis',(0.,0.,-1.));
#15026=DIRECTION('ref_axis',(0.,-1.,0.));
#15027=DIRECTION('',(0.,0.,-1.));
#15028=DIRECTION('center_axis',(0.,0.,-1.));
#15029=DIRECTION('ref_axis',(0.,-1.,0.));
#15030=DIRECTION('',(0.,0.,-1.));
#15031=DIRECTION('center_axis',(0.,0.,-1.));
#15032=DIRECTION('ref_axis',(0.,-1.,0.));
#15033=DIRECTION('',(0.,0.,-1.));
#15034=DIRECTION('center_axis',(0.,0.,-1.));
#15035=DIRECTION('ref_axis',(0.,-1.,0.));
#15036=DIRECTION('',(0.,0.,-1.));
#15037=DIRECTION('center_axis',(0.,0.,-1.));
#15038=DIRECTION('ref_axis',(0.,-1.,0.));
#15039=DIRECTION('',(0.,0.,-1.));
#15040=DIRECTION('center_axis',(0.,0.,-1.));
#15041=DIRECTION('ref_axis',(0.,-1.,0.));
#15042=DIRECTION('',(0.,0.,-1.));
#15043=DIRECTION('center_axis',(0.,0.,-1.));
#15044=DIRECTION('ref_axis',(0.,-1.,0.));
#15045=DIRECTION('',(0.,0.,-1.));
#15046=DIRECTION('center_axis',(0.,0.,-1.));
#15047=DIRECTION('ref_axis',(0.,-1.,0.));
#15048=DIRECTION('',(0.,0.,-1.));
#15049=DIRECTION('center_axis',(0.,0.,-1.));
#15050=DIRECTION('ref_axis',(0.,-1.,0.));
#15051=DIRECTION('',(0.,0.,-1.));
#15052=DIRECTION('center_axis',(0.,0.,-1.));
#15053=DIRECTION('ref_axis',(0.,-1.,0.));
#15054=DIRECTION('',(0.,0.,-1.));
#15055=DIRECTION('center_axis',(0.,0.,-1.));
#15056=DIRECTION('ref_axis',(0.,-1.,0.));
#15057=DIRECTION('',(0.,0.,-1.));
#15058=DIRECTION('center_axis',(0.,0.,-1.));
#15059=DIRECTION('ref_axis',(0.,-1.,0.));
#15060=DIRECTION('',(0.,0.,-1.));
#15061=DIRECTION('center_axis',(0.,0.,-1.));
#15062=DIRECTION('ref_axis',(0.,-1.,0.));
#15063=DIRECTION('',(0.,0.,-1.));
#15064=DIRECTION('center_axis',(0.,0.,-1.));
#15065=DIRECTION('ref_axis',(0.,-1.,0.));
#15066=DIRECTION('',(0.,0.,-1.));
#15067=DIRECTION('center_axis',(0.,0.,-1.));
#15068=DIRECTION('ref_axis',(0.,-1.,0.));
#15069=DIRECTION('',(0.,0.,-1.));
#15070=DIRECTION('center_axis',(0.,0.,-1.));
#15071=DIRECTION('ref_axis',(0.,-1.,0.));
#15072=DIRECTION('',(0.,0.,-1.));
#15073=DIRECTION('center_axis',(0.,0.,-1.));
#15074=DIRECTION('ref_axis',(0.,-1.,0.));
#15075=DIRECTION('',(0.,0.,-1.));
#15076=DIRECTION('center_axis',(0.,0.,-1.));
#15077=DIRECTION('ref_axis',(0.,-1.,0.));
#15078=DIRECTION('',(0.,0.,-1.));
#15079=DIRECTION('center_axis',(0.,0.,-1.));
#15080=DIRECTION('ref_axis',(0.,-1.,0.));
#15081=DIRECTION('',(0.,0.,-1.));
#15082=DIRECTION('center_axis',(0.,0.,-1.));
#15083=DIRECTION('ref_axis',(0.,-1.,0.));
#15084=DIRECTION('',(0.,0.,-1.));
#15085=DIRECTION('center_axis',(0.,0.,-1.));
#15086=DIRECTION('ref_axis',(0.,-1.,0.));
#15087=DIRECTION('',(0.,0.,-1.));
#15088=DIRECTION('center_axis',(0.,0.,-1.));
#15089=DIRECTION('ref_axis',(0.,-1.,0.));
#15090=DIRECTION('',(0.,0.,-1.));
#15091=DIRECTION('center_axis',(0.,0.,-1.));
#15092=DIRECTION('ref_axis',(5.594824691024E-15,-1.,0.));
#15093=DIRECTION('',(0.,0.,-1.));
#15094=DIRECTION('center_axis',(0.,0.,-1.));
#15095=DIRECTION('ref_axis',(0.,-1.,0.));
#15096=DIRECTION('',(0.,0.,-1.));
#15097=DIRECTION('center_axis',(0.,0.,-1.));
#15098=DIRECTION('ref_axis',(0.,-1.,0.));
#15099=DIRECTION('',(0.,0.,-1.));
#15100=DIRECTION('center_axis',(0.,0.,-1.));
#15101=DIRECTION('ref_axis',(0.,-1.,0.));
#15102=DIRECTION('',(0.,0.,-1.));
#15103=DIRECTION('center_axis',(0.,0.,-1.));
#15104=DIRECTION('ref_axis',(0.,-1.,0.));
#15105=DIRECTION('',(0.,0.,-1.));
#15106=DIRECTION('center_axis',(0.,0.,-1.));
#15107=DIRECTION('ref_axis',(0.,-1.,0.));
#15108=DIRECTION('',(0.,0.,-1.));
#15109=DIRECTION('center_axis',(0.,0.,-1.));
#15110=DIRECTION('ref_axis',(0.,-1.,0.));
#15111=DIRECTION('',(0.,0.,-1.));
#15112=DIRECTION('center_axis',(0.,0.,-1.));
#15113=DIRECTION('ref_axis',(0.,-1.,0.));
#15114=DIRECTION('',(0.,0.,-1.));
#15115=DIRECTION('center_axis',(0.,0.,-1.));
#15116=DIRECTION('ref_axis',(5.594824691024E-15,-1.,0.));
#15117=DIRECTION('',(0.,0.,-1.));
#15118=DIRECTION('center_axis',(0.,2.22044604925E-16,1.));
#15119=DIRECTION('ref_axis',(1.,0.,0.));
#15120=DIRECTION('center_axis',(0.,2.22044604925E-16,1.));
#15121=DIRECTION('ref_axis',(1.,0.,0.));
#15122=DIRECTION('center_axis',(0.,2.22044604925E-16,1.));
#15123=DIRECTION('ref_axis',(1.,0.,0.));
#15124=DIRECTION('',(0.,-2.22044604925E-16,-1.));
#15125=DIRECTION('center_axis',(0.,2.22044604925E-16,1.));
#15126=DIRECTION('ref_axis',(1.,0.,0.));
#15127=DIRECTION('center_axis',(0.,0.,-1.));
#15128=DIRECTION('ref_axis',(-1.,0.,0.));
#15129=DIRECTION('center_axis',(0.,1.,-2.22044604925E-16));
#15130=DIRECTION('ref_axis',(1.,0.,0.));
#15131=DIRECTION('center_axis',(-1.,-4.078893220341E-32,-1.836970198721E-16));
#15132=DIRECTION('ref_axis',(-1.836970198721E-16,2.22044604925E-16,1.));
#15133=DIRECTION('center_axis',(-1.,-4.078893220341E-32,-1.836970198721E-16));
#15134=DIRECTION('ref_axis',(-1.836970198721E-16,2.22044604925E-16,1.));
#15135=DIRECTION('center_axis',(0.,-1.,2.22044604925E-16));
#15136=DIRECTION('ref_axis',(1.,0.,0.));
#15137=DIRECTION('center_axis',(1.,0.,0.));
#15138=DIRECTION('ref_axis',(0.,-2.22044604925E-16,-1.));
#15139=DIRECTION('center_axis',(1.,0.,0.));
#15140=DIRECTION('ref_axis',(0.,-2.22044604925E-16,-1.));
#15141=DIRECTION('',(-1.,0.,0.));
#15142=DIRECTION('center_axis',(1.,0.,0.));
#15143=DIRECTION('ref_axis',(0.,9.70417162265E-16,1.));
#15144=DIRECTION('center_axis',(1.,0.,0.));
#15145=DIRECTION('ref_axis',(0.,9.70417162265E-16,1.));
#15146=DIRECTION('center_axis',(1.,0.,0.));
#15147=DIRECTION('ref_axis',(0.,9.70417162265E-16,1.));
#15148=DIRECTION('center_axis',(1.,0.,0.));
#15149=DIRECTION('ref_axis',(0.,9.70417162265E-16,1.));
#15150=DIRECTION('',(-1.,0.,0.));
#15151=DIRECTION('center_axis',(1.,0.,0.));
#15152=DIRECTION('ref_axis',(0.,9.726879335149E-16,1.));
#15153=DIRECTION('center_axis',(1.,0.,0.));
#15154=DIRECTION('ref_axis',(0.,9.681797847099E-16,1.));
#15155=DIRECTION('center_axis',(1.,0.,0.));
#15156=DIRECTION('ref_axis',(0.,9.681797847099E-16,1.));
#15157=DIRECTION('center_axis',(1.,0.,0.));
#15158=DIRECTION('ref_axis',(0.,9.681797847099E-16,1.));
#15159=DIRECTION('',(-1.,0.,0.));
#15160=DIRECTION('center_axis',(1.,0.,0.));
#15161=DIRECTION('ref_axis',(0.,9.681797847099E-16,1.));
#15162=DIRECTION('center_axis',(1.,0.,0.));
#15163=DIRECTION('ref_axis',(0.,9.70417162265E-16,1.));
#15164=DIRECTION('center_axis',(1.,0.,0.));
#15165=DIRECTION('ref_axis',(0.,9.70417162265E-16,1.));
#15166=DIRECTION('center_axis',(1.,0.,0.));
#15167=DIRECTION('ref_axis',(0.,9.70417162265E-16,1.));
#15168=DIRECTION('',(-1.,0.,0.));
#15169=DIRECTION('center_axis',(1.,0.,0.));
#15170=DIRECTION('ref_axis',(0.,9.70417162265E-16,1.));
#15171=DIRECTION('center_axis',(1.,0.,0.));
#15172=DIRECTION('ref_axis',(0.,-2.22044604925E-16,-1.));
#15173=DIRECTION('center_axis',(1.,0.,0.));
#15174=DIRECTION('ref_axis',(0.,-2.22044604925E-16,-1.));
#15175=DIRECTION('center_axis',(1.,0.,0.));
#15176=DIRECTION('ref_axis',(0.,-2.22044604925E-16,-1.));
#15177=DIRECTION('center_axis',(1.,0.,0.));
#15178=DIRECTION('ref_axis',(0.,-2.22044604925E-16,-1.));
#15179=DIRECTION('',(-1.,0.,0.));
#15180=DIRECTION('center_axis',(0.,1.,-2.22044604925E-16));
#15181=DIRECTION('ref_axis',(1.,0.,0.));
#15182=DIRECTION('center_axis',(-2.449293598295E-16,2.22044604925E-16,1.));
#15183=DIRECTION('ref_axis',(1.,5.438524293788E-32,2.449293598295E-16));
#15184=DIRECTION('center_axis',(-2.449293598295E-16,2.22044604925E-16,1.));
#15185=DIRECTION('ref_axis',(1.,5.438524293788E-32,2.449293598295E-16));
#15186=DIRECTION('center_axis',(0.,-1.,2.22044604925E-16));
#15187=DIRECTION('ref_axis',(1.,0.,0.));
#15188=DIRECTION('center_axis',(0.,-2.22044604925E-16,-1.));
#15189=DIRECTION('ref_axis',(-1.,0.,0.));
#15190=DIRECTION('center_axis',(0.,-2.22044604925E-16,-1.));
#15191=DIRECTION('ref_axis',(-1.,0.,0.));
#15192=DIRECTION('',(0.,2.22044604925E-16,1.));
#15193=DIRECTION('center_axis',(0.,0.,1.));
#15194=DIRECTION('ref_axis',(1.,0.,0.));
#15195=DIRECTION('center_axis',(0.,2.22044604925E-16,1.));
#15196=DIRECTION('ref_axis',(1.,0.,0.));
#15197=DIRECTION('center_axis',(0.,2.22044604925E-16,1.));
#15198=DIRECTION('ref_axis',(1.,0.,0.));
#15199=DIRECTION('center_axis',(0.,2.22044604925E-16,1.));
#15200=DIRECTION('ref_axis',(1.,0.,0.));
#15201=DIRECTION('',(0.,-2.22044604925E-16,-1.));
#15202=DIRECTION('center_axis',(0.,2.22044604925E-16,1.));
#15203=DIRECTION('ref_axis',(1.,0.,0.));
#15204=DIRECTION('center_axis',(0.,0.,-1.));
#15205=DIRECTION('ref_axis',(-1.,0.,0.));
#15206=DIRECTION('center_axis',(0.,1.,-2.22044604925E-16));
#15207=DIRECTION('ref_axis',(1.,0.,0.));
#15208=DIRECTION('center_axis',(-1.,-4.078893220341E-32,-1.836970198721E-16));
#15209=DIRECTION('ref_axis',(-1.836970198721E-16,2.22044604925E-16,1.));
#15210=DIRECTION('center_axis',(-1.,-4.078893220341E-32,-1.836970198721E-16));
#15211=DIRECTION('ref_axis',(-1.836970198721E-16,2.22044604925E-16,1.));
#15212=DIRECTION('center_axis',(0.,-1.,2.22044604925E-16));
#15213=DIRECTION('ref_axis',(1.,0.,0.));
#15214=DIRECTION('center_axis',(1.,0.,0.));
#15215=DIRECTION('ref_axis',(0.,-2.22044604925E-16,-1.));
#15216=DIRECTION('center_axis',(1.,0.,0.));
#15217=DIRECTION('ref_axis',(0.,-2.22044604925E-16,-1.));
#15218=DIRECTION('',(-1.,0.,0.));
#15219=DIRECTION('center_axis',(1.,0.,0.));
#15220=DIRECTION('ref_axis',(0.,9.70417162265E-16,1.));
#15221=DIRECTION('center_axis',(1.,0.,0.));
#15222=DIRECTION('ref_axis',(0.,9.70417162265E-16,1.));
#15223=DIRECTION('center_axis',(1.,0.,0.));
#15224=DIRECTION('ref_axis',(0.,9.70417162265E-16,1.));
#15225=DIRECTION('center_axis',(1.,0.,0.));
#15226=DIRECTION('ref_axis',(0.,9.70417162265E-16,1.));
#15227=DIRECTION('',(-1.,0.,0.));
#15228=DIRECTION('center_axis',(1.,0.,0.));
#15229=DIRECTION('ref_axis',(0.,9.726879335149E-16,1.));
#15230=DIRECTION('center_axis',(1.,0.,0.));
#15231=DIRECTION('ref_axis',(0.,9.681797847099E-16,1.));
#15232=DIRECTION('center_axis',(1.,0.,0.));
#15233=DIRECTION('ref_axis',(0.,9.681797847099E-16,1.));
#15234=DIRECTION('center_axis',(1.,0.,0.));
#15235=DIRECTION('ref_axis',(0.,9.681797847099E-16,1.));
#15236=DIRECTION('',(-1.,0.,0.));
#15237=DIRECTION('center_axis',(1.,0.,0.));
#15238=DIRECTION('ref_axis',(0.,9.681797847099E-16,1.));
#15239=DIRECTION('center_axis',(1.,0.,0.));
#15240=DIRECTION('ref_axis',(0.,9.70417162265E-16,1.));
#15241=DIRECTION('center_axis',(1.,0.,0.));
#15242=DIRECTION('ref_axis',(0.,9.70417162265E-16,1.));
#15243=DIRECTION('center_axis',(1.,0.,0.));
#15244=DIRECTION('ref_axis',(0.,9.70417162265E-16,1.));
#15245=DIRECTION('',(-1.,0.,0.));
#15246=DIRECTION('center_axis',(1.,0.,0.));
#15247=DIRECTION('ref_axis',(0.,9.70417162265E-16,1.));
#15248=DIRECTION('center_axis',(1.,0.,0.));
#15249=DIRECTION('ref_axis',(0.,-2.22044604925E-16,-1.));
#15250=DIRECTION('center_axis',(1.,0.,0.));
#15251=DIRECTION('ref_axis',(0.,-2.22044604925E-16,-1.));
#15252=DIRECTION('center_axis',(1.,0.,0.));
#15253=DIRECTION('ref_axis',(0.,-2.22044604925E-16,-1.));
#15254=DIRECTION('center_axis',(1.,0.,0.));
#15255=DIRECTION('ref_axis',(0.,-2.22044604925E-16,-1.));
#15256=DIRECTION('',(-1.,0.,0.));
#15257=DIRECTION('center_axis',(0.,1.,-2.22044604925E-16));
#15258=DIRECTION('ref_axis',(1.,0.,0.));
#15259=DIRECTION('center_axis',(-2.449293598295E-16,2.22044604925E-16,1.));
#15260=DIRECTION('ref_axis',(1.,5.438524293788E-32,2.449293598295E-16));
#15261=DIRECTION('center_axis',(-2.449293598295E-16,2.22044604925E-16,1.));
#15262=DIRECTION('ref_axis',(1.,5.438524293788E-32,2.449293598295E-16));
#15263=DIRECTION('center_axis',(0.,-1.,2.22044604925E-16));
#15264=DIRECTION('ref_axis',(1.,0.,0.));
#15265=DIRECTION('center_axis',(0.,-2.22044604925E-16,-1.));
#15266=DIRECTION('ref_axis',(-1.,0.,0.));
#15267=DIRECTION('center_axis',(0.,-2.22044604925E-16,-1.));
#15268=DIRECTION('ref_axis',(-1.,0.,0.));
#15269=DIRECTION('',(0.,2.22044604925E-16,1.));
#15270=DIRECTION('center_axis',(0.,0.,1.));
#15271=DIRECTION('ref_axis',(1.,0.,0.));
#15272=DIRECTION('center_axis',(0.,2.22044604925E-16,1.));
#15273=DIRECTION('ref_axis',(1.,0.,0.));
#15274=DIRECTION('center_axis',(0.,2.22044604925E-16,1.));
#15275=DIRECTION('ref_axis',(1.,0.,0.));
#15276=DIRECTION('center_axis',(0.,2.22044604925E-16,1.));
#15277=DIRECTION('ref_axis',(1.,0.,0.));
#15278=DIRECTION('',(0.,-2.22044604925E-16,-1.));
#15279=DIRECTION('center_axis',(0.,2.22044604925E-16,1.));
#15280=DIRECTION('ref_axis',(1.,0.,0.));
#15281=DIRECTION('center_axis',(0.,0.,-1.));
#15282=DIRECTION('ref_axis',(-1.,0.,0.));
#15283=DIRECTION('center_axis',(0.,1.,-2.22044604925E-16));
#15284=DIRECTION('ref_axis',(1.,0.,0.));
#15285=DIRECTION('center_axis',(-1.,-4.078893220341E-32,-1.836970198721E-16));
#15286=DIRECTION('ref_axis',(-1.836970198721E-16,2.22044604925E-16,1.));
#15287=DIRECTION('center_axis',(-1.,-4.078893220341E-32,-1.836970198721E-16));
#15288=DIRECTION('ref_axis',(-1.836970198721E-16,2.22044604925E-16,1.));
#15289=DIRECTION('center_axis',(0.,-1.,2.22044604925E-16));
#15290=DIRECTION('ref_axis',(1.,0.,0.));
#15291=DIRECTION('center_axis',(1.,0.,0.));
#15292=DIRECTION('ref_axis',(0.,-2.22044604925E-16,-1.));
#15293=DIRECTION('center_axis',(1.,0.,0.));
#15294=DIRECTION('ref_axis',(0.,-2.22044604925E-16,-1.));
#15295=DIRECTION('',(-1.,0.,0.));
#15296=DIRECTION('center_axis',(1.,0.,0.));
#15297=DIRECTION('ref_axis',(0.,9.70417162265E-16,1.));
#15298=DIRECTION('center_axis',(1.,0.,0.));
#15299=DIRECTION('ref_axis',(0.,9.70417162265E-16,1.));
#15300=DIRECTION('center_axis',(1.,0.,0.));
#15301=DIRECTION('ref_axis',(0.,9.70417162265E-16,1.));
#15302=DIRECTION('center_axis',(1.,0.,0.));
#15303=DIRECTION('ref_axis',(0.,9.70417162265E-16,1.));
#15304=DIRECTION('',(-1.,0.,0.));
#15305=DIRECTION('center_axis',(1.,0.,0.));
#15306=DIRECTION('ref_axis',(0.,9.726879335149E-16,1.));
#15307=DIRECTION('center_axis',(1.,0.,0.));
#15308=DIRECTION('ref_axis',(0.,9.681797847099E-16,1.));
#15309=DIRECTION('center_axis',(1.,0.,0.));
#15310=DIRECTION('ref_axis',(0.,9.681797847099E-16,1.));
#15311=DIRECTION('center_axis',(1.,0.,0.));
#15312=DIRECTION('ref_axis',(0.,9.681797847099E-16,1.));
#15313=DIRECTION('',(-1.,0.,0.));
#15314=DIRECTION('center_axis',(1.,0.,0.));
#15315=DIRECTION('ref_axis',(0.,9.681797847099E-16,1.));
#15316=DIRECTION('center_axis',(1.,0.,0.));
#15317=DIRECTION('ref_axis',(0.,9.70417162265E-16,1.));
#15318=DIRECTION('center_axis',(1.,0.,0.));
#15319=DIRECTION('ref_axis',(0.,9.70417162265E-16,1.));
#15320=DIRECTION('center_axis',(1.,0.,0.));
#15321=DIRECTION('ref_axis',(0.,9.70417162265E-16,1.));
#15322=DIRECTION('',(-1.,0.,0.));
#15323=DIRECTION('center_axis',(1.,0.,0.));
#15324=DIRECTION('ref_axis',(0.,9.70417162265E-16,1.));
#15325=DIRECTION('center_axis',(1.,0.,0.));
#15326=DIRECTION('ref_axis',(0.,-2.22044604925E-16,-1.));
#15327=DIRECTION('center_axis',(1.,0.,0.));
#15328=DIRECTION('ref_axis',(0.,-2.22044604925E-16,-1.));
#15329=DIRECTION('center_axis',(1.,0.,0.));
#15330=DIRECTION('ref_axis',(0.,-2.22044604925E-16,-1.));
#15331=DIRECTION('center_axis',(1.,0.,0.));
#15332=DIRECTION('ref_axis',(0.,-2.22044604925E-16,-1.));
#15333=DIRECTION('',(-1.,0.,0.));
#15334=DIRECTION('center_axis',(0.,1.,-2.22044604925E-16));
#15335=DIRECTION('ref_axis',(1.,0.,0.));
#15336=DIRECTION('center_axis',(-2.449293598295E-16,2.22044604925E-16,1.));
#15337=DIRECTION('ref_axis',(1.,5.438524293788E-32,2.449293598295E-16));
#15338=DIRECTION('center_axis',(-2.449293598295E-16,2.22044604925E-16,1.));
#15339=DIRECTION('ref_axis',(1.,5.438524293788E-32,2.449293598295E-16));
#15340=DIRECTION('center_axis',(0.,-1.,2.22044604925E-16));
#15341=DIRECTION('ref_axis',(1.,0.,0.));
#15342=DIRECTION('center_axis',(0.,-2.22044604925E-16,-1.));
#15343=DIRECTION('ref_axis',(-1.,0.,0.));
#15344=DIRECTION('center_axis',(0.,-2.22044604925E-16,-1.));
#15345=DIRECTION('ref_axis',(-1.,0.,0.));
#15346=DIRECTION('',(0.,2.22044604925E-16,1.));
#15347=DIRECTION('center_axis',(0.,0.,1.));
#15348=DIRECTION('ref_axis',(1.,0.,0.));
#15349=DIRECTION('center_axis',(0.,2.22044604925E-16,1.));
#15350=DIRECTION('ref_axis',(1.,0.,0.));
#15351=DIRECTION('center_axis',(0.,2.22044604925E-16,1.));
#15352=DIRECTION('ref_axis',(1.,0.,0.));
#15353=DIRECTION('center_axis',(0.,2.22044604925E-16,1.));
#15354=DIRECTION('ref_axis',(1.,0.,0.));
#15355=DIRECTION('',(0.,-2.22044604925E-16,-1.));
#15356=DIRECTION('center_axis',(0.,2.22044604925E-16,1.));
#15357=DIRECTION('ref_axis',(1.,0.,0.));
#15358=DIRECTION('center_axis',(0.,0.,-1.));
#15359=DIRECTION('ref_axis',(-1.,0.,0.));
#15360=DIRECTION('center_axis',(0.,1.,-2.22044604925E-16));
#15361=DIRECTION('ref_axis',(1.,0.,0.));
#15362=DIRECTION('center_axis',(-1.,-4.078893220341E-32,-1.836970198721E-16));
#15363=DIRECTION('ref_axis',(-1.836970198721E-16,2.22044604925E-16,1.));
#15364=DIRECTION('center_axis',(-1.,-4.078893220341E-32,-1.836970198721E-16));
#15365=DIRECTION('ref_axis',(-1.836970198721E-16,2.22044604925E-16,1.));
#15366=DIRECTION('center_axis',(0.,-1.,2.22044604925E-16));
#15367=DIRECTION('ref_axis',(1.,0.,0.));
#15368=DIRECTION('center_axis',(1.,0.,0.));
#15369=DIRECTION('ref_axis',(0.,-2.22044604925E-16,-1.));
#15370=DIRECTION('center_axis',(1.,0.,0.));
#15371=DIRECTION('ref_axis',(0.,-2.22044604925E-16,-1.));
#15372=DIRECTION('',(-1.,0.,0.));
#15373=DIRECTION('center_axis',(1.,0.,0.));
#15374=DIRECTION('ref_axis',(0.,9.70417162265E-16,1.));
#15375=DIRECTION('center_axis',(1.,0.,0.));
#15376=DIRECTION('ref_axis',(0.,9.70417162265E-16,1.));
#15377=DIRECTION('center_axis',(1.,0.,0.));
#15378=DIRECTION('ref_axis',(0.,9.70417162265E-16,1.));
#15379=DIRECTION('center_axis',(1.,0.,0.));
#15380=DIRECTION('ref_axis',(0.,9.70417162265E-16,1.));
#15381=DIRECTION('',(-1.,0.,0.));
#15382=DIRECTION('center_axis',(1.,0.,0.));
#15383=DIRECTION('ref_axis',(0.,9.726879335149E-16,1.));
#15384=DIRECTION('center_axis',(1.,0.,0.));
#15385=DIRECTION('ref_axis',(0.,9.681797847099E-16,1.));
#15386=DIRECTION('center_axis',(1.,0.,0.));
#15387=DIRECTION('ref_axis',(0.,9.681797847099E-16,1.));
#15388=DIRECTION('center_axis',(1.,0.,0.));
#15389=DIRECTION('ref_axis',(0.,9.681797847099E-16,1.));
#15390=DIRECTION('',(-1.,0.,0.));
#15391=DIRECTION('center_axis',(1.,0.,0.));
#15392=DIRECTION('ref_axis',(0.,9.681797847099E-16,1.));
#15393=DIRECTION('center_axis',(1.,0.,0.));
#15394=DIRECTION('ref_axis',(0.,9.70417162265E-16,1.));
#15395=DIRECTION('center_axis',(1.,0.,0.));
#15396=DIRECTION('ref_axis',(0.,9.70417162265E-16,1.));
#15397=DIRECTION('center_axis',(1.,0.,0.));
#15398=DIRECTION('ref_axis',(0.,9.70417162265E-16,1.));
#15399=DIRECTION('',(-1.,0.,0.));
#15400=DIRECTION('center_axis',(1.,0.,0.));
#15401=DIRECTION('ref_axis',(0.,9.70417162265E-16,1.));
#15402=DIRECTION('center_axis',(1.,0.,0.));
#15403=DIRECTION('ref_axis',(0.,-2.22044604925E-16,-1.));
#15404=DIRECTION('center_axis',(1.,0.,0.));
#15405=DIRECTION('ref_axis',(0.,-2.22044604925E-16,-1.));
#15406=DIRECTION('center_axis',(1.,0.,0.));
#15407=DIRECTION('ref_axis',(0.,-2.22044604925E-16,-1.));
#15408=DIRECTION('center_axis',(1.,0.,0.));
#15409=DIRECTION('ref_axis',(0.,-2.22044604925E-16,-1.));
#15410=DIRECTION('',(-1.,0.,0.));
#15411=DIRECTION('center_axis',(0.,1.,-2.22044604925E-16));
#15412=DIRECTION('ref_axis',(1.,0.,0.));
#15413=DIRECTION('center_axis',(-2.449293598295E-16,2.22044604925E-16,1.));
#15414=DIRECTION('ref_axis',(1.,5.438524293788E-32,2.449293598295E-16));
#15415=DIRECTION('center_axis',(-2.449293598295E-16,2.22044604925E-16,1.));
#15416=DIRECTION('ref_axis',(1.,5.438524293788E-32,2.449293598295E-16));
#15417=DIRECTION('center_axis',(0.,-1.,2.22044604925E-16));
#15418=DIRECTION('ref_axis',(1.,0.,0.));
#15419=DIRECTION('center_axis',(0.,-2.22044604925E-16,-1.));
#15420=DIRECTION('ref_axis',(-1.,0.,0.));
#15421=DIRECTION('center_axis',(0.,-2.22044604925E-16,-1.));
#15422=DIRECTION('ref_axis',(-1.,0.,0.));
#15423=DIRECTION('',(0.,2.22044604925E-16,1.));
#15424=DIRECTION('center_axis',(0.,0.,1.));
#15425=DIRECTION('ref_axis',(1.,0.,0.));
#15426=DIRECTION('center_axis',(0.,2.22044604925E-16,1.));
#15427=DIRECTION('ref_axis',(1.,0.,0.));
#15428=DIRECTION('center_axis',(0.,2.22044604925E-16,1.));
#15429=DIRECTION('ref_axis',(1.,0.,0.));
#15430=DIRECTION('center_axis',(0.,2.22044604925E-16,1.));
#15431=DIRECTION('ref_axis',(1.,0.,0.));
#15432=DIRECTION('',(0.,-2.22044604925E-16,-1.));
#15433=DIRECTION('center_axis',(0.,2.22044604925E-16,1.));
#15434=DIRECTION('ref_axis',(1.,0.,0.));
#15435=DIRECTION('center_axis',(0.,0.,-1.));
#15436=DIRECTION('ref_axis',(-1.,0.,0.));
#15437=DIRECTION('center_axis',(0.,1.,-2.22044604925E-16));
#15438=DIRECTION('ref_axis',(1.,0.,0.));
#15439=DIRECTION('center_axis',(-1.,-4.078893220341E-32,-1.836970198721E-16));
#15440=DIRECTION('ref_axis',(-1.836970198721E-16,2.22044604925E-16,1.));
#15441=DIRECTION('center_axis',(-1.,-4.078893220341E-32,-1.836970198721E-16));
#15442=DIRECTION('ref_axis',(-1.836970198721E-16,2.22044604925E-16,1.));
#15443=DIRECTION('center_axis',(0.,-1.,2.22044604925E-16));
#15444=DIRECTION('ref_axis',(1.,0.,0.));
#15445=DIRECTION('center_axis',(1.,0.,0.));
#15446=DIRECTION('ref_axis',(0.,-2.22044604925E-16,-1.));
#15447=DIRECTION('center_axis',(1.,0.,0.));
#15448=DIRECTION('ref_axis',(0.,-2.22044604925E-16,-1.));
#15449=DIRECTION('',(-1.,0.,0.));
#15450=DIRECTION('center_axis',(1.,0.,0.));
#15451=DIRECTION('ref_axis',(0.,9.70417162265E-16,1.));
#15452=DIRECTION('center_axis',(1.,0.,0.));
#15453=DIRECTION('ref_axis',(0.,9.70417162265E-16,1.));
#15454=DIRECTION('center_axis',(1.,0.,0.));
#15455=DIRECTION('ref_axis',(0.,9.70417162265E-16,1.));
#15456=DIRECTION('center_axis',(1.,0.,0.));
#15457=DIRECTION('ref_axis',(0.,9.70417162265E-16,1.));
#15458=DIRECTION('',(-1.,0.,0.));
#15459=DIRECTION('center_axis',(1.,0.,0.));
#15460=DIRECTION('ref_axis',(0.,9.726879335149E-16,1.));
#15461=DIRECTION('center_axis',(1.,0.,0.));
#15462=DIRECTION('ref_axis',(0.,9.681797847099E-16,1.));
#15463=DIRECTION('center_axis',(1.,0.,0.));
#15464=DIRECTION('ref_axis',(0.,9.681797847099E-16,1.));
#15465=DIRECTION('center_axis',(1.,0.,0.));
#15466=DIRECTION('ref_axis',(0.,9.681797847099E-16,1.));
#15467=DIRECTION('',(-1.,0.,0.));
#15468=DIRECTION('center_axis',(1.,0.,0.));
#15469=DIRECTION('ref_axis',(0.,9.681797847099E-16,1.));
#15470=DIRECTION('center_axis',(1.,0.,0.));
#15471=DIRECTION('ref_axis',(0.,9.70417162265E-16,1.));
#15472=DIRECTION('center_axis',(1.,0.,0.));
#15473=DIRECTION('ref_axis',(0.,9.70417162265E-16,1.));
#15474=DIRECTION('center_axis',(1.,0.,0.));
#15475=DIRECTION('ref_axis',(0.,9.70417162265E-16,1.));
#15476=DIRECTION('',(-1.,0.,0.));
#15477=DIRECTION('center_axis',(1.,0.,0.));
#15478=DIRECTION('ref_axis',(0.,9.70417162265E-16,1.));
#15479=DIRECTION('center_axis',(1.,0.,0.));
#15480=DIRECTION('ref_axis',(0.,-2.22044604925E-16,-1.));
#15481=DIRECTION('center_axis',(1.,0.,0.));
#15482=DIRECTION('ref_axis',(0.,-2.22044604925E-16,-1.));
#15483=DIRECTION('center_axis',(1.,0.,0.));
#15484=DIRECTION('ref_axis',(0.,-2.22044604925E-16,-1.));
#15485=DIRECTION('center_axis',(1.,0.,0.));
#15486=DIRECTION('ref_axis',(0.,-2.22044604925E-16,-1.));
#15487=DIRECTION('',(-1.,0.,0.));
#15488=DIRECTION('center_axis',(0.,1.,-2.22044604925E-16));
#15489=DIRECTION('ref_axis',(1.,0.,0.));
#15490=DIRECTION('center_axis',(-2.449293598295E-16,2.22044604925E-16,1.));
#15491=DIRECTION('ref_axis',(1.,5.438524293788E-32,2.449293598295E-16));
#15492=DIRECTION('center_axis',(-2.449293598295E-16,2.22044604925E-16,1.));
#15493=DIRECTION('ref_axis',(1.,5.438524293788E-32,2.449293598295E-16));
#15494=DIRECTION('center_axis',(0.,-1.,2.22044604925E-16));
#15495=DIRECTION('ref_axis',(1.,0.,0.));
#15496=DIRECTION('center_axis',(0.,-2.22044604925E-16,-1.));
#15497=DIRECTION('ref_axis',(-1.,0.,0.));
#15498=DIRECTION('center_axis',(0.,-2.22044604925E-16,-1.));
#15499=DIRECTION('ref_axis',(-1.,0.,0.));
#15500=DIRECTION('',(0.,2.22044604925E-16,1.));
#15501=DIRECTION('center_axis',(0.,0.,1.));
#15502=DIRECTION('ref_axis',(1.,0.,0.));
#15503=DIRECTION('center_axis',(0.,2.22044604925E-16,1.));
#15504=DIRECTION('ref_axis',(1.,0.,0.));
#15505=DIRECTION('center_axis',(0.,2.22044604925E-16,1.));
#15506=DIRECTION('ref_axis',(1.,0.,0.));
#15507=DIRECTION('center_axis',(0.,2.22044604925E-16,1.));
#15508=DIRECTION('ref_axis',(1.,0.,0.));
#15509=DIRECTION('',(0.,-2.22044604925E-16,-1.));
#15510=DIRECTION('center_axis',(0.,2.22044604925E-16,1.));
#15511=DIRECTION('ref_axis',(1.,0.,0.));
#15512=DIRECTION('center_axis',(0.,0.,-1.));
#15513=DIRECTION('ref_axis',(-1.,0.,0.));
#15514=DIRECTION('center_axis',(0.,1.,-2.22044604925E-16));
#15515=DIRECTION('ref_axis',(1.,0.,0.));
#15516=DIRECTION('center_axis',(-1.,-4.078893220341E-32,-1.836970198721E-16));
#15517=DIRECTION('ref_axis',(-1.836970198721E-16,2.22044604925E-16,1.));
#15518=DIRECTION('center_axis',(-1.,-4.078893220341E-32,-1.836970198721E-16));
#15519=DIRECTION('ref_axis',(-1.836970198721E-16,2.22044604925E-16,1.));
#15520=DIRECTION('center_axis',(0.,-1.,2.22044604925E-16));
#15521=DIRECTION('ref_axis',(1.,0.,0.));
#15522=DIRECTION('center_axis',(1.,0.,0.));
#15523=DIRECTION('ref_axis',(0.,-2.22044604925E-16,-1.));
#15524=DIRECTION('center_axis',(1.,0.,0.));
#15525=DIRECTION('ref_axis',(0.,-2.22044604925E-16,-1.));
#15526=DIRECTION('',(-1.,0.,0.));
#15527=DIRECTION('center_axis',(1.,0.,0.));
#15528=DIRECTION('ref_axis',(0.,9.70417162265E-16,1.));
#15529=DIRECTION('center_axis',(1.,0.,0.));
#15530=DIRECTION('ref_axis',(0.,9.70417162265E-16,1.));
#15531=DIRECTION('center_axis',(1.,0.,0.));
#15532=DIRECTION('ref_axis',(0.,9.70417162265E-16,1.));
#15533=DIRECTION('center_axis',(1.,0.,0.));
#15534=DIRECTION('ref_axis',(0.,9.70417162265E-16,1.));
#15535=DIRECTION('',(-1.,0.,0.));
#15536=DIRECTION('center_axis',(1.,0.,0.));
#15537=DIRECTION('ref_axis',(0.,9.726879335149E-16,1.));
#15538=DIRECTION('center_axis',(1.,0.,0.));
#15539=DIRECTION('ref_axis',(0.,9.681797847099E-16,1.));
#15540=DIRECTION('center_axis',(1.,0.,0.));
#15541=DIRECTION('ref_axis',(0.,9.681797847099E-16,1.));
#15542=DIRECTION('center_axis',(1.,0.,0.));
#15543=DIRECTION('ref_axis',(0.,9.681797847099E-16,1.));
#15544=DIRECTION('',(-1.,0.,0.));
#15545=DIRECTION('center_axis',(1.,0.,0.));
#15546=DIRECTION('ref_axis',(0.,9.681797847099E-16,1.));
#15547=DIRECTION('center_axis',(1.,0.,0.));
#15548=DIRECTION('ref_axis',(0.,9.70417162265E-16,1.));
#15549=DIRECTION('center_axis',(1.,0.,0.));
#15550=DIRECTION('ref_axis',(0.,9.70417162265E-16,1.));
#15551=DIRECTION('center_axis',(1.,0.,0.));
#15552=DIRECTION('ref_axis',(0.,9.70417162265E-16,1.));
#15553=DIRECTION('',(-1.,0.,0.));
#15554=DIRECTION('center_axis',(1.,0.,0.));
#15555=DIRECTION('ref_axis',(0.,9.70417162265E-16,1.));
#15556=DIRECTION('center_axis',(1.,0.,0.));
#15557=DIRECTION('ref_axis',(0.,-2.22044604925E-16,-1.));
#15558=DIRECTION('center_axis',(1.,0.,0.));
#15559=DIRECTION('ref_axis',(0.,-2.22044604925E-16,-1.));
#15560=DIRECTION('center_axis',(1.,0.,0.));
#15561=DIRECTION('ref_axis',(0.,-2.22044604925E-16,-1.));
#15562=DIRECTION('center_axis',(1.,0.,0.));
#15563=DIRECTION('ref_axis',(0.,-2.22044604925E-16,-1.));
#15564=DIRECTION('',(-1.,0.,0.));
#15565=DIRECTION('center_axis',(0.,1.,-2.22044604925E-16));
#15566=DIRECTION('ref_axis',(1.,0.,0.));
#15567=DIRECTION('center_axis',(-2.449293598295E-16,2.22044604925E-16,1.));
#15568=DIRECTION('ref_axis',(1.,5.438524293788E-32,2.449293598295E-16));
#15569=DIRECTION('center_axis',(-2.449293598295E-16,2.22044604925E-16,1.));
#15570=DIRECTION('ref_axis',(1.,5.438524293788E-32,2.449293598295E-16));
#15571=DIRECTION('center_axis',(0.,-1.,2.22044604925E-16));
#15572=DIRECTION('ref_axis',(1.,0.,0.));
#15573=DIRECTION('center_axis',(0.,-2.22044604925E-16,-1.));
#15574=DIRECTION('ref_axis',(-1.,0.,0.));
#15575=DIRECTION('center_axis',(0.,-2.22044604925E-16,-1.));
#15576=DIRECTION('ref_axis',(-1.,0.,0.));
#15577=DIRECTION('',(0.,2.22044604925E-16,1.));
#15578=DIRECTION('center_axis',(0.,0.,1.));
#15579=DIRECTION('ref_axis',(1.,0.,0.));
#15580=DIRECTION('center_axis',(0.,2.22044604925E-16,1.));
#15581=DIRECTION('ref_axis',(1.,0.,0.));
#15582=DIRECTION('center_axis',(0.,2.22044604925E-16,1.));
#15583=DIRECTION('ref_axis',(1.,0.,0.));
#15584=DIRECTION('center_axis',(0.,2.22044604925E-16,1.));
#15585=DIRECTION('ref_axis',(1.,0.,0.));
#15586=DIRECTION('',(0.,-2.22044604925E-16,-1.));
#15587=DIRECTION('center_axis',(0.,2.22044604925E-16,1.));
#15588=DIRECTION('ref_axis',(1.,0.,0.));
#15589=DIRECTION('center_axis',(0.,0.,-1.));
#15590=DIRECTION('ref_axis',(-1.,0.,0.));
#15591=DIRECTION('center_axis',(0.,1.,-2.22044604925E-16));
#15592=DIRECTION('ref_axis',(1.,0.,0.));
#15593=DIRECTION('center_axis',(-1.,-4.078893220341E-32,-1.836970198721E-16));
#15594=DIRECTION('ref_axis',(-1.836970198721E-16,2.22044604925E-16,1.));
#15595=DIRECTION('center_axis',(-1.,-4.078893220341E-32,-1.836970198721E-16));
#15596=DIRECTION('ref_axis',(-1.836970198721E-16,2.22044604925E-16,1.));
#15597=DIRECTION('center_axis',(0.,-1.,2.22044604925E-16));
#15598=DIRECTION('ref_axis',(1.,0.,0.));
#15599=DIRECTION('center_axis',(1.,0.,0.));
#15600=DIRECTION('ref_axis',(0.,-2.22044604925E-16,-1.));
#15601=DIRECTION('center_axis',(1.,0.,0.));
#15602=DIRECTION('ref_axis',(0.,-2.22044604925E-16,-1.));
#15603=DIRECTION('',(-1.,0.,0.));
#15604=DIRECTION('center_axis',(1.,0.,0.));
#15605=DIRECTION('ref_axis',(0.,9.70417162265E-16,1.));
#15606=DIRECTION('center_axis',(1.,0.,0.));
#15607=DIRECTION('ref_axis',(0.,9.70417162265E-16,1.));
#15608=DIRECTION('center_axis',(1.,0.,0.));
#15609=DIRECTION('ref_axis',(0.,9.70417162265E-16,1.));
#15610=DIRECTION('center_axis',(1.,0.,0.));
#15611=DIRECTION('ref_axis',(0.,9.70417162265E-16,1.));
#15612=DIRECTION('',(-1.,0.,0.));
#15613=DIRECTION('center_axis',(1.,0.,0.));
#15614=DIRECTION('ref_axis',(0.,9.726879335149E-16,1.));
#15615=DIRECTION('center_axis',(1.,0.,0.));
#15616=DIRECTION('ref_axis',(0.,9.681797847099E-16,1.));
#15617=DIRECTION('center_axis',(1.,0.,0.));
#15618=DIRECTION('ref_axis',(0.,9.681797847099E-16,1.));
#15619=DIRECTION('center_axis',(1.,0.,0.));
#15620=DIRECTION('ref_axis',(0.,9.681797847099E-16,1.));
#15621=DIRECTION('',(-1.,0.,0.));
#15622=DIRECTION('center_axis',(1.,0.,0.));
#15623=DIRECTION('ref_axis',(0.,9.681797847099E-16,1.));
#15624=DIRECTION('center_axis',(1.,0.,0.));
#15625=DIRECTION('ref_axis',(0.,9.70417162265E-16,1.));
#15626=DIRECTION('center_axis',(1.,0.,0.));
#15627=DIRECTION('ref_axis',(0.,9.70417162265E-16,1.));
#15628=DIRECTION('center_axis',(1.,0.,0.));
#15629=DIRECTION('ref_axis',(0.,9.70417162265E-16,1.));
#15630=DIRECTION('',(-1.,0.,0.));
#15631=DIRECTION('center_axis',(1.,0.,0.));
#15632=DIRECTION('ref_axis',(0.,9.70417162265E-16,1.));
#15633=DIRECTION('center_axis',(1.,0.,0.));
#15634=DIRECTION('ref_axis',(0.,-2.22044604925E-16,-1.));
#15635=DIRECTION('center_axis',(1.,0.,0.));
#15636=DIRECTION('ref_axis',(0.,-2.22044604925E-16,-1.));
#15637=DIRECTION('center_axis',(1.,0.,0.));
#15638=DIRECTION('ref_axis',(0.,-2.22044604925E-16,-1.));
#15639=DIRECTION('center_axis',(1.,0.,0.));
#15640=DIRECTION('ref_axis',(0.,-2.22044604925E-16,-1.));
#15641=DIRECTION('',(-1.,0.,0.));
#15642=DIRECTION('center_axis',(0.,1.,-2.22044604925E-16));
#15643=DIRECTION('ref_axis',(1.,0.,0.));
#15644=DIRECTION('center_axis',(-2.449293598295E-16,2.22044604925E-16,1.));
#15645=DIRECTION('ref_axis',(1.,5.438524293788E-32,2.449293598295E-16));
#15646=DIRECTION('center_axis',(-2.449293598295E-16,2.22044604925E-16,1.));
#15647=DIRECTION('ref_axis',(1.,5.438524293788E-32,2.449293598295E-16));
#15648=DIRECTION('center_axis',(0.,-1.,2.22044604925E-16));
#15649=DIRECTION('ref_axis',(1.,0.,0.));
#15650=DIRECTION('center_axis',(0.,-2.22044604925E-16,-1.));
#15651=DIRECTION('ref_axis',(-1.,0.,0.));
#15652=DIRECTION('center_axis',(0.,-2.22044604925E-16,-1.));
#15653=DIRECTION('ref_axis',(-1.,0.,0.));
#15654=DIRECTION('',(0.,2.22044604925E-16,1.));
#15655=DIRECTION('center_axis',(0.,0.,1.));
#15656=DIRECTION('ref_axis',(1.,0.,0.));
#15657=DIRECTION('center_axis',(0.,2.22044604925E-16,1.));
#15658=DIRECTION('ref_axis',(1.,0.,0.));
#15659=DIRECTION('center_axis',(0.,2.22044604925E-16,1.));
#15660=DIRECTION('ref_axis',(1.,0.,0.));
#15661=DIRECTION('center_axis',(0.,2.22044604925E-16,1.));
#15662=DIRECTION('ref_axis',(1.,0.,0.));
#15663=DIRECTION('',(0.,-2.22044604925E-16,-1.));
#15664=DIRECTION('center_axis',(0.,2.22044604925E-16,1.));
#15665=DIRECTION('ref_axis',(1.,0.,0.));
#15666=DIRECTION('center_axis',(0.,0.,-1.));
#15667=DIRECTION('ref_axis',(-1.,0.,0.));
#15668=DIRECTION('center_axis',(0.,1.,-2.22044604925E-16));
#15669=DIRECTION('ref_axis',(1.,0.,0.));
#15670=DIRECTION('center_axis',(-1.,-4.078893220341E-32,-1.836970198721E-16));
#15671=DIRECTION('ref_axis',(-1.836970198721E-16,2.22044604925E-16,1.));
#15672=DIRECTION('center_axis',(-1.,-4.078893220341E-32,-1.836970198721E-16));
#15673=DIRECTION('ref_axis',(-1.836970198721E-16,2.22044604925E-16,1.));
#15674=DIRECTION('center_axis',(0.,-1.,2.22044604925E-16));
#15675=DIRECTION('ref_axis',(1.,0.,0.));
#15676=DIRECTION('center_axis',(1.,0.,0.));
#15677=DIRECTION('ref_axis',(0.,-2.22044604925E-16,-1.));
#15678=DIRECTION('center_axis',(1.,0.,0.));
#15679=DIRECTION('ref_axis',(0.,-2.22044604925E-16,-1.));
#15680=DIRECTION('',(-1.,0.,0.));
#15681=DIRECTION('center_axis',(1.,0.,0.));
#15682=DIRECTION('ref_axis',(0.,9.70417162265E-16,1.));
#15683=DIRECTION('center_axis',(1.,0.,0.));
#15684=DIRECTION('ref_axis',(0.,9.70417162265E-16,1.));
#15685=DIRECTION('center_axis',(1.,0.,0.));
#15686=DIRECTION('ref_axis',(0.,9.70417162265E-16,1.));
#15687=DIRECTION('center_axis',(1.,0.,0.));
#15688=DIRECTION('ref_axis',(0.,9.70417162265E-16,1.));
#15689=DIRECTION('',(-1.,0.,0.));
#15690=DIRECTION('center_axis',(1.,0.,0.));
#15691=DIRECTION('ref_axis',(0.,9.726879335149E-16,1.));
#15692=DIRECTION('center_axis',(1.,0.,0.));
#15693=DIRECTION('ref_axis',(0.,9.681797847099E-16,1.));
#15694=DIRECTION('center_axis',(1.,0.,0.));
#15695=DIRECTION('ref_axis',(0.,9.681797847099E-16,1.));
#15696=DIRECTION('center_axis',(1.,0.,0.));
#15697=DIRECTION('ref_axis',(0.,9.681797847099E-16,1.));
#15698=DIRECTION('',(-1.,0.,0.));
#15699=DIRECTION('center_axis',(1.,0.,0.));
#15700=DIRECTION('ref_axis',(0.,9.681797847099E-16,1.));
#15701=DIRECTION('center_axis',(1.,0.,0.));
#15702=DIRECTION('ref_axis',(0.,9.70417162265E-16,1.));
#15703=DIRECTION('center_axis',(1.,0.,0.));
#15704=DIRECTION('ref_axis',(0.,9.70417162265E-16,1.));
#15705=DIRECTION('center_axis',(1.,0.,0.));
#15706=DIRECTION('ref_axis',(0.,9.70417162265E-16,1.));
#15707=DIRECTION('',(-1.,0.,0.));
#15708=DIRECTION('center_axis',(1.,0.,0.));
#15709=DIRECTION('ref_axis',(0.,9.70417162265E-16,1.));
#15710=DIRECTION('center_axis',(1.,0.,0.));
#15711=DIRECTION('ref_axis',(0.,-2.22044604925E-16,-1.));
#15712=DIRECTION('center_axis',(1.,0.,0.));
#15713=DIRECTION('ref_axis',(0.,-2.22044604925E-16,-1.));
#15714=DIRECTION('center_axis',(1.,0.,0.));
#15715=DIRECTION('ref_axis',(0.,-2.22044604925E-16,-1.));
#15716=DIRECTION('center_axis',(1.,0.,0.));
#15717=DIRECTION('ref_axis',(0.,-2.22044604925E-16,-1.));
#15718=DIRECTION('',(-1.,0.,0.));
#15719=DIRECTION('center_axis',(0.,1.,-2.22044604925E-16));
#15720=DIRECTION('ref_axis',(1.,0.,0.));
#15721=DIRECTION('center_axis',(-2.449293598295E-16,2.22044604925E-16,1.));
#15722=DIRECTION('ref_axis',(1.,5.438524293788E-32,2.449293598295E-16));
#15723=DIRECTION('center_axis',(-2.449293598295E-16,2.22044604925E-16,1.));
#15724=DIRECTION('ref_axis',(1.,5.438524293788E-32,2.449293598295E-16));
#15725=DIRECTION('center_axis',(0.,-1.,2.22044604925E-16));
#15726=DIRECTION('ref_axis',(1.,0.,0.));
#15727=DIRECTION('center_axis',(0.,-2.22044604925E-16,-1.));
#15728=DIRECTION('ref_axis',(-1.,0.,0.));
#15729=DIRECTION('center_axis',(0.,-2.22044604925E-16,-1.));
#15730=DIRECTION('ref_axis',(-1.,0.,0.));
#15731=DIRECTION('',(0.,2.22044604925E-16,1.));
#15732=DIRECTION('center_axis',(0.,0.,1.));
#15733=DIRECTION('ref_axis',(1.,0.,0.));
#15734=DIRECTION('center_axis',(0.,2.22044604925E-16,1.));
#15735=DIRECTION('ref_axis',(1.,0.,0.));
#15736=DIRECTION('center_axis',(0.,2.22044604925E-16,1.));
#15737=DIRECTION('ref_axis',(1.,0.,0.));
#15738=DIRECTION('center_axis',(0.,2.22044604925E-16,1.));
#15739=DIRECTION('ref_axis',(1.,0.,0.));
#15740=DIRECTION('',(0.,-2.22044604925E-16,-1.));
#15741=DIRECTION('center_axis',(0.,2.22044604925E-16,1.));
#15742=DIRECTION('ref_axis',(1.,0.,0.));
#15743=DIRECTION('center_axis',(0.,0.,-1.));
#15744=DIRECTION('ref_axis',(-1.,0.,0.));
#15745=DIRECTION('center_axis',(0.,1.,-2.22044604925E-16));
#15746=DIRECTION('ref_axis',(1.,0.,0.));
#15747=DIRECTION('center_axis',(-1.,-4.078893220341E-32,-1.836970198721E-16));
#15748=DIRECTION('ref_axis',(-1.836970198721E-16,2.22044604925E-16,1.));
#15749=DIRECTION('center_axis',(-1.,-4.078893220341E-32,-1.836970198721E-16));
#15750=DIRECTION('ref_axis',(-1.836970198721E-16,2.22044604925E-16,1.));
#15751=DIRECTION('center_axis',(0.,-1.,2.22044604925E-16));
#15752=DIRECTION('ref_axis',(1.,0.,0.));
#15753=DIRECTION('center_axis',(1.,0.,0.));
#15754=DIRECTION('ref_axis',(0.,-2.22044604925E-16,-1.));
#15755=DIRECTION('center_axis',(1.,0.,0.));
#15756=DIRECTION('ref_axis',(0.,-2.22044604925E-16,-1.));
#15757=DIRECTION('',(-1.,0.,0.));
#15758=DIRECTION('center_axis',(1.,0.,0.));
#15759=DIRECTION('ref_axis',(0.,9.70417162265E-16,1.));
#15760=DIRECTION('center_axis',(1.,0.,0.));
#15761=DIRECTION('ref_axis',(0.,9.70417162265E-16,1.));
#15762=DIRECTION('center_axis',(1.,0.,0.));
#15763=DIRECTION('ref_axis',(0.,9.70417162265E-16,1.));
#15764=DIRECTION('center_axis',(1.,0.,0.));
#15765=DIRECTION('ref_axis',(0.,9.70417162265E-16,1.));
#15766=DIRECTION('',(-1.,0.,0.));
#15767=DIRECTION('center_axis',(1.,0.,0.));
#15768=DIRECTION('ref_axis',(0.,9.726879335149E-16,1.));
#15769=DIRECTION('center_axis',(1.,0.,0.));
#15770=DIRECTION('ref_axis',(0.,9.681797847099E-16,1.));
#15771=DIRECTION('center_axis',(1.,0.,0.));
#15772=DIRECTION('ref_axis',(0.,9.681797847099E-16,1.));
#15773=DIRECTION('center_axis',(1.,0.,0.));
#15774=DIRECTION('ref_axis',(0.,9.681797847099E-16,1.));
#15775=DIRECTION('',(-1.,0.,0.));
#15776=DIRECTION('center_axis',(1.,0.,0.));
#15777=DIRECTION('ref_axis',(0.,9.681797847099E-16,1.));
#15778=DIRECTION('center_axis',(1.,0.,0.));
#15779=DIRECTION('ref_axis',(0.,9.70417162265E-16,1.));
#15780=DIRECTION('center_axis',(1.,0.,0.));
#15781=DIRECTION('ref_axis',(0.,9.70417162265E-16,1.));
#15782=DIRECTION('center_axis',(1.,0.,0.));
#15783=DIRECTION('ref_axis',(0.,9.70417162265E-16,1.));
#15784=DIRECTION('',(-1.,0.,0.));
#15785=DIRECTION('center_axis',(1.,0.,0.));
#15786=DIRECTION('ref_axis',(0.,9.70417162265E-16,1.));
#15787=DIRECTION('center_axis',(1.,0.,0.));
#15788=DIRECTION('ref_axis',(0.,-2.22044604925E-16,-1.));
#15789=DIRECTION('center_axis',(1.,0.,0.));
#15790=DIRECTION('ref_axis',(0.,-2.22044604925E-16,-1.));
#15791=DIRECTION('center_axis',(1.,0.,0.));
#15792=DIRECTION('ref_axis',(0.,-2.22044604925E-16,-1.));
#15793=DIRECTION('center_axis',(1.,0.,0.));
#15794=DIRECTION('ref_axis',(0.,-2.22044604925E-16,-1.));
#15795=DIRECTION('',(-1.,0.,0.));
#15796=DIRECTION('center_axis',(0.,1.,-2.22044604925E-16));
#15797=DIRECTION('ref_axis',(1.,0.,0.));
#15798=DIRECTION('center_axis',(-2.449293598295E-16,2.22044604925E-16,1.));
#15799=DIRECTION('ref_axis',(1.,5.438524293788E-32,2.449293598295E-16));
#15800=DIRECTION('center_axis',(-2.449293598295E-16,2.22044604925E-16,1.));
#15801=DIRECTION('ref_axis',(1.,5.438524293788E-32,2.449293598295E-16));
#15802=DIRECTION('center_axis',(0.,-1.,2.22044604925E-16));
#15803=DIRECTION('ref_axis',(1.,0.,0.));
#15804=DIRECTION('center_axis',(0.,-2.22044604925E-16,-1.));
#15805=DIRECTION('ref_axis',(-1.,0.,0.));
#15806=DIRECTION('center_axis',(0.,-2.22044604925E-16,-1.));
#15807=DIRECTION('ref_axis',(-1.,0.,0.));
#15808=DIRECTION('',(0.,2.22044604925E-16,1.));
#15809=DIRECTION('center_axis',(0.,0.,1.));
#15810=DIRECTION('ref_axis',(1.,0.,0.));
#15811=DIRECTION('center_axis',(0.,2.22044604925E-16,1.));
#15812=DIRECTION('ref_axis',(1.,0.,0.));
#15813=DIRECTION('center_axis',(0.,2.22044604925E-16,1.));
#15814=DIRECTION('ref_axis',(1.,0.,0.));
#15815=DIRECTION('center_axis',(0.,2.22044604925E-16,1.));
#15816=DIRECTION('ref_axis',(1.,0.,0.));
#15817=DIRECTION('',(0.,-2.22044604925E-16,-1.));
#15818=DIRECTION('center_axis',(0.,2.22044604925E-16,1.));
#15819=DIRECTION('ref_axis',(1.,0.,0.));
#15820=DIRECTION('center_axis',(0.,0.,-1.));
#15821=DIRECTION('ref_axis',(-1.,0.,0.));
#15822=DIRECTION('center_axis',(0.,1.,-2.22044604925E-16));
#15823=DIRECTION('ref_axis',(1.,0.,0.));
#15824=DIRECTION('center_axis',(-1.,-4.078893220341E-32,-1.836970198721E-16));
#15825=DIRECTION('ref_axis',(-1.836970198721E-16,2.22044604925E-16,1.));
#15826=DIRECTION('center_axis',(-1.,-4.078893220341E-32,-1.836970198721E-16));
#15827=DIRECTION('ref_axis',(-1.836970198721E-16,2.22044604925E-16,1.));
#15828=DIRECTION('center_axis',(0.,-1.,2.22044604925E-16));
#15829=DIRECTION('ref_axis',(1.,0.,0.));
#15830=DIRECTION('center_axis',(1.,0.,0.));
#15831=DIRECTION('ref_axis',(0.,-2.22044604925E-16,-1.));
#15832=DIRECTION('center_axis',(1.,0.,0.));
#15833=DIRECTION('ref_axis',(0.,-2.22044604925E-16,-1.));
#15834=DIRECTION('',(-1.,0.,0.));
#15835=DIRECTION('center_axis',(1.,0.,0.));
#15836=DIRECTION('ref_axis',(0.,9.70417162265E-16,1.));
#15837=DIRECTION('center_axis',(1.,0.,0.));
#15838=DIRECTION('ref_axis',(0.,9.70417162265E-16,1.));
#15839=DIRECTION('center_axis',(1.,0.,0.));
#15840=DIRECTION('ref_axis',(0.,9.70417162265E-16,1.));
#15841=DIRECTION('center_axis',(1.,0.,0.));
#15842=DIRECTION('ref_axis',(0.,9.70417162265E-16,1.));
#15843=DIRECTION('',(-1.,0.,0.));
#15844=DIRECTION('center_axis',(1.,0.,0.));
#15845=DIRECTION('ref_axis',(0.,9.726879335149E-16,1.));
#15846=DIRECTION('center_axis',(1.,0.,0.));
#15847=DIRECTION('ref_axis',(0.,9.681797847099E-16,1.));
#15848=DIRECTION('center_axis',(1.,0.,0.));
#15849=DIRECTION('ref_axis',(0.,9.681797847099E-16,1.));
#15850=DIRECTION('center_axis',(1.,0.,0.));
#15851=DIRECTION('ref_axis',(0.,9.681797847099E-16,1.));
#15852=DIRECTION('',(-1.,0.,0.));
#15853=DIRECTION('center_axis',(1.,0.,0.));
#15854=DIRECTION('ref_axis',(0.,9.681797847099E-16,1.));
#15855=DIRECTION('center_axis',(1.,0.,0.));
#15856=DIRECTION('ref_axis',(0.,9.70417162265E-16,1.));
#15857=DIRECTION('center_axis',(1.,0.,0.));
#15858=DIRECTION('ref_axis',(0.,9.70417162265E-16,1.));
#15859=DIRECTION('center_axis',(1.,0.,0.));
#15860=DIRECTION('ref_axis',(0.,9.70417162265E-16,1.));
#15861=DIRECTION('',(-1.,0.,0.));
#15862=DIRECTION('center_axis',(1.,0.,0.));
#15863=DIRECTION('ref_axis',(0.,9.70417162265E-16,1.));
#15864=DIRECTION('center_axis',(1.,0.,0.));
#15865=DIRECTION('ref_axis',(0.,-2.22044604925E-16,-1.));
#15866=DIRECTION('center_axis',(1.,0.,0.));
#15867=DIRECTION('ref_axis',(0.,-2.22044604925E-16,-1.));
#15868=DIRECTION('center_axis',(1.,0.,0.));
#15869=DIRECTION('ref_axis',(0.,-2.22044604925E-16,-1.));
#15870=DIRECTION('center_axis',(1.,0.,0.));
#15871=DIRECTION('ref_axis',(0.,-2.22044604925E-16,-1.));
#15872=DIRECTION('',(-1.,0.,0.));
#15873=DIRECTION('center_axis',(0.,1.,-2.22044604925E-16));
#15874=DIRECTION('ref_axis',(1.,0.,0.));
#15875=DIRECTION('center_axis',(-2.449293598295E-16,2.22044604925E-16,1.));
#15876=DIRECTION('ref_axis',(1.,5.438524293788E-32,2.449293598295E-16));
#15877=DIRECTION('center_axis',(-2.449293598295E-16,2.22044604925E-16,1.));
#15878=DIRECTION('ref_axis',(1.,5.438524293788E-32,2.449293598295E-16));
#15879=DIRECTION('center_axis',(0.,-1.,2.22044604925E-16));
#15880=DIRECTION('ref_axis',(1.,0.,0.));
#15881=DIRECTION('center_axis',(0.,-2.22044604925E-16,-1.));
#15882=DIRECTION('ref_axis',(-1.,0.,0.));
#15883=DIRECTION('center_axis',(0.,-2.22044604925E-16,-1.));
#15884=DIRECTION('ref_axis',(-1.,0.,0.));
#15885=DIRECTION('',(0.,2.22044604925E-16,1.));
#15886=DIRECTION('center_axis',(0.,0.,1.));
#15887=DIRECTION('ref_axis',(1.,0.,0.));
#15888=DIRECTION('center_axis',(0.,2.22044604925E-16,1.));
#15889=DIRECTION('ref_axis',(1.,0.,0.));
#15890=DIRECTION('center_axis',(0.,2.22044604925E-16,1.));
#15891=DIRECTION('ref_axis',(1.,0.,0.));
#15892=DIRECTION('center_axis',(0.,2.22044604925E-16,1.));
#15893=DIRECTION('ref_axis',(1.,0.,0.));
#15894=DIRECTION('',(0.,-2.22044604925E-16,-1.));
#15895=DIRECTION('center_axis',(0.,2.22044604925E-16,1.));
#15896=DIRECTION('ref_axis',(1.,0.,0.));
#15897=DIRECTION('center_axis',(0.,0.,-1.));
#15898=DIRECTION('ref_axis',(-1.,0.,0.));
#15899=DIRECTION('center_axis',(0.,1.,-2.22044604925E-16));
#15900=DIRECTION('ref_axis',(1.,0.,0.));
#15901=DIRECTION('center_axis',(-1.,-4.078893220341E-32,-1.836970198721E-16));
#15902=DIRECTION('ref_axis',(-1.836970198721E-16,2.22044604925E-16,1.));
#15903=DIRECTION('center_axis',(-1.,-4.078893220341E-32,-1.836970198721E-16));
#15904=DIRECTION('ref_axis',(-1.836970198721E-16,2.22044604925E-16,1.));
#15905=DIRECTION('center_axis',(0.,-1.,2.22044604925E-16));
#15906=DIRECTION('ref_axis',(1.,0.,0.));
#15907=DIRECTION('center_axis',(1.,0.,0.));
#15908=DIRECTION('ref_axis',(0.,-2.22044604925E-16,-1.));
#15909=DIRECTION('center_axis',(1.,0.,0.));
#15910=DIRECTION('ref_axis',(0.,-2.22044604925E-16,-1.));
#15911=DIRECTION('',(-1.,0.,0.));
#15912=DIRECTION('center_axis',(1.,0.,0.));
#15913=DIRECTION('ref_axis',(0.,9.70417162265E-16,1.));
#15914=DIRECTION('center_axis',(1.,0.,0.));
#15915=DIRECTION('ref_axis',(0.,9.70417162265E-16,1.));
#15916=DIRECTION('center_axis',(1.,0.,0.));
#15917=DIRECTION('ref_axis',(0.,9.70417162265E-16,1.));
#15918=DIRECTION('center_axis',(1.,0.,0.));
#15919=DIRECTION('ref_axis',(0.,9.70417162265E-16,1.));
#15920=DIRECTION('',(-1.,0.,0.));
#15921=DIRECTION('center_axis',(1.,0.,0.));
#15922=DIRECTION('ref_axis',(0.,9.726879335149E-16,1.));
#15923=DIRECTION('center_axis',(1.,0.,0.));
#15924=DIRECTION('ref_axis',(0.,9.681797847099E-16,1.));
#15925=DIRECTION('center_axis',(1.,0.,0.));
#15926=DIRECTION('ref_axis',(0.,9.681797847099E-16,1.));
#15927=DIRECTION('center_axis',(1.,0.,0.));
#15928=DIRECTION('ref_axis',(0.,9.681797847099E-16,1.));
#15929=DIRECTION('',(-1.,0.,0.));
#15930=DIRECTION('center_axis',(1.,0.,0.));
#15931=DIRECTION('ref_axis',(0.,9.681797847099E-16,1.));
#15932=DIRECTION('center_axis',(1.,0.,0.));
#15933=DIRECTION('ref_axis',(0.,9.70417162265E-16,1.));
#15934=DIRECTION('center_axis',(1.,0.,0.));
#15935=DIRECTION('ref_axis',(0.,9.70417162265E-16,1.));
#15936=DIRECTION('center_axis',(1.,0.,0.));
#15937=DIRECTION('ref_axis',(0.,9.70417162265E-16,1.));
#15938=DIRECTION('',(-1.,0.,0.));
#15939=DIRECTION('center_axis',(1.,0.,0.));
#15940=DIRECTION('ref_axis',(0.,9.70417162265E-16,1.));
#15941=DIRECTION('center_axis',(1.,0.,0.));
#15942=DIRECTION('ref_axis',(0.,-2.22044604925E-16,-1.));
#15943=DIRECTION('center_axis',(1.,0.,0.));
#15944=DIRECTION('ref_axis',(0.,-2.22044604925E-16,-1.));
#15945=DIRECTION('center_axis',(1.,0.,0.));
#15946=DIRECTION('ref_axis',(0.,-2.22044604925E-16,-1.));
#15947=DIRECTION('center_axis',(1.,0.,0.));
#15948=DIRECTION('ref_axis',(0.,-2.22044604925E-16,-1.));
#15949=DIRECTION('',(-1.,0.,0.));
#15950=DIRECTION('center_axis',(0.,1.,-2.22044604925E-16));
#15951=DIRECTION('ref_axis',(1.,0.,0.));
#15952=DIRECTION('center_axis',(-2.449293598295E-16,2.22044604925E-16,1.));
#15953=DIRECTION('ref_axis',(1.,5.438524293788E-32,2.449293598295E-16));
#15954=DIRECTION('center_axis',(-2.449293598295E-16,2.22044604925E-16,1.));
#15955=DIRECTION('ref_axis',(1.,5.438524293788E-32,2.449293598295E-16));
#15956=DIRECTION('center_axis',(0.,-1.,2.22044604925E-16));
#15957=DIRECTION('ref_axis',(1.,0.,0.));
#15958=DIRECTION('center_axis',(0.,-2.22044604925E-16,-1.));
#15959=DIRECTION('ref_axis',(-1.,0.,0.));
#15960=DIRECTION('center_axis',(0.,-2.22044604925E-16,-1.));
#15961=DIRECTION('ref_axis',(-1.,0.,0.));
#15962=DIRECTION('',(0.,2.22044604925E-16,1.));
#15963=DIRECTION('center_axis',(0.,0.,1.));
#15964=DIRECTION('ref_axis',(1.,0.,0.));
#15965=DIRECTION('center_axis',(0.,2.22044604925E-16,1.));
#15966=DIRECTION('ref_axis',(1.,0.,0.));
#15967=DIRECTION('center_axis',(0.,2.22044604925E-16,1.));
#15968=DIRECTION('ref_axis',(1.,0.,0.));
#15969=DIRECTION('center_axis',(0.,2.22044604925E-16,1.));
#15970=DIRECTION('ref_axis',(1.,0.,0.));
#15971=DIRECTION('',(0.,-2.22044604925E-16,-1.));
#15972=DIRECTION('center_axis',(0.,2.22044604925E-16,1.));
#15973=DIRECTION('ref_axis',(1.,0.,0.));
#15974=DIRECTION('center_axis',(0.,0.,-1.));
#15975=DIRECTION('ref_axis',(-1.,0.,0.));
#15976=DIRECTION('center_axis',(0.,1.,-2.22044604925E-16));
#15977=DIRECTION('ref_axis',(1.,0.,0.));
#15978=DIRECTION('center_axis',(-1.,-4.078893220341E-32,-1.836970198721E-16));
#15979=DIRECTION('ref_axis',(-1.836970198721E-16,2.22044604925E-16,1.));
#15980=DIRECTION('center_axis',(-1.,-4.078893220341E-32,-1.836970198721E-16));
#15981=DIRECTION('ref_axis',(-1.836970198721E-16,2.22044604925E-16,1.));
#15982=DIRECTION('center_axis',(0.,-1.,2.22044604925E-16));
#15983=DIRECTION('ref_axis',(1.,0.,0.));
#15984=DIRECTION('center_axis',(1.,0.,0.));
#15985=DIRECTION('ref_axis',(0.,-2.22044604925E-16,-1.));
#15986=DIRECTION('center_axis',(1.,0.,0.));
#15987=DIRECTION('ref_axis',(0.,-2.22044604925E-16,-1.));
#15988=DIRECTION('',(-1.,0.,0.));
#15989=DIRECTION('center_axis',(1.,0.,0.));
#15990=DIRECTION('ref_axis',(0.,9.70417162265E-16,1.));
#15991=DIRECTION('center_axis',(1.,0.,0.));
#15992=DIRECTION('ref_axis',(0.,9.70417162265E-16,1.));
#15993=DIRECTION('center_axis',(1.,0.,0.));
#15994=DIRECTION('ref_axis',(0.,9.70417162265E-16,1.));
#15995=DIRECTION('center_axis',(1.,0.,0.));
#15996=DIRECTION('ref_axis',(0.,9.70417162265E-16,1.));
#15997=DIRECTION('',(-1.,0.,0.));
#15998=DIRECTION('center_axis',(1.,0.,0.));
#15999=DIRECTION('ref_axis',(0.,9.726879335149E-16,1.));
#16000=DIRECTION('center_axis',(1.,0.,0.));
#16001=DIRECTION('ref_axis',(0.,9.681797847099E-16,1.));
#16002=DIRECTION('center_axis',(1.,0.,0.));
#16003=DIRECTION('ref_axis',(0.,9.681797847099E-16,1.));
#16004=DIRECTION('center_axis',(1.,0.,0.));
#16005=DIRECTION('ref_axis',(0.,9.681797847099E-16,1.));
#16006=DIRECTION('',(-1.,0.,0.));
#16007=DIRECTION('center_axis',(1.,0.,0.));
#16008=DIRECTION('ref_axis',(0.,9.681797847099E-16,1.));
#16009=DIRECTION('center_axis',(1.,0.,0.));
#16010=DIRECTION('ref_axis',(0.,9.70417162265E-16,1.));
#16011=DIRECTION('center_axis',(1.,0.,0.));
#16012=DIRECTION('ref_axis',(0.,9.70417162265E-16,1.));
#16013=DIRECTION('center_axis',(1.,0.,0.));
#16014=DIRECTION('ref_axis',(0.,9.70417162265E-16,1.));
#16015=DIRECTION('',(-1.,0.,0.));
#16016=DIRECTION('center_axis',(1.,0.,0.));
#16017=DIRECTION('ref_axis',(0.,9.70417162265E-16,1.));
#16018=DIRECTION('center_axis',(1.,0.,0.));
#16019=DIRECTION('ref_axis',(0.,-2.22044604925E-16,-1.));
#16020=DIRECTION('center_axis',(1.,0.,0.));
#16021=DIRECTION('ref_axis',(0.,-2.22044604925E-16,-1.));
#16022=DIRECTION('center_axis',(1.,0.,0.));
#16023=DIRECTION('ref_axis',(0.,-2.22044604925E-16,-1.));
#16024=DIRECTION('center_axis',(1.,0.,0.));
#16025=DIRECTION('ref_axis',(0.,-2.22044604925E-16,-1.));
#16026=DIRECTION('',(-1.,0.,0.));
#16027=DIRECTION('center_axis',(0.,1.,-2.22044604925E-16));
#16028=DIRECTION('ref_axis',(1.,0.,0.));
#16029=DIRECTION('center_axis',(-2.449293598295E-16,2.22044604925E-16,1.));
#16030=DIRECTION('ref_axis',(1.,5.438524293788E-32,2.449293598295E-16));
#16031=DIRECTION('center_axis',(-2.449293598295E-16,2.22044604925E-16,1.));
#16032=DIRECTION('ref_axis',(1.,5.438524293788E-32,2.449293598295E-16));
#16033=DIRECTION('center_axis',(0.,-1.,2.22044604925E-16));
#16034=DIRECTION('ref_axis',(1.,0.,0.));
#16035=DIRECTION('center_axis',(0.,-2.22044604925E-16,-1.));
#16036=DIRECTION('ref_axis',(-1.,0.,0.));
#16037=DIRECTION('center_axis',(0.,-2.22044604925E-16,-1.));
#16038=DIRECTION('ref_axis',(-1.,0.,0.));
#16039=DIRECTION('',(0.,2.22044604925E-16,1.));
#16040=DIRECTION('center_axis',(0.,0.,1.));
#16041=DIRECTION('ref_axis',(1.,0.,0.));
#16042=DIRECTION('center_axis',(0.,2.22044604925E-16,1.));
#16043=DIRECTION('ref_axis',(1.,0.,0.));
#16044=DIRECTION('center_axis',(0.,2.22044604925E-16,1.));
#16045=DIRECTION('ref_axis',(1.,0.,0.));
#16046=DIRECTION('center_axis',(0.,2.22044604925E-16,1.));
#16047=DIRECTION('ref_axis',(1.,0.,0.));
#16048=DIRECTION('',(0.,-2.22044604925E-16,-1.));
#16049=DIRECTION('center_axis',(0.,2.22044604925E-16,1.));
#16050=DIRECTION('ref_axis',(1.,0.,0.));
#16051=DIRECTION('center_axis',(0.,0.,-1.));
#16052=DIRECTION('ref_axis',(-1.,0.,0.));
#16053=DIRECTION('center_axis',(0.,1.,-2.22044604925E-16));
#16054=DIRECTION('ref_axis',(1.,0.,0.));
#16055=DIRECTION('center_axis',(-1.,-4.078893220341E-32,-1.836970198721E-16));
#16056=DIRECTION('ref_axis',(-1.836970198721E-16,2.22044604925E-16,1.));
#16057=DIRECTION('center_axis',(-1.,-4.078893220341E-32,-1.836970198721E-16));
#16058=DIRECTION('ref_axis',(-1.836970198721E-16,2.22044604925E-16,1.));
#16059=DIRECTION('center_axis',(0.,-1.,2.22044604925E-16));
#16060=DIRECTION('ref_axis',(1.,0.,0.));
#16061=DIRECTION('center_axis',(1.,0.,0.));
#16062=DIRECTION('ref_axis',(0.,-2.22044604925E-16,-1.));
#16063=DIRECTION('center_axis',(1.,0.,0.));
#16064=DIRECTION('ref_axis',(0.,-2.22044604925E-16,-1.));
#16065=DIRECTION('',(-1.,0.,0.));
#16066=DIRECTION('center_axis',(1.,0.,0.));
#16067=DIRECTION('ref_axis',(0.,9.70417162265E-16,1.));
#16068=DIRECTION('center_axis',(1.,0.,0.));
#16069=DIRECTION('ref_axis',(0.,9.70417162265E-16,1.));
#16070=DIRECTION('center_axis',(1.,0.,0.));
#16071=DIRECTION('ref_axis',(0.,9.70417162265E-16,1.));
#16072=DIRECTION('center_axis',(1.,0.,0.));
#16073=DIRECTION('ref_axis',(0.,9.70417162265E-16,1.));
#16074=DIRECTION('',(-1.,0.,0.));
#16075=DIRECTION('center_axis',(1.,0.,0.));
#16076=DIRECTION('ref_axis',(0.,9.726879335149E-16,1.));
#16077=DIRECTION('center_axis',(1.,0.,0.));
#16078=DIRECTION('ref_axis',(0.,9.681797847099E-16,1.));
#16079=DIRECTION('center_axis',(1.,0.,0.));
#16080=DIRECTION('ref_axis',(0.,9.681797847099E-16,1.));
#16081=DIRECTION('center_axis',(1.,0.,0.));
#16082=DIRECTION('ref_axis',(0.,9.681797847099E-16,1.));
#16083=DIRECTION('',(-1.,0.,0.));
#16084=DIRECTION('center_axis',(1.,0.,0.));
#16085=DIRECTION('ref_axis',(0.,9.681797847099E-16,1.));
#16086=DIRECTION('center_axis',(1.,0.,0.));
#16087=DIRECTION('ref_axis',(0.,9.70417162265E-16,1.));
#16088=DIRECTION('center_axis',(1.,0.,0.));
#16089=DIRECTION('ref_axis',(0.,9.70417162265E-16,1.));
#16090=DIRECTION('center_axis',(1.,0.,0.));
#16091=DIRECTION('ref_axis',(0.,9.70417162265E-16,1.));
#16092=DIRECTION('',(-1.,0.,0.));
#16093=DIRECTION('center_axis',(1.,0.,0.));
#16094=DIRECTION('ref_axis',(0.,9.70417162265E-16,1.));
#16095=DIRECTION('center_axis',(1.,0.,0.));
#16096=DIRECTION('ref_axis',(0.,-2.22044604925E-16,-1.));
#16097=DIRECTION('center_axis',(1.,0.,0.));
#16098=DIRECTION('ref_axis',(0.,-2.22044604925E-16,-1.));
#16099=DIRECTION('center_axis',(1.,0.,0.));
#16100=DIRECTION('ref_axis',(0.,-2.22044604925E-16,-1.));
#16101=DIRECTION('center_axis',(1.,0.,0.));
#16102=DIRECTION('ref_axis',(0.,-2.22044604925E-16,-1.));
#16103=DIRECTION('',(-1.,0.,0.));
#16104=DIRECTION('center_axis',(0.,1.,-2.22044604925E-16));
#16105=DIRECTION('ref_axis',(1.,0.,0.));
#16106=DIRECTION('center_axis',(-2.449293598295E-16,2.22044604925E-16,1.));
#16107=DIRECTION('ref_axis',(1.,5.438524293788E-32,2.449293598295E-16));
#16108=DIRECTION('center_axis',(-2.449293598295E-16,2.22044604925E-16,1.));
#16109=DIRECTION('ref_axis',(1.,5.438524293788E-32,2.449293598295E-16));
#16110=DIRECTION('center_axis',(0.,-1.,2.22044604925E-16));
#16111=DIRECTION('ref_axis',(1.,0.,0.));
#16112=DIRECTION('center_axis',(0.,-2.22044604925E-16,-1.));
#16113=DIRECTION('ref_axis',(-1.,0.,0.));
#16114=DIRECTION('center_axis',(0.,-2.22044604925E-16,-1.));
#16115=DIRECTION('ref_axis',(-1.,0.,0.));
#16116=DIRECTION('',(0.,2.22044604925E-16,1.));
#16117=DIRECTION('center_axis',(0.,0.,1.));
#16118=DIRECTION('ref_axis',(1.,0.,0.));
#16119=DIRECTION('center_axis',(0.,2.22044604925E-16,1.));
#16120=DIRECTION('ref_axis',(1.,0.,0.));
#16121=DIRECTION('center_axis',(0.,2.22044604925E-16,1.));
#16122=DIRECTION('ref_axis',(1.,0.,0.));
#16123=DIRECTION('center_axis',(0.,2.22044604925E-16,1.));
#16124=DIRECTION('ref_axis',(1.,0.,0.));
#16125=DIRECTION('',(0.,-2.22044604925E-16,-1.));
#16126=DIRECTION('center_axis',(0.,2.22044604925E-16,1.));
#16127=DIRECTION('ref_axis',(1.,0.,0.));
#16128=DIRECTION('center_axis',(0.,0.,-1.));
#16129=DIRECTION('ref_axis',(-1.,0.,0.));
#16130=DIRECTION('center_axis',(0.,1.,-2.22044604925E-16));
#16131=DIRECTION('ref_axis',(1.,0.,0.));
#16132=DIRECTION('center_axis',(-1.,-4.078893220341E-32,-1.836970198721E-16));
#16133=DIRECTION('ref_axis',(-1.836970198721E-16,2.22044604925E-16,1.));
#16134=DIRECTION('center_axis',(-1.,-4.078893220341E-32,-1.836970198721E-16));
#16135=DIRECTION('ref_axis',(-1.836970198721E-16,2.22044604925E-16,1.));
#16136=DIRECTION('center_axis',(0.,-1.,2.22044604925E-16));
#16137=DIRECTION('ref_axis',(1.,0.,0.));
#16138=DIRECTION('center_axis',(1.,0.,0.));
#16139=DIRECTION('ref_axis',(0.,-2.22044604925E-16,-1.));
#16140=DIRECTION('center_axis',(1.,0.,0.));
#16141=DIRECTION('ref_axis',(0.,-2.22044604925E-16,-1.));
#16142=DIRECTION('',(-1.,0.,0.));
#16143=DIRECTION('center_axis',(1.,0.,0.));
#16144=DIRECTION('ref_axis',(0.,9.70417162265E-16,1.));
#16145=DIRECTION('center_axis',(1.,0.,0.));
#16146=DIRECTION('ref_axis',(0.,9.70417162265E-16,1.));
#16147=DIRECTION('center_axis',(1.,0.,0.));
#16148=DIRECTION('ref_axis',(0.,9.70417162265E-16,1.));
#16149=DIRECTION('center_axis',(1.,0.,0.));
#16150=DIRECTION('ref_axis',(0.,9.70417162265E-16,1.));
#16151=DIRECTION('',(-1.,0.,0.));
#16152=DIRECTION('center_axis',(1.,0.,0.));
#16153=DIRECTION('ref_axis',(0.,9.726879335149E-16,1.));
#16154=DIRECTION('center_axis',(1.,0.,0.));
#16155=DIRECTION('ref_axis',(0.,9.681797847099E-16,1.));
#16156=DIRECTION('center_axis',(1.,0.,0.));
#16157=DIRECTION('ref_axis',(0.,9.681797847099E-16,1.));
#16158=DIRECTION('center_axis',(1.,0.,0.));
#16159=DIRECTION('ref_axis',(0.,9.681797847099E-16,1.));
#16160=DIRECTION('',(-1.,0.,0.));
#16161=DIRECTION('center_axis',(1.,0.,0.));
#16162=DIRECTION('ref_axis',(0.,9.681797847099E-16,1.));
#16163=DIRECTION('center_axis',(1.,0.,0.));
#16164=DIRECTION('ref_axis',(0.,9.70417162265E-16,1.));
#16165=DIRECTION('center_axis',(1.,0.,0.));
#16166=DIRECTION('ref_axis',(0.,9.70417162265E-16,1.));
#16167=DIRECTION('center_axis',(1.,0.,0.));
#16168=DIRECTION('ref_axis',(0.,9.70417162265E-16,1.));
#16169=DIRECTION('',(-1.,0.,0.));
#16170=DIRECTION('center_axis',(1.,0.,0.));
#16171=DIRECTION('ref_axis',(0.,9.70417162265E-16,1.));
#16172=DIRECTION('center_axis',(1.,0.,0.));
#16173=DIRECTION('ref_axis',(0.,-2.22044604925E-16,-1.));
#16174=DIRECTION('center_axis',(1.,0.,0.));
#16175=DIRECTION('ref_axis',(0.,-2.22044604925E-16,-1.));
#16176=DIRECTION('center_axis',(1.,0.,0.));
#16177=DIRECTION('ref_axis',(0.,-2.22044604925E-16,-1.));
#16178=DIRECTION('center_axis',(1.,0.,0.));
#16179=DIRECTION('ref_axis',(0.,-2.22044604925E-16,-1.));
#16180=DIRECTION('',(-1.,0.,0.));
#16181=DIRECTION('center_axis',(0.,1.,-2.22044604925E-16));
#16182=DIRECTION('ref_axis',(1.,0.,0.));
#16183=DIRECTION('center_axis',(-2.449293598295E-16,2.22044604925E-16,1.));
#16184=DIRECTION('ref_axis',(1.,5.438524293788E-32,2.449293598295E-16));
#16185=DIRECTION('center_axis',(-2.449293598295E-16,2.22044604925E-16,1.));
#16186=DIRECTION('ref_axis',(1.,5.438524293788E-32,2.449293598295E-16));
#16187=DIRECTION('center_axis',(0.,-1.,2.22044604925E-16));
#16188=DIRECTION('ref_axis',(1.,0.,0.));
#16189=DIRECTION('center_axis',(0.,-2.22044604925E-16,-1.));
#16190=DIRECTION('ref_axis',(-1.,0.,0.));
#16191=DIRECTION('center_axis',(0.,-2.22044604925E-16,-1.));
#16192=DIRECTION('ref_axis',(-1.,0.,0.));
#16193=DIRECTION('',(0.,2.22044604925E-16,1.));
#16194=DIRECTION('center_axis',(0.,0.,1.));
#16195=DIRECTION('ref_axis',(1.,0.,0.));
#16196=DIRECTION('center_axis',(0.,2.22044604925E-16,1.));
#16197=DIRECTION('ref_axis',(1.,0.,0.));
#16198=DIRECTION('center_axis',(0.,2.22044604925E-16,1.));
#16199=DIRECTION('ref_axis',(1.,0.,0.));
#16200=DIRECTION('center_axis',(0.,2.22044604925E-16,1.));
#16201=DIRECTION('ref_axis',(1.,0.,0.));
#16202=DIRECTION('',(0.,-2.22044604925E-16,-1.));
#16203=DIRECTION('center_axis',(0.,2.22044604925E-16,1.));
#16204=DIRECTION('ref_axis',(1.,0.,0.));
#16205=DIRECTION('center_axis',(0.,0.,-1.));
#16206=DIRECTION('ref_axis',(-1.,0.,0.));
#16207=DIRECTION('center_axis',(0.,1.,-2.22044604925E-16));
#16208=DIRECTION('ref_axis',(1.,0.,0.));
#16209=DIRECTION('center_axis',(-1.,-4.078893220341E-32,-1.836970198721E-16));
#16210=DIRECTION('ref_axis',(-1.836970198721E-16,2.22044604925E-16,1.));
#16211=DIRECTION('center_axis',(-1.,-4.078893220341E-32,-1.836970198721E-16));
#16212=DIRECTION('ref_axis',(-1.836970198721E-16,2.22044604925E-16,1.));
#16213=DIRECTION('center_axis',(0.,-1.,2.22044604925E-16));
#16214=DIRECTION('ref_axis',(1.,0.,0.));
#16215=DIRECTION('center_axis',(1.,0.,0.));
#16216=DIRECTION('ref_axis',(0.,-2.22044604925E-16,-1.));
#16217=DIRECTION('center_axis',(1.,0.,0.));
#16218=DIRECTION('ref_axis',(0.,-2.22044604925E-16,-1.));
#16219=DIRECTION('',(-1.,0.,0.));
#16220=DIRECTION('center_axis',(1.,0.,0.));
#16221=DIRECTION('ref_axis',(0.,9.70417162265E-16,1.));
#16222=DIRECTION('center_axis',(1.,0.,0.));
#16223=DIRECTION('ref_axis',(0.,9.70417162265E-16,1.));
#16224=DIRECTION('center_axis',(1.,0.,0.));
#16225=DIRECTION('ref_axis',(0.,9.70417162265E-16,1.));
#16226=DIRECTION('center_axis',(1.,0.,0.));
#16227=DIRECTION('ref_axis',(0.,9.70417162265E-16,1.));
#16228=DIRECTION('',(-1.,0.,0.));
#16229=DIRECTION('center_axis',(1.,0.,0.));
#16230=DIRECTION('ref_axis',(0.,9.726879335149E-16,1.));
#16231=DIRECTION('center_axis',(1.,0.,0.));
#16232=DIRECTION('ref_axis',(0.,9.681797847099E-16,1.));
#16233=DIRECTION('center_axis',(1.,0.,0.));
#16234=DIRECTION('ref_axis',(0.,9.681797847099E-16,1.));
#16235=DIRECTION('center_axis',(1.,0.,0.));
#16236=DIRECTION('ref_axis',(0.,9.681797847099E-16,1.));
#16237=DIRECTION('',(-1.,0.,0.));
#16238=DIRECTION('center_axis',(1.,0.,0.));
#16239=DIRECTION('ref_axis',(0.,9.681797847099E-16,1.));
#16240=DIRECTION('center_axis',(1.,0.,0.));
#16241=DIRECTION('ref_axis',(0.,9.70417162265E-16,1.));
#16242=DIRECTION('center_axis',(1.,0.,0.));
#16243=DIRECTION('ref_axis',(0.,9.70417162265E-16,1.));
#16244=DIRECTION('center_axis',(1.,0.,0.));
#16245=DIRECTION('ref_axis',(0.,9.70417162265E-16,1.));
#16246=DIRECTION('',(-1.,0.,0.));
#16247=DIRECTION('center_axis',(1.,0.,0.));
#16248=DIRECTION('ref_axis',(0.,9.70417162265E-16,1.));
#16249=DIRECTION('center_axis',(1.,0.,0.));
#16250=DIRECTION('ref_axis',(0.,-2.22044604925E-16,-1.));
#16251=DIRECTION('center_axis',(1.,0.,0.));
#16252=DIRECTION('ref_axis',(0.,-2.22044604925E-16,-1.));
#16253=DIRECTION('center_axis',(1.,0.,0.));
#16254=DIRECTION('ref_axis',(0.,-2.22044604925E-16,-1.));
#16255=DIRECTION('center_axis',(1.,0.,0.));
#16256=DIRECTION('ref_axis',(0.,-2.22044604925E-16,-1.));
#16257=DIRECTION('',(-1.,0.,0.));
#16258=DIRECTION('center_axis',(0.,1.,-2.22044604925E-16));
#16259=DIRECTION('ref_axis',(1.,0.,0.));
#16260=DIRECTION('center_axis',(-2.449293598295E-16,2.22044604925E-16,1.));
#16261=DIRECTION('ref_axis',(1.,5.438524293788E-32,2.449293598295E-16));
#16262=DIRECTION('center_axis',(-2.449293598295E-16,2.22044604925E-16,1.));
#16263=DIRECTION('ref_axis',(1.,5.438524293788E-32,2.449293598295E-16));
#16264=DIRECTION('center_axis',(0.,-1.,2.22044604925E-16));
#16265=DIRECTION('ref_axis',(1.,0.,0.));
#16266=DIRECTION('center_axis',(0.,-2.22044604925E-16,-1.));
#16267=DIRECTION('ref_axis',(-1.,0.,0.));
#16268=DIRECTION('center_axis',(0.,-2.22044604925E-16,-1.));
#16269=DIRECTION('ref_axis',(-1.,0.,0.));
#16270=DIRECTION('',(0.,2.22044604925E-16,1.));
#16271=DIRECTION('center_axis',(0.,0.,1.));
#16272=DIRECTION('ref_axis',(1.,0.,0.));
#16273=DIRECTION('center_axis',(0.,2.22044604925E-16,1.));
#16274=DIRECTION('ref_axis',(1.,0.,0.));
#16275=DIRECTION('center_axis',(0.,2.22044604925E-16,1.));
#16276=DIRECTION('ref_axis',(1.,0.,0.));
#16277=DIRECTION('center_axis',(0.,2.22044604925E-16,1.));
#16278=DIRECTION('ref_axis',(1.,0.,0.));
#16279=DIRECTION('',(0.,-2.22044604925E-16,-1.));
#16280=DIRECTION('center_axis',(0.,2.22044604925E-16,1.));
#16281=DIRECTION('ref_axis',(1.,0.,0.));
#16282=DIRECTION('center_axis',(0.,0.,-1.));
#16283=DIRECTION('ref_axis',(-1.,0.,0.));
#16284=DIRECTION('center_axis',(0.,1.,-2.22044604925E-16));
#16285=DIRECTION('ref_axis',(1.,0.,0.));
#16286=DIRECTION('center_axis',(-1.,-4.078893220341E-32,-1.836970198721E-16));
#16287=DIRECTION('ref_axis',(-1.836970198721E-16,2.22044604925E-16,1.));
#16288=DIRECTION('center_axis',(-1.,-4.078893220341E-32,-1.836970198721E-16));
#16289=DIRECTION('ref_axis',(-1.836970198721E-16,2.22044604925E-16,1.));
#16290=DIRECTION('center_axis',(0.,-1.,2.22044604925E-16));
#16291=DIRECTION('ref_axis',(1.,0.,0.));
#16292=DIRECTION('center_axis',(1.,0.,0.));
#16293=DIRECTION('ref_axis',(0.,-2.22044604925E-16,-1.));
#16294=DIRECTION('center_axis',(1.,0.,0.));
#16295=DIRECTION('ref_axis',(0.,-2.22044604925E-16,-1.));
#16296=DIRECTION('',(-1.,0.,0.));
#16297=DIRECTION('center_axis',(1.,0.,0.));
#16298=DIRECTION('ref_axis',(0.,9.70417162265E-16,1.));
#16299=DIRECTION('center_axis',(1.,0.,0.));
#16300=DIRECTION('ref_axis',(0.,9.70417162265E-16,1.));
#16301=DIRECTION('center_axis',(1.,0.,0.));
#16302=DIRECTION('ref_axis',(0.,9.70417162265E-16,1.));
#16303=DIRECTION('center_axis',(1.,0.,0.));
#16304=DIRECTION('ref_axis',(0.,9.70417162265E-16,1.));
#16305=DIRECTION('',(-1.,0.,0.));
#16306=DIRECTION('center_axis',(1.,0.,0.));
#16307=DIRECTION('ref_axis',(0.,9.726879335149E-16,1.));
#16308=DIRECTION('center_axis',(1.,0.,0.));
#16309=DIRECTION('ref_axis',(0.,9.681797847099E-16,1.));
#16310=DIRECTION('center_axis',(1.,0.,0.));
#16311=DIRECTION('ref_axis',(0.,9.681797847099E-16,1.));
#16312=DIRECTION('center_axis',(1.,0.,0.));
#16313=DIRECTION('ref_axis',(0.,9.681797847099E-16,1.));
#16314=DIRECTION('',(-1.,0.,0.));
#16315=DIRECTION('center_axis',(1.,0.,0.));
#16316=DIRECTION('ref_axis',(0.,9.681797847099E-16,1.));
#16317=DIRECTION('center_axis',(1.,0.,0.));
#16318=DIRECTION('ref_axis',(0.,9.70417162265E-16,1.));
#16319=DIRECTION('center_axis',(1.,0.,0.));
#16320=DIRECTION('ref_axis',(0.,9.70417162265E-16,1.));
#16321=DIRECTION('center_axis',(1.,0.,0.));
#16322=DIRECTION('ref_axis',(0.,9.70417162265E-16,1.));
#16323=DIRECTION('',(-1.,0.,0.));
#16324=DIRECTION('center_axis',(1.,0.,0.));
#16325=DIRECTION('ref_axis',(0.,9.70417162265E-16,1.));
#16326=DIRECTION('center_axis',(1.,0.,0.));
#16327=DIRECTION('ref_axis',(0.,-2.22044604925E-16,-1.));
#16328=DIRECTION('center_axis',(1.,0.,0.));
#16329=DIRECTION('ref_axis',(0.,-2.22044604925E-16,-1.));
#16330=DIRECTION('center_axis',(1.,0.,0.));
#16331=DIRECTION('ref_axis',(0.,-2.22044604925E-16,-1.));
#16332=DIRECTION('center_axis',(1.,0.,0.));
#16333=DIRECTION('ref_axis',(0.,-2.22044604925E-16,-1.));
#16334=DIRECTION('',(-1.,0.,0.));
#16335=DIRECTION('center_axis',(0.,1.,-2.22044604925E-16));
#16336=DIRECTION('ref_axis',(1.,0.,0.));
#16337=DIRECTION('center_axis',(-2.449293598295E-16,2.22044604925E-16,1.));
#16338=DIRECTION('ref_axis',(1.,5.438524293788E-32,2.449293598295E-16));
#16339=DIRECTION('center_axis',(-2.449293598295E-16,2.22044604925E-16,1.));
#16340=DIRECTION('ref_axis',(1.,5.438524293788E-32,2.449293598295E-16));
#16341=DIRECTION('center_axis',(0.,-1.,2.22044604925E-16));
#16342=DIRECTION('ref_axis',(1.,0.,0.));
#16343=DIRECTION('center_axis',(0.,-2.22044604925E-16,-1.));
#16344=DIRECTION('ref_axis',(-1.,0.,0.));
#16345=DIRECTION('center_axis',(0.,-2.22044604925E-16,-1.));
#16346=DIRECTION('ref_axis',(-1.,0.,0.));
#16347=DIRECTION('',(0.,2.22044604925E-16,1.));
#16348=DIRECTION('center_axis',(0.,0.,1.));
#16349=DIRECTION('ref_axis',(1.,0.,0.));
#16350=DIRECTION('center_axis',(0.,2.22044604925E-16,1.));
#16351=DIRECTION('ref_axis',(1.,0.,0.));
#16352=DIRECTION('center_axis',(0.,2.22044604925E-16,1.));
#16353=DIRECTION('ref_axis',(1.,0.,0.));
#16354=DIRECTION('center_axis',(0.,2.22044604925E-16,1.));
#16355=DIRECTION('ref_axis',(1.,0.,0.));
#16356=DIRECTION('',(0.,-2.22044604925E-16,-1.));
#16357=DIRECTION('center_axis',(0.,2.22044604925E-16,1.));
#16358=DIRECTION('ref_axis',(1.,0.,0.));
#16359=DIRECTION('center_axis',(0.,0.,-1.));
#16360=DIRECTION('ref_axis',(-1.,0.,0.));
#16361=DIRECTION('center_axis',(0.,1.,-2.22044604925E-16));
#16362=DIRECTION('ref_axis',(1.,0.,0.));
#16363=DIRECTION('center_axis',(-1.,-4.078893220341E-32,-1.836970198721E-16));
#16364=DIRECTION('ref_axis',(-1.836970198721E-16,2.22044604925E-16,1.));
#16365=DIRECTION('center_axis',(-1.,-4.078893220341E-32,-1.836970198721E-16));
#16366=DIRECTION('ref_axis',(-1.836970198721E-16,2.22044604925E-16,1.));
#16367=DIRECTION('center_axis',(0.,-1.,2.22044604925E-16));
#16368=DIRECTION('ref_axis',(1.,0.,0.));
#16369=DIRECTION('center_axis',(1.,0.,0.));
#16370=DIRECTION('ref_axis',(0.,-2.22044604925E-16,-1.));
#16371=DIRECTION('center_axis',(1.,0.,0.));
#16372=DIRECTION('ref_axis',(0.,-2.22044604925E-16,-1.));
#16373=DIRECTION('',(-1.,0.,0.));
#16374=DIRECTION('center_axis',(1.,0.,0.));
#16375=DIRECTION('ref_axis',(0.,9.70417162265E-16,1.));
#16376=DIRECTION('center_axis',(1.,0.,0.));
#16377=DIRECTION('ref_axis',(0.,9.70417162265E-16,1.));
#16378=DIRECTION('center_axis',(1.,0.,0.));
#16379=DIRECTION('ref_axis',(0.,9.70417162265E-16,1.));
#16380=DIRECTION('center_axis',(1.,0.,0.));
#16381=DIRECTION('ref_axis',(0.,9.70417162265E-16,1.));
#16382=DIRECTION('',(-1.,0.,0.));
#16383=DIRECTION('center_axis',(1.,0.,0.));
#16384=DIRECTION('ref_axis',(0.,9.726879335149E-16,1.));
#16385=DIRECTION('center_axis',(1.,0.,0.));
#16386=DIRECTION('ref_axis',(0.,9.681797847099E-16,1.));
#16387=DIRECTION('center_axis',(1.,0.,0.));
#16388=DIRECTION('ref_axis',(0.,9.681797847099E-16,1.));
#16389=DIRECTION('center_axis',(1.,0.,0.));
#16390=DIRECTION('ref_axis',(0.,9.681797847099E-16,1.));
#16391=DIRECTION('',(-1.,0.,0.));
#16392=DIRECTION('center_axis',(1.,0.,0.));
#16393=DIRECTION('ref_axis',(0.,9.681797847099E-16,1.));
#16394=DIRECTION('center_axis',(1.,0.,0.));
#16395=DIRECTION('ref_axis',(0.,9.70417162265E-16,1.));
#16396=DIRECTION('center_axis',(1.,0.,0.));
#16397=DIRECTION('ref_axis',(0.,9.70417162265E-16,1.));
#16398=DIRECTION('center_axis',(1.,0.,0.));
#16399=DIRECTION('ref_axis',(0.,9.70417162265E-16,1.));
#16400=DIRECTION('',(-1.,0.,0.));
#16401=DIRECTION('center_axis',(1.,0.,0.));
#16402=DIRECTION('ref_axis',(0.,9.70417162265E-16,1.));
#16403=DIRECTION('center_axis',(1.,0.,0.));
#16404=DIRECTION('ref_axis',(0.,-2.22044604925E-16,-1.));
#16405=DIRECTION('center_axis',(1.,0.,0.));
#16406=DIRECTION('ref_axis',(0.,-2.22044604925E-16,-1.));
#16407=DIRECTION('center_axis',(1.,0.,0.));
#16408=DIRECTION('ref_axis',(0.,-2.22044604925E-16,-1.));
#16409=DIRECTION('center_axis',(1.,0.,0.));
#16410=DIRECTION('ref_axis',(0.,-2.22044604925E-16,-1.));
#16411=DIRECTION('',(-1.,0.,0.));
#16412=DIRECTION('center_axis',(0.,1.,-2.22044604925E-16));
#16413=DIRECTION('ref_axis',(1.,0.,0.));
#16414=DIRECTION('center_axis',(-2.449293598295E-16,2.22044604925E-16,1.));
#16415=DIRECTION('ref_axis',(1.,5.438524293788E-32,2.449293598295E-16));
#16416=DIRECTION('center_axis',(-2.449293598295E-16,2.22044604925E-16,1.));
#16417=DIRECTION('ref_axis',(1.,5.438524293788E-32,2.449293598295E-16));
#16418=DIRECTION('center_axis',(0.,-1.,2.22044604925E-16));
#16419=DIRECTION('ref_axis',(1.,0.,0.));
#16420=DIRECTION('center_axis',(0.,-2.22044604925E-16,-1.));
#16421=DIRECTION('ref_axis',(-1.,0.,0.));
#16422=DIRECTION('center_axis',(0.,-2.22044604925E-16,-1.));
#16423=DIRECTION('ref_axis',(-1.,0.,0.));
#16424=DIRECTION('',(0.,2.22044604925E-16,1.));
#16425=DIRECTION('center_axis',(0.,0.,1.));
#16426=DIRECTION('ref_axis',(1.,0.,0.));
#16427=DIRECTION('center_axis',(0.707106781186548,0.707106781186547,0.));
#16428=DIRECTION('ref_axis',(0.707106781186547,-0.707106781186548,0.));
#16429=DIRECTION('',(0.,0.,1.));
#16430=DIRECTION('',(0.707106781186547,-0.707106781186548,0.));
#16431=DIRECTION('',(0.,0.,1.));
#16432=DIRECTION('',(0.707106781186547,-0.707106781186548,0.));
#16433=DIRECTION('center_axis',(1.,-2.147814636424E-16,0.));
#16434=DIRECTION('ref_axis',(-2.147814636424E-16,-1.,0.));
#16435=DIRECTION('',(0.,0.,1.));
#16436=DIRECTION('',(-2.147814636424E-16,-1.,0.));
#16437=DIRECTION('',(-2.147814636424E-16,-1.,0.));
#16438=DIRECTION('center_axis',(1.110223024625E-16,1.,0.));
#16439=DIRECTION('ref_axis',(1.,-1.110223024625E-16,0.));
#16440=DIRECTION('',(1.,-1.110223024625E-16,0.));
#16441=DIRECTION('',(0.,0.,1.));
#16442=DIRECTION('',(1.,-1.110223024625E-16,0.));
#16443=DIRECTION('center_axis',(0.,0.,1.));
#16444=DIRECTION('ref_axis',(1.110223024625E-16,1.,0.));
#16445=DIRECTION('',(-0.707106781186548,-0.707106781186547,0.));
#16446=DIRECTION('',(-1.,1.110223024625E-16,0.));
#16447=DIRECTION('',(-0.707106781186547,0.707106781186548,0.));
#16448=DIRECTION('',(-0.707106781186548,-0.707106781186547,0.));
#16449=DIRECTION('',(-1.,1.110223024625E-16,0.));
#16450=DIRECTION('',(-0.707106781186547,0.707106781186548,0.));
#16451=DIRECTION('',(-0.707106781186548,-0.707106781186547,0.));
#16452=DIRECTION('',(-1.,1.110223024625E-16,0.));
#16453=DIRECTION('',(-0.707106781186547,0.707106781186548,0.));
#16454=DIRECTION('',(1.110223024625E-16,1.,0.));
#16455=DIRECTION('',(0.707106781186548,0.707106781186547,0.));
#16456=DIRECTION('',(1.,-1.110223024625E-16,0.));
#16457=DIRECTION('',(0.707106781186547,-0.707106781186548,0.));
#16458=DIRECTION('',(0.707106781186548,0.707106781186547,0.));
#16459=DIRECTION('',(1.,-1.110223024625E-16,0.));
#16460=DIRECTION('',(0.707106781186547,-0.707106781186548,0.));
#16461=DIRECTION('',(0.707106781186548,0.707106781186547,0.));
#16462=DIRECTION('',(-1.,1.110223024625E-16,0.));
#16463=DIRECTION('',(-1.110223024625E-16,-1.,0.));
#16464=DIRECTION('',(-1.,1.110223024625E-16,0.));
#16465=DIRECTION('',(-1.110223024625E-16,-1.,0.));
#16466=DIRECTION('',(-1.110223024625E-16,-1.,0.));
#16467=DIRECTION('',(-1.,1.110223024625E-16,0.));
#16468=DIRECTION('',(-1.110223024625E-16,-1.,0.));
#16469=DIRECTION('',(-1.,1.110223024625E-16,0.));
#16470=DIRECTION('',(-1.110223024625E-16,-1.,0.));
#16471=DIRECTION('',(-1.,1.110223024625E-16,0.));
#16472=DIRECTION('',(-1.110223024625E-16,-1.,0.));
#16473=DIRECTION('',(-1.,1.110223024625E-16,0.));
#16474=DIRECTION('center_axis',(0.,0.,1.));
#16475=DIRECTION('ref_axis',(1.110223024625E-16,1.,0.));
#16476=DIRECTION('',(0.707106781186548,0.707106781186547,0.));
#16477=DIRECTION('',(0.707106781186547,-0.707106781186548,0.));
#16478=DIRECTION('',(1.,-1.110223024625E-16,0.));
#16479=DIRECTION('',(0.707106781186548,0.707106781186547,0.));
#16480=DIRECTION('',(0.707106781186547,-0.707106781186548,0.));
#16481=DIRECTION('',(1.,-1.110223024625E-16,0.));
#16482=DIRECTION('',(0.707106781186548,0.707106781186547,0.));
#16483=DIRECTION('',(1.110223024625E-16,1.,0.));
#16484=DIRECTION('',(-0.707106781186547,0.707106781186548,0.));
#16485=DIRECTION('',(-1.,1.110223024625E-16,0.));
#16486=DIRECTION('',(-0.707106781186548,-0.707106781186547,0.));
#16487=DIRECTION('',(-0.707106781186547,0.707106781186548,0.));
#16488=DIRECTION('',(-1.,1.110223024625E-16,0.));
#16489=DIRECTION('',(-0.707106781186548,-0.707106781186547,0.));
#16490=DIRECTION('',(-0.707106781186547,0.707106781186548,0.));
#16491=DIRECTION('',(-1.,1.110223024625E-16,0.));
#16492=DIRECTION('',(-0.707106781186548,-0.707106781186547,0.));
#16493=DIRECTION('',(-1.,1.110223024625E-16,0.));
#16494=DIRECTION('',(-1.110223024625E-16,-1.,0.));
#16495=DIRECTION('',(-1.,1.110223024625E-16,0.));
#16496=DIRECTION('',(-1.110223024625E-16,-1.,0.));
#16497=DIRECTION('',(-1.110223024625E-16,-1.,0.));
#16498=DIRECTION('',(-1.,1.110223024625E-16,0.));
#16499=DIRECTION('',(-1.110223024625E-16,-1.,0.));
#16500=DIRECTION('',(-1.,1.110223024625E-16,0.));
#16501=DIRECTION('',(-1.110223024625E-16,-1.,0.));
#16502=DIRECTION('',(-1.,1.110223024625E-16,0.));
#16503=DIRECTION('',(-1.110223024625E-16,-1.,0.));
#16504=DIRECTION('',(-1.,1.110223024625E-16,0.));
#16505=DIRECTION('center_axis',(0.707106781186547,-0.707106781186548,0.));
#16506=DIRECTION('ref_axis',(-0.707106781186548,-0.707106781186547,0.));
#16507=DIRECTION('',(0.,0.,1.));
#16508=DIRECTION('center_axis',(-0.707106781186547,0.707106781186548,0.));
#16509=DIRECTION('ref_axis',(0.707106781186548,0.707106781186547,0.));
#16510=DIRECTION('',(0.,0.,1.));
#16511=DIRECTION('center_axis',(-1.110223024625E-16,-1.,0.));
#16512=DIRECTION('ref_axis',(-1.,1.110223024625E-16,0.));
#16513=DIRECTION('',(0.,0.,1.));
#16514=DIRECTION('center_axis',(0.707106781186548,0.707106781186547,0.));
#16515=DIRECTION('ref_axis',(0.707106781186547,-0.707106781186548,0.));
#16516=DIRECTION('',(0.,0.,1.));
#16517=DIRECTION('center_axis',(-0.707106781186548,-0.707106781186547,0.));
#16518=DIRECTION('ref_axis',(-0.707106781186547,0.707106781186548,0.));
#16519=DIRECTION('',(0.,0.,1.));
#16520=DIRECTION('center_axis',(1.110223024625E-16,1.,0.));
#16521=DIRECTION('ref_axis',(1.,-1.110223024625E-16,0.));
#16522=DIRECTION('',(0.,0.,1.));
#16523=DIRECTION('center_axis',(0.707106781186547,-0.707106781186548,0.));
#16524=DIRECTION('ref_axis',(-0.707106781186548,-0.707106781186547,0.));
#16525=DIRECTION('',(0.,0.,1.));
#16526=DIRECTION('center_axis',(-0.707106781186547,0.707106781186548,0.));
#16527=DIRECTION('ref_axis',(0.707106781186548,0.707106781186547,0.));
#16528=DIRECTION('',(0.,0.,1.));
#16529=DIRECTION('center_axis',(-1.110223024625E-16,-1.,0.));
#16530=DIRECTION('ref_axis',(-1.,1.110223024625E-16,0.));
#16531=DIRECTION('',(0.,0.,1.));
#16532=DIRECTION('center_axis',(0.707106781186548,0.707106781186547,0.));
#16533=DIRECTION('ref_axis',(0.707106781186547,-0.707106781186548,0.));
#16534=DIRECTION('',(0.,0.,1.));
#16535=DIRECTION('center_axis',(-0.707106781186548,-0.707106781186547,0.));
#16536=DIRECTION('ref_axis',(-0.707106781186547,0.707106781186548,0.));
#16537=DIRECTION('',(0.,0.,1.));
#16538=DIRECTION('center_axis',(1.110223024625E-16,1.,0.));
#16539=DIRECTION('ref_axis',(1.,-1.110223024625E-16,0.));
#16540=DIRECTION('',(0.,0.,1.));
#16541=DIRECTION('center_axis',(0.707106781186547,-0.707106781186548,0.));
#16542=DIRECTION('ref_axis',(-0.707106781186548,-0.707106781186547,0.));
#16543=DIRECTION('',(0.,0.,1.));
#16544=DIRECTION('center_axis',(-0.707106781186547,0.707106781186548,0.));
#16545=DIRECTION('ref_axis',(0.707106781186548,0.707106781186547,0.));
#16546=DIRECTION('',(0.,0.,1.));
#16547=DIRECTION('center_axis',(-1.110223024625E-16,-1.,0.));
#16548=DIRECTION('ref_axis',(-1.,1.110223024625E-16,0.));
#16549=DIRECTION('',(0.,0.,1.));
#16550=DIRECTION('center_axis',(-1.,1.110223024625E-16,0.));
#16551=DIRECTION('ref_axis',(1.110223024625E-16,1.,0.));
#16552=DIRECTION('',(0.,0.,1.));
#16553=DIRECTION('center_axis',(-0.707106781186548,-0.707106781186547,0.));
#16554=DIRECTION('ref_axis',(-0.707106781186547,0.707106781186548,0.));
#16555=DIRECTION('center_axis',(1.110223024625E-16,1.,0.));
#16556=DIRECTION('ref_axis',(0.,0.,1.));
#16557=DIRECTION('',(0.,0.,1.));
#16558=DIRECTION('',(-1.,1.110223024625E-16,0.));
#16559=DIRECTION('',(0.,0.,1.));
#16560=DIRECTION('center_axis',(-1.,1.110223024625E-16,0.));
#16561=DIRECTION('ref_axis',(0.,0.,1.));
#16562=DIRECTION('',(1.110223024625E-16,1.,0.));
#16563=DIRECTION('',(0.,0.,1.));
#16564=DIRECTION('center_axis',(1.110223024625E-16,1.,0.));
#16565=DIRECTION('ref_axis',(0.,0.,1.));
#16566=DIRECTION('',(0.,0.,1.));
#16567=DIRECTION('',(-1.,1.110223024625E-16,0.));
#16568=DIRECTION('center_axis',(-1.,1.110223024625E-16,0.));
#16569=DIRECTION('ref_axis',(0.,0.,1.));
#16570=DIRECTION('',(1.110223024625E-16,1.,0.));
#16571=DIRECTION('center_axis',(-1.,1.110223024625E-16,0.));
#16572=DIRECTION('ref_axis',(0.,0.,1.));
#16573=DIRECTION('',(0.,0.,1.));
#16574=DIRECTION('',(0.,0.,1.));
#16575=DIRECTION('',(1.110223024625E-16,1.,0.));
#16576=DIRECTION('center_axis',(1.110223024625E-16,1.,0.));
#16577=DIRECTION('ref_axis',(0.,0.,1.));
#16578=DIRECTION('',(-1.,1.110223024625E-16,0.));
#16579=DIRECTION('',(0.,0.,1.));
#16580=DIRECTION('center_axis',(-1.,1.110223024625E-16,0.));
#16581=DIRECTION('ref_axis',(0.,0.,1.));
#16582=DIRECTION('',(1.110223024625E-16,1.,0.));
#16583=DIRECTION('',(0.,0.,1.));
#16584=DIRECTION('center_axis',(1.110223024625E-16,1.,0.));
#16585=DIRECTION('ref_axis',(0.,0.,1.));
#16586=DIRECTION('',(-1.,1.110223024625E-16,0.));
#16587=DIRECTION('center_axis',(-1.,1.110223024625E-16,0.));
#16588=DIRECTION('ref_axis',(0.,0.,1.));
#16589=DIRECTION('',(0.,0.,1.));
#16590=DIRECTION('',(1.110223024625E-16,1.,0.));
#16591=DIRECTION('',(0.,0.,1.));
#16592=DIRECTION('center_axis',(1.110223024625E-16,1.,0.));
#16593=DIRECTION('ref_axis',(0.,0.,1.));
#16594=DIRECTION('',(0.,0.,1.));
#16595=DIRECTION('',(-1.,1.110223024625E-16,0.));
#16596=DIRECTION('center_axis',(-1.,1.110223024625E-16,0.));
#16597=DIRECTION('ref_axis',(0.,0.,1.));
#16598=DIRECTION('',(0.,0.,1.));
#16599=DIRECTION('',(1.110223024625E-16,1.,0.));
#16600=DIRECTION('center_axis',(1.110223024625E-16,1.,0.));
#16601=DIRECTION('ref_axis',(0.,0.,1.));
#16602=DIRECTION('',(-1.,1.110223024625E-16,0.));
#16603=DIRECTION('center_axis',(1.110223024625E-16,1.,0.));
#16604=DIRECTION('ref_axis',(0.,0.,1.));
#16605=DIRECTION('',(0.,0.,1.));
#16606=DIRECTION('',(0.,0.,1.));
#16607=DIRECTION('',(-1.,1.110223024625E-16,0.));
#16608=DIRECTION('center_axis',(-1.,1.110223024625E-16,0.));
#16609=DIRECTION('ref_axis',(0.,0.,1.));
#16610=DIRECTION('',(0.,0.,1.));
#16611=DIRECTION('',(1.110223024625E-16,1.,0.));
#16612=DIRECTION('center_axis',(1.110223024625E-16,1.,0.));
#16613=DIRECTION('ref_axis',(0.,0.,1.));
#16614=DIRECTION('',(0.,0.,1.));
#16615=DIRECTION('',(-1.,1.110223024625E-16,0.));
#16616=DIRECTION('center_axis',(-1.,1.110223024625E-16,0.));
#16617=DIRECTION('ref_axis',(0.,0.,1.));
#16618=DIRECTION('',(1.110223024625E-16,1.,0.));
#16619=DIRECTION('center_axis',(-1.,1.110223024625E-16,0.));
#16620=DIRECTION('ref_axis',(0.,0.,1.));
#16621=DIRECTION('',(0.,0.,1.));
#16622=DIRECTION('',(1.110223024625E-16,1.,0.));
#16623=DIRECTION('',(0.,0.,1.));
#16624=DIRECTION('center_axis',(1.110223024625E-16,1.,0.));
#16625=DIRECTION('ref_axis',(0.,0.,1.));
#16626=DIRECTION('',(0.,0.,1.));
#16627=DIRECTION('',(-1.,1.110223024625E-16,0.));
#16628=DIRECTION('center_axis',(-1.,1.110223024625E-16,0.));
#16629=DIRECTION('ref_axis',(0.,0.,1.));
#16630=DIRECTION('',(0.,0.,1.));
#16631=DIRECTION('',(1.110223024625E-16,1.,0.));
#16632=DIRECTION('center_axis',(1.110223024625E-16,1.,0.));
#16633=DIRECTION('ref_axis',(0.,0.,1.));
#16634=DIRECTION('',(-1.,1.110223024625E-16,0.));
#16635=DIRECTION('center_axis',(-1.,1.110223024625E-16,0.));
#16636=DIRECTION('ref_axis',(0.,0.,1.));
#16637=DIRECTION('',(0.,0.,1.));
#16638=DIRECTION('',(0.,0.,1.));
#16639=DIRECTION('',(1.110223024625E-16,1.,0.));
#16640=DIRECTION('center_axis',(1.110223024625E-16,1.,0.));
#16641=DIRECTION('ref_axis',(0.,0.,1.));
#16642=DIRECTION('',(0.,0.,1.));
#16643=DIRECTION('',(-1.,1.110223024625E-16,0.));
#16644=DIRECTION('center_axis',(-1.,1.110223024625E-16,0.));
#16645=DIRECTION('ref_axis',(0.,0.,1.));
#16646=DIRECTION('',(0.,0.,1.));
#16647=DIRECTION('',(1.110223024625E-16,1.,0.));
#16648=DIRECTION('center_axis',(1.110223024625E-16,1.,0.));
#16649=DIRECTION('ref_axis',(0.,0.,1.));
#16650=DIRECTION('',(-1.,1.110223024625E-16,0.));
#16651=DIRECTION('center_axis',(-7.85046229341777E-17,-0.707106781186548,
0.707106781186548));
#16652=DIRECTION('ref_axis',(-1.,1.110223024625E-16,0.));
#16653=DIRECTION('',(-0.577350269189626,-0.577350269189626,-0.577350269189626));
#16654=DIRECTION('',(-1.,1.110223024625E-16,0.));
#16655=DIRECTION('',(0.577350269189626,-0.577350269189626,-0.577350269189626));
#16656=DIRECTION('center_axis',(0.707106781186548,-7.85046229341777E-17,
0.707106781186548));
#16657=DIRECTION('ref_axis',(-1.110223024625E-16,-1.,0.));
#16658=DIRECTION('',(0.577350269189626,0.577350269189626,-0.577350269189626));
#16659=DIRECTION('',(1.110223024625E-16,1.,0.));
#16660=DIRECTION('center_axis',(-7.85046229341777E-17,-0.707106781186548,
-0.707106781186548));
#16661=DIRECTION('ref_axis',(-1.,1.110223024625E-16,0.));
#16662=DIRECTION('',(-0.577350269189626,0.577350269189626,-0.577350269189626));
#16663=DIRECTION('',(-1.,1.110223024625E-16,0.));
#16664=DIRECTION('center_axis',(0.707106781186548,-7.85046229341777E-17,
-0.707106781186548));
#16665=DIRECTION('ref_axis',(-1.110223024625E-16,-1.,0.));
#16666=DIRECTION('',(1.110223024625E-16,1.,0.));
#16667=DIRECTION('center_axis',(0.707106781186548,-7.85046229341777E-17,
-0.707106781186548));
#16668=DIRECTION('ref_axis',(-1.110223024625E-16,-1.,0.));
#16669=DIRECTION('',(-0.577350269189626,0.577350269189626,-0.577350269189626));
#16670=DIRECTION('',(1.110223024625E-16,1.,0.));
#16671=DIRECTION('',(-0.577350269189626,-0.577350269189626,-0.577350269189626));
#16672=DIRECTION('center_axis',(-7.85046229341777E-17,-0.707106781186548,
0.707106781186548));
#16673=DIRECTION('ref_axis',(-1.,1.110223024625E-16,0.));
#16674=DIRECTION('',(-1.,1.110223024625E-16,0.));
#16675=DIRECTION('',(0.577350269189626,-0.577350269189626,-0.577350269189626));
#16676=DIRECTION('center_axis',(0.707106781186548,-7.85046229341777E-17,
0.707106781186548));
#16677=DIRECTION('ref_axis',(-1.110223024625E-16,-1.,0.));
#16678=DIRECTION('',(0.577350269189626,0.577350269189626,-0.577350269189626));
#16679=DIRECTION('',(1.110223024625E-16,1.,0.));
#16680=DIRECTION('center_axis',(-7.85046229341777E-17,-0.707106781186548,
-0.707106781186548));
#16681=DIRECTION('ref_axis',(-1.,1.110223024625E-16,0.));
#16682=DIRECTION('',(-1.,1.110223024625E-16,0.));
#16683=DIRECTION('center_axis',(0.707106781186548,-7.85046229341777E-17,
0.707106781186548));
#16684=DIRECTION('ref_axis',(-1.110223024625E-16,-1.,0.));
#16685=DIRECTION('',(0.577350269189626,0.577350269189626,-0.577350269189626));
#16686=DIRECTION('',(0.577350269189626,-0.577350269189626,-0.577350269189626));
#16687=DIRECTION('',(1.110223024625E-16,1.,0.));
#16688=DIRECTION('center_axis',(-7.85046229341777E-17,-0.707106781186548,
-0.707106781186548));
#16689=DIRECTION('ref_axis',(-1.,1.110223024625E-16,0.));
#16690=DIRECTION('',(-0.577350269189626,0.577350269189626,-0.577350269189626));
#16691=DIRECTION('',(-1.,1.110223024625E-16,0.));
#16692=DIRECTION('center_axis',(0.707106781186548,-7.85046229341777E-17,
-0.707106781186548));
#16693=DIRECTION('ref_axis',(-1.110223024625E-16,-1.,0.));
#16694=DIRECTION('',(1.110223024625E-16,1.,0.));
#16695=DIRECTION('',(-0.577350269189626,-0.577350269189626,-0.577350269189626));
#16696=DIRECTION('center_axis',(-7.85046229341777E-17,-0.707106781186548,
0.707106781186548));
#16697=DIRECTION('ref_axis',(-1.,1.110223024625E-16,0.));
#16698=DIRECTION('',(-1.,1.110223024625E-16,0.));
#16699=DIRECTION('center_axis',(7.85046229341777E-17,0.707106781186548,
0.707106781186548));
#16700=DIRECTION('ref_axis',(-1.,1.110223024625E-16,0.));
#16701=DIRECTION('',(-0.577350269189626,-0.577350269189626,0.577350269189626));
#16702=DIRECTION('',(0.577350269189626,-0.577350269189626,0.577350269189626));
#16703=DIRECTION('',(-1.,1.110223024625E-16,0.));
#16704=DIRECTION('center_axis',(-0.707106781186548,7.85046229341777E-17,
0.707106781186548));
#16705=DIRECTION('ref_axis',(-1.110223024625E-16,-1.,0.));
#16706=DIRECTION('',(0.577350269189626,0.577350269189626,0.577350269189626));
#16707=DIRECTION('',(1.110223024625E-16,1.,0.));
#16708=DIRECTION('center_axis',(7.85046229341777E-17,0.707106781186548,
-0.707106781186548));
#16709=DIRECTION('ref_axis',(-1.,1.110223024625E-16,0.));
#16710=DIRECTION('',(-0.577350269189626,0.577350269189626,0.577350269189626));
#16711=DIRECTION('',(-1.,1.110223024625E-16,0.));
#16712=DIRECTION('center_axis',(-0.707106781186548,7.85046229341777E-17,
-0.707106781186548));
#16713=DIRECTION('ref_axis',(-1.110223024625E-16,-1.,0.));
#16714=DIRECTION('',(1.110223024625E-16,1.,0.));
#16715=DIRECTION('center_axis',(-0.707106781186548,7.85046229341777E-17,
-0.707106781186548));
#16716=DIRECTION('ref_axis',(-1.110223024625E-16,-1.,0.));
#16717=DIRECTION('',(-0.577350269189626,0.577350269189626,0.577350269189626));
#16718=DIRECTION('',(-0.577350269189626,-0.577350269189626,0.577350269189626));
#16719=DIRECTION('',(1.110223024625E-16,1.,0.));
#16720=DIRECTION('center_axis',(7.85046229341777E-17,0.707106781186548,
0.707106781186548));
#16721=DIRECTION('ref_axis',(-1.,1.110223024625E-16,0.));
#16722=DIRECTION('',(0.577350269189626,-0.577350269189626,0.577350269189626));
#16723=DIRECTION('',(-1.,1.110223024625E-16,0.));
#16724=DIRECTION('center_axis',(-0.707106781186548,7.85046229341777E-17,
0.707106781186548));
#16725=DIRECTION('ref_axis',(-1.110223024625E-16,-1.,0.));
#16726=DIRECTION('',(0.577350269189626,0.577350269189626,0.577350269189626));
#16727=DIRECTION('',(1.110223024625E-16,1.,0.));
#16728=DIRECTION('center_axis',(7.85046229341777E-17,0.707106781186548,
-0.707106781186548));
#16729=DIRECTION('ref_axis',(-1.,1.110223024625E-16,0.));
#16730=DIRECTION('',(-1.,1.110223024625E-16,0.));
#16731=DIRECTION('center_axis',(-0.707106781186548,7.85046229341777E-17,
0.707106781186548));
#16732=DIRECTION('ref_axis',(-1.110223024625E-16,-1.,0.));
#16733=DIRECTION('',(0.577350269189626,0.577350269189626,0.577350269189626));
#16734=DIRECTION('',(1.110223024625E-16,1.,0.));
#16735=DIRECTION('',(0.577350269189626,-0.577350269189626,0.577350269189626));
#16736=DIRECTION('center_axis',(7.85046229341777E-17,0.707106781186548,
-0.707106781186548));
#16737=DIRECTION('ref_axis',(-1.,1.110223024625E-16,0.));
#16738=DIRECTION('',(-0.577350269189626,0.577350269189626,0.577350269189626));
#16739=DIRECTION('',(-1.,1.110223024625E-16,0.));
#16740=DIRECTION('center_axis',(-0.707106781186548,7.85046229341777E-17,
-0.707106781186548));
#16741=DIRECTION('ref_axis',(-1.110223024625E-16,-1.,0.));
#16742=DIRECTION('',(-0.577350269189626,-0.577350269189626,0.577350269189626));
#16743=DIRECTION('',(1.110223024625E-16,1.,0.));
#16744=DIRECTION('center_axis',(7.85046229341777E-17,0.707106781186548,
0.707106781186548));
#16745=DIRECTION('ref_axis',(-1.,1.110223024625E-16,0.));
#16746=DIRECTION('',(-1.,1.110223024625E-16,0.));
#16747=DIRECTION('center_axis',(0.,0.,1.));
#16748=DIRECTION('ref_axis',(1.110223024625E-16,1.,0.));
#16749=DIRECTION('center_axis',(0.,0.,1.));
#16750=DIRECTION('ref_axis',(1.110223024625E-16,1.,0.));
#16751=DIRECTION('center_axis',(0.,0.,1.));
#16752=DIRECTION('ref_axis',(1.110223024625E-16,1.,0.));
#16753=DIRECTION('center_axis',(0.,0.,1.));
#16754=DIRECTION('ref_axis',(1.110223024625E-16,1.,0.));
#16755=DIRECTION('center_axis',(0.,0.,1.));
#16756=DIRECTION('ref_axis',(1.110223024625E-16,1.,0.));
#16757=DIRECTION('center_axis',(0.,0.,1.));
#16758=DIRECTION('ref_axis',(1.110223024625E-16,1.,0.));
#16759=DIRECTION('center_axis',(0.,2.22044604925E-16,1.));
#16760=DIRECTION('ref_axis',(1.,0.,0.));
#16761=DIRECTION('center_axis',(0.,2.22044604925E-16,1.));
#16762=DIRECTION('ref_axis',(1.,0.,0.));
#16763=DIRECTION('center_axis',(0.,2.22044604925E-16,1.));
#16764=DIRECTION('ref_axis',(1.,0.,0.));
#16765=DIRECTION('',(0.,-2.22044604925E-16,-1.));
#16766=DIRECTION('center_axis',(0.,2.22044604925E-16,1.));
#16767=DIRECTION('ref_axis',(1.,0.,0.));
#16768=DIRECTION('center_axis',(0.,0.,-1.));
#16769=DIRECTION('ref_axis',(-1.,0.,0.));
#16770=DIRECTION('center_axis',(0.,1.,-2.22044604925E-16));
#16771=DIRECTION('ref_axis',(1.,0.,0.));
#16772=DIRECTION('center_axis',(-1.,-4.078893220341E-32,-1.836970198721E-16));
#16773=DIRECTION('ref_axis',(-1.836970198721E-16,2.22044604925E-16,1.));
#16774=DIRECTION('center_axis',(-1.,-4.078893220341E-32,-1.836970198721E-16));
#16775=DIRECTION('ref_axis',(-1.836970198721E-16,2.22044604925E-16,1.));
#16776=DIRECTION('center_axis',(0.,-1.,2.22044604925E-16));
#16777=DIRECTION('ref_axis',(1.,0.,0.));
#16778=DIRECTION('center_axis',(1.,0.,0.));
#16779=DIRECTION('ref_axis',(0.,-2.22044604925E-16,-1.));
#16780=DIRECTION('center_axis',(1.,0.,0.));
#16781=DIRECTION('ref_axis',(0.,-2.22044604925E-16,-1.));
#16782=DIRECTION('',(-1.,0.,0.));
#16783=DIRECTION('center_axis',(1.,0.,0.));
#16784=DIRECTION('ref_axis',(0.,9.70417162265E-16,1.));
#16785=DIRECTION('center_axis',(1.,0.,0.));
#16786=DIRECTION('ref_axis',(0.,9.70417162265E-16,1.));
#16787=DIRECTION('center_axis',(1.,0.,0.));
#16788=DIRECTION('ref_axis',(0.,9.70417162265E-16,1.));
#16789=DIRECTION('center_axis',(1.,0.,0.));
#16790=DIRECTION('ref_axis',(0.,9.70417162265E-16,1.));
#16791=DIRECTION('',(-1.,0.,0.));
#16792=DIRECTION('center_axis',(1.,0.,0.));
#16793=DIRECTION('ref_axis',(0.,9.726879335149E-16,1.));
#16794=DIRECTION('center_axis',(1.,0.,0.));
#16795=DIRECTION('ref_axis',(0.,9.681797847099E-16,1.));
#16796=DIRECTION('center_axis',(1.,0.,0.));
#16797=DIRECTION('ref_axis',(0.,9.681797847099E-16,1.));
#16798=DIRECTION('center_axis',(1.,0.,0.));
#16799=DIRECTION('ref_axis',(0.,9.681797847099E-16,1.));
#16800=DIRECTION('',(-1.,0.,0.));
#16801=DIRECTION('center_axis',(1.,0.,0.));
#16802=DIRECTION('ref_axis',(0.,9.681797847099E-16,1.));
#16803=DIRECTION('center_axis',(1.,0.,0.));
#16804=DIRECTION('ref_axis',(0.,9.70417162265E-16,1.));
#16805=DIRECTION('center_axis',(1.,0.,0.));
#16806=DIRECTION('ref_axis',(0.,9.70417162265E-16,1.));
#16807=DIRECTION('center_axis',(1.,0.,0.));
#16808=DIRECTION('ref_axis',(0.,9.70417162265E-16,1.));
#16809=DIRECTION('',(-1.,0.,0.));
#16810=DIRECTION('center_axis',(1.,0.,0.));
#16811=DIRECTION('ref_axis',(0.,9.70417162265E-16,1.));
#16812=DIRECTION('center_axis',(1.,0.,0.));
#16813=DIRECTION('ref_axis',(0.,-2.22044604925E-16,-1.));
#16814=DIRECTION('center_axis',(1.,0.,0.));
#16815=DIRECTION('ref_axis',(0.,-2.22044604925E-16,-1.));
#16816=DIRECTION('center_axis',(1.,0.,0.));
#16817=DIRECTION('ref_axis',(0.,-2.22044604925E-16,-1.));
#16818=DIRECTION('center_axis',(1.,0.,0.));
#16819=DIRECTION('ref_axis',(0.,-2.22044604925E-16,-1.));
#16820=DIRECTION('',(-1.,0.,0.));
#16821=DIRECTION('center_axis',(0.,1.,-2.22044604925E-16));
#16822=DIRECTION('ref_axis',(1.,0.,0.));
#16823=DIRECTION('center_axis',(-2.449293598295E-16,2.22044604925E-16,1.));
#16824=DIRECTION('ref_axis',(1.,5.438524293788E-32,2.449293598295E-16));
#16825=DIRECTION('center_axis',(-2.449293598295E-16,2.22044604925E-16,1.));
#16826=DIRECTION('ref_axis',(1.,5.438524293788E-32,2.449293598295E-16));
#16827=DIRECTION('center_axis',(0.,-1.,2.22044604925E-16));
#16828=DIRECTION('ref_axis',(1.,0.,0.));
#16829=DIRECTION('center_axis',(0.,-2.22044604925E-16,-1.));
#16830=DIRECTION('ref_axis',(-1.,0.,0.));
#16831=DIRECTION('center_axis',(0.,-2.22044604925E-16,-1.));
#16832=DIRECTION('ref_axis',(-1.,0.,0.));
#16833=DIRECTION('',(0.,2.22044604925E-16,1.));
#16834=DIRECTION('center_axis',(0.,0.,1.));
#16835=DIRECTION('ref_axis',(1.,0.,0.));
#16836=DIRECTION('center_axis',(0.,2.22044604925E-16,1.));
#16837=DIRECTION('ref_axis',(1.,0.,0.));
#16838=DIRECTION('center_axis',(0.,2.22044604925E-16,1.));
#16839=DIRECTION('ref_axis',(1.,0.,0.));
#16840=DIRECTION('center_axis',(0.,2.22044604925E-16,1.));
#16841=DIRECTION('ref_axis',(1.,0.,0.));
#16842=DIRECTION('',(0.,-2.22044604925E-16,-1.));
#16843=DIRECTION('center_axis',(0.,2.22044604925E-16,1.));
#16844=DIRECTION('ref_axis',(1.,0.,0.));
#16845=DIRECTION('center_axis',(0.,0.,-1.));
#16846=DIRECTION('ref_axis',(-1.,0.,0.));
#16847=DIRECTION('center_axis',(0.,1.,-2.22044604925E-16));
#16848=DIRECTION('ref_axis',(1.,0.,0.));
#16849=DIRECTION('center_axis',(-1.,-4.078893220341E-32,-1.836970198721E-16));
#16850=DIRECTION('ref_axis',(-1.836970198721E-16,2.22044604925E-16,1.));
#16851=DIRECTION('center_axis',(-1.,-4.078893220341E-32,-1.836970198721E-16));
#16852=DIRECTION('ref_axis',(-1.836970198721E-16,2.22044604925E-16,1.));
#16853=DIRECTION('center_axis',(0.,-1.,2.22044604925E-16));
#16854=DIRECTION('ref_axis',(1.,0.,0.));
#16855=DIRECTION('center_axis',(1.,0.,0.));
#16856=DIRECTION('ref_axis',(0.,-2.22044604925E-16,-1.));
#16857=DIRECTION('center_axis',(1.,0.,0.));
#16858=DIRECTION('ref_axis',(0.,-2.22044604925E-16,-1.));
#16859=DIRECTION('',(-1.,0.,0.));
#16860=DIRECTION('center_axis',(1.,0.,0.));
#16861=DIRECTION('ref_axis',(0.,9.70417162265E-16,1.));
#16862=DIRECTION('center_axis',(1.,0.,0.));
#16863=DIRECTION('ref_axis',(0.,9.70417162265E-16,1.));
#16864=DIRECTION('center_axis',(1.,0.,0.));
#16865=DIRECTION('ref_axis',(0.,9.70417162265E-16,1.));
#16866=DIRECTION('center_axis',(1.,0.,0.));
#16867=DIRECTION('ref_axis',(0.,9.70417162265E-16,1.));
#16868=DIRECTION('',(-1.,0.,0.));
#16869=DIRECTION('center_axis',(1.,0.,0.));
#16870=DIRECTION('ref_axis',(0.,9.726879335149E-16,1.));
#16871=DIRECTION('center_axis',(1.,0.,0.));
#16872=DIRECTION('ref_axis',(0.,9.681797847099E-16,1.));
#16873=DIRECTION('center_axis',(1.,0.,0.));
#16874=DIRECTION('ref_axis',(0.,9.681797847099E-16,1.));
#16875=DIRECTION('center_axis',(1.,0.,0.));
#16876=DIRECTION('ref_axis',(0.,9.681797847099E-16,1.));
#16877=DIRECTION('',(-1.,0.,0.));
#16878=DIRECTION('center_axis',(1.,0.,0.));
#16879=DIRECTION('ref_axis',(0.,9.681797847099E-16,1.));
#16880=DIRECTION('center_axis',(1.,0.,0.));
#16881=DIRECTION('ref_axis',(0.,9.70417162265E-16,1.));
#16882=DIRECTION('center_axis',(1.,0.,0.));
#16883=DIRECTION('ref_axis',(0.,9.70417162265E-16,1.));
#16884=DIRECTION('center_axis',(1.,0.,0.));
#16885=DIRECTION('ref_axis',(0.,9.70417162265E-16,1.));
#16886=DIRECTION('',(-1.,0.,0.));
#16887=DIRECTION('center_axis',(1.,0.,0.));
#16888=DIRECTION('ref_axis',(0.,9.70417162265E-16,1.));
#16889=DIRECTION('center_axis',(1.,0.,0.));
#16890=DIRECTION('ref_axis',(0.,-2.22044604925E-16,-1.));
#16891=DIRECTION('center_axis',(1.,0.,0.));
#16892=DIRECTION('ref_axis',(0.,-2.22044604925E-16,-1.));
#16893=DIRECTION('center_axis',(1.,0.,0.));
#16894=DIRECTION('ref_axis',(0.,-2.22044604925E-16,-1.));
#16895=DIRECTION('center_axis',(1.,0.,0.));
#16896=DIRECTION('ref_axis',(0.,-2.22044604925E-16,-1.));
#16897=DIRECTION('',(-1.,0.,0.));
#16898=DIRECTION('center_axis',(0.,1.,-2.22044604925E-16));
#16899=DIRECTION('ref_axis',(1.,0.,0.));
#16900=DIRECTION('center_axis',(-2.449293598295E-16,2.22044604925E-16,1.));
#16901=DIRECTION('ref_axis',(1.,5.438524293788E-32,2.449293598295E-16));
#16902=DIRECTION('center_axis',(-2.449293598295E-16,2.22044604925E-16,1.));
#16903=DIRECTION('ref_axis',(1.,5.438524293788E-32,2.449293598295E-16));
#16904=DIRECTION('center_axis',(0.,-1.,2.22044604925E-16));
#16905=DIRECTION('ref_axis',(1.,0.,0.));
#16906=DIRECTION('center_axis',(0.,-2.22044604925E-16,-1.));
#16907=DIRECTION('ref_axis',(-1.,0.,0.));
#16908=DIRECTION('center_axis',(0.,-2.22044604925E-16,-1.));
#16909=DIRECTION('ref_axis',(-1.,0.,0.));
#16910=DIRECTION('',(0.,2.22044604925E-16,1.));
#16911=DIRECTION('center_axis',(0.,0.,1.));
#16912=DIRECTION('ref_axis',(1.,0.,0.));
#16913=DIRECTION('center_axis',(0.,2.22044604925E-16,1.));
#16914=DIRECTION('ref_axis',(1.,0.,0.));
#16915=DIRECTION('center_axis',(0.,2.22044604925E-16,1.));
#16916=DIRECTION('ref_axis',(1.,0.,0.));
#16917=DIRECTION('center_axis',(0.,2.22044604925E-16,1.));
#16918=DIRECTION('ref_axis',(1.,0.,0.));
#16919=DIRECTION('',(0.,-2.22044604925E-16,-1.));
#16920=DIRECTION('center_axis',(0.,2.22044604925E-16,1.));
#16921=DIRECTION('ref_axis',(1.,0.,0.));
#16922=DIRECTION('center_axis',(0.,0.,-1.));
#16923=DIRECTION('ref_axis',(-1.,0.,0.));
#16924=DIRECTION('center_axis',(0.,1.,-2.22044604925E-16));
#16925=DIRECTION('ref_axis',(1.,0.,0.));
#16926=DIRECTION('center_axis',(-1.,-4.078893220341E-32,-1.836970198721E-16));
#16927=DIRECTION('ref_axis',(-1.836970198721E-16,2.22044604925E-16,1.));
#16928=DIRECTION('center_axis',(-1.,-4.078893220341E-32,-1.836970198721E-16));
#16929=DIRECTION('ref_axis',(-1.836970198721E-16,2.22044604925E-16,1.));
#16930=DIRECTION('center_axis',(0.,-1.,2.22044604925E-16));
#16931=DIRECTION('ref_axis',(1.,0.,0.));
#16932=DIRECTION('center_axis',(1.,0.,0.));
#16933=DIRECTION('ref_axis',(0.,-2.22044604925E-16,-1.));
#16934=DIRECTION('center_axis',(1.,0.,0.));
#16935=DIRECTION('ref_axis',(0.,-2.22044604925E-16,-1.));
#16936=DIRECTION('',(-1.,0.,0.));
#16937=DIRECTION('center_axis',(1.,0.,0.));
#16938=DIRECTION('ref_axis',(0.,9.70417162265E-16,1.));
#16939=DIRECTION('center_axis',(1.,0.,0.));
#16940=DIRECTION('ref_axis',(0.,9.70417162265E-16,1.));
#16941=DIRECTION('center_axis',(1.,0.,0.));
#16942=DIRECTION('ref_axis',(0.,9.70417162265E-16,1.));
#16943=DIRECTION('center_axis',(1.,0.,0.));
#16944=DIRECTION('ref_axis',(0.,9.70417162265E-16,1.));
#16945=DIRECTION('',(-1.,0.,0.));
#16946=DIRECTION('center_axis',(1.,0.,0.));
#16947=DIRECTION('ref_axis',(0.,9.726879335149E-16,1.));
#16948=DIRECTION('center_axis',(1.,0.,0.));
#16949=DIRECTION('ref_axis',(0.,9.681797847099E-16,1.));
#16950=DIRECTION('center_axis',(1.,0.,0.));
#16951=DIRECTION('ref_axis',(0.,9.681797847099E-16,1.));
#16952=DIRECTION('center_axis',(1.,0.,0.));
#16953=DIRECTION('ref_axis',(0.,9.681797847099E-16,1.));
#16954=DIRECTION('',(-1.,0.,0.));
#16955=DIRECTION('center_axis',(1.,0.,0.));
#16956=DIRECTION('ref_axis',(0.,9.681797847099E-16,1.));
#16957=DIRECTION('center_axis',(1.,0.,0.));
#16958=DIRECTION('ref_axis',(0.,9.70417162265E-16,1.));
#16959=DIRECTION('center_axis',(1.,0.,0.));
#16960=DIRECTION('ref_axis',(0.,9.70417162265E-16,1.));
#16961=DIRECTION('center_axis',(1.,0.,0.));
#16962=DIRECTION('ref_axis',(0.,9.70417162265E-16,1.));
#16963=DIRECTION('',(-1.,0.,0.));
#16964=DIRECTION('center_axis',(1.,0.,0.));
#16965=DIRECTION('ref_axis',(0.,9.70417162265E-16,1.));
#16966=DIRECTION('center_axis',(1.,0.,0.));
#16967=DIRECTION('ref_axis',(0.,-2.22044604925E-16,-1.));
#16968=DIRECTION('center_axis',(1.,0.,0.));
#16969=DIRECTION('ref_axis',(0.,-2.22044604925E-16,-1.));
#16970=DIRECTION('center_axis',(1.,0.,0.));
#16971=DIRECTION('ref_axis',(0.,-2.22044604925E-16,-1.));
#16972=DIRECTION('center_axis',(1.,0.,0.));
#16973=DIRECTION('ref_axis',(0.,-2.22044604925E-16,-1.));
#16974=DIRECTION('',(-1.,0.,0.));
#16975=DIRECTION('center_axis',(0.,1.,-2.22044604925E-16));
#16976=DIRECTION('ref_axis',(1.,0.,0.));
#16977=DIRECTION('center_axis',(-2.449293598295E-16,2.22044604925E-16,1.));
#16978=DIRECTION('ref_axis',(1.,5.438524293788E-32,2.449293598295E-16));
#16979=DIRECTION('center_axis',(-2.449293598295E-16,2.22044604925E-16,1.));
#16980=DIRECTION('ref_axis',(1.,5.438524293788E-32,2.449293598295E-16));
#16981=DIRECTION('center_axis',(0.,-1.,2.22044604925E-16));
#16982=DIRECTION('ref_axis',(1.,0.,0.));
#16983=DIRECTION('center_axis',(0.,-2.22044604925E-16,-1.));
#16984=DIRECTION('ref_axis',(-1.,0.,0.));
#16985=DIRECTION('center_axis',(0.,-2.22044604925E-16,-1.));
#16986=DIRECTION('ref_axis',(-1.,0.,0.));
#16987=DIRECTION('',(0.,2.22044604925E-16,1.));
#16988=DIRECTION('center_axis',(0.,0.,1.));
#16989=DIRECTION('ref_axis',(1.,0.,0.));
#16990=DIRECTION('center_axis',(0.,0.,-1.));
#16991=DIRECTION('ref_axis',(-1.,0.,0.));
#16992=DIRECTION('center_axis',(0.,0.,-1.));
#16993=DIRECTION('ref_axis',(-1.,0.,0.));
#16994=DIRECTION('',(0.,0.,-1.));
#16995=DIRECTION('center_axis',(0.,0.,1.));
#16996=DIRECTION('ref_axis',(-1.,0.,0.));
#16997=DIRECTION('center_axis',(0.,0.,-1.));
#16998=DIRECTION('ref_axis',(-1.,0.,0.));
#16999=DIRECTION('center_axis',(0.,0.,-1.));
#17000=DIRECTION('ref_axis',(-1.,0.,0.));
#17001=DIRECTION('',(0.,0.,-1.));
#17002=DIRECTION('center_axis',(0.,0.,1.));
#17003=DIRECTION('ref_axis',(-1.,0.,0.));
#17004=DIRECTION('center_axis',(0.,0.,-1.));
#17005=DIRECTION('ref_axis',(-1.,0.,0.));
#17006=DIRECTION('center_axis',(0.,0.,-1.));
#17007=DIRECTION('ref_axis',(-1.,0.,0.));
#17008=DIRECTION('',(0.,0.,-1.));
#17009=DIRECTION('center_axis',(0.,0.,1.));
#17010=DIRECTION('ref_axis',(-1.,0.,0.));
#17011=DIRECTION('center_axis',(0.,0.,-1.));
#17012=DIRECTION('ref_axis',(-1.,0.,0.));
#17013=DIRECTION('center_axis',(0.,0.,-1.));
#17014=DIRECTION('ref_axis',(-1.,0.,0.));
#17015=DIRECTION('',(0.,0.,-1.));
#17016=DIRECTION('center_axis',(0.,0.,1.));
#17017=DIRECTION('ref_axis',(-1.,0.,0.));
#17018=DIRECTION('center_axis',(0.,0.,-1.));
#17019=DIRECTION('ref_axis',(-1.,0.,0.));
#17020=DIRECTION('center_axis',(0.,0.,-1.));
#17021=DIRECTION('ref_axis',(-1.,0.,0.));
#17022=DIRECTION('',(0.,0.,-1.));
#17023=DIRECTION('center_axis',(0.,0.,-1.));
#17024=DIRECTION('ref_axis',(-1.,0.,0.));
#17025=DIRECTION('center_axis',(0.,0.,1.));
#17026=DIRECTION('ref_axis',(-1.,0.,0.));
#17027=DIRECTION('center_axis',(0.,0.,-1.));
#17028=DIRECTION('ref_axis',(-1.,0.,0.));
#17029=DIRECTION('center_axis',(0.,0.,-1.));
#17030=DIRECTION('ref_axis',(-1.,0.,0.));
#17031=DIRECTION('',(0.,0.,-1.));
#17032=DIRECTION('center_axis',(0.,0.,-1.));
#17033=DIRECTION('ref_axis',(-1.,0.,0.));
#17034=DIRECTION('center_axis',(0.,0.,1.));
#17035=DIRECTION('ref_axis',(-1.,0.,0.));
#17036=DIRECTION('center_axis',(0.,0.,-1.));
#17037=DIRECTION('ref_axis',(-1.,0.,0.));
#17038=DIRECTION('center_axis',(0.,0.,-1.));
#17039=DIRECTION('ref_axis',(-1.,0.,0.));
#17040=DIRECTION('',(0.,0.,-1.));
#17041=DIRECTION('center_axis',(0.,0.,-1.));
#17042=DIRECTION('ref_axis',(-1.,0.,0.));
#17043=DIRECTION('center_axis',(0.,0.,1.));
#17044=DIRECTION('ref_axis',(-1.,0.,0.));
#17045=DIRECTION('center_axis',(0.,0.,-1.));
#17046=DIRECTION('ref_axis',(-1.,0.,0.));
#17047=DIRECTION('center_axis',(0.,0.,-1.));
#17048=DIRECTION('ref_axis',(-1.,0.,0.));
#17049=DIRECTION('',(0.,0.,-1.));
#17050=DIRECTION('center_axis',(0.,0.,-1.));
#17051=DIRECTION('ref_axis',(-1.,0.,0.));
#17052=DIRECTION('center_axis',(0.,0.,1.));
#17053=DIRECTION('ref_axis',(-1.,0.,0.));
#17054=DIRECTION('center_axis',(0.,0.,1.));
#17055=DIRECTION('ref_axis',(-1.,0.,0.));
#17056=DIRECTION('center_axis',(0.,0.,-1.));
#17057=DIRECTION('ref_axis',(1.,0.,0.));
#17058=DIRECTION('center_axis',(0.,0.,1.));
#17059=DIRECTION('ref_axis',(-1.,0.,0.));
#17060=DIRECTION('',(1.,9.04161298643069E-17,0.));
#17061=DIRECTION('',(0.,1.,0.));
#17062=DIRECTION('',(-1.,-9.04161298643069E-17,0.));
#17063=DIRECTION('',(1.4053455896731E-16,-1.,0.));
#17064=DIRECTION('',(0.,1.,0.));
#17065=DIRECTION('',(1.,0.,0.));
#17066=DIRECTION('',(0.,-1.,0.));
#17067=DIRECTION('',(-1.,0.,0.));
#17068=DIRECTION('',(0.,1.,0.));
#17069=DIRECTION('',(1.,0.,0.));
#17070=DIRECTION('',(0.,-1.,0.));
#17071=DIRECTION('',(-1.,0.,0.));
#17072=DIRECTION('',(0.,1.,0.));
#17073=DIRECTION('',(1.,0.,0.));
#17074=DIRECTION('',(0.,-1.,0.));
#17075=DIRECTION('',(-1.,0.,0.));
#17076=DIRECTION('',(0.,1.,0.));
#17077=DIRECTION('',(1.,0.,0.));
#17078=DIRECTION('',(0.,-1.,0.));
#17079=DIRECTION('',(-1.,0.,0.));
#17080=DIRECTION('',(0.,1.,0.));
#17081=DIRECTION('',(1.,0.,0.));
#17082=DIRECTION('',(0.,-1.,0.));
#17083=DIRECTION('',(-1.,0.,0.));
#17084=DIRECTION('',(0.,1.,0.));
#17085=DIRECTION('',(1.,0.,0.));
#17086=DIRECTION('',(0.,-1.,0.));
#17087=DIRECTION('',(-1.,0.,0.));
#17088=DIRECTION('',(0.,1.,0.));
#17089=DIRECTION('',(1.,0.,0.));
#17090=DIRECTION('',(0.,-1.,0.));
#17091=DIRECTION('',(-1.,0.,0.));
#17092=DIRECTION('',(0.,1.,0.));
#17093=DIRECTION('',(1.,0.,0.));
#17094=DIRECTION('',(0.,-1.,0.));
#17095=DIRECTION('',(-1.,0.,0.));
#17096=DIRECTION('center_axis',(0.,0.,-1.));
#17097=DIRECTION('ref_axis',(1.,0.,0.));
#17098=DIRECTION('',(1.,0.,0.));
#17099=DIRECTION('',(0.,-1.,0.));
#17100=DIRECTION('',(-1.,0.,0.));
#17101=DIRECTION('',(0.,1.,0.));
#17102=DIRECTION('',(1.,0.,0.));
#17103=DIRECTION('',(0.,1.,0.));
#17104=DIRECTION('',(1.,0.,0.));
#17105=DIRECTION('',(0.,-1.,0.));
#17106=DIRECTION('',(-1.,0.,0.));
#17107=DIRECTION('',(0.,1.,0.));
#17108=DIRECTION('',(1.,0.,0.));
#17109=DIRECTION('',(0.,-1.,0.));
#17110=DIRECTION('',(-1.,0.,0.));
#17111=DIRECTION('',(0.,1.,0.));
#17112=DIRECTION('',(1.,0.,0.));
#17113=DIRECTION('',(0.,-1.,0.));
#17114=DIRECTION('',(-1.,0.,0.));
#17115=DIRECTION('',(0.,1.,0.));
#17116=DIRECTION('',(1.,0.,0.));
#17117=DIRECTION('',(0.,-1.,0.));
#17118=DIRECTION('',(-1.,0.,0.));
#17119=DIRECTION('',(0.,1.,0.));
#17120=DIRECTION('',(1.,0.,0.));
#17121=DIRECTION('',(0.,-1.,0.));
#17122=DIRECTION('',(-1.,0.,0.));
#17123=DIRECTION('',(0.,1.,0.));
#17124=DIRECTION('',(1.,0.,0.));
#17125=DIRECTION('',(0.,-1.,0.));
#17126=DIRECTION('',(-1.,0.,0.));
#17127=DIRECTION('',(0.,1.,0.));
#17128=DIRECTION('',(1.,0.,0.));
#17129=DIRECTION('',(0.,-1.,0.));
#17130=DIRECTION('',(-1.,0.,0.));
#17131=DIRECTION('',(1.,0.,0.));
#17132=DIRECTION('',(0.,-1.,0.));
#17133=DIRECTION('',(-1.,0.,0.));
#17134=DIRECTION('',(0.,1.,0.));
#17135=DIRECTION('center_axis',(-1.,0.,0.));
#17136=DIRECTION('ref_axis',(0.,1.,0.));
#17137=DIRECTION('',(0.,0.,-1.));
#17138=DIRECTION('',(0.,1.,0.));
#17139=DIRECTION('',(0.,0.,-1.));
#17140=DIRECTION('center_axis',(0.,-1.,0.));
#17141=DIRECTION('ref_axis',(-1.,0.,0.));
#17142=DIRECTION('',(0.,0.,-1.));
#17143=DIRECTION('',(-1.,0.,0.));
#17144=DIRECTION('center_axis',(1.,0.,0.));
#17145=DIRECTION('ref_axis',(0.,-1.,0.));
#17146=DIRECTION('',(0.,0.,-1.));
#17147=DIRECTION('',(0.,-1.,0.));
#17148=DIRECTION('center_axis',(0.,1.,0.));
#17149=DIRECTION('ref_axis',(1.,0.,0.));
#17150=DIRECTION('',(1.,0.,0.));
#17151=DIRECTION('center_axis',(0.,0.,-1.));
#17152=DIRECTION('ref_axis',(1.,0.,0.));
#17153=DIRECTION('center_axis',(-1.,0.,0.));
#17154=DIRECTION('ref_axis',(0.,1.,0.));
#17155=DIRECTION('',(0.,0.,-1.));
#17156=DIRECTION('',(0.,1.,0.));
#17157=DIRECTION('',(0.,0.,-1.));
#17158=DIRECTION('center_axis',(0.,-1.,0.));
#17159=DIRECTION('ref_axis',(-1.,0.,0.));
#17160=DIRECTION('',(0.,0.,-1.));
#17161=DIRECTION('',(-1.,0.,0.));
#17162=DIRECTION('center_axis',(1.,0.,0.));
#17163=DIRECTION('ref_axis',(0.,-1.,0.));
#17164=DIRECTION('',(0.,0.,-1.));
#17165=DIRECTION('',(0.,-1.,0.));
#17166=DIRECTION('center_axis',(0.,1.,0.));
#17167=DIRECTION('ref_axis',(1.,0.,0.));
#17168=DIRECTION('',(1.,0.,0.));
#17169=DIRECTION('center_axis',(0.,0.,-1.));
#17170=DIRECTION('ref_axis',(1.,0.,0.));
#17171=DIRECTION('center_axis',(-1.,0.,0.));
#17172=DIRECTION('ref_axis',(0.,1.,0.));
#17173=DIRECTION('',(0.,0.,-1.));
#17174=DIRECTION('',(0.,1.,0.));
#17175=DIRECTION('',(0.,0.,-1.));
#17176=DIRECTION('center_axis',(0.,-1.,0.));
#17177=DIRECTION('ref_axis',(-1.,0.,0.));
#17178=DIRECTION('',(0.,0.,-1.));
#17179=DIRECTION('',(-1.,0.,0.));
#17180=DIRECTION('center_axis',(1.,0.,0.));
#17181=DIRECTION('ref_axis',(0.,-1.,0.));
#17182=DIRECTION('',(0.,0.,-1.));
#17183=DIRECTION('',(0.,-1.,0.));
#17184=DIRECTION('center_axis',(0.,1.,0.));
#17185=DIRECTION('ref_axis',(1.,0.,0.));
#17186=DIRECTION('',(1.,0.,0.));
#17187=DIRECTION('center_axis',(0.,0.,-1.));
#17188=DIRECTION('ref_axis',(1.,0.,0.));
#17189=DIRECTION('center_axis',(-1.,0.,0.));
#17190=DIRECTION('ref_axis',(0.,1.,0.));
#17191=DIRECTION('',(0.,0.,-1.));
#17192=DIRECTION('',(0.,1.,0.));
#17193=DIRECTION('',(0.,0.,-1.));
#17194=DIRECTION('center_axis',(0.,-1.,0.));
#17195=DIRECTION('ref_axis',(-1.,0.,0.));
#17196=DIRECTION('',(0.,0.,-1.));
#17197=DIRECTION('',(-1.,0.,0.));
#17198=DIRECTION('center_axis',(1.,0.,0.));
#17199=DIRECTION('ref_axis',(0.,-1.,0.));
#17200=DIRECTION('',(0.,0.,-1.));
#17201=DIRECTION('',(0.,-1.,0.));
#17202=DIRECTION('center_axis',(0.,1.,0.));
#17203=DIRECTION('ref_axis',(1.,0.,0.));
#17204=DIRECTION('',(1.,0.,0.));
#17205=DIRECTION('center_axis',(0.,0.,-1.));
#17206=DIRECTION('ref_axis',(1.,0.,0.));
#17207=DIRECTION('center_axis',(-1.,0.,0.));
#17208=DIRECTION('ref_axis',(0.,1.,0.));
#17209=DIRECTION('',(0.,0.,-1.));
#17210=DIRECTION('',(0.,1.,0.));
#17211=DIRECTION('',(0.,0.,-1.));
#17212=DIRECTION('center_axis',(0.,-1.,0.));
#17213=DIRECTION('ref_axis',(-1.,0.,0.));
#17214=DIRECTION('',(0.,0.,-1.));
#17215=DIRECTION('',(-1.,0.,0.));
#17216=DIRECTION('center_axis',(1.,0.,0.));
#17217=DIRECTION('ref_axis',(0.,-1.,0.));
#17218=DIRECTION('',(0.,0.,-1.));
#17219=DIRECTION('',(0.,-1.,0.));
#17220=DIRECTION('center_axis',(0.,1.,0.));
#17221=DIRECTION('ref_axis',(1.,0.,0.));
#17222=DIRECTION('',(1.,0.,0.));
#17223=DIRECTION('center_axis',(0.,0.,-1.));
#17224=DIRECTION('ref_axis',(1.,0.,0.));
#17225=DIRECTION('center_axis',(-1.,0.,0.));
#17226=DIRECTION('ref_axis',(0.,1.,0.));
#17227=DIRECTION('',(0.,0.,-1.));
#17228=DIRECTION('',(0.,1.,0.));
#17229=DIRECTION('',(0.,0.,-1.));
#17230=DIRECTION('center_axis',(0.,-1.,0.));
#17231=DIRECTION('ref_axis',(-1.,0.,0.));
#17232=DIRECTION('',(0.,0.,-1.));
#17233=DIRECTION('',(-1.,0.,0.));
#17234=DIRECTION('center_axis',(1.,0.,0.));
#17235=DIRECTION('ref_axis',(0.,-1.,0.));
#17236=DIRECTION('',(0.,0.,-1.));
#17237=DIRECTION('',(0.,-1.,0.));
#17238=DIRECTION('center_axis',(0.,1.,0.));
#17239=DIRECTION('ref_axis',(1.,0.,0.));
#17240=DIRECTION('',(1.,0.,0.));
#17241=DIRECTION('center_axis',(0.,0.,-1.));
#17242=DIRECTION('ref_axis',(1.,0.,0.));
#17243=DIRECTION('center_axis',(-1.,0.,0.));
#17244=DIRECTION('ref_axis',(0.,1.,0.));
#17245=DIRECTION('',(0.,0.,-1.));
#17246=DIRECTION('',(0.,-1.,0.));
#17247=DIRECTION('',(0.,0.,-1.));
#17248=DIRECTION('center_axis',(0.,-1.,0.));
#17249=DIRECTION('ref_axis',(-1.,0.,0.));
#17250=DIRECTION('',(0.,0.,-1.));
#17251=DIRECTION('',(1.,0.,0.));
#17252=DIRECTION('center_axis',(0.,0.,-1.));
#17253=DIRECTION('ref_axis',(1.,0.,0.));
#17254=DIRECTION('',(0.,0.,1.));
#17255=DIRECTION('center_axis',(0.,0.,1.));
#17256=DIRECTION('ref_axis',(1.,0.,0.));
#17257=DIRECTION('center_axis',(1.,0.,0.));
#17258=DIRECTION('ref_axis',(0.,-1.,0.));
#17259=DIRECTION('',(0.,0.,-1.));
#17260=DIRECTION('',(0.,1.,0.));
#17261=DIRECTION('center_axis',(0.,1.,0.));
#17262=DIRECTION('ref_axis',(1.,0.,0.));
#17263=DIRECTION('',(-1.,0.,0.));
#17264=DIRECTION('center_axis',(0.,0.,-1.));
#17265=DIRECTION('ref_axis',(1.,0.,0.));
#17266=DIRECTION('center_axis',(-1.,0.,0.));
#17267=DIRECTION('ref_axis',(0.,1.,0.));
#17268=DIRECTION('',(0.,0.,-1.));
#17269=DIRECTION('',(0.,1.,0.));
#17270=DIRECTION('',(0.,0.,-1.));
#17271=DIRECTION('center_axis',(0.,-1.,0.));
#17272=DIRECTION('ref_axis',(-1.,0.,0.));
#17273=DIRECTION('',(0.,0.,-1.));
#17274=DIRECTION('',(-1.,0.,0.));
#17275=DIRECTION('center_axis',(1.,0.,0.));
#17276=DIRECTION('ref_axis',(0.,-1.,0.));
#17277=DIRECTION('',(0.,0.,-1.));
#17278=DIRECTION('',(0.,-1.,0.));
#17279=DIRECTION('center_axis',(0.,1.,0.));
#17280=DIRECTION('ref_axis',(1.,0.,0.));
#17281=DIRECTION('',(1.,0.,0.));
#17282=DIRECTION('center_axis',(0.,0.,-1.));
#17283=DIRECTION('ref_axis',(1.,0.,0.));
#17284=DIRECTION('center_axis',(0.,1.,0.));
#17285=DIRECTION('ref_axis',(1.,0.,0.));
#17286=DIRECTION('',(0.,0.,-1.));
#17287=DIRECTION('',(1.,0.,0.));
#17288=DIRECTION('',(0.,0.,-1.));
#17289=DIRECTION('center_axis',(-1.,0.,0.));
#17290=DIRECTION('ref_axis',(0.,1.,0.));
#17291=DIRECTION('',(0.,0.,-1.));
#17292=DIRECTION('',(0.,1.,0.));
#17293=DIRECTION('center_axis',(0.,-1.,0.));
#17294=DIRECTION('ref_axis',(-1.,0.,0.));
#17295=DIRECTION('',(0.,0.,-1.));
#17296=DIRECTION('',(-1.,0.,0.));
#17297=DIRECTION('center_axis',(0.,0.,-1.));
#17298=DIRECTION('ref_axis',(1.,0.,0.));
#17299=DIRECTION('',(0.,0.,-1.));
#17300=DIRECTION('center_axis',(0.,0.,-1.));
#17301=DIRECTION('ref_axis',(1.,0.,0.));
#17302=DIRECTION('center_axis',(0.,-1.,0.));
#17303=DIRECTION('ref_axis',(-1.,0.,0.));
#17304=DIRECTION('',(0.,0.,-1.));
#17305=DIRECTION('',(-1.,0.,0.));
#17306=DIRECTION('center_axis',(1.,0.,0.));
#17307=DIRECTION('ref_axis',(0.,-1.,0.));
#17308=DIRECTION('',(0.,-1.,0.));
#17309=DIRECTION('center_axis',(0.,0.,-1.));
#17310=DIRECTION('ref_axis',(1.,0.,0.));
#17311=DIRECTION('center_axis',(1.,0.,0.));
#17312=DIRECTION('ref_axis',(0.,-1.,0.));
#17313=DIRECTION('',(0.,0.,-1.));
#17314=DIRECTION('',(0.,-1.,0.));
#17315=DIRECTION('',(0.,0.,-1.));
#17316=DIRECTION('center_axis',(9.04161298643069E-17,-1.,0.));
#17317=DIRECTION('ref_axis',(-1.,-9.04161298643069E-17,0.));
#17318=DIRECTION('',(0.,0.,-1.));
#17319=DIRECTION('',(-1.,-9.04161298643069E-17,0.));
#17320=DIRECTION('center_axis',(0.,0.,-1.));
#17321=DIRECTION('ref_axis',(1.,0.,0.));
#17322=DIRECTION('',(-1.,8.68784560845701E-17,0.));
#17323=DIRECTION('',(0.,-1.,0.));
#17324=DIRECTION('',(1.,-8.68784560845701E-17,0.));
#17325=DIRECTION('',(-6.81118414792133E-17,1.,0.));
#17326=DIRECTION('',(-1.4053455896731E-16,1.,0.));
#17327=DIRECTION('',(1.,9.04161298643069E-17,0.));
#17328=DIRECTION('center_axis',(-9.04161298643069E-17,1.,0.));
#17329=DIRECTION('ref_axis',(1.,9.04161298643069E-17,0.));
#17330=DIRECTION('',(0.,0.,-1.));
#17331=DIRECTION('center_axis',(-1.,-1.4053455896731E-16,0.));
#17332=DIRECTION('ref_axis',(-1.4053455896731E-16,1.,0.));
#17333=DIRECTION('center_axis',(-8.68784560845701E-17,-1.,0.));
#17334=DIRECTION('ref_axis',(-1.,8.68784560845701E-17,0.));
#17335=DIRECTION('',(1.,-8.68784560845701E-17,0.));
#17336=DIRECTION('',(0.,0.,-1.));
#17337=DIRECTION('',(0.,0.,-1.));
#17338=DIRECTION('center_axis',(-1.,-6.81118414792133E-17,0.));
#17339=DIRECTION('ref_axis',(-6.81118414792133E-17,1.,0.));
#17340=DIRECTION('',(6.81118414792133E-17,-1.,0.));
#17341=DIRECTION('',(0.,0.,-1.));
#17342=DIRECTION('center_axis',(8.68784560845701E-17,1.,0.));
#17343=DIRECTION('ref_axis',(1.,-8.68784560845701E-17,0.));
#17344=DIRECTION('',(-1.,8.68784560845701E-17,0.));
#17345=DIRECTION('',(0.,0.,-1.));
#17346=DIRECTION('center_axis',(1.,0.,0.));
#17347=DIRECTION('ref_axis',(0.,-1.,0.));
#17348=DIRECTION('',(0.,1.,0.));
#17349=DIRECTION('center_axis',(7.91375064855385E-17,1.,0.));
#17350=DIRECTION('ref_axis',(1.,-7.91375064855385E-17,0.));
#17351=DIRECTION('',(1.,-7.91375064855385E-17,0.));
#17352=DIRECTION('',(0.,0.,1.));
#17353=DIRECTION('',(-1.,7.91375064855385E-17,0.));
#17354=DIRECTION('',(0.,0.,1.));
#17355=DIRECTION('center_axis',(-1.,0.,0.));
#17356=DIRECTION('ref_axis',(0.,1.,0.));
#17357=DIRECTION('',(0.,1.,0.));
#17358=DIRECTION('',(0.,-1.,0.));
#17359=DIRECTION('',(0.,0.,-1.));
#17360=DIRECTION('center_axis',(-7.91375064855385E-17,-1.,0.));
#17361=DIRECTION('ref_axis',(-1.,7.91375064855385E-17,0.));
#17362=DIRECTION('',(-1.,7.91375064855385E-17,0.));
#17363=DIRECTION('',(1.,-7.91375064855385E-17,0.));
#17364=DIRECTION('',(0.,0.,1.));
#17365=DIRECTION('center_axis',(1.,1.26521141506278E-16,0.));
#17366=DIRECTION('ref_axis',(1.26521141506278E-16,-1.,0.));
#17367=DIRECTION('',(1.26521141506278E-16,-1.,0.));
#17368=DIRECTION('',(-1.26521141506278E-16,1.,0.));
#17369=DIRECTION('center_axis',(0.,0.,1.));
#17370=DIRECTION('ref_axis',(-1.,0.,0.));
#17371=DIRECTION('center_axis',(-1.,0.,0.));
#17372=DIRECTION('ref_axis',(0.,1.,0.));
#17373=DIRECTION('',(0.,0.,-1.));
#17374=DIRECTION('',(0.,1.,0.));
#17375=DIRECTION('',(0.,0.,-1.));
#17376=DIRECTION('center_axis',(0.,-1.,0.));
#17377=DIRECTION('ref_axis',(-1.,0.,0.));
#17378=DIRECTION('',(0.,0.,-1.));
#17379=DIRECTION('',(-1.,0.,0.));
#17380=DIRECTION('center_axis',(1.,0.,0.));
#17381=DIRECTION('ref_axis',(0.,-1.,0.));
#17382=DIRECTION('',(0.,0.,-1.));
#17383=DIRECTION('',(0.,-1.,0.));
#17384=DIRECTION('center_axis',(0.,1.,0.));
#17385=DIRECTION('ref_axis',(1.,0.,0.));
#17386=DIRECTION('',(1.,0.,0.));
#17387=DIRECTION('center_axis',(0.,0.,-1.));
#17388=DIRECTION('ref_axis',(1.,0.,0.));
#17389=DIRECTION('center_axis',(-1.,0.,0.));
#17390=DIRECTION('ref_axis',(0.,1.,0.));
#17391=DIRECTION('',(0.,0.,-1.));
#17392=DIRECTION('',(0.,1.,0.));
#17393=DIRECTION('',(0.,0.,-1.));
#17394=DIRECTION('center_axis',(0.,-1.,0.));
#17395=DIRECTION('ref_axis',(-1.,0.,0.));
#17396=DIRECTION('',(0.,0.,-1.));
#17397=DIRECTION('',(-1.,0.,0.));
#17398=DIRECTION('center_axis',(1.,0.,0.));
#17399=DIRECTION('ref_axis',(0.,-1.,0.));
#17400=DIRECTION('',(0.,0.,-1.));
#17401=DIRECTION('',(0.,-1.,0.));
#17402=DIRECTION('center_axis',(0.,1.,0.));
#17403=DIRECTION('ref_axis',(1.,0.,0.));
#17404=DIRECTION('',(1.,0.,0.));
#17405=DIRECTION('center_axis',(0.,0.,-1.));
#17406=DIRECTION('ref_axis',(1.,0.,0.));
#17407=DIRECTION('center_axis',(-1.,0.,0.));
#17408=DIRECTION('ref_axis',(0.,1.,0.));
#17409=DIRECTION('',(0.,0.,-1.));
#17410=DIRECTION('',(0.,1.,0.));
#17411=DIRECTION('',(0.,0.,-1.));
#17412=DIRECTION('center_axis',(0.,-1.,0.));
#17413=DIRECTION('ref_axis',(-1.,0.,0.));
#17414=DIRECTION('',(0.,0.,-1.));
#17415=DIRECTION('',(-1.,0.,0.));
#17416=DIRECTION('center_axis',(1.,0.,0.));
#17417=DIRECTION('ref_axis',(0.,-1.,0.));
#17418=DIRECTION('',(0.,0.,-1.));
#17419=DIRECTION('',(0.,-1.,0.));
#17420=DIRECTION('center_axis',(0.,1.,0.));
#17421=DIRECTION('ref_axis',(1.,0.,0.));
#17422=DIRECTION('',(1.,0.,0.));
#17423=DIRECTION('center_axis',(0.,0.,-1.));
#17424=DIRECTION('ref_axis',(1.,0.,0.));
#17425=DIRECTION('center_axis',(-1.,0.,0.));
#17426=DIRECTION('ref_axis',(0.,1.,0.));
#17427=DIRECTION('',(0.,0.,-1.));
#17428=DIRECTION('',(0.,1.,0.));
#17429=DIRECTION('',(0.,0.,-1.));
#17430=DIRECTION('center_axis',(0.,-1.,0.));
#17431=DIRECTION('ref_axis',(-1.,0.,0.));
#17432=DIRECTION('',(0.,0.,-1.));
#17433=DIRECTION('',(-1.,0.,0.));
#17434=DIRECTION('center_axis',(1.,0.,0.));
#17435=DIRECTION('ref_axis',(0.,-1.,0.));
#17436=DIRECTION('',(0.,0.,-1.));
#17437=DIRECTION('',(0.,-1.,0.));
#17438=DIRECTION('center_axis',(0.,1.,0.));
#17439=DIRECTION('ref_axis',(1.,0.,0.));
#17440=DIRECTION('',(1.,0.,0.));
#17441=DIRECTION('center_axis',(0.,0.,-1.));
#17442=DIRECTION('ref_axis',(1.,0.,0.));
#17443=DIRECTION('center_axis',(-1.,0.,0.));
#17444=DIRECTION('ref_axis',(0.,1.,0.));
#17445=DIRECTION('',(0.,0.,-1.));
#17446=DIRECTION('',(0.,1.,0.));
#17447=DIRECTION('',(0.,0.,-1.));
#17448=DIRECTION('center_axis',(0.,-1.,0.));
#17449=DIRECTION('ref_axis',(-1.,0.,0.));
#17450=DIRECTION('',(0.,0.,-1.));
#17451=DIRECTION('',(-1.,0.,0.));
#17452=DIRECTION('center_axis',(1.,0.,0.));
#17453=DIRECTION('ref_axis',(0.,-1.,0.));
#17454=DIRECTION('',(0.,0.,-1.));
#17455=DIRECTION('',(0.,-1.,0.));
#17456=DIRECTION('center_axis',(0.,1.,0.));
#17457=DIRECTION('ref_axis',(1.,0.,0.));
#17458=DIRECTION('',(1.,0.,0.));
#17459=DIRECTION('center_axis',(0.,0.,-1.));
#17460=DIRECTION('ref_axis',(1.,0.,0.));
#17461=DIRECTION('center_axis',(-1.,0.,0.));
#17462=DIRECTION('ref_axis',(0.,1.,0.));
#17463=DIRECTION('',(0.,0.,-1.));
#17464=DIRECTION('',(0.,1.,0.));
#17465=DIRECTION('',(0.,0.,-1.));
#17466=DIRECTION('center_axis',(0.,-1.,0.));
#17467=DIRECTION('ref_axis',(-1.,0.,0.));
#17468=DIRECTION('',(0.,0.,-1.));
#17469=DIRECTION('',(-1.,0.,0.));
#17470=DIRECTION('center_axis',(1.,0.,0.));
#17471=DIRECTION('ref_axis',(0.,-1.,0.));
#17472=DIRECTION('',(0.,0.,-1.));
#17473=DIRECTION('',(0.,-1.,0.));
#17474=DIRECTION('center_axis',(0.,1.,0.));
#17475=DIRECTION('ref_axis',(1.,0.,0.));
#17476=DIRECTION('',(1.,0.,0.));
#17477=DIRECTION('center_axis',(0.,0.,-1.));
#17478=DIRECTION('ref_axis',(1.,0.,0.));
#17479=DIRECTION('center_axis',(-1.,0.,0.));
#17480=DIRECTION('ref_axis',(0.,1.,0.));
#17481=DIRECTION('',(0.,0.,-1.));
#17482=DIRECTION('',(0.,1.,0.));
#17483=DIRECTION('',(0.,0.,-1.));
#17484=DIRECTION('center_axis',(0.,-1.,0.));
#17485=DIRECTION('ref_axis',(-1.,0.,0.));
#17486=DIRECTION('',(0.,0.,-1.));
#17487=DIRECTION('',(-1.,0.,0.));
#17488=DIRECTION('center_axis',(1.,0.,0.));
#17489=DIRECTION('ref_axis',(0.,-1.,0.));
#17490=DIRECTION('',(0.,0.,-1.));
#17491=DIRECTION('',(0.,-1.,0.));
#17492=DIRECTION('center_axis',(0.,1.,0.));
#17493=DIRECTION('ref_axis',(1.,0.,0.));
#17494=DIRECTION('',(1.,0.,0.));
#17495=DIRECTION('center_axis',(0.,0.,-1.));
#17496=DIRECTION('ref_axis',(1.,0.,0.));
#17497=DIRECTION('center_axis',(0.,1.,0.));
#17498=DIRECTION('ref_axis',(1.,0.,0.));
#17499=DIRECTION('',(0.,0.,-1.));
#17500=DIRECTION('',(1.,0.,0.));
#17501=DIRECTION('',(0.,0.,-1.));
#17502=DIRECTION('center_axis',(-1.,0.,0.));
#17503=DIRECTION('ref_axis',(0.,1.,0.));
#17504=DIRECTION('',(0.,0.,-1.));
#17505=DIRECTION('',(0.,1.,0.));
#17506=DIRECTION('center_axis',(0.,-1.,0.));
#17507=DIRECTION('ref_axis',(-1.,0.,0.));
#17508=DIRECTION('',(0.,0.,-1.));
#17509=DIRECTION('',(-1.,0.,0.));
#17510=DIRECTION('center_axis',(1.,0.,0.));
#17511=DIRECTION('ref_axis',(0.,-1.,0.));
#17512=DIRECTION('',(0.,-1.,0.));
#17513=DIRECTION('center_axis',(0.,0.,-1.));
#17514=DIRECTION('ref_axis',(-1.,0.,0.));
#17515=DIRECTION('center_axis',(0.,0.,-1.));
#17516=DIRECTION('ref_axis',(1.,0.,0.));
#17517=DIRECTION('center_axis',(0.,-1.,0.));
#17518=DIRECTION('ref_axis',(0.,0.,-1.));
#17519=DIRECTION('',(0.,0.,-1.));
#17520=DIRECTION('',(-1.,0.,0.));
#17521=DIRECTION('',(0.,0.,1.));
#17522=DIRECTION('',(1.,0.,0.));
#17523=DIRECTION('center_axis',(0.,1.,0.));
#17524=DIRECTION('ref_axis',(0.,0.,1.));
#17525=DIRECTION('',(0.,0.,1.));
#17526=DIRECTION('',(-1.,0.,0.));
#17527=DIRECTION('',(0.,0.,-1.));
#17528=DIRECTION('',(1.,0.,0.));
#17529=DIRECTION('center_axis',(0.,0.,1.));
#17530=DIRECTION('ref_axis',(1.,0.,0.));
#17531=DIRECTION('',(0.,-1.,0.));
#17532=DIRECTION('',(1.,-7.91375064855385E-17,0.));
#17533=DIRECTION('',(0.,1.,0.));
#17534=DIRECTION('',(-1.,0.,0.));
#17535=DIRECTION('',(0.,-1.,0.));
#17536=DIRECTION('',(1.4053455896731E-16,-1.,0.));
#17537=DIRECTION('',(-1.,-9.04161298643069E-17,0.));
#17538=DIRECTION('',(0.,1.,0.));
#17539=DIRECTION('',(1.,9.04161298643069E-17,0.));
#17540=DIRECTION('',(1.4053455896731E-16,-1.,0.));
#17541=DIRECTION('center_axis',(0.,0.,-1.));
#17542=DIRECTION('ref_axis',(-1.,0.,0.));
#17543=DIRECTION('center_axis',(0.,0.,-1.));
#17544=DIRECTION('ref_axis',(-1.,0.,0.));
#17545=DIRECTION('center_axis',(0.,0.,-1.));
#17546=DIRECTION('ref_axis',(-1.,0.,0.));
#17547=DIRECTION('center_axis',(0.,0.,-1.));
#17548=DIRECTION('ref_axis',(-1.,0.,0.));
#17549=DIRECTION('center_axis',(-1.,-1.4053455896731E-16,0.));
#17550=DIRECTION('ref_axis',(1.4053455896731E-16,-1.,0.));
#17551=DIRECTION('',(1.4053455896731E-16,-1.,0.));
#17552=DIRECTION('',(0.,0.,1.));
#17553=DIRECTION('center_axis',(1.,0.,0.));
#17554=DIRECTION('ref_axis',(0.,1.,0.));
#17555=DIRECTION('',(0.,0.,1.));
#17556=DIRECTION('',(0.,-1.,0.));
#17557=DIRECTION('center_axis',(0.,0.,-1.));
#17558=DIRECTION('ref_axis',(-1.,0.,0.));
#17559=DIRECTION('center_axis',(0.,0.,-1.));
#17560=DIRECTION('ref_axis',(-1.,0.,0.));
#17561=DIRECTION('',(0.,0.,-1.));
#17562=DIRECTION('center_axis',(0.,0.,1.));
#17563=DIRECTION('ref_axis',(-1.,0.,0.));
#17564=DIRECTION('center_axis',(0.,0.,-1.));
#17565=DIRECTION('ref_axis',(-1.,0.,0.));
#17566=DIRECTION('center_axis',(0.,0.,-1.));
#17567=DIRECTION('ref_axis',(-1.,0.,0.));
#17568=DIRECTION('',(0.,0.,-1.));
#17569=DIRECTION('center_axis',(0.,0.,1.));
#17570=DIRECTION('ref_axis',(-1.,0.,0.));
#17571=DIRECTION('center_axis',(0.,0.,-1.));
#17572=DIRECTION('ref_axis',(-1.,0.,0.));
#17573=DIRECTION('center_axis',(0.,0.,-1.));
#17574=DIRECTION('ref_axis',(-1.,0.,0.));
#17575=DIRECTION('',(0.,0.,-1.));
#17576=DIRECTION('center_axis',(0.,0.,1.));
#17577=DIRECTION('ref_axis',(-1.,0.,0.));
#17578=DIRECTION('center_axis',(0.,0.,-1.));
#17579=DIRECTION('ref_axis',(-1.,0.,0.));
#17580=DIRECTION('center_axis',(0.,0.,-1.));
#17581=DIRECTION('ref_axis',(-1.,0.,0.));
#17582=DIRECTION('',(0.,0.,-1.));
#17583=DIRECTION('center_axis',(0.,0.,1.));
#17584=DIRECTION('ref_axis',(-1.,0.,0.));
#17585=DIRECTION('center_axis',(0.,0.,-1.));
#17586=DIRECTION('ref_axis',(-1.,0.,0.));
#17587=DIRECTION('',(0.,0.,-1.));
#17588=DIRECTION('center_axis',(0.,0.,-1.));
#17589=DIRECTION('ref_axis',(-1.,0.,0.));
#17590=DIRECTION('center_axis',(0.,0.,1.));
#17591=DIRECTION('ref_axis',(-1.,0.,0.));
#17592=DIRECTION('center_axis',(0.,0.,-1.));
#17593=DIRECTION('ref_axis',(-1.,0.,0.));
#17594=DIRECTION('',(0.,0.,-1.));
#17595=DIRECTION('center_axis',(0.,0.,-1.));
#17596=DIRECTION('ref_axis',(-1.,0.,0.));
#17597=DIRECTION('center_axis',(0.,0.,1.));
#17598=DIRECTION('ref_axis',(-1.,0.,0.));
#17599=DIRECTION('center_axis',(0.,0.,-1.));
#17600=DIRECTION('ref_axis',(-1.,0.,0.));
#17601=DIRECTION('',(0.,0.,-1.));
#17602=DIRECTION('center_axis',(0.,0.,-1.));
#17603=DIRECTION('ref_axis',(-1.,0.,0.));
#17604=DIRECTION('center_axis',(0.,0.,1.));
#17605=DIRECTION('ref_axis',(-1.,0.,0.));
#17606=DIRECTION('center_axis',(0.,0.,-1.));
#17607=DIRECTION('ref_axis',(-1.,0.,0.));
#17608=DIRECTION('',(0.,0.,-1.));
#17609=DIRECTION('center_axis',(0.,0.,-1.));
#17610=DIRECTION('ref_axis',(-1.,0.,0.));
#17611=DIRECTION('center_axis',(0.,0.,1.));
#17612=DIRECTION('ref_axis',(-1.,0.,0.));
#17613=DIRECTION('center_axis',(-1.,-1.4053455896731E-16,0.));
#17614=DIRECTION('ref_axis',(1.4053455896731E-16,-1.,0.));
#17615=DIRECTION('',(0.,0.,1.));
#17616=DIRECTION('',(1.4053455896731E-16,-1.,0.));
#17617=DIRECTION('center_axis',(9.04161298643069E-17,-1.,0.));
#17618=DIRECTION('ref_axis',(1.,9.04161298643069E-17,0.));
#17619=DIRECTION('',(1.,9.04161298643069E-17,0.));
#17620=DIRECTION('',(0.,0.,1.));
#17621=DIRECTION('center_axis',(1.,0.,0.));
#17622=DIRECTION('ref_axis',(0.,1.,0.));
#17623=DIRECTION('',(0.,1.,0.));
#17624=DIRECTION('',(0.,0.,1.));
#17625=DIRECTION('center_axis',(-9.04161298643069E-17,1.,0.));
#17626=DIRECTION('ref_axis',(-1.,-9.04161298643069E-17,0.));
#17627=DIRECTION('',(-1.,-9.04161298643069E-17,0.));
#17628=DIRECTION('center_axis',(1.,0.,0.));
#17629=DIRECTION('ref_axis',(0.,1.,0.));
#17630=DIRECTION('',(0.,-1.,0.));
#17631=DIRECTION('',(0.,0.,1.));
#17632=DIRECTION('center_axis',(0.,-1.,0.));
#17633=DIRECTION('ref_axis',(1.,0.,0.));
#17634=DIRECTION('',(-1.,0.,0.));
#17635=DIRECTION('',(0.,0.,-1.));
#17636=DIRECTION('center_axis',(-1.,0.,0.));
#17637=DIRECTION('ref_axis',(0.,-1.,0.));
#17638=DIRECTION('',(0.,1.,0.));
#17639=DIRECTION('',(0.,0.,1.));
#17640=DIRECTION('center_axis',(7.91375064855385E-17,1.,0.));
#17641=DIRECTION('ref_axis',(-1.,7.91375064855385E-17,0.));
#17642=DIRECTION('',(1.,-7.91375064855385E-17,0.));
#17643=DIRECTION('center_axis',(0.,0.,1.));
#17644=DIRECTION('ref_axis',(1.,0.,0.));
#17645=DIRECTION('',(0.,0.,1.));
#17646=DIRECTION('',(1.,0.,0.));
#17647=CARTESIAN_POINT('',(0.,0.,0.));
#17648=CARTESIAN_POINT('',(0.,0.,0.));
#17649=CARTESIAN_POINT('Origin',(50.95,-65.000001,0.));
#17650=CARTESIAN_POINT('',(50.95,-65.000001,0.));
#17651=CARTESIAN_POINT('',(50.95,-65.000001,1.51));
#17652=CARTESIAN_POINT('',(50.95,-65.000001,0.));
#17653=CARTESIAN_POINT('',(-50.949999,-65.000001,1.51));
#17654=CARTESIAN_POINT('',(50.95,-65.000001,1.51));
#17655=CARTESIAN_POINT('',(-50.949999,-65.000001,0.));
#17656=CARTESIAN_POINT('',(-50.949999,-65.000001,0.));
#17657=CARTESIAN_POINT('',(50.95,-65.000001,0.));
#17658=CARTESIAN_POINT('Origin',(50.95,65.,0.));
#17659=CARTESIAN_POINT('',(50.95,65.,0.));
#17660=CARTESIAN_POINT('',(50.95,65.,1.51));
#17661=CARTESIAN_POINT('',(50.95,65.,0.));
#17662=CARTESIAN_POINT('',(50.95,65.,1.51));
#17663=CARTESIAN_POINT('',(50.95,65.,0.));
#17664=CARTESIAN_POINT('Origin',(-50.949999,-65.000001,0.));
#17665=CARTESIAN_POINT('',(-50.949999,65.,1.51));
#17666=CARTESIAN_POINT('',(-50.949999,-65.000001,1.51));
#17667=CARTESIAN_POINT('',(-50.949999,65.,0.));
#17668=CARTESIAN_POINT('',(-50.949999,65.,0.));
#17669=CARTESIAN_POINT('',(-50.949999,-65.000001,0.));
#17670=CARTESIAN_POINT('Origin',(0.,0.,0.));
#17671=CARTESIAN_POINT('',(-50.949999,65.,0.));
#17672=CARTESIAN_POINT('',(-45.409399,-50.619401,0.));
#17673=CARTESIAN_POINT('Origin',(-45.409399,-51.069401,0.));
#17674=CARTESIAN_POINT('',(-45.409399,-46.369401,0.));
#17675=CARTESIAN_POINT('Origin',(-45.409399,-46.819401,0.));
#17676=CARTESIAN_POINT('',(-45.409399,-42.119401,0.));
#17677=CARTESIAN_POINT('Origin',(-45.409399,-42.569401,0.));
#17678=CARTESIAN_POINT('',(-32.709399,-50.619401,0.));
#17679=CARTESIAN_POINT('Origin',(-32.709399,-51.069401,0.));
#17680=CARTESIAN_POINT('',(-32.709399,-46.369401,0.));
#17681=CARTESIAN_POINT('Origin',(-32.709399,-46.819401,0.));
#17682=CARTESIAN_POINT('',(-24.999399,-49.839401,0.));
#17683=CARTESIAN_POINT('Origin',(-24.999399,-50.689401,0.));
#17684=CARTESIAN_POINT('',(-23.729399,-47.399401,0.));
#17685=CARTESIAN_POINT('Origin',(-23.729399,-48.149401,0.));
#17686=CARTESIAN_POINT('',(-32.709399,-42.119401,0.));
#17687=CARTESIAN_POINT('Origin',(-32.709399,-42.569401,0.));
#17688=CARTESIAN_POINT('',(-29.968399,-43.662101,0.));
#17689=CARTESIAN_POINT('Origin',(-29.968399,-43.812101,0.));
#17690=CARTESIAN_POINT('',(-45.409399,-37.869401,0.));
#17691=CARTESIAN_POINT('Origin',(-45.409399,-38.319401,0.));
#17692=CARTESIAN_POINT('',(-45.409399,-33.619401,0.));
#17693=CARTESIAN_POINT('Origin',(-45.409399,-34.069401,0.));
#17694=CARTESIAN_POINT('',(-45.409399,-29.369401,0.));
#17695=CARTESIAN_POINT('Origin',(-45.409399,-29.819401,0.));
#17696=CARTESIAN_POINT('',(-32.709399,-37.869401,0.));
#17697=CARTESIAN_POINT('Origin',(-32.709399,-38.319401,0.));
#17698=CARTESIAN_POINT('',(-32.709399,-33.619401,0.));
#17699=CARTESIAN_POINT('Origin',(-32.709399,-34.069401,0.));
#17700=CARTESIAN_POINT('',(-24.999399,-30.839401,0.));
#17701=CARTESIAN_POINT('Origin',(-24.999399,-31.689401,0.));
#17702=CARTESIAN_POINT('',(-32.709399,-29.369401,0.));
#17703=CARTESIAN_POINT('Origin',(-32.709399,-29.819401,0.));
#17704=CARTESIAN_POINT('',(-23.729399,-28.399401,0.));
#17705=CARTESIAN_POINT('Origin',(-23.729399,-29.149401,0.));
#17706=CARTESIAN_POINT('',(-19.919399,-48.689401,0.));
#17707=CARTESIAN_POINT('Origin',(-19.919399,-50.689401,0.));
#17708=CARTESIAN_POINT('',(-14.839399,-49.839401,0.));
#17709=CARTESIAN_POINT('Origin',(-14.839399,-50.689401,0.));
#17710=CARTESIAN_POINT('',(-17.379399,-44.859401,0.));
#17711=CARTESIAN_POINT('Origin',(-17.379399,-45.609401,0.));
#17712=CARTESIAN_POINT('',(-5.899399,-49.839401,0.));
#17713=CARTESIAN_POINT('Origin',(-5.899399,-50.689401,0.));
#17714=CARTESIAN_POINT('',(-0.819399,-48.689401,0.));
#17715=CARTESIAN_POINT('Origin',(-0.819399,-50.689401,0.));
#17716=CARTESIAN_POINT('',(-4.629399,-47.399401,0.));
#17717=CARTESIAN_POINT('Origin',(-4.629399,-48.149401,0.));
#17718=CARTESIAN_POINT('',(-19.919399,-29.689401,0.));
#17719=CARTESIAN_POINT('Origin',(-19.919399,-31.689401,0.));
#17720=CARTESIAN_POINT('',(-14.839399,-30.839401,0.));
#17721=CARTESIAN_POINT('Origin',(-14.839399,-31.689401,0.));
#17722=CARTESIAN_POINT('',(-17.379399,-25.859401,0.));
#17723=CARTESIAN_POINT('Origin',(-17.379399,-26.609401,0.));
#17724=CARTESIAN_POINT('',(-5.899399,-30.839401,0.));
#17725=CARTESIAN_POINT('Origin',(-5.899399,-31.689401,0.));
#17726=CARTESIAN_POINT('',(-0.819399,-29.689401,0.));
#17727=CARTESIAN_POINT('Origin',(-0.819399,-31.689401,0.));
#17728=CARTESIAN_POINT('',(-4.629399,-28.399401,0.));
#17729=CARTESIAN_POINT('Origin',(-4.629399,-29.149401,0.));
#17730=CARTESIAN_POINT('',(-45.289399,-23.339401,0.));
#17731=CARTESIAN_POINT('Origin',(-45.289399,-23.789401,0.));
#17732=CARTESIAN_POINT('',(-45.389399,-18.539401,0.));
#17733=CARTESIAN_POINT('Origin',(-45.389399,-18.989401,0.));
#17734=CARTESIAN_POINT('',(-45.389399,-14.489401,0.));
#17735=CARTESIAN_POINT('Origin',(-45.389399,-14.939401,0.));
#17736=CARTESIAN_POINT('',(-45.389399,-10.239401,0.));
#17737=CARTESIAN_POINT('Origin',(-45.389399,-10.689401,0.));
#17738=CARTESIAN_POINT('',(-32.589399,-23.339401,0.));
#17739=CARTESIAN_POINT('Origin',(-32.589399,-23.789401,0.));
#17740=CARTESIAN_POINT('',(-33.679899,-21.910101,0.));
#17741=CARTESIAN_POINT('Origin',(-33.679899,-22.060101,0.));
#17742=CARTESIAN_POINT('',(-32.689399,-18.539401,0.));
#17743=CARTESIAN_POINT('Origin',(-32.689399,-18.989401,0.));
#17744=CARTESIAN_POINT('',(-32.689399,-14.489401,0.));
#17745=CARTESIAN_POINT('Origin',(-32.689399,-14.939401,0.));
#17746=CARTESIAN_POINT('',(-32.689399,-10.239401,0.));
#17747=CARTESIAN_POINT('Origin',(-32.689399,-10.689401,0.));
#17748=CARTESIAN_POINT('',(-24.999399,-11.839401,0.));
#17749=CARTESIAN_POINT('Origin',(-24.999399,-12.689401,0.));
#17750=CARTESIAN_POINT('',(-45.389399,-5.989401,0.));
#17751=CARTESIAN_POINT('Origin',(-45.389399,-6.439401,0.));
#17752=CARTESIAN_POINT('',(-45.389399,-1.739401,0.));
#17753=CARTESIAN_POINT('Origin',(-45.389399,-2.189401,0.));
#17754=CARTESIAN_POINT('',(-45.389399,2.510599,0.));
#17755=CARTESIAN_POINT('Origin',(-45.389399,2.060599,0.));
#17756=CARTESIAN_POINT('',(-31.033799,-7.624001,0.));
#17757=CARTESIAN_POINT('Origin',(-31.033799,-7.774001,0.));
#17758=CARTESIAN_POINT('',(-32.689399,-5.989401,0.));
#17759=CARTESIAN_POINT('Origin',(-32.689399,-6.439401,0.));
#17760=CARTESIAN_POINT('',(-23.729399,-9.399401,0.));
#17761=CARTESIAN_POINT('Origin',(-23.729399,-10.149401,0.));
#17762=CARTESIAN_POINT('',(-32.689399,-1.739401,0.));
#17763=CARTESIAN_POINT('Origin',(-32.689399,-2.189401,0.));
#17764=CARTESIAN_POINT('',(-32.689399,2.510599,0.));
#17765=CARTESIAN_POINT('Origin',(-32.689399,2.060599,0.));
#17766=CARTESIAN_POINT('',(-19.919399,-10.689401,0.));
#17767=CARTESIAN_POINT('Origin',(-19.919399,-12.689401,0.));
#17768=CARTESIAN_POINT('',(-14.839399,-11.839401,0.));
#17769=CARTESIAN_POINT('Origin',(-14.839399,-12.689401,0.));
#17770=CARTESIAN_POINT('',(-5.899399,-11.839401,0.));
#17771=CARTESIAN_POINT('Origin',(-5.899399,-12.689401,0.));
#17772=CARTESIAN_POINT('',(-0.819399,-10.689401,0.));
#17773=CARTESIAN_POINT('Origin',(-0.819399,-12.689401,0.));
#17774=CARTESIAN_POINT('',(-17.379399,-6.859401,0.));
#17775=CARTESIAN_POINT('Origin',(-17.379399,-7.609401,0.));
#17776=CARTESIAN_POINT('',(-4.629399,-9.399401,0.));
#17777=CARTESIAN_POINT('Origin',(-4.629399,-10.149401,0.));
#17778=CARTESIAN_POINT('',(-7.628799,2.210599,0.));
#17779=CARTESIAN_POINT('Origin',(-7.628799,2.060599,0.));
#17780=CARTESIAN_POINT('',(4.260601,-49.839401,0.));
#17781=CARTESIAN_POINT('Origin',(4.260601,-50.689401,0.));
#17782=CARTESIAN_POINT('',(1.720601,-44.859401,0.));
#17783=CARTESIAN_POINT('Origin',(1.720601,-45.609401,0.));
#17784=CARTESIAN_POINT('',(3.473601,-42.950201,0.));
#17785=CARTESIAN_POINT('Origin',(3.473601,-43.100201,0.));
#17786=CARTESIAN_POINT('',(13.200601,-49.839401,0.));
#17787=CARTESIAN_POINT('Origin',(13.200601,-50.689401,0.));
#17788=CARTESIAN_POINT('',(14.470601,-47.399401,0.));
#17789=CARTESIAN_POINT('Origin',(14.470601,-48.149401,0.));
#17790=CARTESIAN_POINT('',(18.280601,-48.689401,0.));
#17791=CARTESIAN_POINT('Origin',(18.280601,-50.689401,0.));
#17792=CARTESIAN_POINT('',(20.820601,-44.859401,0.));
#17793=CARTESIAN_POINT('Origin',(20.820601,-45.609401,0.));
#17794=CARTESIAN_POINT('',(4.260601,-30.839401,0.));
#17795=CARTESIAN_POINT('Origin',(4.260601,-31.689401,0.));
#17796=CARTESIAN_POINT('',(1.720601,-25.859401,0.));
#17797=CARTESIAN_POINT('Origin',(1.720601,-26.609401,0.));
#17798=CARTESIAN_POINT('',(13.200601,-30.839401,0.));
#17799=CARTESIAN_POINT('Origin',(13.200601,-31.689401,0.));
#17800=CARTESIAN_POINT('',(18.280601,-29.689401,0.));
#17801=CARTESIAN_POINT('Origin',(18.280601,-31.689401,0.));
#17802=CARTESIAN_POINT('',(14.470601,-28.399401,0.));
#17803=CARTESIAN_POINT('Origin',(14.470601,-29.149401,0.));
#17804=CARTESIAN_POINT('',(20.820601,-25.859401,0.));
#17805=CARTESIAN_POINT('Origin',(20.820601,-26.609401,0.));
#17806=CARTESIAN_POINT('',(23.360601,-49.839401,0.));
#17807=CARTESIAN_POINT('Origin',(23.360601,-50.689401,0.));
#17808=CARTESIAN_POINT('',(32.300601,-49.839401,0.));
#17809=CARTESIAN_POINT('Origin',(32.300601,-50.689401,0.));
#17810=CARTESIAN_POINT('',(33.570601,-47.399401,0.));
#17811=CARTESIAN_POINT('Origin',(33.570601,-48.149401,0.));
#17812=CARTESIAN_POINT('',(37.380601,-48.689401,0.));
#17813=CARTESIAN_POINT('Origin',(37.380601,-50.689401,0.));
#17814=CARTESIAN_POINT('',(42.460601,-49.839401,0.));
#17815=CARTESIAN_POINT('Origin',(42.460601,-50.689401,0.));
#17816=CARTESIAN_POINT('',(39.920601,-44.859401,0.));
#17817=CARTESIAN_POINT('Origin',(39.920601,-45.609401,0.));
#17818=CARTESIAN_POINT('',(23.360601,-30.839401,0.));
#17819=CARTESIAN_POINT('Origin',(23.360601,-31.689401,0.));
#17820=CARTESIAN_POINT('',(32.300601,-30.839401,0.));
#17821=CARTESIAN_POINT('Origin',(32.300601,-31.689401,0.));
#17822=CARTESIAN_POINT('',(33.570601,-28.399401,0.));
#17823=CARTESIAN_POINT('Origin',(33.570601,-29.149401,0.));
#17824=CARTESIAN_POINT('',(37.380601,-29.689401,0.));
#17825=CARTESIAN_POINT('Origin',(37.380601,-31.689401,0.));
#17826=CARTESIAN_POINT('',(42.460601,-30.839401,0.));
#17827=CARTESIAN_POINT('Origin',(42.460601,-31.689401,0.));
#17828=CARTESIAN_POINT('',(39.920601,-25.859401,0.));
#17829=CARTESIAN_POINT('Origin',(39.920601,-26.609401,0.));
#17830=CARTESIAN_POINT('',(4.260601,-11.839401,0.));
#17831=CARTESIAN_POINT('Origin',(4.260601,-12.689401,0.));
#17832=CARTESIAN_POINT('',(13.200601,-11.839401,0.));
#17833=CARTESIAN_POINT('Origin',(13.200601,-12.689401,0.));
#17834=CARTESIAN_POINT('',(18.280601,-10.689401,0.));
#17835=CARTESIAN_POINT('Origin',(18.280601,-12.689401,0.));
#17836=CARTESIAN_POINT('',(1.720601,-6.859401,0.));
#17837=CARTESIAN_POINT('Origin',(1.720601,-7.609401,0.));
#17838=CARTESIAN_POINT('',(8.953601,3.684499,0.));
#17839=CARTESIAN_POINT('Origin',(8.953601,3.534499,0.));
#17840=CARTESIAN_POINT('',(14.470601,-9.399401,0.));
#17841=CARTESIAN_POINT('Origin',(14.470601,-10.149401,0.));
#17842=CARTESIAN_POINT('',(20.820601,-6.859401,0.));
#17843=CARTESIAN_POINT('Origin',(20.820601,-7.609401,0.));
#17844=CARTESIAN_POINT('',(23.360601,-11.839401,0.));
#17845=CARTESIAN_POINT('Origin',(23.360601,-12.689401,0.));
#17846=CARTESIAN_POINT('',(32.300601,-11.839401,0.));
#17847=CARTESIAN_POINT('Origin',(32.300601,-12.689401,0.));
#17848=CARTESIAN_POINT('',(37.380601,-10.689401,0.));
#17849=CARTESIAN_POINT('Origin',(37.380601,-12.689401,0.));
#17850=CARTESIAN_POINT('',(42.460601,-11.839401,0.));
#17851=CARTESIAN_POINT('Origin',(42.460601,-12.689401,0.));
#17852=CARTESIAN_POINT('',(33.570601,-9.399401,0.));
#17853=CARTESIAN_POINT('Origin',(33.570601,-10.149401,0.));
#17854=CARTESIAN_POINT('',(39.920601,-6.859401,0.));
#17855=CARTESIAN_POINT('Origin',(39.920601,-7.609401,0.));
#17856=CARTESIAN_POINT('',(-45.389399,6.760599,0.));
#17857=CARTESIAN_POINT('Origin',(-45.389399,6.310599,0.));
#17858=CARTESIAN_POINT('',(-45.389399,12.460599,0.));
#17859=CARTESIAN_POINT('Origin',(-45.389399,12.010599,0.));
#17860=CARTESIAN_POINT('',(-45.389399,16.710599,0.));
#17861=CARTESIAN_POINT('Origin',(-45.389399,16.260599,0.));
#17862=CARTESIAN_POINT('',(-32.689399,6.760599,0.));
#17863=CARTESIAN_POINT('Origin',(-32.689399,6.310599,0.));
#17864=CARTESIAN_POINT('',(-24.999399,7.160599,0.));
#17865=CARTESIAN_POINT('Origin',(-24.999399,6.310599,0.));
#17866=CARTESIAN_POINT('',(-23.729399,9.600599,0.));
#17867=CARTESIAN_POINT('Origin',(-23.729399,8.850599,0.));
#17868=CARTESIAN_POINT('',(-32.689399,12.460599,0.));
#17869=CARTESIAN_POINT('Origin',(-32.689399,12.010599,0.));
#17870=CARTESIAN_POINT('',(-30.025199,11.814799,0.));
#17871=CARTESIAN_POINT('Origin',(-30.025199,11.664799,0.));
#17872=CARTESIAN_POINT('',(-32.689399,16.710599,0.));
#17873=CARTESIAN_POINT('Origin',(-32.689399,16.260599,0.));
#17874=CARTESIAN_POINT('',(-45.389399,20.960599,0.));
#17875=CARTESIAN_POINT('Origin',(-45.389399,20.510599,0.));
#17876=CARTESIAN_POINT('',(-45.389399,25.210599,0.));
#17877=CARTESIAN_POINT('Origin',(-45.389399,24.760599,0.));
#17878=CARTESIAN_POINT('',(-45.389399,29.460599,0.));
#17879=CARTESIAN_POINT('Origin',(-45.389399,29.010599,0.));
#17880=CARTESIAN_POINT('',(-32.689399,20.960599,0.));
#17881=CARTESIAN_POINT('Origin',(-32.689399,20.510599,0.));
#17882=CARTESIAN_POINT('',(-32.689399,25.210599,0.));
#17883=CARTESIAN_POINT('Origin',(-32.689399,24.760599,0.));
#17884=CARTESIAN_POINT('',(-32.689399,29.460599,0.));
#17885=CARTESIAN_POINT('Origin',(-32.689399,29.010599,0.));
#17886=CARTESIAN_POINT('',(-24.999399,26.160599,0.));
#17887=CARTESIAN_POINT('Origin',(-24.999399,25.310599,0.));
#17888=CARTESIAN_POINT('',(-23.729399,28.600599,0.));
#17889=CARTESIAN_POINT('Origin',(-23.729399,27.850599,0.));
#17890=CARTESIAN_POINT('',(-19.919399,8.310599,0.));
#17891=CARTESIAN_POINT('Origin',(-19.919399,6.310599,0.));
#17892=CARTESIAN_POINT('',(-14.839399,7.160599,0.));
#17893=CARTESIAN_POINT('Origin',(-14.839399,6.310599,0.));
#17894=CARTESIAN_POINT('',(-17.379399,12.140599,0.));
#17895=CARTESIAN_POINT('Origin',(-17.379399,11.390599,0.));
#17896=CARTESIAN_POINT('',(-5.899399,7.160599,0.));
#17897=CARTESIAN_POINT('Origin',(-5.899399,6.310599,0.));
#17898=CARTESIAN_POINT('',(-0.819399,8.310599,0.));
#17899=CARTESIAN_POINT('Origin',(-0.819399,6.310599,0.));
#17900=CARTESIAN_POINT('',(-4.629399,9.600599,0.));
#17901=CARTESIAN_POINT('Origin',(-4.629399,8.850599,0.));
#17902=CARTESIAN_POINT('',(-19.919399,27.310599,0.));
#17903=CARTESIAN_POINT('Origin',(-19.919399,25.310599,0.));
#17904=CARTESIAN_POINT('',(-17.379399,31.140599,0.));
#17905=CARTESIAN_POINT('Origin',(-17.379399,30.390599,0.));
#17906=CARTESIAN_POINT('',(-14.839399,26.160599,0.));
#17907=CARTESIAN_POINT('Origin',(-14.839399,25.310599,0.));
#17908=CARTESIAN_POINT('',(-5.899399,26.160599,0.));
#17909=CARTESIAN_POINT('Origin',(-5.899399,25.310599,0.));
#17910=CARTESIAN_POINT('',(-4.629399,28.600599,0.));
#17911=CARTESIAN_POINT('Origin',(-4.629399,27.850599,0.));
#17912=CARTESIAN_POINT('',(-0.819399,27.310599,0.));
#17913=CARTESIAN_POINT('Origin',(-0.819399,25.310599,0.));
#17914=CARTESIAN_POINT('',(-45.389399,33.710599,0.));
#17915=CARTESIAN_POINT('Origin',(-45.389399,33.260599,0.));
#17916=CARTESIAN_POINT('',(-32.689399,33.710599,0.));
#17917=CARTESIAN_POINT('Origin',(-32.689399,33.260599,0.));
#17918=CARTESIAN_POINT('',(-35.049999,47.149999,0.));
#17919=CARTESIAN_POINT('Origin',(-35.049999,46.999999,0.));
#17920=CARTESIAN_POINT('',(-44.249999,60.099999,0.));
#17921=CARTESIAN_POINT('Origin',(-44.249999,58.499999,0.));
#17922=CARTESIAN_POINT('',(-1.649399,41.950599,0.));
#17923=CARTESIAN_POINT('Origin',(-1.649399,40.680599,0.));
#17924=CARTESIAN_POINT('',(-14.449999,53.249999,0.));
#17925=CARTESIAN_POINT('Origin',(-14.449999,52.999999,0.));
#17926=CARTESIAN_POINT('',(-13.449999,53.249999,0.));
#17927=CARTESIAN_POINT('Origin',(-13.449999,52.999999,0.));
#17928=CARTESIAN_POINT('',(-12.449999,53.249999,0.));
#17929=CARTESIAN_POINT('Origin',(-12.449999,52.999999,0.));
#17930=CARTESIAN_POINT('',(-1.649399,59.730599,0.));
#17931=CARTESIAN_POINT('Origin',(-1.649399,58.460599,0.));
#17932=CARTESIAN_POINT('',(4.260601,7.160599,0.));
#17933=CARTESIAN_POINT('Origin',(4.260601,6.310599,0.));
#17934=CARTESIAN_POINT('',(1.720601,12.140599,0.));
#17935=CARTESIAN_POINT('Origin',(1.720601,11.390599,0.));
#17936=CARTESIAN_POINT('',(13.200601,7.160599,0.));
#17937=CARTESIAN_POINT('Origin',(13.200601,6.310599,0.));
#17938=CARTESIAN_POINT('',(14.470601,9.600599,0.));
#17939=CARTESIAN_POINT('Origin',(14.470601,8.850599,0.));
#17940=CARTESIAN_POINT('',(18.280601,8.310599,0.));
#17941=CARTESIAN_POINT('Origin',(18.280601,6.310599,0.));
#17942=CARTESIAN_POINT('',(20.820601,12.140599,0.));
#17943=CARTESIAN_POINT('Origin',(20.820601,11.390599,0.));
#17944=CARTESIAN_POINT('',(4.260601,26.160599,0.));
#17945=CARTESIAN_POINT('Origin',(4.260601,25.310599,0.));
#17946=CARTESIAN_POINT('',(1.720601,31.140599,0.));
#17947=CARTESIAN_POINT('Origin',(1.720601,30.390599,0.));
#17948=CARTESIAN_POINT('',(13.200601,26.160599,0.));
#17949=CARTESIAN_POINT('Origin',(13.200601,25.310599,0.));
#17950=CARTESIAN_POINT('',(14.470601,28.600599,0.));
#17951=CARTESIAN_POINT('Origin',(14.470601,27.850599,0.));
#17952=CARTESIAN_POINT('',(18.280601,27.310599,0.));
#17953=CARTESIAN_POINT('Origin',(18.280601,25.310599,0.));
#17954=CARTESIAN_POINT('',(20.820601,31.140599,0.));
#17955=CARTESIAN_POINT('Origin',(20.820601,30.390599,0.));
#17956=CARTESIAN_POINT('',(23.360601,7.160599,0.));
#17957=CARTESIAN_POINT('Origin',(23.360601,6.310599,0.));
#17958=CARTESIAN_POINT('',(32.300601,7.160599,0.));
#17959=CARTESIAN_POINT('Origin',(32.300601,6.310599,0.));
#17960=CARTESIAN_POINT('',(33.570601,9.600599,0.));
#17961=CARTESIAN_POINT('Origin',(33.570601,8.850599,0.));
#17962=CARTESIAN_POINT('',(37.380601,8.310599,0.));
#17963=CARTESIAN_POINT('Origin',(37.380601,6.310599,0.));
#17964=CARTESIAN_POINT('',(42.460601,7.160599,0.));
#17965=CARTESIAN_POINT('Origin',(42.460601,6.310599,0.));
#17966=CARTESIAN_POINT('',(39.920601,12.140599,0.));
#17967=CARTESIAN_POINT('Origin',(39.920601,11.390599,0.));
#17968=CARTESIAN_POINT('',(23.360601,26.160599,0.));
#17969=CARTESIAN_POINT('Origin',(23.360601,25.310599,0.));
#17970=CARTESIAN_POINT('',(32.300601,26.160599,0.));
#17971=CARTESIAN_POINT('Origin',(32.300601,25.310599,0.));
#17972=CARTESIAN_POINT('',(33.570601,28.600599,0.));
#17973=CARTESIAN_POINT('Origin',(33.570601,27.850599,0.));
#17974=CARTESIAN_POINT('',(37.380601,27.310599,0.));
#17975=CARTESIAN_POINT('Origin',(37.380601,25.310599,0.));
#17976=CARTESIAN_POINT('',(42.460601,26.160599,0.));
#17977=CARTESIAN_POINT('Origin',(42.460601,25.310599,0.));
#17978=CARTESIAN_POINT('',(39.920601,31.140599,0.));
#17979=CARTESIAN_POINT('Origin',(39.920601,30.390599,0.));
#17980=CARTESIAN_POINT('',(2.160601,39.910599,0.));
#17981=CARTESIAN_POINT('Origin',(2.160601,39.410599,0.));
#17982=CARTESIAN_POINT('',(4.700601,39.910599,0.));
#17983=CARTESIAN_POINT('Origin',(4.700601,39.410599,0.));
#17984=CARTESIAN_POINT('',(7.240601,39.910599,0.));
#17985=CARTESIAN_POINT('Origin',(7.240601,39.410599,0.));
#17986=CARTESIAN_POINT('',(9.780601,39.910599,0.));
#17987=CARTESIAN_POINT('Origin',(9.780601,39.410599,0.));
#17988=CARTESIAN_POINT('',(12.320601,39.910599,0.));
#17989=CARTESIAN_POINT('Origin',(12.320601,39.410599,0.));
#17990=CARTESIAN_POINT('',(14.860601,39.910599,0.));
#17991=CARTESIAN_POINT('Origin',(14.860601,39.410599,0.));
#17992=CARTESIAN_POINT('',(17.400601,39.910599,0.));
#17993=CARTESIAN_POINT('Origin',(17.400601,39.410599,0.));
#17994=CARTESIAN_POINT('',(19.940601,39.910599,0.));
#17995=CARTESIAN_POINT('Origin',(19.940601,39.410599,0.));
#17996=CARTESIAN_POINT('',(22.480601,39.910599,0.));
#17997=CARTESIAN_POINT('Origin',(22.480601,39.410599,0.));
#17998=CARTESIAN_POINT('',(12.320601,60.230599,0.));
#17999=CARTESIAN_POINT('Origin',(12.320601,59.730599,0.));
#18000=CARTESIAN_POINT('',(14.860601,60.230599,0.));
#18001=CARTESIAN_POINT('Origin',(14.860601,59.730599,0.));
#18002=CARTESIAN_POINT('',(17.400601,60.230599,0.));
#18003=CARTESIAN_POINT('Origin',(17.400601,59.730599,0.));
#18004=CARTESIAN_POINT('',(19.940601,60.230599,0.));
#18005=CARTESIAN_POINT('Origin',(19.940601,59.730599,0.));
#18006=CARTESIAN_POINT('',(22.480601,60.230599,0.));
#18007=CARTESIAN_POINT('Origin',(22.480601,59.730599,0.));
#18008=CARTESIAN_POINT('',(25.020601,39.910599,0.));
#18009=CARTESIAN_POINT('Origin',(25.020601,39.410599,0.));
#18010=CARTESIAN_POINT('',(27.560601,39.910599,0.));
#18011=CARTESIAN_POINT('Origin',(27.560601,39.410599,0.));
#18012=CARTESIAN_POINT('',(30.100601,39.910599,0.));
#18013=CARTESIAN_POINT('Origin',(30.100601,39.410599,0.));
#18014=CARTESIAN_POINT('',(32.640601,39.910599,0.));
#18015=CARTESIAN_POINT('Origin',(32.640601,39.410599,0.));
#18016=CARTESIAN_POINT('',(35.180601,39.910599,0.));
#18017=CARTESIAN_POINT('Origin',(35.180601,39.410599,0.));
#18018=CARTESIAN_POINT('',(37.720601,39.910599,0.));
#18019=CARTESIAN_POINT('Origin',(37.720601,39.410599,0.));
#18020=CARTESIAN_POINT('',(40.260601,39.910599,0.));
#18021=CARTESIAN_POINT('Origin',(40.260601,39.410599,0.));
#18022=CARTESIAN_POINT('',(44.070601,41.950599,0.));
#18023=CARTESIAN_POINT('Origin',(44.070601,40.680599,0.));
#18024=CARTESIAN_POINT('',(25.020601,60.230599,0.));
#18025=CARTESIAN_POINT('Origin',(25.020601,59.730599,0.));
#18026=CARTESIAN_POINT('',(27.560601,60.230599,0.));
#18027=CARTESIAN_POINT('Origin',(27.560601,59.730599,0.));
#18028=CARTESIAN_POINT('',(30.100601,60.230599,0.));
#18029=CARTESIAN_POINT('Origin',(30.100601,59.730599,0.));
#18030=CARTESIAN_POINT('',(32.640601,60.230599,0.));
#18031=CARTESIAN_POINT('Origin',(32.640601,59.730599,0.));
#18032=CARTESIAN_POINT('',(35.180601,60.230599,0.));
#18033=CARTESIAN_POINT('Origin',(35.180601,59.730599,0.));
#18034=CARTESIAN_POINT('',(37.720601,60.230599,0.));
#18035=CARTESIAN_POINT('Origin',(37.720601,59.730599,0.));
#18036=CARTESIAN_POINT('',(40.260601,60.230599,0.));
#18037=CARTESIAN_POINT('Origin',(40.260601,59.730599,0.));
#18038=CARTESIAN_POINT('',(44.070601,59.730599,0.));
#18039=CARTESIAN_POINT('Origin',(44.070601,58.460599,0.));
#18040=CARTESIAN_POINT('Origin',(0.,0.,1.51));
#18041=CARTESIAN_POINT('',(-50.949999,65.,1.51));
#18042=CARTESIAN_POINT('',(-45.409399,-50.619401,1.51));
#18043=CARTESIAN_POINT('Origin',(-45.409399,-51.069401,1.51));
#18044=CARTESIAN_POINT('',(-45.409399,-46.369401,1.51));
#18045=CARTESIAN_POINT('Origin',(-45.409399,-46.819401,1.51));
#18046=CARTESIAN_POINT('',(-45.409399,-42.119401,1.51));
#18047=CARTESIAN_POINT('Origin',(-45.409399,-42.569401,1.51));
#18048=CARTESIAN_POINT('',(-32.709399,-50.619401,1.51));
#18049=CARTESIAN_POINT('Origin',(-32.709399,-51.069401,1.51));
#18050=CARTESIAN_POINT('',(-32.709399,-46.369401,1.51));
#18051=CARTESIAN_POINT('Origin',(-32.709399,-46.819401,1.51));
#18052=CARTESIAN_POINT('',(-24.999399,-49.839401,1.51));
#18053=CARTESIAN_POINT('Origin',(-24.999399,-50.689401,1.51));
#18054=CARTESIAN_POINT('',(-23.729399,-47.399401,1.51));
#18055=CARTESIAN_POINT('Origin',(-23.729399,-48.149401,1.51));
#18056=CARTESIAN_POINT('',(-32.709399,-42.119401,1.51));
#18057=CARTESIAN_POINT('Origin',(-32.709399,-42.569401,1.51));
#18058=CARTESIAN_POINT('',(-29.968399,-43.662101,1.51));
#18059=CARTESIAN_POINT('Origin',(-29.968399,-43.812101,1.51));
#18060=CARTESIAN_POINT('',(-45.409399,-37.869401,1.51));
#18061=CARTESIAN_POINT('Origin',(-45.409399,-38.319401,1.51));
#18062=CARTESIAN_POINT('',(-45.409399,-33.619401,1.51));
#18063=CARTESIAN_POINT('Origin',(-45.409399,-34.069401,1.51));
#18064=CARTESIAN_POINT('',(-45.409399,-29.369401,1.51));
#18065=CARTESIAN_POINT('Origin',(-45.409399,-29.819401,1.51));
#18066=CARTESIAN_POINT('',(-32.709399,-37.869401,1.51));
#18067=CARTESIAN_POINT('Origin',(-32.709399,-38.319401,1.51));
#18068=CARTESIAN_POINT('',(-32.709399,-33.619401,1.51));
#18069=CARTESIAN_POINT('Origin',(-32.709399,-34.069401,1.51));
#18070=CARTESIAN_POINT('',(-24.999399,-30.839401,1.51));
#18071=CARTESIAN_POINT('Origin',(-24.999399,-31.689401,1.51));
#18072=CARTESIAN_POINT('',(-32.709399,-29.369401,1.51));
#18073=CARTESIAN_POINT('Origin',(-32.709399,-29.819401,1.51));
#18074=CARTESIAN_POINT('',(-23.729399,-28.399401,1.51));
#18075=CARTESIAN_POINT('Origin',(-23.729399,-29.149401,1.51));
#18076=CARTESIAN_POINT('',(-19.919399,-48.689401,1.51));
#18077=CARTESIAN_POINT('Origin',(-19.919399,-50.689401,1.51));
#18078=CARTESIAN_POINT('',(-14.839399,-49.839401,1.51));
#18079=CARTESIAN_POINT('Origin',(-14.839399,-50.689401,1.51));
#18080=CARTESIAN_POINT('',(-17.379399,-44.859401,1.51));
#18081=CARTESIAN_POINT('Origin',(-17.379399,-45.609401,1.51));
#18082=CARTESIAN_POINT('',(-5.899399,-49.839401,1.51));
#18083=CARTESIAN_POINT('Origin',(-5.899399,-50.689401,1.51));
#18084=CARTESIAN_POINT('',(-0.819399,-48.689401,1.51));
#18085=CARTESIAN_POINT('Origin',(-0.819399,-50.689401,1.51));
#18086=CARTESIAN_POINT('',(-4.629399,-47.399401,1.51));
#18087=CARTESIAN_POINT('Origin',(-4.629399,-48.149401,1.51));
#18088=CARTESIAN_POINT('',(-19.919399,-29.689401,1.51));
#18089=CARTESIAN_POINT('Origin',(-19.919399,-31.689401,1.51));
#18090=CARTESIAN_POINT('',(-14.839399,-30.839401,1.51));
#18091=CARTESIAN_POINT('Origin',(-14.839399,-31.689401,1.51));
#18092=CARTESIAN_POINT('',(-17.379399,-25.859401,1.51));
#18093=CARTESIAN_POINT('Origin',(-17.379399,-26.609401,1.51));
#18094=CARTESIAN_POINT('',(-5.899399,-30.839401,1.51));
#18095=CARTESIAN_POINT('Origin',(-5.899399,-31.689401,1.51));
#18096=CARTESIAN_POINT('',(-0.819399,-29.689401,1.51));
#18097=CARTESIAN_POINT('Origin',(-0.819399,-31.689401,1.51));
#18098=CARTESIAN_POINT('',(-4.629399,-28.399401,1.51));
#18099=CARTESIAN_POINT('Origin',(-4.629399,-29.149401,1.51));
#18100=CARTESIAN_POINT('',(-45.289399,-23.339401,1.51));
#18101=CARTESIAN_POINT('Origin',(-45.289399,-23.789401,1.51));
#18102=CARTESIAN_POINT('',(-45.389399,-18.539401,1.51));
#18103=CARTESIAN_POINT('Origin',(-45.389399,-18.989401,1.51));
#18104=CARTESIAN_POINT('',(-45.389399,-14.489401,1.51));
#18105=CARTESIAN_POINT('Origin',(-45.389399,-14.939401,1.51));
#18106=CARTESIAN_POINT('',(-45.389399,-10.239401,1.51));
#18107=CARTESIAN_POINT('Origin',(-45.389399,-10.689401,1.51));
#18108=CARTESIAN_POINT('',(-32.589399,-23.339401,1.51));
#18109=CARTESIAN_POINT('Origin',(-32.589399,-23.789401,1.51));
#18110=CARTESIAN_POINT('',(-33.679899,-21.910101,1.51));
#18111=CARTESIAN_POINT('Origin',(-33.679899,-22.060101,1.51));
#18112=CARTESIAN_POINT('',(-32.689399,-18.539401,1.51));
#18113=CARTESIAN_POINT('Origin',(-32.689399,-18.989401,1.51));
#18114=CARTESIAN_POINT('',(-32.689399,-14.489401,1.51));
#18115=CARTESIAN_POINT('Origin',(-32.689399,-14.939401,1.51));
#18116=CARTESIAN_POINT('',(-32.689399,-10.239401,1.51));
#18117=CARTESIAN_POINT('Origin',(-32.689399,-10.689401,1.51));
#18118=CARTESIAN_POINT('',(-24.999399,-11.839401,1.51));
#18119=CARTESIAN_POINT('Origin',(-24.999399,-12.689401,1.51));
#18120=CARTESIAN_POINT('',(-45.389399,-5.989401,1.51));
#18121=CARTESIAN_POINT('Origin',(-45.389399,-6.439401,1.51));
#18122=CARTESIAN_POINT('',(-45.389399,-1.739401,1.51));
#18123=CARTESIAN_POINT('Origin',(-45.389399,-2.189401,1.51));
#18124=CARTESIAN_POINT('',(-45.389399,2.510599,1.51));
#18125=CARTESIAN_POINT('Origin',(-45.389399,2.060599,1.51));
#18126=CARTESIAN_POINT('',(-31.033799,-7.624001,1.51));
#18127=CARTESIAN_POINT('Origin',(-31.033799,-7.774001,1.51));
#18128=CARTESIAN_POINT('',(-32.689399,-5.989401,1.51));
#18129=CARTESIAN_POINT('Origin',(-32.689399,-6.439401,1.51));
#18130=CARTESIAN_POINT('',(-23.729399,-9.399401,1.51));
#18131=CARTESIAN_POINT('Origin',(-23.729399,-10.149401,1.51));
#18132=CARTESIAN_POINT('',(-32.689399,-1.739401,1.51));
#18133=CARTESIAN_POINT('Origin',(-32.689399,-2.189401,1.51));
#18134=CARTESIAN_POINT('',(-32.689399,2.510599,1.51));
#18135=CARTESIAN_POINT('Origin',(-32.689399,2.060599,1.51));
#18136=CARTESIAN_POINT('',(-19.919399,-10.689401,1.51));
#18137=CARTESIAN_POINT('Origin',(-19.919399,-12.689401,1.51));
#18138=CARTESIAN_POINT('',(-14.839399,-11.839401,1.51));
#18139=CARTESIAN_POINT('Origin',(-14.839399,-12.689401,1.51));
#18140=CARTESIAN_POINT('',(-5.899399,-11.839401,1.51));
#18141=CARTESIAN_POINT('Origin',(-5.899399,-12.689401,1.51));
#18142=CARTESIAN_POINT('',(-0.819399,-10.689401,1.51));
#18143=CARTESIAN_POINT('Origin',(-0.819399,-12.689401,1.51));
#18144=CARTESIAN_POINT('',(-17.379399,-6.859401,1.51));
#18145=CARTESIAN_POINT('Origin',(-17.379399,-7.609401,1.51));
#18146=CARTESIAN_POINT('',(-4.629399,-9.399401,1.51));
#18147=CARTESIAN_POINT('Origin',(-4.629399,-10.149401,1.51));
#18148=CARTESIAN_POINT('',(-7.628799,2.210599,1.51));
#18149=CARTESIAN_POINT('Origin',(-7.628799,2.060599,1.51));
#18150=CARTESIAN_POINT('',(4.260601,-49.839401,1.51));
#18151=CARTESIAN_POINT('Origin',(4.260601,-50.689401,1.51));
#18152=CARTESIAN_POINT('',(1.720601,-44.859401,1.51));
#18153=CARTESIAN_POINT('Origin',(1.720601,-45.609401,1.51));
#18154=CARTESIAN_POINT('',(3.473601,-42.950201,1.51));
#18155=CARTESIAN_POINT('Origin',(3.473601,-43.100201,1.51));
#18156=CARTESIAN_POINT('',(13.200601,-49.839401,1.51));
#18157=CARTESIAN_POINT('Origin',(13.200601,-50.689401,1.51));
#18158=CARTESIAN_POINT('',(14.470601,-47.399401,1.51));
#18159=CARTESIAN_POINT('Origin',(14.470601,-48.149401,1.51));
#18160=CARTESIAN_POINT('',(18.280601,-48.689401,1.51));
#18161=CARTESIAN_POINT('Origin',(18.280601,-50.689401,1.51));
#18162=CARTESIAN_POINT('',(20.820601,-44.859401,1.51));
#18163=CARTESIAN_POINT('Origin',(20.820601,-45.609401,1.51));
#18164=CARTESIAN_POINT('',(4.260601,-30.839401,1.51));
#18165=CARTESIAN_POINT('Origin',(4.260601,-31.689401,1.51));
#18166=CARTESIAN_POINT('',(1.720601,-25.859401,1.51));
#18167=CARTESIAN_POINT('Origin',(1.720601,-26.609401,1.51));
#18168=CARTESIAN_POINT('',(13.200601,-30.839401,1.51));
#18169=CARTESIAN_POINT('Origin',(13.200601,-31.689401,1.51));
#18170=CARTESIAN_POINT('',(18.280601,-29.689401,1.51));
#18171=CARTESIAN_POINT('Origin',(18.280601,-31.689401,1.51));
#18172=CARTESIAN_POINT('',(14.470601,-28.399401,1.51));
#18173=CARTESIAN_POINT('Origin',(14.470601,-29.149401,1.51));
#18174=CARTESIAN_POINT('',(20.820601,-25.859401,1.51));
#18175=CARTESIAN_POINT('Origin',(20.820601,-26.609401,1.51));
#18176=CARTESIAN_POINT('',(23.360601,-49.839401,1.51));
#18177=CARTESIAN_POINT('Origin',(23.360601,-50.689401,1.51));
#18178=CARTESIAN_POINT('',(32.300601,-49.839401,1.51));
#18179=CARTESIAN_POINT('Origin',(32.300601,-50.689401,1.51));
#18180=CARTESIAN_POINT('',(33.570601,-47.399401,1.51));
#18181=CARTESIAN_POINT('Origin',(33.570601,-48.149401,1.51));
#18182=CARTESIAN_POINT('',(37.380601,-48.689401,1.51));
#18183=CARTESIAN_POINT('Origin',(37.380601,-50.689401,1.51));
#18184=CARTESIAN_POINT('',(42.460601,-49.839401,1.51));
#18185=CARTESIAN_POINT('Origin',(42.460601,-50.689401,1.51));
#18186=CARTESIAN_POINT('',(39.920601,-44.859401,1.51));
#18187=CARTESIAN_POINT('Origin',(39.920601,-45.609401,1.51));
#18188=CARTESIAN_POINT('',(23.360601,-30.839401,1.51));
#18189=CARTESIAN_POINT('Origin',(23.360601,-31.689401,1.51));
#18190=CARTESIAN_POINT('',(32.300601,-30.839401,1.51));
#18191=CARTESIAN_POINT('Origin',(32.300601,-31.689401,1.51));
#18192=CARTESIAN_POINT('',(33.570601,-28.399401,1.51));
#18193=CARTESIAN_POINT('Origin',(33.570601,-29.149401,1.51));
#18194=CARTESIAN_POINT('',(37.380601,-29.689401,1.51));
#18195=CARTESIAN_POINT('Origin',(37.380601,-31.689401,1.51));
#18196=CARTESIAN_POINT('',(42.460601,-30.839401,1.51));
#18197=CARTESIAN_POINT('Origin',(42.460601,-31.689401,1.51));
#18198=CARTESIAN_POINT('',(39.920601,-25.859401,1.51));
#18199=CARTESIAN_POINT('Origin',(39.920601,-26.609401,1.51));
#18200=CARTESIAN_POINT('',(4.260601,-11.839401,1.51));
#18201=CARTESIAN_POINT('Origin',(4.260601,-12.689401,1.51));
#18202=CARTESIAN_POINT('',(13.200601,-11.839401,1.51));
#18203=CARTESIAN_POINT('Origin',(13.200601,-12.689401,1.51));
#18204=CARTESIAN_POINT('',(18.280601,-10.689401,1.51));
#18205=CARTESIAN_POINT('Origin',(18.280601,-12.689401,1.51));
#18206=CARTESIAN_POINT('',(1.720601,-6.859401,1.51));
#18207=CARTESIAN_POINT('Origin',(1.720601,-7.609401,1.51));
#18208=CARTESIAN_POINT('',(8.953601,3.684499,1.51));
#18209=CARTESIAN_POINT('Origin',(8.953601,3.534499,1.51));
#18210=CARTESIAN_POINT('',(14.470601,-9.399401,1.51));
#18211=CARTESIAN_POINT('Origin',(14.470601,-10.149401,1.51));
#18212=CARTESIAN_POINT('',(20.820601,-6.859401,1.51));
#18213=CARTESIAN_POINT('Origin',(20.820601,-7.609401,1.51));
#18214=CARTESIAN_POINT('',(23.360601,-11.839401,1.51));
#18215=CARTESIAN_POINT('Origin',(23.360601,-12.689401,1.51));
#18216=CARTESIAN_POINT('',(32.300601,-11.839401,1.51));
#18217=CARTESIAN_POINT('Origin',(32.300601,-12.689401,1.51));
#18218=CARTESIAN_POINT('',(37.380601,-10.689401,1.51));
#18219=CARTESIAN_POINT('Origin',(37.380601,-12.689401,1.51));
#18220=CARTESIAN_POINT('',(42.460601,-11.839401,1.51));
#18221=CARTESIAN_POINT('Origin',(42.460601,-12.689401,1.51));
#18222=CARTESIAN_POINT('',(33.570601,-9.399401,1.51));
#18223=CARTESIAN_POINT('Origin',(33.570601,-10.149401,1.51));
#18224=CARTESIAN_POINT('',(39.920601,-6.859401,1.51));
#18225=CARTESIAN_POINT('Origin',(39.920601,-7.609401,1.51));
#18226=CARTESIAN_POINT('',(-45.389399,6.760599,1.51));
#18227=CARTESIAN_POINT('Origin',(-45.389399,6.310599,1.51));
#18228=CARTESIAN_POINT('',(-45.389399,12.460599,1.51));
#18229=CARTESIAN_POINT('Origin',(-45.389399,12.010599,1.51));
#18230=CARTESIAN_POINT('',(-45.389399,16.710599,1.51));
#18231=CARTESIAN_POINT('Origin',(-45.389399,16.260599,1.51));
#18232=CARTESIAN_POINT('',(-32.689399,6.760599,1.51));
#18233=CARTESIAN_POINT('Origin',(-32.689399,6.310599,1.51));
#18234=CARTESIAN_POINT('',(-24.999399,7.160599,1.51));
#18235=CARTESIAN_POINT('Origin',(-24.999399,6.310599,1.51));
#18236=CARTESIAN_POINT('',(-23.729399,9.600599,1.51));
#18237=CARTESIAN_POINT('Origin',(-23.729399,8.850599,1.51));
#18238=CARTESIAN_POINT('',(-32.689399,12.460599,1.51));
#18239=CARTESIAN_POINT('Origin',(-32.689399,12.010599,1.51));
#18240=CARTESIAN_POINT('',(-30.025199,11.814799,1.51));
#18241=CARTESIAN_POINT('Origin',(-30.025199,11.664799,1.51));
#18242=CARTESIAN_POINT('',(-32.689399,16.710599,1.51));
#18243=CARTESIAN_POINT('Origin',(-32.689399,16.260599,1.51));
#18244=CARTESIAN_POINT('',(-45.389399,20.960599,1.51));
#18245=CARTESIAN_POINT('Origin',(-45.389399,20.510599,1.51));
#18246=CARTESIAN_POINT('',(-45.389399,25.210599,1.51));
#18247=CARTESIAN_POINT('Origin',(-45.389399,24.760599,1.51));
#18248=CARTESIAN_POINT('',(-45.389399,29.460599,1.51));
#18249=CARTESIAN_POINT('Origin',(-45.389399,29.010599,1.51));
#18250=CARTESIAN_POINT('',(-32.689399,20.960599,1.51));
#18251=CARTESIAN_POINT('Origin',(-32.689399,20.510599,1.51));
#18252=CARTESIAN_POINT('',(-32.689399,25.210599,1.51));
#18253=CARTESIAN_POINT('Origin',(-32.689399,24.760599,1.51));
#18254=CARTESIAN_POINT('',(-32.689399,29.460599,1.51));
#18255=CARTESIAN_POINT('Origin',(-32.689399,29.010599,1.51));
#18256=CARTESIAN_POINT('',(-24.999399,26.160599,1.51));
#18257=CARTESIAN_POINT('Origin',(-24.999399,25.310599,1.51));
#18258=CARTESIAN_POINT('',(-23.729399,28.600599,1.51));
#18259=CARTESIAN_POINT('Origin',(-23.729399,27.850599,1.51));
#18260=CARTESIAN_POINT('',(-19.919399,8.310599,1.51));
#18261=CARTESIAN_POINT('Origin',(-19.919399,6.310599,1.51));
#18262=CARTESIAN_POINT('',(-14.839399,7.160599,1.51));
#18263=CARTESIAN_POINT('Origin',(-14.839399,6.310599,1.51));
#18264=CARTESIAN_POINT('',(-17.379399,12.140599,1.51));
#18265=CARTESIAN_POINT('Origin',(-17.379399,11.390599,1.51));
#18266=CARTESIAN_POINT('',(-5.899399,7.160599,1.51));
#18267=CARTESIAN_POINT('Origin',(-5.899399,6.310599,1.51));
#18268=CARTESIAN_POINT('',(-0.819399,8.310599,1.51));
#18269=CARTESIAN_POINT('Origin',(-0.819399,6.310599,1.51));
#18270=CARTESIAN_POINT('',(-4.629399,9.600599,1.51));
#18271=CARTESIAN_POINT('Origin',(-4.629399,8.850599,1.51));
#18272=CARTESIAN_POINT('',(-19.919399,27.310599,1.51));
#18273=CARTESIAN_POINT('Origin',(-19.919399,25.310599,1.51));
#18274=CARTESIAN_POINT('',(-17.379399,31.140599,1.51));
#18275=CARTESIAN_POINT('Origin',(-17.379399,30.390599,1.51));
#18276=CARTESIAN_POINT('',(-14.839399,26.160599,1.51));
#18277=CARTESIAN_POINT('Origin',(-14.839399,25.310599,1.51));
#18278=CARTESIAN_POINT('',(-5.899399,26.160599,1.51));
#18279=CARTESIAN_POINT('Origin',(-5.899399,25.310599,1.51));
#18280=CARTESIAN_POINT('',(-4.629399,28.600599,1.51));
#18281=CARTESIAN_POINT('Origin',(-4.629399,27.850599,1.51));
#18282=CARTESIAN_POINT('',(-0.819399,27.310599,1.51));
#18283=CARTESIAN_POINT('Origin',(-0.819399,25.310599,1.51));
#18284=CARTESIAN_POINT('',(-45.389399,33.710599,1.51));
#18285=CARTESIAN_POINT('Origin',(-45.389399,33.260599,1.51));
#18286=CARTESIAN_POINT('',(-32.689399,33.710599,1.51));
#18287=CARTESIAN_POINT('Origin',(-32.689399,33.260599,1.51));
#18288=CARTESIAN_POINT('',(-35.049999,47.149999,1.51));
#18289=CARTESIAN_POINT('Origin',(-35.049999,46.999999,1.51));
#18290=CARTESIAN_POINT('',(-44.249999,60.099999,1.51));
#18291=CARTESIAN_POINT('Origin',(-44.249999,58.499999,1.51));
#18292=CARTESIAN_POINT('',(-1.649399,41.950599,1.51));
#18293=CARTESIAN_POINT('Origin',(-1.649399,40.680599,1.51));
#18294=CARTESIAN_POINT('',(-14.449999,53.249999,1.51));
#18295=CARTESIAN_POINT('Origin',(-14.449999,52.999999,1.51));
#18296=CARTESIAN_POINT('',(-13.449999,53.249999,1.51));
#18297=CARTESIAN_POINT('Origin',(-13.449999,52.999999,1.51));
#18298=CARTESIAN_POINT('',(-12.449999,53.249999,1.51));
#18299=CARTESIAN_POINT('Origin',(-12.449999,52.999999,1.51));
#18300=CARTESIAN_POINT('',(-1.649399,59.730599,1.51));
#18301=CARTESIAN_POINT('Origin',(-1.649399,58.460599,1.51));
#18302=CARTESIAN_POINT('',(4.260601,7.160599,1.51));
#18303=CARTESIAN_POINT('Origin',(4.260601,6.310599,1.51));
#18304=CARTESIAN_POINT('',(1.720601,12.140599,1.51));
#18305=CARTESIAN_POINT('Origin',(1.720601,11.390599,1.51));
#18306=CARTESIAN_POINT('',(13.200601,7.160599,1.51));
#18307=CARTESIAN_POINT('Origin',(13.200601,6.310599,1.51));
#18308=CARTESIAN_POINT('',(14.470601,9.600599,1.51));
#18309=CARTESIAN_POINT('Origin',(14.470601,8.850599,1.51));
#18310=CARTESIAN_POINT('',(18.280601,8.310599,1.51));
#18311=CARTESIAN_POINT('Origin',(18.280601,6.310599,1.51));
#18312=CARTESIAN_POINT('',(20.820601,12.140599,1.51));
#18313=CARTESIAN_POINT('Origin',(20.820601,11.390599,1.51));
#18314=CARTESIAN_POINT('',(4.260601,26.160599,1.51));
#18315=CARTESIAN_POINT('Origin',(4.260601,25.310599,1.51));
#18316=CARTESIAN_POINT('',(1.720601,31.140599,1.51));
#18317=CARTESIAN_POINT('Origin',(1.720601,30.390599,1.51));
#18318=CARTESIAN_POINT('',(13.200601,26.160599,1.51));
#18319=CARTESIAN_POINT('Origin',(13.200601,25.310599,1.51));
#18320=CARTESIAN_POINT('',(14.470601,28.600599,1.51));
#18321=CARTESIAN_POINT('Origin',(14.470601,27.850599,1.51));
#18322=CARTESIAN_POINT('',(18.280601,27.310599,1.51));
#18323=CARTESIAN_POINT('Origin',(18.280601,25.310599,1.51));
#18324=CARTESIAN_POINT('',(20.820601,31.140599,1.51));
#18325=CARTESIAN_POINT('Origin',(20.820601,30.390599,1.51));
#18326=CARTESIAN_POINT('',(23.360601,7.160599,1.51));
#18327=CARTESIAN_POINT('Origin',(23.360601,6.310599,1.51));
#18328=CARTESIAN_POINT('',(32.300601,7.160599,1.51));
#18329=CARTESIAN_POINT('Origin',(32.300601,6.310599,1.51));
#18330=CARTESIAN_POINT('',(33.570601,9.600599,1.51));
#18331=CARTESIAN_POINT('Origin',(33.570601,8.850599,1.51));
#18332=CARTESIAN_POINT('',(37.380601,8.310599,1.51));
#18333=CARTESIAN_POINT('Origin',(37.380601,6.310599,1.51));
#18334=CARTESIAN_POINT('',(42.460601,7.160599,1.51));
#18335=CARTESIAN_POINT('Origin',(42.460601,6.310599,1.51));
#18336=CARTESIAN_POINT('',(39.920601,12.140599,1.51));
#18337=CARTESIAN_POINT('Origin',(39.920601,11.390599,1.51));
#18338=CARTESIAN_POINT('',(23.360601,26.160599,1.51));
#18339=CARTESIAN_POINT('Origin',(23.360601,25.310599,1.51));
#18340=CARTESIAN_POINT('',(32.300601,26.160599,1.51));
#18341=CARTESIAN_POINT('Origin',(32.300601,25.310599,1.51));
#18342=CARTESIAN_POINT('',(33.570601,28.600599,1.51));
#18343=CARTESIAN_POINT('Origin',(33.570601,27.850599,1.51));
#18344=CARTESIAN_POINT('',(37.380601,27.310599,1.51));
#18345=CARTESIAN_POINT('Origin',(37.380601,25.310599,1.51));
#18346=CARTESIAN_POINT('',(42.460601,26.160599,1.51));
#18347=CARTESIAN_POINT('Origin',(42.460601,25.310599,1.51));
#18348=CARTESIAN_POINT('',(39.920601,31.140599,1.51));
#18349=CARTESIAN_POINT('Origin',(39.920601,30.390599,1.51));
#18350=CARTESIAN_POINT('',(2.160601,39.910599,1.51));
#18351=CARTESIAN_POINT('Origin',(2.160601,39.410599,1.51));
#18352=CARTESIAN_POINT('',(4.700601,39.910599,1.51));
#18353=CARTESIAN_POINT('Origin',(4.700601,39.410599,1.51));
#18354=CARTESIAN_POINT('',(7.240601,39.910599,1.51));
#18355=CARTESIAN_POINT('Origin',(7.240601,39.410599,1.51));
#18356=CARTESIAN_POINT('',(9.780601,39.910599,1.51));
#18357=CARTESIAN_POINT('Origin',(9.780601,39.410599,1.51));
#18358=CARTESIAN_POINT('',(12.320601,39.910599,1.51));
#18359=CARTESIAN_POINT('Origin',(12.320601,39.410599,1.51));
#18360=CARTESIAN_POINT('',(14.860601,39.910599,1.51));
#18361=CARTESIAN_POINT('Origin',(14.860601,39.410599,1.51));
#18362=CARTESIAN_POINT('',(17.400601,39.910599,1.51));
#18363=CARTESIAN_POINT('Origin',(17.400601,39.410599,1.51));
#18364=CARTESIAN_POINT('',(19.940601,39.910599,1.51));
#18365=CARTESIAN_POINT('Origin',(19.940601,39.410599,1.51));
#18366=CARTESIAN_POINT('',(22.480601,39.910599,1.51));
#18367=CARTESIAN_POINT('Origin',(22.480601,39.410599,1.51));
#18368=CARTESIAN_POINT('',(12.320601,60.230599,1.51));
#18369=CARTESIAN_POINT('Origin',(12.320601,59.730599,1.51));
#18370=CARTESIAN_POINT('',(14.860601,60.230599,1.51));
#18371=CARTESIAN_POINT('Origin',(14.860601,59.730599,1.51));
#18372=CARTESIAN_POINT('',(17.400601,60.230599,1.51));
#18373=CARTESIAN_POINT('Origin',(17.400601,59.730599,1.51));
#18374=CARTESIAN_POINT('',(19.940601,60.230599,1.51));
#18375=CARTESIAN_POINT('Origin',(19.940601,59.730599,1.51));
#18376=CARTESIAN_POINT('',(22.480601,60.230599,1.51));
#18377=CARTESIAN_POINT('Origin',(22.480601,59.730599,1.51));
#18378=CARTESIAN_POINT('',(25.020601,39.910599,1.51));
#18379=CARTESIAN_POINT('Origin',(25.020601,39.410599,1.51));
#18380=CARTESIAN_POINT('',(27.560601,39.910599,1.51));
#18381=CARTESIAN_POINT('Origin',(27.560601,39.410599,1.51));
#18382=CARTESIAN_POINT('',(30.100601,39.910599,1.51));
#18383=CARTESIAN_POINT('Origin',(30.100601,39.410599,1.51));
#18384=CARTESIAN_POINT('',(32.640601,39.910599,1.51));
#18385=CARTESIAN_POINT('Origin',(32.640601,39.410599,1.51));
#18386=CARTESIAN_POINT('',(35.180601,39.910599,1.51));
#18387=CARTESIAN_POINT('Origin',(35.180601,39.410599,1.51));
#18388=CARTESIAN_POINT('',(37.720601,39.910599,1.51));
#18389=CARTESIAN_POINT('Origin',(37.720601,39.410599,1.51));
#18390=CARTESIAN_POINT('',(40.260601,39.910599,1.51));
#18391=CARTESIAN_POINT('Origin',(40.260601,39.410599,1.51));
#18392=CARTESIAN_POINT('',(44.070601,41.950599,1.51));
#18393=CARTESIAN_POINT('Origin',(44.070601,40.680599,1.51));
#18394=CARTESIAN_POINT('',(25.020601,60.230599,1.51));
#18395=CARTESIAN_POINT('Origin',(25.020601,59.730599,1.51));
#18396=CARTESIAN_POINT('',(27.560601,60.230599,1.51));
#18397=CARTESIAN_POINT('Origin',(27.560601,59.730599,1.51));
#18398=CARTESIAN_POINT('',(30.100601,60.230599,1.51));
#18399=CARTESIAN_POINT('Origin',(30.100601,59.730599,1.51));
#18400=CARTESIAN_POINT('',(32.640601,60.230599,1.51));
#18401=CARTESIAN_POINT('Origin',(32.640601,59.730599,1.51));
#18402=CARTESIAN_POINT('',(35.180601,60.230599,1.51));
#18403=CARTESIAN_POINT('Origin',(35.180601,59.730599,1.51));
#18404=CARTESIAN_POINT('',(37.720601,60.230599,1.51));
#18405=CARTESIAN_POINT('Origin',(37.720601,59.730599,1.51));
#18406=CARTESIAN_POINT('',(40.260601,60.230599,1.51));
#18407=CARTESIAN_POINT('Origin',(40.260601,59.730599,1.51));
#18408=CARTESIAN_POINT('',(44.070601,59.730599,1.51));
#18409=CARTESIAN_POINT('Origin',(44.070601,58.460599,1.51));
#18410=CARTESIAN_POINT('Origin',(-50.949999,65.,0.));
#18411=CARTESIAN_POINT('Origin',(-45.409399,-51.069401,-0.046));
#18412=CARTESIAN_POINT('',(-45.409399,-50.619401,-0.046));
#18413=CARTESIAN_POINT('Origin',(-45.409399,-46.819401,-0.046));
#18414=CARTESIAN_POINT('',(-45.409399,-46.369401,-0.046));
#18415=CARTESIAN_POINT('Origin',(-45.409399,-42.569401,-0.046));
#18416=CARTESIAN_POINT('',(-45.409399,-42.119401,-0.046));
#18417=CARTESIAN_POINT('Origin',(-32.709399,-51.069401,-0.046));
#18418=CARTESIAN_POINT('',(-32.709399,-50.619401,-0.046));
#18419=CARTESIAN_POINT('Origin',(-32.709399,-46.819401,-0.046));
#18420=CARTESIAN_POINT('',(-32.709399,-46.369401,-0.046));
#18421=CARTESIAN_POINT('Origin',(-24.999399,-50.689401,-0.046));
#18422=CARTESIAN_POINT('',(-24.999399,-49.839401,-0.046));
#18423=CARTESIAN_POINT('Origin',(-23.729399,-48.149401,-0.046));
#18424=CARTESIAN_POINT('',(-23.729399,-47.399401,-0.046));
#18425=CARTESIAN_POINT('Origin',(-32.709399,-42.569401,-0.046));
#18426=CARTESIAN_POINT('',(-32.709399,-42.119401,-0.046));
#18427=CARTESIAN_POINT('Origin',(-29.968399,-43.812101,-0.036));
#18428=CARTESIAN_POINT('',(-29.968399,-43.662101,-0.036));
#18429=CARTESIAN_POINT('Origin',(-45.409399,-38.319401,-0.046));
#18430=CARTESIAN_POINT('',(-45.409399,-37.869401,-0.046));
#18431=CARTESIAN_POINT('Origin',(-45.409399,-34.069401,-0.046));
#18432=CARTESIAN_POINT('',(-45.409399,-33.619401,-0.046));
#18433=CARTESIAN_POINT('Origin',(-45.409399,-29.819401,-0.046));
#18434=CARTESIAN_POINT('',(-45.409399,-29.369401,-0.046));
#18435=CARTESIAN_POINT('Origin',(-32.709399,-38.319401,-0.046));
#18436=CARTESIAN_POINT('',(-32.709399,-37.869401,-0.046));
#18437=CARTESIAN_POINT('Origin',(-32.709399,-34.069401,-0.046));
#18438=CARTESIAN_POINT('',(-32.709399,-33.619401,-0.046));
#18439=CARTESIAN_POINT('Origin',(-24.999399,-31.689401,-0.046));
#18440=CARTESIAN_POINT('',(-24.999399,-30.839401,-0.046));
#18441=CARTESIAN_POINT('Origin',(-32.709399,-29.819401,-0.046));
#18442=CARTESIAN_POINT('',(-32.709399,-29.369401,-0.046));
#18443=CARTESIAN_POINT('Origin',(-23.729399,-29.149401,-0.046));
#18444=CARTESIAN_POINT('',(-23.729399,-28.399401,-0.046));
#18445=CARTESIAN_POINT('Origin',(-19.919399,-50.689401,-0.046));
#18446=CARTESIAN_POINT('',(-19.919399,-48.689401,-0.046));
#18447=CARTESIAN_POINT('Origin',(-14.839399,-50.689401,-0.046));
#18448=CARTESIAN_POINT('',(-14.839399,-49.839401,-0.046));
#18449=CARTESIAN_POINT('Origin',(-17.379399,-45.609401,-0.046));
#18450=CARTESIAN_POINT('',(-17.379399,-44.859401,-0.046));
#18451=CARTESIAN_POINT('Origin',(-5.899399,-50.689401,-0.046));
#18452=CARTESIAN_POINT('',(-5.899399,-49.839401,-0.046));
#18453=CARTESIAN_POINT('Origin',(-0.819399,-50.689401,-0.046));
#18454=CARTESIAN_POINT('',(-0.819399,-48.689401,-0.046));
#18455=CARTESIAN_POINT('Origin',(-4.629399,-48.149401,-0.046));
#18456=CARTESIAN_POINT('',(-4.629399,-47.399401,-0.046));
#18457=CARTESIAN_POINT('Origin',(-19.919399,-31.689401,-0.046));
#18458=CARTESIAN_POINT('',(-19.919399,-29.689401,-0.046));
#18459=CARTESIAN_POINT('Origin',(-14.839399,-31.689401,-0.046));
#18460=CARTESIAN_POINT('',(-14.839399,-30.839401,-0.046));
#18461=CARTESIAN_POINT('Origin',(-17.379399,-26.609401,-0.046));
#18462=CARTESIAN_POINT('',(-17.379399,-25.859401,-0.046));
#18463=CARTESIAN_POINT('Origin',(-5.899399,-31.689401,-0.046));
#18464=CARTESIAN_POINT('',(-5.899399,-30.839401,-0.046));
#18465=CARTESIAN_POINT('Origin',(-0.819399,-31.689401,-0.046));
#18466=CARTESIAN_POINT('',(-0.819399,-29.689401,-0.046));
#18467=CARTESIAN_POINT('Origin',(-4.629399,-29.149401,-0.046));
#18468=CARTESIAN_POINT('',(-4.629399,-28.399401,-0.046));
#18469=CARTESIAN_POINT('Origin',(-45.289399,-23.789401,-0.046));
#18470=CARTESIAN_POINT('',(-45.289399,-23.339401,-0.046));
#18471=CARTESIAN_POINT('Origin',(-45.389399,-18.989401,-0.046));
#18472=CARTESIAN_POINT('',(-45.389399,-18.539401,-0.046));
#18473=CARTESIAN_POINT('Origin',(-45.389399,-14.939401,-0.046));
#18474=CARTESIAN_POINT('',(-45.389399,-14.489401,-0.046));
#18475=CARTESIAN_POINT('Origin',(-45.389399,-10.689401,-0.046));
#18476=CARTESIAN_POINT('',(-45.389399,-10.239401,-0.046));
#18477=CARTESIAN_POINT('Origin',(-32.589399,-23.789401,-0.046));
#18478=CARTESIAN_POINT('',(-32.589399,-23.339401,-0.046));
#18479=CARTESIAN_POINT('Origin',(-33.679899,-22.060101,-0.036));
#18480=CARTESIAN_POINT('',(-33.679899,-21.910101,-0.036));
#18481=CARTESIAN_POINT('Origin',(-32.689399,-18.989401,-0.046));
#18482=CARTESIAN_POINT('',(-32.689399,-18.539401,-0.046));
#18483=CARTESIAN_POINT('Origin',(-32.689399,-14.939401,-0.046));
#18484=CARTESIAN_POINT('',(-32.689399,-14.489401,-0.046));
#18485=CARTESIAN_POINT('Origin',(-32.689399,-10.689401,-0.046));
#18486=CARTESIAN_POINT('',(-32.689399,-10.239401,-0.046));
#18487=CARTESIAN_POINT('Origin',(-24.999399,-12.689401,-0.046));
#18488=CARTESIAN_POINT('',(-24.999399,-11.839401,-0.046));
#18489=CARTESIAN_POINT('Origin',(-45.389399,-6.439401,-0.046));
#18490=CARTESIAN_POINT('',(-45.389399,-5.989401,-0.046));
#18491=CARTESIAN_POINT('Origin',(-45.389399,-2.189401,-0.046));
#18492=CARTESIAN_POINT('',(-45.389399,-1.739401,-0.046));
#18493=CARTESIAN_POINT('Origin',(-45.389399,2.060599,-0.046));
#18494=CARTESIAN_POINT('',(-45.389399,2.510599,-0.046));
#18495=CARTESIAN_POINT('Origin',(-31.033799,-7.774001,-0.036));
#18496=CARTESIAN_POINT('',(-31.033799,-7.624001,-0.036));
#18497=CARTESIAN_POINT('Origin',(-32.689399,-6.439401,-0.046));
#18498=CARTESIAN_POINT('',(-32.689399,-5.989401,-0.046));
#18499=CARTESIAN_POINT('Origin',(-23.729399,-10.149401,-0.046));
#18500=CARTESIAN_POINT('',(-23.729399,-9.399401,-0.046));
#18501=CARTESIAN_POINT('Origin',(-32.689399,-2.189401,-0.046));
#18502=CARTESIAN_POINT('',(-32.689399,-1.739401,-0.046));
#18503=CARTESIAN_POINT('Origin',(-32.689399,2.060599,-0.046));
#18504=CARTESIAN_POINT('',(-32.689399,2.510599,-0.046));
#18505=CARTESIAN_POINT('Origin',(-19.919399,-12.689401,-0.046));
#18506=CARTESIAN_POINT('',(-19.919399,-10.689401,-0.046));
#18507=CARTESIAN_POINT('Origin',(-14.839399,-12.689401,-0.046));
#18508=CARTESIAN_POINT('',(-14.839399,-11.839401,-0.046));
#18509=CARTESIAN_POINT('Origin',(-5.899399,-12.689401,-0.046));
#18510=CARTESIAN_POINT('',(-5.899399,-11.839401,-0.046));
#18511=CARTESIAN_POINT('Origin',(-0.819399,-12.689401,-0.046));
#18512=CARTESIAN_POINT('',(-0.819399,-10.689401,-0.046));
#18513=CARTESIAN_POINT('Origin',(-17.379399,-7.609401,-0.046));
#18514=CARTESIAN_POINT('',(-17.379399,-6.859401,-0.046));
#18515=CARTESIAN_POINT('Origin',(-4.629399,-10.149401,-0.046));
#18516=CARTESIAN_POINT('',(-4.629399,-9.399401,-0.046));
#18517=CARTESIAN_POINT('Origin',(-7.628799,2.060599,-0.036));
#18518=CARTESIAN_POINT('',(-7.628799,2.210599,-0.036));
#18519=CARTESIAN_POINT('Origin',(4.260601,-50.689401,-0.046));
#18520=CARTESIAN_POINT('',(4.260601,-49.839401,-0.046));
#18521=CARTESIAN_POINT('Origin',(1.720601,-45.609401,-0.046));
#18522=CARTESIAN_POINT('',(1.720601,-44.859401,-0.046));
#18523=CARTESIAN_POINT('Origin',(3.473601,-43.100201,-0.036));
#18524=CARTESIAN_POINT('',(3.473601,-42.950201,-0.036));
#18525=CARTESIAN_POINT('Origin',(13.200601,-50.689401,-0.046));
#18526=CARTESIAN_POINT('',(13.200601,-49.839401,-0.046));
#18527=CARTESIAN_POINT('Origin',(14.470601,-48.149401,-0.046));
#18528=CARTESIAN_POINT('',(14.470601,-47.399401,-0.046));
#18529=CARTESIAN_POINT('Origin',(18.280601,-50.689401,-0.046));
#18530=CARTESIAN_POINT('',(18.280601,-48.689401,-0.046));
#18531=CARTESIAN_POINT('Origin',(20.820601,-45.609401,-0.046));
#18532=CARTESIAN_POINT('',(20.820601,-44.859401,-0.046));
#18533=CARTESIAN_POINT('Origin',(4.260601,-31.689401,-0.046));
#18534=CARTESIAN_POINT('',(4.260601,-30.839401,-0.046));
#18535=CARTESIAN_POINT('Origin',(1.720601,-26.609401,-0.046));
#18536=CARTESIAN_POINT('',(1.720601,-25.859401,-0.046));
#18537=CARTESIAN_POINT('Origin',(13.200601,-31.689401,-0.046));
#18538=CARTESIAN_POINT('',(13.200601,-30.839401,-0.046));
#18539=CARTESIAN_POINT('Origin',(18.280601,-31.689401,-0.046));
#18540=CARTESIAN_POINT('',(18.280601,-29.689401,-0.046));
#18541=CARTESIAN_POINT('Origin',(14.470601,-29.149401,-0.046));
#18542=CARTESIAN_POINT('',(14.470601,-28.399401,-0.046));
#18543=CARTESIAN_POINT('Origin',(20.820601,-26.609401,-0.046));
#18544=CARTESIAN_POINT('',(20.820601,-25.859401,-0.046));
#18545=CARTESIAN_POINT('Origin',(23.360601,-50.689401,-0.046));
#18546=CARTESIAN_POINT('',(23.360601,-49.839401,-0.046));
#18547=CARTESIAN_POINT('Origin',(32.300601,-50.689401,-0.046));
#18548=CARTESIAN_POINT('',(32.300601,-49.839401,-0.046));
#18549=CARTESIAN_POINT('Origin',(33.570601,-48.149401,-0.046));
#18550=CARTESIAN_POINT('',(33.570601,-47.399401,-0.046));
#18551=CARTESIAN_POINT('Origin',(37.380601,-50.689401,-0.046));
#18552=CARTESIAN_POINT('',(37.380601,-48.689401,-0.046));
#18553=CARTESIAN_POINT('Origin',(42.460601,-50.689401,-0.046));
#18554=CARTESIAN_POINT('',(42.460601,-49.839401,-0.046));
#18555=CARTESIAN_POINT('Origin',(39.920601,-45.609401,-0.046));
#18556=CARTESIAN_POINT('',(39.920601,-44.859401,-0.046));
#18557=CARTESIAN_POINT('Origin',(23.360601,-31.689401,-0.046));
#18558=CARTESIAN_POINT('',(23.360601,-30.839401,-0.046));
#18559=CARTESIAN_POINT('Origin',(32.300601,-31.689401,-0.046));
#18560=CARTESIAN_POINT('',(32.300601,-30.839401,-0.046));
#18561=CARTESIAN_POINT('Origin',(33.570601,-29.149401,-0.046));
#18562=CARTESIAN_POINT('',(33.570601,-28.399401,-0.046));
#18563=CARTESIAN_POINT('Origin',(37.380601,-31.689401,-0.046));
#18564=CARTESIAN_POINT('',(37.380601,-29.689401,-0.046));
#18565=CARTESIAN_POINT('Origin',(42.460601,-31.689401,-0.046));
#18566=CARTESIAN_POINT('',(42.460601,-30.839401,-0.046));
#18567=CARTESIAN_POINT('Origin',(39.920601,-26.609401,-0.046));
#18568=CARTESIAN_POINT('',(39.920601,-25.859401,-0.046));
#18569=CARTESIAN_POINT('Origin',(4.260601,-12.689401,-0.046));
#18570=CARTESIAN_POINT('',(4.260601,-11.839401,-0.046));
#18571=CARTESIAN_POINT('Origin',(13.200601,-12.689401,-0.046));
#18572=CARTESIAN_POINT('',(13.200601,-11.839401,-0.046));
#18573=CARTESIAN_POINT('Origin',(18.280601,-12.689401,-0.046));
#18574=CARTESIAN_POINT('',(18.280601,-10.689401,-0.046));
#18575=CARTESIAN_POINT('Origin',(1.720601,-7.609401,-0.046));
#18576=CARTESIAN_POINT('',(1.720601,-6.859401,-0.046));
#18577=CARTESIAN_POINT('Origin',(8.953601,3.534499,-0.036));
#18578=CARTESIAN_POINT('',(8.953601,3.684499,-0.036));
#18579=CARTESIAN_POINT('Origin',(14.470601,-10.149401,-0.046));
#18580=CARTESIAN_POINT('',(14.470601,-9.399401,-0.046));
#18581=CARTESIAN_POINT('Origin',(20.820601,-7.609401,-0.046));
#18582=CARTESIAN_POINT('',(20.820601,-6.859401,-0.046));
#18583=CARTESIAN_POINT('Origin',(23.360601,-12.689401,-0.046));
#18584=CARTESIAN_POINT('',(23.360601,-11.839401,-0.046));
#18585=CARTESIAN_POINT('Origin',(32.300601,-12.689401,-0.046));
#18586=CARTESIAN_POINT('',(32.300601,-11.839401,-0.046));
#18587=CARTESIAN_POINT('Origin',(37.380601,-12.689401,-0.046));
#18588=CARTESIAN_POINT('',(37.380601,-10.689401,-0.046));
#18589=CARTESIAN_POINT('Origin',(42.460601,-12.689401,-0.046));
#18590=CARTESIAN_POINT('',(42.460601,-11.839401,-0.046));
#18591=CARTESIAN_POINT('Origin',(33.570601,-10.149401,-0.046));
#18592=CARTESIAN_POINT('',(33.570601,-9.399401,-0.046));
#18593=CARTESIAN_POINT('Origin',(39.920601,-7.609401,-0.046));
#18594=CARTESIAN_POINT('',(39.920601,-6.859401,-0.046));
#18595=CARTESIAN_POINT('Origin',(-45.389399,6.310599,-0.046));
#18596=CARTESIAN_POINT('',(-45.389399,6.760599,-0.046));
#18597=CARTESIAN_POINT('Origin',(-45.389399,12.010599,-0.046));
#18598=CARTESIAN_POINT('',(-45.389399,12.460599,-0.046));
#18599=CARTESIAN_POINT('Origin',(-45.389399,16.260599,-0.046));
#18600=CARTESIAN_POINT('',(-45.389399,16.710599,-0.046));
#18601=CARTESIAN_POINT('Origin',(-32.689399,6.310599,-0.046));
#18602=CARTESIAN_POINT('',(-32.689399,6.760599,-0.046));
#18603=CARTESIAN_POINT('Origin',(-24.999399,6.310599,-0.046));
#18604=CARTESIAN_POINT('',(-24.999399,7.160599,-0.046));
#18605=CARTESIAN_POINT('Origin',(-23.729399,8.850599,-0.046));
#18606=CARTESIAN_POINT('',(-23.729399,9.600599,-0.046));
#18607=CARTESIAN_POINT('Origin',(-32.689399,12.010599,-0.046));
#18608=CARTESIAN_POINT('',(-32.689399,12.460599,-0.046));
#18609=CARTESIAN_POINT('Origin',(-30.025199,11.664799,-0.036));
#18610=CARTESIAN_POINT('',(-30.025199,11.814799,-0.036));
#18611=CARTESIAN_POINT('Origin',(-32.689399,16.260599,-0.046));
#18612=CARTESIAN_POINT('',(-32.689399,16.710599,-0.046));
#18613=CARTESIAN_POINT('Origin',(-45.389399,20.510599,-0.046));
#18614=CARTESIAN_POINT('',(-45.389399,20.960599,-0.046));
#18615=CARTESIAN_POINT('Origin',(-45.389399,24.760599,-0.046));
#18616=CARTESIAN_POINT('',(-45.389399,25.210599,-0.046));
#18617=CARTESIAN_POINT('Origin',(-45.389399,29.010599,-0.046));
#18618=CARTESIAN_POINT('',(-45.389399,29.460599,-0.046));
#18619=CARTESIAN_POINT('Origin',(-32.689399,20.510599,-0.046));
#18620=CARTESIAN_POINT('',(-32.689399,20.960599,-0.046));
#18621=CARTESIAN_POINT('Origin',(-32.689399,24.760599,-0.046));
#18622=CARTESIAN_POINT('',(-32.689399,25.210599,-0.046));
#18623=CARTESIAN_POINT('Origin',(-32.689399,29.010599,-0.046));
#18624=CARTESIAN_POINT('',(-32.689399,29.460599,-0.046));
#18625=CARTESIAN_POINT('Origin',(-24.999399,25.310599,-0.046));
#18626=CARTESIAN_POINT('',(-24.999399,26.160599,-0.046));
#18627=CARTESIAN_POINT('Origin',(-23.729399,27.850599,-0.046));
#18628=CARTESIAN_POINT('',(-23.729399,28.600599,-0.046));
#18629=CARTESIAN_POINT('Origin',(-19.919399,6.310599,-0.046));
#18630=CARTESIAN_POINT('',(-19.919399,8.310599,-0.046));
#18631=CARTESIAN_POINT('Origin',(-14.839399,6.310599,-0.046));
#18632=CARTESIAN_POINT('',(-14.839399,7.160599,-0.046));
#18633=CARTESIAN_POINT('Origin',(-17.379399,11.390599,-0.046));
#18634=CARTESIAN_POINT('',(-17.379399,12.140599,-0.046));
#18635=CARTESIAN_POINT('Origin',(-5.899399,6.310599,-0.046));
#18636=CARTESIAN_POINT('',(-5.899399,7.160599,-0.046));
#18637=CARTESIAN_POINT('Origin',(-0.819399,6.310599,-0.046));
#18638=CARTESIAN_POINT('',(-0.819399,8.310599,-0.046));
#18639=CARTESIAN_POINT('Origin',(-4.629399,8.850599,-0.046));
#18640=CARTESIAN_POINT('',(-4.629399,9.600599,-0.046));
#18641=CARTESIAN_POINT('Origin',(-19.919399,25.310599,-0.046));
#18642=CARTESIAN_POINT('',(-19.919399,27.310599,-0.046));
#18643=CARTESIAN_POINT('Origin',(-17.379399,30.390599,-0.046));
#18644=CARTESIAN_POINT('',(-17.379399,31.140599,-0.046));
#18645=CARTESIAN_POINT('Origin',(-14.839399,25.310599,-0.046));
#18646=CARTESIAN_POINT('',(-14.839399,26.160599,-0.046));
#18647=CARTESIAN_POINT('Origin',(-5.899399,25.310599,-0.046));
#18648=CARTESIAN_POINT('',(-5.899399,26.160599,-0.046));
#18649=CARTESIAN_POINT('Origin',(-4.629399,27.850599,-0.046));
#18650=CARTESIAN_POINT('',(-4.629399,28.600599,-0.046));
#18651=CARTESIAN_POINT('Origin',(-0.819399,25.310599,-0.046));
#18652=CARTESIAN_POINT('',(-0.819399,27.310599,-0.046));
#18653=CARTESIAN_POINT('Origin',(-45.389399,33.260599,-0.046));
#18654=CARTESIAN_POINT('',(-45.389399,33.710599,-0.046));
#18655=CARTESIAN_POINT('Origin',(-32.689399,33.260599,-0.046));
#18656=CARTESIAN_POINT('',(-32.689399,33.710599,-0.046));
#18657=CARTESIAN_POINT('Origin',(-35.049999,46.999999,-0.036));
#18658=CARTESIAN_POINT('',(-35.049999,47.149999,-0.036));
#18659=CARTESIAN_POINT('Origin',(-44.249999,58.499999,-0.046));
#18660=CARTESIAN_POINT('',(-44.249999,60.099999,-0.046));
#18661=CARTESIAN_POINT('Origin',(-1.649399,40.680599,-0.046));
#18662=CARTESIAN_POINT('',(-1.649399,41.950599,-0.046));
#18663=CARTESIAN_POINT('Origin',(-14.449999,52.999999,-0.046));
#18664=CARTESIAN_POINT('',(-14.449999,53.249999,-0.046));
#18665=CARTESIAN_POINT('Origin',(-13.449999,52.999999,-0.046));
#18666=CARTESIAN_POINT('',(-13.449999,53.249999,-0.046));
#18667=CARTESIAN_POINT('Origin',(-12.449999,52.999999,-0.046));
#18668=CARTESIAN_POINT('',(-12.449999,53.249999,-0.046));
#18669=CARTESIAN_POINT('Origin',(-1.649399,58.460599,-0.046));
#18670=CARTESIAN_POINT('',(-1.649399,59.730599,-0.046));
#18671=CARTESIAN_POINT('Origin',(4.260601,6.310599,-0.046));
#18672=CARTESIAN_POINT('',(4.260601,7.160599,-0.046));
#18673=CARTESIAN_POINT('Origin',(1.720601,11.390599,-0.046));
#18674=CARTESIAN_POINT('',(1.720601,12.140599,-0.046));
#18675=CARTESIAN_POINT('Origin',(13.200601,6.310599,-0.046));
#18676=CARTESIAN_POINT('',(13.200601,7.160599,-0.046));
#18677=CARTESIAN_POINT('Origin',(14.470601,8.850599,-0.046));
#18678=CARTESIAN_POINT('',(14.470601,9.600599,-0.046));
#18679=CARTESIAN_POINT('Origin',(18.280601,6.310599,-0.046));
#18680=CARTESIAN_POINT('',(18.280601,8.310599,-0.046));
#18681=CARTESIAN_POINT('Origin',(20.820601,11.390599,-0.046));
#18682=CARTESIAN_POINT('',(20.820601,12.140599,-0.046));
#18683=CARTESIAN_POINT('Origin',(4.260601,25.310599,-0.046));
#18684=CARTESIAN_POINT('',(4.260601,26.160599,-0.046));
#18685=CARTESIAN_POINT('Origin',(1.720601,30.390599,-0.046));
#18686=CARTESIAN_POINT('',(1.720601,31.140599,-0.046));
#18687=CARTESIAN_POINT('Origin',(13.200601,25.310599,-0.046));
#18688=CARTESIAN_POINT('',(13.200601,26.160599,-0.046));
#18689=CARTESIAN_POINT('Origin',(14.470601,27.850599,-0.046));
#18690=CARTESIAN_POINT('',(14.470601,28.600599,-0.046));
#18691=CARTESIAN_POINT('Origin',(18.280601,25.310599,-0.046));
#18692=CARTESIAN_POINT('',(18.280601,27.310599,-0.046));
#18693=CARTESIAN_POINT('Origin',(20.820601,30.390599,-0.046));
#18694=CARTESIAN_POINT('',(20.820601,31.140599,-0.046));
#18695=CARTESIAN_POINT('Origin',(23.360601,6.310599,-0.046));
#18696=CARTESIAN_POINT('',(23.360601,7.160599,-0.046));
#18697=CARTESIAN_POINT('Origin',(32.300601,6.310599,-0.046));
#18698=CARTESIAN_POINT('',(32.300601,7.160599,-0.046));
#18699=CARTESIAN_POINT('Origin',(33.570601,8.850599,-0.046));
#18700=CARTESIAN_POINT('',(33.570601,9.600599,-0.046));
#18701=CARTESIAN_POINT('Origin',(37.380601,6.310599,-0.046));
#18702=CARTESIAN_POINT('',(37.380601,8.310599,-0.046));
#18703=CARTESIAN_POINT('Origin',(42.460601,6.310599,-0.046));
#18704=CARTESIAN_POINT('',(42.460601,7.160599,-0.046));
#18705=CARTESIAN_POINT('Origin',(39.920601,11.390599,-0.046));
#18706=CARTESIAN_POINT('',(39.920601,12.140599,-0.046));
#18707=CARTESIAN_POINT('Origin',(23.360601,25.310599,-0.046));
#18708=CARTESIAN_POINT('',(23.360601,26.160599,-0.046));
#18709=CARTESIAN_POINT('Origin',(32.300601,25.310599,-0.046));
#18710=CARTESIAN_POINT('',(32.300601,26.160599,-0.046));
#18711=CARTESIAN_POINT('Origin',(33.570601,27.850599,-0.046));
#18712=CARTESIAN_POINT('',(33.570601,28.600599,-0.046));
#18713=CARTESIAN_POINT('Origin',(37.380601,25.310599,-0.046));
#18714=CARTESIAN_POINT('',(37.380601,27.310599,-0.046));
#18715=CARTESIAN_POINT('Origin',(42.460601,25.310599,-0.046));
#18716=CARTESIAN_POINT('',(42.460601,26.160599,-0.046));
#18717=CARTESIAN_POINT('Origin',(39.920601,30.390599,-0.046));
#18718=CARTESIAN_POINT('',(39.920601,31.140599,-0.046));
#18719=CARTESIAN_POINT('Origin',(2.160601,39.410599,-0.046));
#18720=CARTESIAN_POINT('',(2.160601,39.910599,-0.046));
#18721=CARTESIAN_POINT('Origin',(4.700601,39.410599,-0.046));
#18722=CARTESIAN_POINT('',(4.700601,39.910599,-0.046));
#18723=CARTESIAN_POINT('Origin',(7.240601,39.410599,-0.046));
#18724=CARTESIAN_POINT('',(7.240601,39.910599,-0.046));
#18725=CARTESIAN_POINT('Origin',(9.780601,39.410599,-0.046));
#18726=CARTESIAN_POINT('',(9.780601,39.910599,-0.046));
#18727=CARTESIAN_POINT('Origin',(12.320601,39.410599,-0.046));
#18728=CARTESIAN_POINT('',(12.320601,39.910599,-0.046));
#18729=CARTESIAN_POINT('Origin',(14.860601,39.410599,-0.046));
#18730=CARTESIAN_POINT('',(14.860601,39.910599,-0.046));
#18731=CARTESIAN_POINT('Origin',(17.400601,39.410599,-0.046));
#18732=CARTESIAN_POINT('',(17.400601,39.910599,-0.046));
#18733=CARTESIAN_POINT('Origin',(19.940601,39.410599,-0.046));
#18734=CARTESIAN_POINT('',(19.940601,39.910599,-0.046));
#18735=CARTESIAN_POINT('Origin',(22.480601,39.410599,-0.046));
#18736=CARTESIAN_POINT('',(22.480601,39.910599,-0.046));
#18737=CARTESIAN_POINT('Origin',(12.320601,59.730599,-0.046));
#18738=CARTESIAN_POINT('',(12.320601,60.230599,-0.046));
#18739=CARTESIAN_POINT('Origin',(14.860601,59.730599,-0.046));
#18740=CARTESIAN_POINT('',(14.860601,60.230599,-0.046));
#18741=CARTESIAN_POINT('Origin',(17.400601,59.730599,-0.046));
#18742=CARTESIAN_POINT('',(17.400601,60.230599,-0.046));
#18743=CARTESIAN_POINT('Origin',(19.940601,59.730599,-0.046));
#18744=CARTESIAN_POINT('',(19.940601,60.230599,-0.046));
#18745=CARTESIAN_POINT('Origin',(22.480601,59.730599,-0.046));
#18746=CARTESIAN_POINT('',(22.480601,60.230599,-0.046));
#18747=CARTESIAN_POINT('Origin',(25.020601,39.410599,-0.046));
#18748=CARTESIAN_POINT('',(25.020601,39.910599,-0.046));
#18749=CARTESIAN_POINT('Origin',(27.560601,39.410599,-0.046));
#18750=CARTESIAN_POINT('',(27.560601,39.910599,-0.046));
#18751=CARTESIAN_POINT('Origin',(30.100601,39.410599,-0.046));
#18752=CARTESIAN_POINT('',(30.100601,39.910599,-0.046));
#18753=CARTESIAN_POINT('Origin',(32.640601,39.410599,-0.046));
#18754=CARTESIAN_POINT('',(32.640601,39.910599,-0.046));
#18755=CARTESIAN_POINT('Origin',(35.180601,39.410599,-0.046));
#18756=CARTESIAN_POINT('',(35.180601,39.910599,-0.046));
#18757=CARTESIAN_POINT('Origin',(37.720601,39.410599,-0.046));
#18758=CARTESIAN_POINT('',(37.720601,39.910599,-0.046));
#18759=CARTESIAN_POINT('Origin',(40.260601,39.410599,-0.046));
#18760=CARTESIAN_POINT('',(40.260601,39.910599,-0.046));
#18761=CARTESIAN_POINT('Origin',(44.070601,40.680599,-0.046));
#18762=CARTESIAN_POINT('',(44.070601,41.950599,-0.046));
#18763=CARTESIAN_POINT('Origin',(25.020601,59.730599,-0.046));
#18764=CARTESIAN_POINT('',(25.020601,60.230599,-0.046));
#18765=CARTESIAN_POINT('Origin',(27.560601,59.730599,-0.046));
#18766=CARTESIAN_POINT('',(27.560601,60.230599,-0.046));
#18767=CARTESIAN_POINT('Origin',(30.100601,59.730599,-0.046));
#18768=CARTESIAN_POINT('',(30.100601,60.230599,-0.046));
#18769=CARTESIAN_POINT('Origin',(32.640601,59.730599,-0.046));
#18770=CARTESIAN_POINT('',(32.640601,60.230599,-0.046));
#18771=CARTESIAN_POINT('Origin',(35.180601,59.730599,-0.046));
#18772=CARTESIAN_POINT('',(35.180601,60.230599,-0.046));
#18773=CARTESIAN_POINT('Origin',(37.720601,59.730599,-0.046));
#18774=CARTESIAN_POINT('',(37.720601,60.230599,-0.046));
#18775=CARTESIAN_POINT('Origin',(40.260601,59.730599,-0.046));
#18776=CARTESIAN_POINT('',(40.260601,60.230599,-0.046));
#18777=CARTESIAN_POINT('Origin',(44.070601,58.460599,-0.046));
#18778=CARTESIAN_POINT('',(44.070601,59.730599,-0.046));
#18779=CARTESIAN_POINT('Origin',(-45.389399,6.310599,2.845));
#18780=CARTESIAN_POINT('',(-45.089399,6.310599,2.845));
#18781=CARTESIAN_POINT('',(-45.689399,6.310599,2.845));
#18782=CARTESIAN_POINT('Origin',(-45.389399,6.310599,2.845));
#18783=CARTESIAN_POINT('Origin',(-45.389399,6.310599,2.845));
#18784=CARTESIAN_POINT('',(-45.689399,6.310599,-0.905));
#18785=CARTESIAN_POINT('',(-45.689399,6.310599,2.845));
#18786=CARTESIAN_POINT('Origin',(-45.389399,6.310599,-0.905));
#18787=CARTESIAN_POINT('Origin',(-45.089399,6.310599,-0.905));
#18788=CARTESIAN_POINT('Origin',(-44.789399,6.310599,2.845));
#18789=CARTESIAN_POINT('',(-44.789399,6.310599,3.145));
#18790=CARTESIAN_POINT('',(-44.789399,6.310599,3.745));
#18791=CARTESIAN_POINT('Origin',(-44.789399,6.310599,3.445));
#18792=CARTESIAN_POINT('Origin',(-44.789399,6.310599,3.445));
#18793=CARTESIAN_POINT('Origin',(-44.789399,6.310599,2.845));
#18794=CARTESIAN_POINT('Origin',(-44.789399,6.310599,3.445));
#18795=CARTESIAN_POINT('',(-41.639399,6.310599,3.745));
#18796=CARTESIAN_POINT('Origin',(-41.639399,6.310599,3.445));
#18797=CARTESIAN_POINT('',(-44.789399,6.310599,3.745));
#18798=CARTESIAN_POINT('Origin',(-41.639399,6.310599,3.445));
#18799=CARTESIAN_POINT('',(-41.639399,6.310599,2.095));
#18800=CARTESIAN_POINT('Origin',(-41.639399,6.310599,3.445));
#18801=CARTESIAN_POINT('Origin',(-41.639399,6.310599,3.445));
#18802=CARTESIAN_POINT('',(-40.859399,6.310599,2.095));
#18803=CARTESIAN_POINT('Origin',(-40.859399,6.310599,3.445));
#18804=CARTESIAN_POINT('',(-41.639399,6.310599,2.095));
#18805=CARTESIAN_POINT('Origin',(-40.859399,6.310599,3.445));
#18806=CARTESIAN_POINT('',(-40.859399,6.310599,2.085));
#18807=CARTESIAN_POINT('Origin',(-40.859399,6.310599,3.445));
#18808=CARTESIAN_POINT('Origin',(-40.859399,6.310599,3.445));
#18809=CARTESIAN_POINT('',(-39.559399,6.310599,2.085));
#18810=CARTESIAN_POINT('Origin',(-39.559399,6.310599,3.445));
#18811=CARTESIAN_POINT('',(-40.859399,6.310599,2.085));
#18812=CARTESIAN_POINT('Origin',(-39.559399,6.310599,3.445));
#18813=CARTESIAN_POINT('',(-39.559399,6.310599,2.095));
#18814=CARTESIAN_POINT('Origin',(-39.559399,6.310599,3.445));
#18815=CARTESIAN_POINT('Origin',(-41.639399,6.310599,3.445));
#18816=CARTESIAN_POINT('',(-36.439399,6.310599,2.095));
#18817=CARTESIAN_POINT('Origin',(-36.439399,6.310599,3.445));
#18818=CARTESIAN_POINT('',(-41.639399,6.310599,2.095));
#18819=CARTESIAN_POINT('Origin',(-36.439399,6.310599,3.445));
#18820=CARTESIAN_POINT('',(-36.439399,6.310599,3.745));
#18821=CARTESIAN_POINT('Origin',(-36.439399,6.310599,3.445));
#18822=CARTESIAN_POINT('Origin',(-44.789399,6.310599,3.445));
#18823=CARTESIAN_POINT('',(-33.289399,6.310599,3.145));
#18824=CARTESIAN_POINT('',(-33.289399,6.310599,3.745));
#18825=CARTESIAN_POINT('Origin',(-33.289399,6.310599,3.445));
#18826=CARTESIAN_POINT('Origin',(-33.289399,6.310599,3.445));
#18827=CARTESIAN_POINT('',(-44.789399,6.310599,3.745));
#18828=CARTESIAN_POINT('Origin',(-33.289399,6.310599,2.845));
#18829=CARTESIAN_POINT('',(-32.989399,6.310599,2.845));
#18830=CARTESIAN_POINT('',(-32.389399,6.310599,2.845));
#18831=CARTESIAN_POINT('Origin',(-32.689399,6.310599,2.845));
#18832=CARTESIAN_POINT('Origin',(-32.689399,6.310599,2.845));
#18833=CARTESIAN_POINT('Origin',(-33.289399,6.310599,2.845));
#18834=CARTESIAN_POINT('Origin',(-32.689399,6.310599,2.845));
#18835=CARTESIAN_POINT('',(-32.389399,6.310599,-0.905));
#18836=CARTESIAN_POINT('Origin',(-32.689399,6.310599,-0.905));
#18837=CARTESIAN_POINT('',(-32.389399,6.310599,2.845));
#18838=CARTESIAN_POINT('Origin',(-32.989399,6.310599,-0.905));
#18839=CARTESIAN_POINT('Origin',(-45.389399,29.010599,2.845));
#18840=CARTESIAN_POINT('',(-45.089399,29.010599,2.845));
#18841=CARTESIAN_POINT('',(-45.689399,29.010599,2.845));
#18842=CARTESIAN_POINT('Origin',(-45.389399,29.010599,2.845));
#18843=CARTESIAN_POINT('Origin',(-45.389399,29.010599,2.845));
#18844=CARTESIAN_POINT('',(-45.689399,29.010599,-0.905));
#18845=CARTESIAN_POINT('',(-45.689399,29.010599,2.845));
#18846=CARTESIAN_POINT('Origin',(-45.389399,29.010599,-0.905));
#18847=CARTESIAN_POINT('Origin',(-45.089399,29.010599,-0.905));
#18848=CARTESIAN_POINT('Origin',(-44.789399,29.010599,2.845));
#18849=CARTESIAN_POINT('',(-44.789399,29.010599,3.145));
#18850=CARTESIAN_POINT('',(-44.789399,29.010599,3.745));
#18851=CARTESIAN_POINT('Origin',(-44.789399,29.010599,3.445));
#18852=CARTESIAN_POINT('Origin',(-44.789399,29.010599,3.445));
#18853=CARTESIAN_POINT('Origin',(-44.789399,29.010599,2.845));
#18854=CARTESIAN_POINT('Origin',(-44.789399,29.010599,3.445));
#18855=CARTESIAN_POINT('',(-41.639399,29.010599,3.745));
#18856=CARTESIAN_POINT('Origin',(-41.639399,29.010599,3.445));
#18857=CARTESIAN_POINT('',(-44.789399,29.010599,3.745));
#18858=CARTESIAN_POINT('Origin',(-41.639399,29.010599,3.445));
#18859=CARTESIAN_POINT('',(-41.639399,29.010599,2.095));
#18860=CARTESIAN_POINT('Origin',(-41.639399,29.010599,3.445));
#18861=CARTESIAN_POINT('Origin',(-41.639399,29.010599,3.445));
#18862=CARTESIAN_POINT('',(-40.859399,29.010599,2.095));
#18863=CARTESIAN_POINT('Origin',(-40.859399,29.010599,3.445));
#18864=CARTESIAN_POINT('',(-41.639399,29.010599,2.095));
#18865=CARTESIAN_POINT('Origin',(-40.859399,29.010599,3.445));
#18866=CARTESIAN_POINT('',(-40.859399,29.010599,2.085));
#18867=CARTESIAN_POINT('Origin',(-40.859399,29.010599,3.445));
#18868=CARTESIAN_POINT('Origin',(-40.859399,29.010599,3.445));
#18869=CARTESIAN_POINT('',(-39.559399,29.010599,2.085));
#18870=CARTESIAN_POINT('Origin',(-39.559399,29.010599,3.445));
#18871=CARTESIAN_POINT('',(-40.859399,29.010599,2.085));
#18872=CARTESIAN_POINT('Origin',(-39.559399,29.010599,3.445));
#18873=CARTESIAN_POINT('',(-39.559399,29.010599,2.095));
#18874=CARTESIAN_POINT('Origin',(-39.559399,29.010599,3.445));
#18875=CARTESIAN_POINT('Origin',(-41.639399,29.010599,3.445));
#18876=CARTESIAN_POINT('',(-36.439399,29.010599,2.095));
#18877=CARTESIAN_POINT('Origin',(-36.439399,29.010599,3.445));
#18878=CARTESIAN_POINT('',(-41.639399,29.010599,2.095));
#18879=CARTESIAN_POINT('Origin',(-36.439399,29.010599,3.445));
#18880=CARTESIAN_POINT('',(-36.439399,29.010599,3.745));
#18881=CARTESIAN_POINT('Origin',(-36.439399,29.010599,3.445));
#18882=CARTESIAN_POINT('Origin',(-44.789399,29.010599,3.445));
#18883=CARTESIAN_POINT('',(-33.289399,29.010599,3.145));
#18884=CARTESIAN_POINT('',(-33.289399,29.010599,3.745));
#18885=CARTESIAN_POINT('Origin',(-33.289399,29.010599,3.445));
#18886=CARTESIAN_POINT('Origin',(-33.289399,29.010599,3.445));
#18887=CARTESIAN_POINT('',(-44.789399,29.010599,3.745));
#18888=CARTESIAN_POINT('Origin',(-33.289399,29.010599,2.845));
#18889=CARTESIAN_POINT('',(-32.989399,29.010599,2.845));
#18890=CARTESIAN_POINT('',(-32.389399,29.010599,2.845));
#18891=CARTESIAN_POINT('Origin',(-32.689399,29.010599,2.845));
#18892=CARTESIAN_POINT('Origin',(-32.689399,29.010599,2.845));
#18893=CARTESIAN_POINT('Origin',(-33.289399,29.010599,2.845));
#18894=CARTESIAN_POINT('Origin',(-32.689399,29.010599,2.845));
#18895=CARTESIAN_POINT('',(-32.389399,29.010599,-0.905));
#18896=CARTESIAN_POINT('Origin',(-32.689399,29.010599,-0.905));
#18897=CARTESIAN_POINT('',(-32.389399,29.010599,2.845));
#18898=CARTESIAN_POINT('Origin',(-32.989399,29.010599,-0.905));
#18899=CARTESIAN_POINT('Origin',(-45.409399,-38.319401,2.845));
#18900=CARTESIAN_POINT('',(-45.109399,-38.319401,2.845));
#18901=CARTESIAN_POINT('',(-45.709399,-38.319401,2.845));
#18902=CARTESIAN_POINT('Origin',(-45.409399,-38.319401,2.845));
#18903=CARTESIAN_POINT('Origin',(-45.409399,-38.319401,2.845));
#18904=CARTESIAN_POINT('',(-45.709399,-38.319401,-0.905));
#18905=CARTESIAN_POINT('',(-45.709399,-38.319401,2.845));
#18906=CARTESIAN_POINT('Origin',(-45.409399,-38.319401,-0.905));
#18907=CARTESIAN_POINT('Origin',(-45.109399,-38.319401,-0.905));
#18908=CARTESIAN_POINT('Origin',(-44.809399,-38.319401,2.845));
#18909=CARTESIAN_POINT('',(-44.809399,-38.319401,3.145));
#18910=CARTESIAN_POINT('',(-44.809399,-38.319401,3.745));
#18911=CARTESIAN_POINT('Origin',(-44.809399,-38.319401,3.445));
#18912=CARTESIAN_POINT('Origin',(-44.809399,-38.319401,3.445));
#18913=CARTESIAN_POINT('Origin',(-44.809399,-38.319401,2.845));
#18914=CARTESIAN_POINT('Origin',(-44.809399,-38.319401,3.445));
#18915=CARTESIAN_POINT('',(-41.659399,-38.319401,3.745));
#18916=CARTESIAN_POINT('Origin',(-41.659399,-38.319401,3.445));
#18917=CARTESIAN_POINT('',(-44.809399,-38.319401,3.745));
#18918=CARTESIAN_POINT('Origin',(-41.659399,-38.319401,3.445));
#18919=CARTESIAN_POINT('',(-41.659399,-38.319401,2.095));
#18920=CARTESIAN_POINT('Origin',(-41.659399,-38.319401,3.445));
#18921=CARTESIAN_POINT('Origin',(-41.659399,-38.319401,3.445));
#18922=CARTESIAN_POINT('',(-40.879399,-38.319401,2.095));
#18923=CARTESIAN_POINT('Origin',(-40.879399,-38.319401,3.445));
#18924=CARTESIAN_POINT('',(-41.659399,-38.319401,2.095));
#18925=CARTESIAN_POINT('Origin',(-40.879399,-38.319401,3.445));
#18926=CARTESIAN_POINT('',(-40.879399,-38.319401,2.085));
#18927=CARTESIAN_POINT('Origin',(-40.879399,-38.319401,3.445));
#18928=CARTESIAN_POINT('Origin',(-40.879399,-38.319401,3.445));
#18929=CARTESIAN_POINT('',(-39.579399,-38.319401,2.085));
#18930=CARTESIAN_POINT('Origin',(-39.579399,-38.319401,3.445));
#18931=CARTESIAN_POINT('',(-40.879399,-38.319401,2.085));
#18932=CARTESIAN_POINT('Origin',(-39.579399,-38.319401,3.445));
#18933=CARTESIAN_POINT('',(-39.579399,-38.319401,2.095));
#18934=CARTESIAN_POINT('Origin',(-39.579399,-38.319401,3.445));
#18935=CARTESIAN_POINT('Origin',(-41.659399,-38.319401,3.445));
#18936=CARTESIAN_POINT('',(-36.459399,-38.319401,2.095));
#18937=CARTESIAN_POINT('Origin',(-36.459399,-38.319401,3.445));
#18938=CARTESIAN_POINT('',(-41.659399,-38.319401,2.095));
#18939=CARTESIAN_POINT('Origin',(-36.459399,-38.319401,3.445));
#18940=CARTESIAN_POINT('',(-36.459399,-38.319401,3.745));
#18941=CARTESIAN_POINT('Origin',(-36.459399,-38.319401,3.445));
#18942=CARTESIAN_POINT('Origin',(-44.809399,-38.319401,3.445));
#18943=CARTESIAN_POINT('',(-33.309399,-38.319401,3.145));
#18944=CARTESIAN_POINT('',(-33.309399,-38.319401,3.745));
#18945=CARTESIAN_POINT('Origin',(-33.309399,-38.319401,3.445));
#18946=CARTESIAN_POINT('Origin',(-33.309399,-38.319401,3.445));
#18947=CARTESIAN_POINT('',(-44.809399,-38.319401,3.745));
#18948=CARTESIAN_POINT('Origin',(-33.309399,-38.319401,2.845));
#18949=CARTESIAN_POINT('',(-33.009399,-38.319401,2.845));
#18950=CARTESIAN_POINT('',(-32.409399,-38.319401,2.845));
#18951=CARTESIAN_POINT('Origin',(-32.709399,-38.319401,2.845));
#18952=CARTESIAN_POINT('Origin',(-32.709399,-38.319401,2.845));
#18953=CARTESIAN_POINT('Origin',(-33.309399,-38.319401,2.845));
#18954=CARTESIAN_POINT('Origin',(-32.709399,-38.319401,2.845));
#18955=CARTESIAN_POINT('',(-32.409399,-38.319401,-0.905));
#18956=CARTESIAN_POINT('Origin',(-32.709399,-38.319401,-0.905));
#18957=CARTESIAN_POINT('',(-32.409399,-38.319401,2.845));
#18958=CARTESIAN_POINT('Origin',(-33.009399,-38.319401,-0.905));
#18959=CARTESIAN_POINT('Origin',(-45.409399,-51.069401,2.845));
#18960=CARTESIAN_POINT('',(-45.109399,-51.069401,2.845));
#18961=CARTESIAN_POINT('',(-45.709399,-51.069401,2.845));
#18962=CARTESIAN_POINT('Origin',(-45.409399,-51.069401,2.845));
#18963=CARTESIAN_POINT('Origin',(-45.409399,-51.069401,2.845));
#18964=CARTESIAN_POINT('',(-45.709399,-51.069401,-0.905));
#18965=CARTESIAN_POINT('',(-45.709399,-51.069401,2.845));
#18966=CARTESIAN_POINT('Origin',(-45.409399,-51.069401,-0.905));
#18967=CARTESIAN_POINT('Origin',(-45.109399,-51.069401,-0.905));
#18968=CARTESIAN_POINT('Origin',(-44.809399,-51.069401,2.845));
#18969=CARTESIAN_POINT('',(-44.809399,-51.069401,3.145));
#18970=CARTESIAN_POINT('',(-44.809399,-51.069401,3.745));
#18971=CARTESIAN_POINT('Origin',(-44.809399,-51.069401,3.445));
#18972=CARTESIAN_POINT('Origin',(-44.809399,-51.069401,3.445));
#18973=CARTESIAN_POINT('Origin',(-44.809399,-51.069401,2.845));
#18974=CARTESIAN_POINT('Origin',(-44.809399,-51.069401,3.445));
#18975=CARTESIAN_POINT('',(-41.659399,-51.069401,3.745));
#18976=CARTESIAN_POINT('Origin',(-41.659399,-51.069401,3.445));
#18977=CARTESIAN_POINT('',(-44.809399,-51.069401,3.745));
#18978=CARTESIAN_POINT('Origin',(-41.659399,-51.069401,3.445));
#18979=CARTESIAN_POINT('',(-41.659399,-51.069401,2.095));
#18980=CARTESIAN_POINT('Origin',(-41.659399,-51.069401,3.445));
#18981=CARTESIAN_POINT('Origin',(-41.659399,-51.069401,3.445));
#18982=CARTESIAN_POINT('',(-40.879399,-51.069401,2.095));
#18983=CARTESIAN_POINT('Origin',(-40.879399,-51.069401,3.445));
#18984=CARTESIAN_POINT('',(-41.659399,-51.069401,2.095));
#18985=CARTESIAN_POINT('Origin',(-40.879399,-51.069401,3.445));
#18986=CARTESIAN_POINT('',(-40.879399,-51.069401,2.085));
#18987=CARTESIAN_POINT('Origin',(-40.879399,-51.069401,3.445));
#18988=CARTESIAN_POINT('Origin',(-40.879399,-51.069401,3.445));
#18989=CARTESIAN_POINT('',(-39.579399,-51.069401,2.085));
#18990=CARTESIAN_POINT('Origin',(-39.579399,-51.069401,3.445));
#18991=CARTESIAN_POINT('',(-40.879399,-51.069401,2.085));
#18992=CARTESIAN_POINT('Origin',(-39.579399,-51.069401,3.445));
#18993=CARTESIAN_POINT('',(-39.579399,-51.069401,2.095));
#18994=CARTESIAN_POINT('Origin',(-39.579399,-51.069401,3.445));
#18995=CARTESIAN_POINT('Origin',(-41.659399,-51.069401,3.445));
#18996=CARTESIAN_POINT('',(-36.459399,-51.069401,2.095));
#18997=CARTESIAN_POINT('Origin',(-36.459399,-51.069401,3.445));
#18998=CARTESIAN_POINT('',(-41.659399,-51.069401,2.095));
#18999=CARTESIAN_POINT('Origin',(-36.459399,-51.069401,3.445));
#19000=CARTESIAN_POINT('',(-36.459399,-51.069401,3.745));
#19001=CARTESIAN_POINT('Origin',(-36.459399,-51.069401,3.445));
#19002=CARTESIAN_POINT('Origin',(-44.809399,-51.069401,3.445));
#19003=CARTESIAN_POINT('',(-33.309399,-51.069401,3.145));
#19004=CARTESIAN_POINT('',(-33.309399,-51.069401,3.745));
#19005=CARTESIAN_POINT('Origin',(-33.309399,-51.069401,3.445));
#19006=CARTESIAN_POINT('Origin',(-33.309399,-51.069401,3.445));
#19007=CARTESIAN_POINT('',(-44.809399,-51.069401,3.745));
#19008=CARTESIAN_POINT('Origin',(-33.309399,-51.069401,2.845));
#19009=CARTESIAN_POINT('',(-33.009399,-51.069401,2.845));
#19010=CARTESIAN_POINT('',(-32.409399,-51.069401,2.845));
#19011=CARTESIAN_POINT('Origin',(-32.709399,-51.069401,2.845));
#19012=CARTESIAN_POINT('Origin',(-32.709399,-51.069401,2.845));
#19013=CARTESIAN_POINT('Origin',(-33.309399,-51.069401,2.845));
#19014=CARTESIAN_POINT('Origin',(-32.709399,-51.069401,2.845));
#19015=CARTESIAN_POINT('',(-32.409399,-51.069401,-0.905));
#19016=CARTESIAN_POINT('Origin',(-32.709399,-51.069401,-0.905));
#19017=CARTESIAN_POINT('',(-32.409399,-51.069401,2.845));
#19018=CARTESIAN_POINT('Origin',(-33.009399,-51.069401,-0.905));
#19019=CARTESIAN_POINT('Origin',(-45.389399,-6.439401,2.845));
#19020=CARTESIAN_POINT('',(-45.089399,-6.439401,2.845));
#19021=CARTESIAN_POINT('',(-45.689399,-6.439401,2.845));
#19022=CARTESIAN_POINT('Origin',(-45.389399,-6.439401,2.845));
#19023=CARTESIAN_POINT('Origin',(-45.389399,-6.439401,2.845));
#19024=CARTESIAN_POINT('',(-45.689399,-6.439401,-0.905));
#19025=CARTESIAN_POINT('',(-45.689399,-6.439401,2.845));
#19026=CARTESIAN_POINT('Origin',(-45.389399,-6.439401,-0.905));
#19027=CARTESIAN_POINT('Origin',(-45.089399,-6.439401,-0.905));
#19028=CARTESIAN_POINT('Origin',(-44.789399,-6.439401,2.845));
#19029=CARTESIAN_POINT('',(-44.789399,-6.439401,3.145));
#19030=CARTESIAN_POINT('',(-44.789399,-6.439401,3.745));
#19031=CARTESIAN_POINT('Origin',(-44.789399,-6.439401,3.445));
#19032=CARTESIAN_POINT('Origin',(-44.789399,-6.439401,3.445));
#19033=CARTESIAN_POINT('Origin',(-44.789399,-6.439401,2.845));
#19034=CARTESIAN_POINT('Origin',(-44.789399,-6.439401,3.445));
#19035=CARTESIAN_POINT('',(-41.639399,-6.439401,3.745));
#19036=CARTESIAN_POINT('Origin',(-41.639399,-6.439401,3.445));
#19037=CARTESIAN_POINT('',(-44.789399,-6.439401,3.745));
#19038=CARTESIAN_POINT('Origin',(-41.639399,-6.439401,3.445));
#19039=CARTESIAN_POINT('',(-41.639399,-6.439401,2.095));
#19040=CARTESIAN_POINT('Origin',(-41.639399,-6.439401,3.445));
#19041=CARTESIAN_POINT('Origin',(-41.639399,-6.439401,3.445));
#19042=CARTESIAN_POINT('',(-40.859399,-6.439401,2.095));
#19043=CARTESIAN_POINT('Origin',(-40.859399,-6.439401,3.445));
#19044=CARTESIAN_POINT('',(-41.639399,-6.439401,2.095));
#19045=CARTESIAN_POINT('Origin',(-40.859399,-6.439401,3.445));
#19046=CARTESIAN_POINT('',(-40.859399,-6.439401,2.085));
#19047=CARTESIAN_POINT('Origin',(-40.859399,-6.439401,3.445));
#19048=CARTESIAN_POINT('Origin',(-40.859399,-6.439401,3.445));
#19049=CARTESIAN_POINT('',(-39.559399,-6.439401,2.085));
#19050=CARTESIAN_POINT('Origin',(-39.559399,-6.439401,3.445));
#19051=CARTESIAN_POINT('',(-40.859399,-6.439401,2.085));
#19052=CARTESIAN_POINT('Origin',(-39.559399,-6.439401,3.445));
#19053=CARTESIAN_POINT('',(-39.559399,-6.439401,2.095));
#19054=CARTESIAN_POINT('Origin',(-39.559399,-6.439401,3.445));
#19055=CARTESIAN_POINT('Origin',(-41.639399,-6.439401,3.445));
#19056=CARTESIAN_POINT('',(-36.439399,-6.439401,2.095));
#19057=CARTESIAN_POINT('Origin',(-36.439399,-6.439401,3.445));
#19058=CARTESIAN_POINT('',(-41.639399,-6.439401,2.095));
#19059=CARTESIAN_POINT('Origin',(-36.439399,-6.439401,3.445));
#19060=CARTESIAN_POINT('',(-36.439399,-6.439401,3.745));
#19061=CARTESIAN_POINT('Origin',(-36.439399,-6.439401,3.445));
#19062=CARTESIAN_POINT('Origin',(-44.789399,-6.439401,3.445));
#19063=CARTESIAN_POINT('',(-33.289399,-6.439401,3.145));
#19064=CARTESIAN_POINT('',(-33.289399,-6.439401,3.745));
#19065=CARTESIAN_POINT('Origin',(-33.289399,-6.439401,3.445));
#19066=CARTESIAN_POINT('Origin',(-33.289399,-6.439401,3.445));
#19067=CARTESIAN_POINT('',(-44.789399,-6.439401,3.745));
#19068=CARTESIAN_POINT('Origin',(-33.289399,-6.439401,2.845));
#19069=CARTESIAN_POINT('',(-32.989399,-6.439401,2.845));
#19070=CARTESIAN_POINT('',(-32.389399,-6.439401,2.845));
#19071=CARTESIAN_POINT('Origin',(-32.689399,-6.439401,2.845));
#19072=CARTESIAN_POINT('Origin',(-32.689399,-6.439401,2.845));
#19073=CARTESIAN_POINT('Origin',(-33.289399,-6.439401,2.845));
#19074=CARTESIAN_POINT('Origin',(-32.689399,-6.439401,2.845));
#19075=CARTESIAN_POINT('',(-32.389399,-6.439401,-0.905));
#19076=CARTESIAN_POINT('Origin',(-32.689399,-6.439401,-0.905));
#19077=CARTESIAN_POINT('',(-32.389399,-6.439401,2.845));
#19078=CARTESIAN_POINT('Origin',(-32.989399,-6.439401,-0.905));
#19079=CARTESIAN_POINT('Origin',(-45.409399,-34.069401,2.845));
#19080=CARTESIAN_POINT('',(-45.109399,-34.069401,2.845));
#19081=CARTESIAN_POINT('',(-45.709399,-34.069401,2.845));
#19082=CARTESIAN_POINT('Origin',(-45.409399,-34.069401,2.845));
#19083=CARTESIAN_POINT('Origin',(-45.409399,-34.069401,2.845));
#19084=CARTESIAN_POINT('',(-45.709399,-34.069401,-0.905));
#19085=CARTESIAN_POINT('',(-45.709399,-34.069401,2.845));
#19086=CARTESIAN_POINT('Origin',(-45.409399,-34.069401,-0.905));
#19087=CARTESIAN_POINT('Origin',(-45.109399,-34.069401,-0.905));
#19088=CARTESIAN_POINT('Origin',(-44.809399,-34.069401,2.845));
#19089=CARTESIAN_POINT('',(-44.809399,-34.069401,3.145));
#19090=CARTESIAN_POINT('',(-44.809399,-34.069401,3.745));
#19091=CARTESIAN_POINT('Origin',(-44.809399,-34.069401,3.445));
#19092=CARTESIAN_POINT('Origin',(-44.809399,-34.069401,3.445));
#19093=CARTESIAN_POINT('Origin',(-44.809399,-34.069401,2.845));
#19094=CARTESIAN_POINT('Origin',(-44.809399,-34.069401,3.445));
#19095=CARTESIAN_POINT('',(-41.659399,-34.069401,3.745));
#19096=CARTESIAN_POINT('Origin',(-41.659399,-34.069401,3.445));
#19097=CARTESIAN_POINT('',(-44.809399,-34.069401,3.745));
#19098=CARTESIAN_POINT('Origin',(-41.659399,-34.069401,3.445));
#19099=CARTESIAN_POINT('',(-41.659399,-34.069401,2.095));
#19100=CARTESIAN_POINT('Origin',(-41.659399,-34.069401,3.445));
#19101=CARTESIAN_POINT('Origin',(-41.659399,-34.069401,3.445));
#19102=CARTESIAN_POINT('',(-40.879399,-34.069401,2.095));
#19103=CARTESIAN_POINT('Origin',(-40.879399,-34.069401,3.445));
#19104=CARTESIAN_POINT('',(-41.659399,-34.069401,2.095));
#19105=CARTESIAN_POINT('Origin',(-40.879399,-34.069401,3.445));
#19106=CARTESIAN_POINT('',(-40.879399,-34.069401,2.085));
#19107=CARTESIAN_POINT('Origin',(-40.879399,-34.069401,3.445));
#19108=CARTESIAN_POINT('Origin',(-40.879399,-34.069401,3.445));
#19109=CARTESIAN_POINT('',(-39.579399,-34.069401,2.085));
#19110=CARTESIAN_POINT('Origin',(-39.579399,-34.069401,3.445));
#19111=CARTESIAN_POINT('',(-40.879399,-34.069401,2.085));
#19112=CARTESIAN_POINT('Origin',(-39.579399,-34.069401,3.445));
#19113=CARTESIAN_POINT('',(-39.579399,-34.069401,2.095));
#19114=CARTESIAN_POINT('Origin',(-39.579399,-34.069401,3.445));
#19115=CARTESIAN_POINT('Origin',(-41.659399,-34.069401,3.445));
#19116=CARTESIAN_POINT('',(-36.459399,-34.069401,2.095));
#19117=CARTESIAN_POINT('Origin',(-36.459399,-34.069401,3.445));
#19118=CARTESIAN_POINT('',(-41.659399,-34.069401,2.095));
#19119=CARTESIAN_POINT('Origin',(-36.459399,-34.069401,3.445));
#19120=CARTESIAN_POINT('',(-36.459399,-34.069401,3.745));
#19121=CARTESIAN_POINT('Origin',(-36.459399,-34.069401,3.445));
#19122=CARTESIAN_POINT('Origin',(-44.809399,-34.069401,3.445));
#19123=CARTESIAN_POINT('',(-33.309399,-34.069401,3.145));
#19124=CARTESIAN_POINT('',(-33.309399,-34.069401,3.745));
#19125=CARTESIAN_POINT('Origin',(-33.309399,-34.069401,3.445));
#19126=CARTESIAN_POINT('Origin',(-33.309399,-34.069401,3.445));
#19127=CARTESIAN_POINT('',(-44.809399,-34.069401,3.745));
#19128=CARTESIAN_POINT('Origin',(-33.309399,-34.069401,2.845));
#19129=CARTESIAN_POINT('',(-33.009399,-34.069401,2.845));
#19130=CARTESIAN_POINT('',(-32.409399,-34.069401,2.845));
#19131=CARTESIAN_POINT('Origin',(-32.709399,-34.069401,2.845));
#19132=CARTESIAN_POINT('Origin',(-32.709399,-34.069401,2.845));
#19133=CARTESIAN_POINT('Origin',(-33.309399,-34.069401,2.845));
#19134=CARTESIAN_POINT('Origin',(-32.709399,-34.069401,2.845));
#19135=CARTESIAN_POINT('',(-32.409399,-34.069401,-0.905));
#19136=CARTESIAN_POINT('Origin',(-32.709399,-34.069401,-0.905));
#19137=CARTESIAN_POINT('',(-32.409399,-34.069401,2.845));
#19138=CARTESIAN_POINT('Origin',(-33.009399,-34.069401,-0.905));
#19139=CARTESIAN_POINT('Origin',(-45.409399,-29.819401,2.845));
#19140=CARTESIAN_POINT('',(-45.109399,-29.819401,2.845));
#19141=CARTESIAN_POINT('',(-45.709399,-29.819401,2.845));
#19142=CARTESIAN_POINT('Origin',(-45.409399,-29.819401,2.845));
#19143=CARTESIAN_POINT('Origin',(-45.409399,-29.819401,2.845));
#19144=CARTESIAN_POINT('',(-45.709399,-29.819401,-0.905));
#19145=CARTESIAN_POINT('',(-45.709399,-29.819401,2.845));
#19146=CARTESIAN_POINT('Origin',(-45.409399,-29.819401,-0.905));
#19147=CARTESIAN_POINT('Origin',(-45.109399,-29.819401,-0.905));
#19148=CARTESIAN_POINT('Origin',(-44.809399,-29.819401,2.845));
#19149=CARTESIAN_POINT('',(-44.809399,-29.819401,3.145));
#19150=CARTESIAN_POINT('',(-44.809399,-29.819401,3.745));
#19151=CARTESIAN_POINT('Origin',(-44.809399,-29.819401,3.445));
#19152=CARTESIAN_POINT('Origin',(-44.809399,-29.819401,3.445));
#19153=CARTESIAN_POINT('Origin',(-44.809399,-29.819401,2.845));
#19154=CARTESIAN_POINT('Origin',(-44.809399,-29.819401,3.445));
#19155=CARTESIAN_POINT('',(-41.659399,-29.819401,3.745));
#19156=CARTESIAN_POINT('Origin',(-41.659399,-29.819401,3.445));
#19157=CARTESIAN_POINT('',(-44.809399,-29.819401,3.745));
#19158=CARTESIAN_POINT('Origin',(-41.659399,-29.819401,3.445));
#19159=CARTESIAN_POINT('',(-41.659399,-29.819401,2.095));
#19160=CARTESIAN_POINT('Origin',(-41.659399,-29.819401,3.445));
#19161=CARTESIAN_POINT('Origin',(-41.659399,-29.819401,3.445));
#19162=CARTESIAN_POINT('',(-40.879399,-29.819401,2.095));
#19163=CARTESIAN_POINT('Origin',(-40.879399,-29.819401,3.445));
#19164=CARTESIAN_POINT('',(-41.659399,-29.819401,2.095));
#19165=CARTESIAN_POINT('Origin',(-40.879399,-29.819401,3.445));
#19166=CARTESIAN_POINT('',(-40.879399,-29.819401,2.085));
#19167=CARTESIAN_POINT('Origin',(-40.879399,-29.819401,3.445));
#19168=CARTESIAN_POINT('Origin',(-40.879399,-29.819401,3.445));
#19169=CARTESIAN_POINT('',(-39.579399,-29.819401,2.085));
#19170=CARTESIAN_POINT('Origin',(-39.579399,-29.819401,3.445));
#19171=CARTESIAN_POINT('',(-40.879399,-29.819401,2.085));
#19172=CARTESIAN_POINT('Origin',(-39.579399,-29.819401,3.445));
#19173=CARTESIAN_POINT('',(-39.579399,-29.819401,2.095));
#19174=CARTESIAN_POINT('Origin',(-39.579399,-29.819401,3.445));
#19175=CARTESIAN_POINT('Origin',(-41.659399,-29.819401,3.445));
#19176=CARTESIAN_POINT('',(-36.459399,-29.819401,2.095));
#19177=CARTESIAN_POINT('Origin',(-36.459399,-29.819401,3.445));
#19178=CARTESIAN_POINT('',(-41.659399,-29.819401,2.095));
#19179=CARTESIAN_POINT('Origin',(-36.459399,-29.819401,3.445));
#19180=CARTESIAN_POINT('',(-36.459399,-29.819401,3.745));
#19181=CARTESIAN_POINT('Origin',(-36.459399,-29.819401,3.445));
#19182=CARTESIAN_POINT('Origin',(-44.809399,-29.819401,3.445));
#19183=CARTESIAN_POINT('',(-33.309399,-29.819401,3.145));
#19184=CARTESIAN_POINT('',(-33.309399,-29.819401,3.745));
#19185=CARTESIAN_POINT('Origin',(-33.309399,-29.819401,3.445));
#19186=CARTESIAN_POINT('Origin',(-33.309399,-29.819401,3.445));
#19187=CARTESIAN_POINT('',(-44.809399,-29.819401,3.745));
#19188=CARTESIAN_POINT('Origin',(-33.309399,-29.819401,2.845));
#19189=CARTESIAN_POINT('',(-33.009399,-29.819401,2.845));
#19190=CARTESIAN_POINT('',(-32.409399,-29.819401,2.845));
#19191=CARTESIAN_POINT('Origin',(-32.709399,-29.819401,2.845));
#19192=CARTESIAN_POINT('Origin',(-32.709399,-29.819401,2.845));
#19193=CARTESIAN_POINT('Origin',(-33.309399,-29.819401,2.845));
#19194=CARTESIAN_POINT('Origin',(-32.709399,-29.819401,2.845));
#19195=CARTESIAN_POINT('',(-32.409399,-29.819401,-0.905));
#19196=CARTESIAN_POINT('Origin',(-32.709399,-29.819401,-0.905));
#19197=CARTESIAN_POINT('',(-32.409399,-29.819401,2.845));
#19198=CARTESIAN_POINT('Origin',(-33.009399,-29.819401,-0.905));
#19199=CARTESIAN_POINT('Origin',(-45.389399,24.760599,2.845));
#19200=CARTESIAN_POINT('',(-45.089399,24.760599,2.845));
#19201=CARTESIAN_POINT('',(-45.689399,24.760599,2.845));
#19202=CARTESIAN_POINT('Origin',(-45.389399,24.760599,2.845));
#19203=CARTESIAN_POINT('Origin',(-45.389399,24.760599,2.845));
#19204=CARTESIAN_POINT('',(-45.689399,24.760599,-0.905));
#19205=CARTESIAN_POINT('',(-45.689399,24.760599,2.845));
#19206=CARTESIAN_POINT('Origin',(-45.389399,24.760599,-0.905));
#19207=CARTESIAN_POINT('Origin',(-45.089399,24.760599,-0.905));
#19208=CARTESIAN_POINT('Origin',(-44.789399,24.760599,2.845));
#19209=CARTESIAN_POINT('',(-44.789399,24.760599,3.145));
#19210=CARTESIAN_POINT('',(-44.789399,24.760599,3.745));
#19211=CARTESIAN_POINT('Origin',(-44.789399,24.760599,3.445));
#19212=CARTESIAN_POINT('Origin',(-44.789399,24.760599,3.445));
#19213=CARTESIAN_POINT('Origin',(-44.789399,24.760599,2.845));
#19214=CARTESIAN_POINT('Origin',(-44.789399,24.760599,3.445));
#19215=CARTESIAN_POINT('',(-41.639399,24.760599,3.745));
#19216=CARTESIAN_POINT('Origin',(-41.639399,24.760599,3.445));
#19217=CARTESIAN_POINT('',(-44.789399,24.760599,3.745));
#19218=CARTESIAN_POINT('Origin',(-41.639399,24.760599,3.445));
#19219=CARTESIAN_POINT('',(-41.639399,24.760599,2.095));
#19220=CARTESIAN_POINT('Origin',(-41.639399,24.760599,3.445));
#19221=CARTESIAN_POINT('Origin',(-41.639399,24.760599,3.445));
#19222=CARTESIAN_POINT('',(-40.859399,24.760599,2.095));
#19223=CARTESIAN_POINT('Origin',(-40.859399,24.760599,3.445));
#19224=CARTESIAN_POINT('',(-41.639399,24.760599,2.095));
#19225=CARTESIAN_POINT('Origin',(-40.859399,24.760599,3.445));
#19226=CARTESIAN_POINT('',(-40.859399,24.760599,2.085));
#19227=CARTESIAN_POINT('Origin',(-40.859399,24.760599,3.445));
#19228=CARTESIAN_POINT('Origin',(-40.859399,24.760599,3.445));
#19229=CARTESIAN_POINT('',(-39.559399,24.760599,2.085));
#19230=CARTESIAN_POINT('Origin',(-39.559399,24.760599,3.445));
#19231=CARTESIAN_POINT('',(-40.859399,24.760599,2.085));
#19232=CARTESIAN_POINT('Origin',(-39.559399,24.760599,3.445));
#19233=CARTESIAN_POINT('',(-39.559399,24.760599,2.095));
#19234=CARTESIAN_POINT('Origin',(-39.559399,24.760599,3.445));
#19235=CARTESIAN_POINT('Origin',(-41.639399,24.760599,3.445));
#19236=CARTESIAN_POINT('',(-36.439399,24.760599,2.095));
#19237=CARTESIAN_POINT('Origin',(-36.439399,24.760599,3.445));
#19238=CARTESIAN_POINT('',(-41.639399,24.760599,2.095));
#19239=CARTESIAN_POINT('Origin',(-36.439399,24.760599,3.445));
#19240=CARTESIAN_POINT('',(-36.439399,24.760599,3.745));
#19241=CARTESIAN_POINT('Origin',(-36.439399,24.760599,3.445));
#19242=CARTESIAN_POINT('Origin',(-44.789399,24.760599,3.445));
#19243=CARTESIAN_POINT('',(-33.289399,24.760599,3.145));
#19244=CARTESIAN_POINT('',(-33.289399,24.760599,3.745));
#19245=CARTESIAN_POINT('Origin',(-33.289399,24.760599,3.445));
#19246=CARTESIAN_POINT('Origin',(-33.289399,24.760599,3.445));
#19247=CARTESIAN_POINT('',(-44.789399,24.760599,3.745));
#19248=CARTESIAN_POINT('Origin',(-33.289399,24.760599,2.845));
#19249=CARTESIAN_POINT('',(-32.989399,24.760599,2.845));
#19250=CARTESIAN_POINT('',(-32.389399,24.760599,2.845));
#19251=CARTESIAN_POINT('Origin',(-32.689399,24.760599,2.845));
#19252=CARTESIAN_POINT('Origin',(-32.689399,24.760599,2.845));
#19253=CARTESIAN_POINT('Origin',(-33.289399,24.760599,2.845));
#19254=CARTESIAN_POINT('Origin',(-32.689399,24.760599,2.845));
#19255=CARTESIAN_POINT('',(-32.389399,24.760599,-0.905));
#19256=CARTESIAN_POINT('Origin',(-32.689399,24.760599,-0.905));
#19257=CARTESIAN_POINT('',(-32.389399,24.760599,2.845));
#19258=CARTESIAN_POINT('Origin',(-32.989399,24.760599,-0.905));
#19259=CARTESIAN_POINT('Origin',(-45.289399,-23.789401,2.845));
#19260=CARTESIAN_POINT('',(-44.989399,-23.789401,2.845));
#19261=CARTESIAN_POINT('',(-45.589399,-23.789401,2.845));
#19262=CARTESIAN_POINT('Origin',(-45.289399,-23.789401,2.845));
#19263=CARTESIAN_POINT('Origin',(-45.289399,-23.789401,2.845));
#19264=CARTESIAN_POINT('',(-45.589399,-23.789401,-0.905));
#19265=CARTESIAN_POINT('',(-45.589399,-23.789401,2.845));
#19266=CARTESIAN_POINT('Origin',(-45.289399,-23.789401,-0.905));
#19267=CARTESIAN_POINT('Origin',(-44.989399,-23.789401,-0.905));
#19268=CARTESIAN_POINT('Origin',(-44.689399,-23.789401,2.845));
#19269=CARTESIAN_POINT('',(-44.689399,-23.789401,3.145));
#19270=CARTESIAN_POINT('',(-44.689399,-23.789401,3.745));
#19271=CARTESIAN_POINT('Origin',(-44.689399,-23.789401,3.445));
#19272=CARTESIAN_POINT('Origin',(-44.689399,-23.789401,3.445));
#19273=CARTESIAN_POINT('Origin',(-44.689399,-23.789401,2.845));
#19274=CARTESIAN_POINT('Origin',(-44.689399,-23.789401,3.445));
#19275=CARTESIAN_POINT('',(-41.539399,-23.789401,3.745));
#19276=CARTESIAN_POINT('Origin',(-41.539399,-23.789401,3.445));
#19277=CARTESIAN_POINT('',(-44.689399,-23.789401,3.745));
#19278=CARTESIAN_POINT('Origin',(-41.539399,-23.789401,3.445));
#19279=CARTESIAN_POINT('',(-41.539399,-23.789401,2.095));
#19280=CARTESIAN_POINT('Origin',(-41.539399,-23.789401,3.445));
#19281=CARTESIAN_POINT('Origin',(-41.539399,-23.789401,3.445));
#19282=CARTESIAN_POINT('',(-40.759399,-23.789401,2.095));
#19283=CARTESIAN_POINT('Origin',(-40.759399,-23.789401,3.445));
#19284=CARTESIAN_POINT('',(-41.539399,-23.789401,2.095));
#19285=CARTESIAN_POINT('Origin',(-40.759399,-23.789401,3.445));
#19286=CARTESIAN_POINT('',(-40.759399,-23.789401,2.085));
#19287=CARTESIAN_POINT('Origin',(-40.759399,-23.789401,3.445));
#19288=CARTESIAN_POINT('Origin',(-40.759399,-23.789401,3.445));
#19289=CARTESIAN_POINT('',(-39.459399,-23.789401,2.085));
#19290=CARTESIAN_POINT('Origin',(-39.459399,-23.789401,3.445));
#19291=CARTESIAN_POINT('',(-40.759399,-23.789401,2.085));
#19292=CARTESIAN_POINT('Origin',(-39.459399,-23.789401,3.445));
#19293=CARTESIAN_POINT('',(-39.459399,-23.789401,2.095));
#19294=CARTESIAN_POINT('Origin',(-39.459399,-23.789401,3.445));
#19295=CARTESIAN_POINT('Origin',(-41.539399,-23.789401,3.445));
#19296=CARTESIAN_POINT('',(-36.339399,-23.789401,2.095));
#19297=CARTESIAN_POINT('Origin',(-36.339399,-23.789401,3.445));
#19298=CARTESIAN_POINT('',(-41.539399,-23.789401,2.095));
#19299=CARTESIAN_POINT('Origin',(-36.339399,-23.789401,3.445));
#19300=CARTESIAN_POINT('',(-36.339399,-23.789401,3.745));
#19301=CARTESIAN_POINT('Origin',(-36.339399,-23.789401,3.445));
#19302=CARTESIAN_POINT('Origin',(-44.689399,-23.789401,3.445));
#19303=CARTESIAN_POINT('',(-33.189399,-23.789401,3.145));
#19304=CARTESIAN_POINT('',(-33.189399,-23.789401,3.745));
#19305=CARTESIAN_POINT('Origin',(-33.189399,-23.789401,3.445));
#19306=CARTESIAN_POINT('Origin',(-33.189399,-23.789401,3.445));
#19307=CARTESIAN_POINT('',(-44.689399,-23.789401,3.745));
#19308=CARTESIAN_POINT('Origin',(-33.189399,-23.789401,2.845));
#19309=CARTESIAN_POINT('',(-32.889399,-23.789401,2.845));
#19310=CARTESIAN_POINT('',(-32.289399,-23.789401,2.845));
#19311=CARTESIAN_POINT('Origin',(-32.589399,-23.789401,2.845));
#19312=CARTESIAN_POINT('Origin',(-32.589399,-23.789401,2.845));
#19313=CARTESIAN_POINT('Origin',(-33.189399,-23.789401,2.845));
#19314=CARTESIAN_POINT('Origin',(-32.589399,-23.789401,2.845));
#19315=CARTESIAN_POINT('',(-32.289399,-23.789401,-0.905));
#19316=CARTESIAN_POINT('Origin',(-32.589399,-23.789401,-0.905));
#19317=CARTESIAN_POINT('',(-32.289399,-23.789401,2.845));
#19318=CARTESIAN_POINT('Origin',(-32.889399,-23.789401,-0.905));
#19319=CARTESIAN_POINT('Origin',(-45.389399,-18.989401,2.845));
#19320=CARTESIAN_POINT('',(-45.089399,-18.989401,2.845));
#19321=CARTESIAN_POINT('',(-45.689399,-18.989401,2.845));
#19322=CARTESIAN_POINT('Origin',(-45.389399,-18.989401,2.845));
#19323=CARTESIAN_POINT('Origin',(-45.389399,-18.989401,2.845));
#19324=CARTESIAN_POINT('',(-45.689399,-18.989401,-0.905));
#19325=CARTESIAN_POINT('',(-45.689399,-18.989401,2.845));
#19326=CARTESIAN_POINT('Origin',(-45.389399,-18.989401,-0.905));
#19327=CARTESIAN_POINT('Origin',(-45.089399,-18.989401,-0.905));
#19328=CARTESIAN_POINT('Origin',(-44.789399,-18.989401,2.845));
#19329=CARTESIAN_POINT('',(-44.789399,-18.989401,3.145));
#19330=CARTESIAN_POINT('',(-44.789399,-18.989401,3.745));
#19331=CARTESIAN_POINT('Origin',(-44.789399,-18.989401,3.445));
#19332=CARTESIAN_POINT('Origin',(-44.789399,-18.989401,3.445));
#19333=CARTESIAN_POINT('Origin',(-44.789399,-18.989401,2.845));
#19334=CARTESIAN_POINT('Origin',(-44.789399,-18.989401,3.445));
#19335=CARTESIAN_POINT('',(-41.639399,-18.989401,3.745));
#19336=CARTESIAN_POINT('Origin',(-41.639399,-18.989401,3.445));
#19337=CARTESIAN_POINT('',(-44.789399,-18.989401,3.745));
#19338=CARTESIAN_POINT('Origin',(-41.639399,-18.989401,3.445));
#19339=CARTESIAN_POINT('',(-41.639399,-18.989401,2.095));
#19340=CARTESIAN_POINT('Origin',(-41.639399,-18.989401,3.445));
#19341=CARTESIAN_POINT('Origin',(-41.639399,-18.989401,3.445));
#19342=CARTESIAN_POINT('',(-40.859399,-18.989401,2.095));
#19343=CARTESIAN_POINT('Origin',(-40.859399,-18.989401,3.445));
#19344=CARTESIAN_POINT('',(-41.639399,-18.989401,2.095));
#19345=CARTESIAN_POINT('Origin',(-40.859399,-18.989401,3.445));
#19346=CARTESIAN_POINT('',(-40.859399,-18.989401,2.085));
#19347=CARTESIAN_POINT('Origin',(-40.859399,-18.989401,3.445));
#19348=CARTESIAN_POINT('Origin',(-40.859399,-18.989401,3.445));
#19349=CARTESIAN_POINT('',(-39.559399,-18.989401,2.085));
#19350=CARTESIAN_POINT('Origin',(-39.559399,-18.989401,3.445));
#19351=CARTESIAN_POINT('',(-40.859399,-18.989401,2.085));
#19352=CARTESIAN_POINT('Origin',(-39.559399,-18.989401,3.445));
#19353=CARTESIAN_POINT('',(-39.559399,-18.989401,2.095));
#19354=CARTESIAN_POINT('Origin',(-39.559399,-18.989401,3.445));
#19355=CARTESIAN_POINT('Origin',(-41.639399,-18.989401,3.445));
#19356=CARTESIAN_POINT('',(-36.439399,-18.989401,2.095));
#19357=CARTESIAN_POINT('Origin',(-36.439399,-18.989401,3.445));
#19358=CARTESIAN_POINT('',(-41.639399,-18.989401,2.095));
#19359=CARTESIAN_POINT('Origin',(-36.439399,-18.989401,3.445));
#19360=CARTESIAN_POINT('',(-36.439399,-18.989401,3.745));
#19361=CARTESIAN_POINT('Origin',(-36.439399,-18.989401,3.445));
#19362=CARTESIAN_POINT('Origin',(-44.789399,-18.989401,3.445));
#19363=CARTESIAN_POINT('',(-33.289399,-18.989401,3.145));
#19364=CARTESIAN_POINT('',(-33.289399,-18.989401,3.745));
#19365=CARTESIAN_POINT('Origin',(-33.289399,-18.989401,3.445));
#19366=CARTESIAN_POINT('Origin',(-33.289399,-18.989401,3.445));
#19367=CARTESIAN_POINT('',(-44.789399,-18.989401,3.745));
#19368=CARTESIAN_POINT('Origin',(-33.289399,-18.989401,2.845));
#19369=CARTESIAN_POINT('',(-32.989399,-18.989401,2.845));
#19370=CARTESIAN_POINT('',(-32.389399,-18.989401,2.845));
#19371=CARTESIAN_POINT('Origin',(-32.689399,-18.989401,2.845));
#19372=CARTESIAN_POINT('Origin',(-32.689399,-18.989401,2.845));
#19373=CARTESIAN_POINT('Origin',(-33.289399,-18.989401,2.845));
#19374=CARTESIAN_POINT('Origin',(-32.689399,-18.989401,2.845));
#19375=CARTESIAN_POINT('',(-32.389399,-18.989401,-0.905));
#19376=CARTESIAN_POINT('Origin',(-32.689399,-18.989401,-0.905));
#19377=CARTESIAN_POINT('',(-32.389399,-18.989401,2.845));
#19378=CARTESIAN_POINT('Origin',(-32.989399,-18.989401,-0.905));
#19379=CARTESIAN_POINT('Origin',(-45.389399,20.510599,2.845));
#19380=CARTESIAN_POINT('',(-45.089399,20.510599,2.845));
#19381=CARTESIAN_POINT('',(-45.689399,20.510599,2.845));
#19382=CARTESIAN_POINT('Origin',(-45.389399,20.510599,2.845));
#19383=CARTESIAN_POINT('Origin',(-45.389399,20.510599,2.845));
#19384=CARTESIAN_POINT('',(-45.689399,20.510599,-0.905));
#19385=CARTESIAN_POINT('',(-45.689399,20.510599,2.845));
#19386=CARTESIAN_POINT('Origin',(-45.389399,20.510599,-0.905));
#19387=CARTESIAN_POINT('Origin',(-45.089399,20.510599,-0.905));
#19388=CARTESIAN_POINT('Origin',(-44.789399,20.510599,2.845));
#19389=CARTESIAN_POINT('',(-44.789399,20.510599,3.145));
#19390=CARTESIAN_POINT('',(-44.789399,20.510599,3.745));
#19391=CARTESIAN_POINT('Origin',(-44.789399,20.510599,3.445));
#19392=CARTESIAN_POINT('Origin',(-44.789399,20.510599,3.445));
#19393=CARTESIAN_POINT('Origin',(-44.789399,20.510599,2.845));
#19394=CARTESIAN_POINT('Origin',(-44.789399,20.510599,3.445));
#19395=CARTESIAN_POINT('',(-41.639399,20.510599,3.745));
#19396=CARTESIAN_POINT('Origin',(-41.639399,20.510599,3.445));
#19397=CARTESIAN_POINT('',(-44.789399,20.510599,3.745));
#19398=CARTESIAN_POINT('Origin',(-41.639399,20.510599,3.445));
#19399=CARTESIAN_POINT('',(-41.639399,20.510599,2.095));
#19400=CARTESIAN_POINT('Origin',(-41.639399,20.510599,3.445));
#19401=CARTESIAN_POINT('Origin',(-41.639399,20.510599,3.445));
#19402=CARTESIAN_POINT('',(-40.859399,20.510599,2.095));
#19403=CARTESIAN_POINT('Origin',(-40.859399,20.510599,3.445));
#19404=CARTESIAN_POINT('',(-41.639399,20.510599,2.095));
#19405=CARTESIAN_POINT('Origin',(-40.859399,20.510599,3.445));
#19406=CARTESIAN_POINT('',(-40.859399,20.510599,2.085));
#19407=CARTESIAN_POINT('Origin',(-40.859399,20.510599,3.445));
#19408=CARTESIAN_POINT('Origin',(-40.859399,20.510599,3.445));
#19409=CARTESIAN_POINT('',(-39.559399,20.510599,2.085));
#19410=CARTESIAN_POINT('Origin',(-39.559399,20.510599,3.445));
#19411=CARTESIAN_POINT('',(-40.859399,20.510599,2.085));
#19412=CARTESIAN_POINT('Origin',(-39.559399,20.510599,3.445));
#19413=CARTESIAN_POINT('',(-39.559399,20.510599,2.095));
#19414=CARTESIAN_POINT('Origin',(-39.559399,20.510599,3.445));
#19415=CARTESIAN_POINT('Origin',(-41.639399,20.510599,3.445));
#19416=CARTESIAN_POINT('',(-36.439399,20.510599,2.095));
#19417=CARTESIAN_POINT('Origin',(-36.439399,20.510599,3.445));
#19418=CARTESIAN_POINT('',(-41.639399,20.510599,2.095));
#19419=CARTESIAN_POINT('Origin',(-36.439399,20.510599,3.445));
#19420=CARTESIAN_POINT('',(-36.439399,20.510599,3.745));
#19421=CARTESIAN_POINT('Origin',(-36.439399,20.510599,3.445));
#19422=CARTESIAN_POINT('Origin',(-44.789399,20.510599,3.445));
#19423=CARTESIAN_POINT('',(-33.289399,20.510599,3.145));
#19424=CARTESIAN_POINT('',(-33.289399,20.510599,3.745));
#19425=CARTESIAN_POINT('Origin',(-33.289399,20.510599,3.445));
#19426=CARTESIAN_POINT('Origin',(-33.289399,20.510599,3.445));
#19427=CARTESIAN_POINT('',(-44.789399,20.510599,3.745));
#19428=CARTESIAN_POINT('Origin',(-33.289399,20.510599,2.845));
#19429=CARTESIAN_POINT('',(-32.989399,20.510599,2.845));
#19430=CARTESIAN_POINT('',(-32.389399,20.510599,2.845));
#19431=CARTESIAN_POINT('Origin',(-32.689399,20.510599,2.845));
#19432=CARTESIAN_POINT('Origin',(-32.689399,20.510599,2.845));
#19433=CARTESIAN_POINT('Origin',(-33.289399,20.510599,2.845));
#19434=CARTESIAN_POINT('Origin',(-32.689399,20.510599,2.845));
#19435=CARTESIAN_POINT('',(-32.389399,20.510599,-0.905));
#19436=CARTESIAN_POINT('Origin',(-32.689399,20.510599,-0.905));
#19437=CARTESIAN_POINT('',(-32.389399,20.510599,2.845));
#19438=CARTESIAN_POINT('Origin',(-32.989399,20.510599,-0.905));
#19439=CARTESIAN_POINT('Origin',(-45.389399,16.260599,2.845));
#19440=CARTESIAN_POINT('',(-45.089399,16.260599,2.845));
#19441=CARTESIAN_POINT('',(-45.689399,16.260599,2.845));
#19442=CARTESIAN_POINT('Origin',(-45.389399,16.260599,2.845));
#19443=CARTESIAN_POINT('Origin',(-45.389399,16.260599,2.845));
#19444=CARTESIAN_POINT('',(-45.689399,16.260599,-0.905));
#19445=CARTESIAN_POINT('',(-45.689399,16.260599,2.845));
#19446=CARTESIAN_POINT('Origin',(-45.389399,16.260599,-0.905));
#19447=CARTESIAN_POINT('Origin',(-45.089399,16.260599,-0.905));
#19448=CARTESIAN_POINT('Origin',(-44.789399,16.260599,2.845));
#19449=CARTESIAN_POINT('',(-44.789399,16.260599,3.145));
#19450=CARTESIAN_POINT('',(-44.789399,16.260599,3.745));
#19451=CARTESIAN_POINT('Origin',(-44.789399,16.260599,3.445));
#19452=CARTESIAN_POINT('Origin',(-44.789399,16.260599,3.445));
#19453=CARTESIAN_POINT('Origin',(-44.789399,16.260599,2.845));
#19454=CARTESIAN_POINT('Origin',(-44.789399,16.260599,3.445));
#19455=CARTESIAN_POINT('',(-41.639399,16.260599,3.745));
#19456=CARTESIAN_POINT('Origin',(-41.639399,16.260599,3.445));
#19457=CARTESIAN_POINT('',(-44.789399,16.260599,3.745));
#19458=CARTESIAN_POINT('Origin',(-41.639399,16.260599,3.445));
#19459=CARTESIAN_POINT('',(-41.639399,16.260599,2.095));
#19460=CARTESIAN_POINT('Origin',(-41.639399,16.260599,3.445));
#19461=CARTESIAN_POINT('Origin',(-41.639399,16.260599,3.445));
#19462=CARTESIAN_POINT('',(-40.859399,16.260599,2.095));
#19463=CARTESIAN_POINT('Origin',(-40.859399,16.260599,3.445));
#19464=CARTESIAN_POINT('',(-41.639399,16.260599,2.095));
#19465=CARTESIAN_POINT('Origin',(-40.859399,16.260599,3.445));
#19466=CARTESIAN_POINT('',(-40.859399,16.260599,2.085));
#19467=CARTESIAN_POINT('Origin',(-40.859399,16.260599,3.445));
#19468=CARTESIAN_POINT('Origin',(-40.859399,16.260599,3.445));
#19469=CARTESIAN_POINT('',(-39.559399,16.260599,2.085));
#19470=CARTESIAN_POINT('Origin',(-39.559399,16.260599,3.445));
#19471=CARTESIAN_POINT('',(-40.859399,16.260599,2.085));
#19472=CARTESIAN_POINT('Origin',(-39.559399,16.260599,3.445));
#19473=CARTESIAN_POINT('',(-39.559399,16.260599,2.095));
#19474=CARTESIAN_POINT('Origin',(-39.559399,16.260599,3.445));
#19475=CARTESIAN_POINT('Origin',(-41.639399,16.260599,3.445));
#19476=CARTESIAN_POINT('',(-36.439399,16.260599,2.095));
#19477=CARTESIAN_POINT('Origin',(-36.439399,16.260599,3.445));
#19478=CARTESIAN_POINT('',(-41.639399,16.260599,2.095));
#19479=CARTESIAN_POINT('Origin',(-36.439399,16.260599,3.445));
#19480=CARTESIAN_POINT('',(-36.439399,16.260599,3.745));
#19481=CARTESIAN_POINT('Origin',(-36.439399,16.260599,3.445));
#19482=CARTESIAN_POINT('Origin',(-44.789399,16.260599,3.445));
#19483=CARTESIAN_POINT('',(-33.289399,16.260599,3.145));
#19484=CARTESIAN_POINT('',(-33.289399,16.260599,3.745));
#19485=CARTESIAN_POINT('Origin',(-33.289399,16.260599,3.445));
#19486=CARTESIAN_POINT('Origin',(-33.289399,16.260599,3.445));
#19487=CARTESIAN_POINT('',(-44.789399,16.260599,3.745));
#19488=CARTESIAN_POINT('Origin',(-33.289399,16.260599,2.845));
#19489=CARTESIAN_POINT('',(-32.989399,16.260599,2.845));
#19490=CARTESIAN_POINT('',(-32.389399,16.260599,2.845));
#19491=CARTESIAN_POINT('Origin',(-32.689399,16.260599,2.845));
#19492=CARTESIAN_POINT('Origin',(-32.689399,16.260599,2.845));
#19493=CARTESIAN_POINT('Origin',(-33.289399,16.260599,2.845));
#19494=CARTESIAN_POINT('Origin',(-32.689399,16.260599,2.845));
#19495=CARTESIAN_POINT('',(-32.389399,16.260599,-0.905));
#19496=CARTESIAN_POINT('Origin',(-32.689399,16.260599,-0.905));
#19497=CARTESIAN_POINT('',(-32.389399,16.260599,2.845));
#19498=CARTESIAN_POINT('Origin',(-32.989399,16.260599,-0.905));
#19499=CARTESIAN_POINT('Origin',(-45.389399,2.060599,2.845));
#19500=CARTESIAN_POINT('',(-45.089399,2.060599,2.845));
#19501=CARTESIAN_POINT('',(-45.689399,2.060599,2.845));
#19502=CARTESIAN_POINT('Origin',(-45.389399,2.060599,2.845));
#19503=CARTESIAN_POINT('Origin',(-45.389399,2.060599,2.845));
#19504=CARTESIAN_POINT('',(-45.689399,2.060599,-0.905));
#19505=CARTESIAN_POINT('',(-45.689399,2.060599,2.845));
#19506=CARTESIAN_POINT('Origin',(-45.389399,2.060599,-0.905));
#19507=CARTESIAN_POINT('Origin',(-45.089399,2.060599,-0.905));
#19508=CARTESIAN_POINT('Origin',(-44.789399,2.060599,2.845));
#19509=CARTESIAN_POINT('',(-44.789399,2.060599,3.145));
#19510=CARTESIAN_POINT('',(-44.789399,2.060599,3.745));
#19511=CARTESIAN_POINT('Origin',(-44.789399,2.060599,3.445));
#19512=CARTESIAN_POINT('Origin',(-44.789399,2.060599,3.445));
#19513=CARTESIAN_POINT('Origin',(-44.789399,2.060599,2.845));
#19514=CARTESIAN_POINT('Origin',(-44.789399,2.060599,3.445));
#19515=CARTESIAN_POINT('',(-41.639399,2.060599,3.745));
#19516=CARTESIAN_POINT('Origin',(-41.639399,2.060599,3.445));
#19517=CARTESIAN_POINT('',(-44.789399,2.060599,3.745));
#19518=CARTESIAN_POINT('Origin',(-41.639399,2.060599,3.445));
#19519=CARTESIAN_POINT('',(-41.639399,2.060599,2.095));
#19520=CARTESIAN_POINT('Origin',(-41.639399,2.060599,3.445));
#19521=CARTESIAN_POINT('Origin',(-41.639399,2.060599,3.445));
#19522=CARTESIAN_POINT('',(-40.859399,2.060599,2.095));
#19523=CARTESIAN_POINT('Origin',(-40.859399,2.060599,3.445));
#19524=CARTESIAN_POINT('',(-41.639399,2.060599,2.095));
#19525=CARTESIAN_POINT('Origin',(-40.859399,2.060599,3.445));
#19526=CARTESIAN_POINT('',(-40.859399,2.060599,2.085));
#19527=CARTESIAN_POINT('Origin',(-40.859399,2.060599,3.445));
#19528=CARTESIAN_POINT('Origin',(-40.859399,2.060599,3.445));
#19529=CARTESIAN_POINT('',(-39.559399,2.060599,2.085));
#19530=CARTESIAN_POINT('Origin',(-39.559399,2.060599,3.445));
#19531=CARTESIAN_POINT('',(-40.859399,2.060599,2.085));
#19532=CARTESIAN_POINT('Origin',(-39.559399,2.060599,3.445));
#19533=CARTESIAN_POINT('',(-39.559399,2.060599,2.095));
#19534=CARTESIAN_POINT('Origin',(-39.559399,2.060599,3.445));
#19535=CARTESIAN_POINT('Origin',(-41.639399,2.060599,3.445));
#19536=CARTESIAN_POINT('',(-36.439399,2.060599,2.095));
#19537=CARTESIAN_POINT('Origin',(-36.439399,2.060599,3.445));
#19538=CARTESIAN_POINT('',(-41.639399,2.060599,2.095));
#19539=CARTESIAN_POINT('Origin',(-36.439399,2.060599,3.445));
#19540=CARTESIAN_POINT('',(-36.439399,2.060599,3.745));
#19541=CARTESIAN_POINT('Origin',(-36.439399,2.060599,3.445));
#19542=CARTESIAN_POINT('Origin',(-44.789399,2.060599,3.445));
#19543=CARTESIAN_POINT('',(-33.289399,2.060599,3.145));
#19544=CARTESIAN_POINT('',(-33.289399,2.060599,3.745));
#19545=CARTESIAN_POINT('Origin',(-33.289399,2.060599,3.445));
#19546=CARTESIAN_POINT('Origin',(-33.289399,2.060599,3.445));
#19547=CARTESIAN_POINT('',(-44.789399,2.060599,3.745));
#19548=CARTESIAN_POINT('Origin',(-33.289399,2.060599,2.845));
#19549=CARTESIAN_POINT('',(-32.989399,2.060599,2.845));
#19550=CARTESIAN_POINT('',(-32.389399,2.060599,2.845));
#19551=CARTESIAN_POINT('Origin',(-32.689399,2.060599,2.845));
#19552=CARTESIAN_POINT('Origin',(-32.689399,2.060599,2.845));
#19553=CARTESIAN_POINT('Origin',(-33.289399,2.060599,2.845));
#19554=CARTESIAN_POINT('Origin',(-32.689399,2.060599,2.845));
#19555=CARTESIAN_POINT('',(-32.389399,2.060599,-0.905));
#19556=CARTESIAN_POINT('Origin',(-32.689399,2.060599,-0.905));
#19557=CARTESIAN_POINT('',(-32.389399,2.060599,2.845));
#19558=CARTESIAN_POINT('Origin',(-32.989399,2.060599,-0.905));
#19559=CARTESIAN_POINT('Origin',(-45.389399,-14.939401,2.845));
#19560=CARTESIAN_POINT('',(-45.089399,-14.939401,2.845));
#19561=CARTESIAN_POINT('',(-45.689399,-14.939401,2.845));
#19562=CARTESIAN_POINT('Origin',(-45.389399,-14.939401,2.845));
#19563=CARTESIAN_POINT('Origin',(-45.389399,-14.939401,2.845));
#19564=CARTESIAN_POINT('',(-45.689399,-14.939401,-0.905));
#19565=CARTESIAN_POINT('',(-45.689399,-14.939401,2.845));
#19566=CARTESIAN_POINT('Origin',(-45.389399,-14.939401,-0.905));
#19567=CARTESIAN_POINT('Origin',(-45.089399,-14.939401,-0.905));
#19568=CARTESIAN_POINT('Origin',(-44.789399,-14.939401,2.845));
#19569=CARTESIAN_POINT('',(-44.789399,-14.939401,3.145));
#19570=CARTESIAN_POINT('',(-44.789399,-14.939401,3.745));
#19571=CARTESIAN_POINT('Origin',(-44.789399,-14.939401,3.445));
#19572=CARTESIAN_POINT('Origin',(-44.789399,-14.939401,3.445));
#19573=CARTESIAN_POINT('Origin',(-44.789399,-14.939401,2.845));
#19574=CARTESIAN_POINT('Origin',(-44.789399,-14.939401,3.445));
#19575=CARTESIAN_POINT('',(-41.639399,-14.939401,3.745));
#19576=CARTESIAN_POINT('Origin',(-41.639399,-14.939401,3.445));
#19577=CARTESIAN_POINT('',(-44.789399,-14.939401,3.745));
#19578=CARTESIAN_POINT('Origin',(-41.639399,-14.939401,3.445));
#19579=CARTESIAN_POINT('',(-41.639399,-14.939401,2.095));
#19580=CARTESIAN_POINT('Origin',(-41.639399,-14.939401,3.445));
#19581=CARTESIAN_POINT('Origin',(-41.639399,-14.939401,3.445));
#19582=CARTESIAN_POINT('',(-40.859399,-14.939401,2.095));
#19583=CARTESIAN_POINT('Origin',(-40.859399,-14.939401,3.445));
#19584=CARTESIAN_POINT('',(-41.639399,-14.939401,2.095));
#19585=CARTESIAN_POINT('Origin',(-40.859399,-14.939401,3.445));
#19586=CARTESIAN_POINT('',(-40.859399,-14.939401,2.085));
#19587=CARTESIAN_POINT('Origin',(-40.859399,-14.939401,3.445));
#19588=CARTESIAN_POINT('Origin',(-40.859399,-14.939401,3.445));
#19589=CARTESIAN_POINT('',(-39.559399,-14.939401,2.085));
#19590=CARTESIAN_POINT('Origin',(-39.559399,-14.939401,3.445));
#19591=CARTESIAN_POINT('',(-40.859399,-14.939401,2.085));
#19592=CARTESIAN_POINT('Origin',(-39.559399,-14.939401,3.445));
#19593=CARTESIAN_POINT('',(-39.559399,-14.939401,2.095));
#19594=CARTESIAN_POINT('Origin',(-39.559399,-14.939401,3.445));
#19595=CARTESIAN_POINT('Origin',(-41.639399,-14.939401,3.445));
#19596=CARTESIAN_POINT('',(-36.439399,-14.939401,2.095));
#19597=CARTESIAN_POINT('Origin',(-36.439399,-14.939401,3.445));
#19598=CARTESIAN_POINT('',(-41.639399,-14.939401,2.095));
#19599=CARTESIAN_POINT('Origin',(-36.439399,-14.939401,3.445));
#19600=CARTESIAN_POINT('',(-36.439399,-14.939401,3.745));
#19601=CARTESIAN_POINT('Origin',(-36.439399,-14.939401,3.445));
#19602=CARTESIAN_POINT('Origin',(-44.789399,-14.939401,3.445));
#19603=CARTESIAN_POINT('',(-33.289399,-14.939401,3.145));
#19604=CARTESIAN_POINT('',(-33.289399,-14.939401,3.745));
#19605=CARTESIAN_POINT('Origin',(-33.289399,-14.939401,3.445));
#19606=CARTESIAN_POINT('Origin',(-33.289399,-14.939401,3.445));
#19607=CARTESIAN_POINT('',(-44.789399,-14.939401,3.745));
#19608=CARTESIAN_POINT('Origin',(-33.289399,-14.939401,2.845));
#19609=CARTESIAN_POINT('',(-32.989399,-14.939401,2.845));
#19610=CARTESIAN_POINT('',(-32.389399,-14.939401,2.845));
#19611=CARTESIAN_POINT('Origin',(-32.689399,-14.939401,2.845));
#19612=CARTESIAN_POINT('Origin',(-32.689399,-14.939401,2.845));
#19613=CARTESIAN_POINT('Origin',(-33.289399,-14.939401,2.845));
#19614=CARTESIAN_POINT('Origin',(-32.689399,-14.939401,2.845));
#19615=CARTESIAN_POINT('',(-32.389399,-14.939401,-0.905));
#19616=CARTESIAN_POINT('Origin',(-32.689399,-14.939401,-0.905));
#19617=CARTESIAN_POINT('',(-32.389399,-14.939401,2.845));
#19618=CARTESIAN_POINT('Origin',(-32.989399,-14.939401,-0.905));
#19619=CARTESIAN_POINT('Origin',(-45.409399,-46.819401,2.845));
#19620=CARTESIAN_POINT('',(-45.109399,-46.819401,2.845));
#19621=CARTESIAN_POINT('',(-45.709399,-46.819401,2.845));
#19622=CARTESIAN_POINT('Origin',(-45.409399,-46.819401,2.845));
#19623=CARTESIAN_POINT('Origin',(-45.409399,-46.819401,2.845));
#19624=CARTESIAN_POINT('',(-45.709399,-46.819401,-0.905));
#19625=CARTESIAN_POINT('',(-45.709399,-46.819401,2.845));
#19626=CARTESIAN_POINT('Origin',(-45.409399,-46.819401,-0.905));
#19627=CARTESIAN_POINT('Origin',(-45.109399,-46.819401,-0.905));
#19628=CARTESIAN_POINT('Origin',(-44.809399,-46.819401,2.845));
#19629=CARTESIAN_POINT('',(-44.809399,-46.819401,3.145));
#19630=CARTESIAN_POINT('',(-44.809399,-46.819401,3.745));
#19631=CARTESIAN_POINT('Origin',(-44.809399,-46.819401,3.445));
#19632=CARTESIAN_POINT('Origin',(-44.809399,-46.819401,3.445));
#19633=CARTESIAN_POINT('Origin',(-44.809399,-46.819401,2.845));
#19634=CARTESIAN_POINT('Origin',(-44.809399,-46.819401,3.445));
#19635=CARTESIAN_POINT('',(-41.659399,-46.819401,3.745));
#19636=CARTESIAN_POINT('Origin',(-41.659399,-46.819401,3.445));
#19637=CARTESIAN_POINT('',(-44.809399,-46.819401,3.745));
#19638=CARTESIAN_POINT('Origin',(-41.659399,-46.819401,3.445));
#19639=CARTESIAN_POINT('',(-41.659399,-46.819401,2.095));
#19640=CARTESIAN_POINT('Origin',(-41.659399,-46.819401,3.445));
#19641=CARTESIAN_POINT('Origin',(-41.659399,-46.819401,3.445));
#19642=CARTESIAN_POINT('',(-40.879399,-46.819401,2.095));
#19643=CARTESIAN_POINT('Origin',(-40.879399,-46.819401,3.445));
#19644=CARTESIAN_POINT('',(-41.659399,-46.819401,2.095));
#19645=CARTESIAN_POINT('Origin',(-40.879399,-46.819401,3.445));
#19646=CARTESIAN_POINT('',(-40.879399,-46.819401,2.085));
#19647=CARTESIAN_POINT('Origin',(-40.879399,-46.819401,3.445));
#19648=CARTESIAN_POINT('Origin',(-40.879399,-46.819401,3.445));
#19649=CARTESIAN_POINT('',(-39.579399,-46.819401,2.085));
#19650=CARTESIAN_POINT('Origin',(-39.579399,-46.819401,3.445));
#19651=CARTESIAN_POINT('',(-40.879399,-46.819401,2.085));
#19652=CARTESIAN_POINT('Origin',(-39.579399,-46.819401,3.445));
#19653=CARTESIAN_POINT('',(-39.579399,-46.819401,2.095));
#19654=CARTESIAN_POINT('Origin',(-39.579399,-46.819401,3.445));
#19655=CARTESIAN_POINT('Origin',(-41.659399,-46.819401,3.445));
#19656=CARTESIAN_POINT('',(-36.459399,-46.819401,2.095));
#19657=CARTESIAN_POINT('Origin',(-36.459399,-46.819401,3.445));
#19658=CARTESIAN_POINT('',(-41.659399,-46.819401,2.095));
#19659=CARTESIAN_POINT('Origin',(-36.459399,-46.819401,3.445));
#19660=CARTESIAN_POINT('',(-36.459399,-46.819401,3.745));
#19661=CARTESIAN_POINT('Origin',(-36.459399,-46.819401,3.445));
#19662=CARTESIAN_POINT('Origin',(-44.809399,-46.819401,3.445));
#19663=CARTESIAN_POINT('',(-33.309399,-46.819401,3.145));
#19664=CARTESIAN_POINT('',(-33.309399,-46.819401,3.745));
#19665=CARTESIAN_POINT('Origin',(-33.309399,-46.819401,3.445));
#19666=CARTESIAN_POINT('Origin',(-33.309399,-46.819401,3.445));
#19667=CARTESIAN_POINT('',(-44.809399,-46.819401,3.745));
#19668=CARTESIAN_POINT('Origin',(-33.309399,-46.819401,2.845));
#19669=CARTESIAN_POINT('',(-33.009399,-46.819401,2.845));
#19670=CARTESIAN_POINT('',(-32.409399,-46.819401,2.845));
#19671=CARTESIAN_POINT('Origin',(-32.709399,-46.819401,2.845));
#19672=CARTESIAN_POINT('Origin',(-32.709399,-46.819401,2.845));
#19673=CARTESIAN_POINT('Origin',(-33.309399,-46.819401,2.845));
#19674=CARTESIAN_POINT('Origin',(-32.709399,-46.819401,2.845));
#19675=CARTESIAN_POINT('',(-32.409399,-46.819401,-0.905));
#19676=CARTESIAN_POINT('Origin',(-32.709399,-46.819401,-0.905));
#19677=CARTESIAN_POINT('',(-32.409399,-46.819401,2.845));
#19678=CARTESIAN_POINT('Origin',(-33.009399,-46.819401,-0.905));
#19679=CARTESIAN_POINT('Origin',(-45.389399,-10.689401,2.845));
#19680=CARTESIAN_POINT('',(-45.089399,-10.689401,2.845));
#19681=CARTESIAN_POINT('',(-45.689399,-10.689401,2.845));
#19682=CARTESIAN_POINT('Origin',(-45.389399,-10.689401,2.845));
#19683=CARTESIAN_POINT('Origin',(-45.389399,-10.689401,2.845));
#19684=CARTESIAN_POINT('',(-45.689399,-10.689401,-0.905));
#19685=CARTESIAN_POINT('',(-45.689399,-10.689401,2.845));
#19686=CARTESIAN_POINT('Origin',(-45.389399,-10.689401,-0.905));
#19687=CARTESIAN_POINT('Origin',(-45.089399,-10.689401,-0.905));
#19688=CARTESIAN_POINT('Origin',(-44.789399,-10.689401,2.845));
#19689=CARTESIAN_POINT('',(-44.789399,-10.689401,3.145));
#19690=CARTESIAN_POINT('',(-44.789399,-10.689401,3.745));
#19691=CARTESIAN_POINT('Origin',(-44.789399,-10.689401,3.445));
#19692=CARTESIAN_POINT('Origin',(-44.789399,-10.689401,3.445));
#19693=CARTESIAN_POINT('Origin',(-44.789399,-10.689401,2.845));
#19694=CARTESIAN_POINT('Origin',(-44.789399,-10.689401,3.445));
#19695=CARTESIAN_POINT('',(-41.639399,-10.689401,3.745));
#19696=CARTESIAN_POINT('Origin',(-41.639399,-10.689401,3.445));
#19697=CARTESIAN_POINT('',(-44.789399,-10.689401,3.745));
#19698=CARTESIAN_POINT('Origin',(-41.639399,-10.689401,3.445));
#19699=CARTESIAN_POINT('',(-41.639399,-10.689401,2.095));
#19700=CARTESIAN_POINT('Origin',(-41.639399,-10.689401,3.445));
#19701=CARTESIAN_POINT('Origin',(-41.639399,-10.689401,3.445));
#19702=CARTESIAN_POINT('',(-40.859399,-10.689401,2.095));
#19703=CARTESIAN_POINT('Origin',(-40.859399,-10.689401,3.445));
#19704=CARTESIAN_POINT('',(-41.639399,-10.689401,2.095));
#19705=CARTESIAN_POINT('Origin',(-40.859399,-10.689401,3.445));
#19706=CARTESIAN_POINT('',(-40.859399,-10.689401,2.085));
#19707=CARTESIAN_POINT('Origin',(-40.859399,-10.689401,3.445));
#19708=CARTESIAN_POINT('Origin',(-40.859399,-10.689401,3.445));
#19709=CARTESIAN_POINT('',(-39.559399,-10.689401,2.085));
#19710=CARTESIAN_POINT('Origin',(-39.559399,-10.689401,3.445));
#19711=CARTESIAN_POINT('',(-40.859399,-10.689401,2.085));
#19712=CARTESIAN_POINT('Origin',(-39.559399,-10.689401,3.445));
#19713=CARTESIAN_POINT('',(-39.559399,-10.689401,2.095));
#19714=CARTESIAN_POINT('Origin',(-39.559399,-10.689401,3.445));
#19715=CARTESIAN_POINT('Origin',(-41.639399,-10.689401,3.445));
#19716=CARTESIAN_POINT('',(-36.439399,-10.689401,2.095));
#19717=CARTESIAN_POINT('Origin',(-36.439399,-10.689401,3.445));
#19718=CARTESIAN_POINT('',(-41.639399,-10.689401,2.095));
#19719=CARTESIAN_POINT('Origin',(-36.439399,-10.689401,3.445));
#19720=CARTESIAN_POINT('',(-36.439399,-10.689401,3.745));
#19721=CARTESIAN_POINT('Origin',(-36.439399,-10.689401,3.445));
#19722=CARTESIAN_POINT('Origin',(-44.789399,-10.689401,3.445));
#19723=CARTESIAN_POINT('',(-33.289399,-10.689401,3.145));
#19724=CARTESIAN_POINT('',(-33.289399,-10.689401,3.745));
#19725=CARTESIAN_POINT('Origin',(-33.289399,-10.689401,3.445));
#19726=CARTESIAN_POINT('Origin',(-33.289399,-10.689401,3.445));
#19727=CARTESIAN_POINT('',(-44.789399,-10.689401,3.745));
#19728=CARTESIAN_POINT('Origin',(-33.289399,-10.689401,2.845));
#19729=CARTESIAN_POINT('',(-32.989399,-10.689401,2.845));
#19730=CARTESIAN_POINT('',(-32.389399,-10.689401,2.845));
#19731=CARTESIAN_POINT('Origin',(-32.689399,-10.689401,2.845));
#19732=CARTESIAN_POINT('Origin',(-32.689399,-10.689401,2.845));
#19733=CARTESIAN_POINT('Origin',(-33.289399,-10.689401,2.845));
#19734=CARTESIAN_POINT('Origin',(-32.689399,-10.689401,2.845));
#19735=CARTESIAN_POINT('',(-32.389399,-10.689401,-0.905));
#19736=CARTESIAN_POINT('Origin',(-32.689399,-10.689401,-0.905));
#19737=CARTESIAN_POINT('',(-32.389399,-10.689401,2.845));
#19738=CARTESIAN_POINT('Origin',(-32.989399,-10.689401,-0.905));
#19739=CARTESIAN_POINT('Origin',(-45.389399,12.010599,2.845));
#19740=CARTESIAN_POINT('',(-45.089399,12.010599,2.845));
#19741=CARTESIAN_POINT('',(-45.689399,12.010599,2.845));
#19742=CARTESIAN_POINT('Origin',(-45.389399,12.010599,2.845));
#19743=CARTESIAN_POINT('Origin',(-45.389399,12.010599,2.845));
#19744=CARTESIAN_POINT('',(-45.689399,12.010599,-0.905));
#19745=CARTESIAN_POINT('',(-45.689399,12.010599,2.845));
#19746=CARTESIAN_POINT('Origin',(-45.389399,12.010599,-0.905));
#19747=CARTESIAN_POINT('Origin',(-45.089399,12.010599,-0.905));
#19748=CARTESIAN_POINT('Origin',(-44.789399,12.010599,2.845));
#19749=CARTESIAN_POINT('',(-44.789399,12.010599,3.145));
#19750=CARTESIAN_POINT('',(-44.789399,12.010599,3.745));
#19751=CARTESIAN_POINT('Origin',(-44.789399,12.010599,3.445));
#19752=CARTESIAN_POINT('Origin',(-44.789399,12.010599,3.445));
#19753=CARTESIAN_POINT('Origin',(-44.789399,12.010599,2.845));
#19754=CARTESIAN_POINT('Origin',(-44.789399,12.010599,3.445));
#19755=CARTESIAN_POINT('',(-41.639399,12.010599,3.745));
#19756=CARTESIAN_POINT('Origin',(-41.639399,12.010599,3.445));
#19757=CARTESIAN_POINT('',(-44.789399,12.010599,3.745));
#19758=CARTESIAN_POINT('Origin',(-41.639399,12.010599,3.445));
#19759=CARTESIAN_POINT('',(-41.639399,12.010599,2.095));
#19760=CARTESIAN_POINT('Origin',(-41.639399,12.010599,3.445));
#19761=CARTESIAN_POINT('Origin',(-41.639399,12.010599,3.445));
#19762=CARTESIAN_POINT('',(-40.859399,12.010599,2.095));
#19763=CARTESIAN_POINT('Origin',(-40.859399,12.010599,3.445));
#19764=CARTESIAN_POINT('',(-41.639399,12.010599,2.095));
#19765=CARTESIAN_POINT('Origin',(-40.859399,12.010599,3.445));
#19766=CARTESIAN_POINT('',(-40.859399,12.010599,2.085));
#19767=CARTESIAN_POINT('Origin',(-40.859399,12.010599,3.445));
#19768=CARTESIAN_POINT('Origin',(-40.859399,12.010599,3.445));
#19769=CARTESIAN_POINT('',(-39.559399,12.010599,2.085));
#19770=CARTESIAN_POINT('Origin',(-39.559399,12.010599,3.445));
#19771=CARTESIAN_POINT('',(-40.859399,12.010599,2.085));
#19772=CARTESIAN_POINT('Origin',(-39.559399,12.010599,3.445));
#19773=CARTESIAN_POINT('',(-39.559399,12.010599,2.095));
#19774=CARTESIAN_POINT('Origin',(-39.559399,12.010599,3.445));
#19775=CARTESIAN_POINT('Origin',(-41.639399,12.010599,3.445));
#19776=CARTESIAN_POINT('',(-36.439399,12.010599,2.095));
#19777=CARTESIAN_POINT('Origin',(-36.439399,12.010599,3.445));
#19778=CARTESIAN_POINT('',(-41.639399,12.010599,2.095));
#19779=CARTESIAN_POINT('Origin',(-36.439399,12.010599,3.445));
#19780=CARTESIAN_POINT('',(-36.439399,12.010599,3.745));
#19781=CARTESIAN_POINT('Origin',(-36.439399,12.010599,3.445));
#19782=CARTESIAN_POINT('Origin',(-44.789399,12.010599,3.445));
#19783=CARTESIAN_POINT('',(-33.289399,12.010599,3.145));
#19784=CARTESIAN_POINT('',(-33.289399,12.010599,3.745));
#19785=CARTESIAN_POINT('Origin',(-33.289399,12.010599,3.445));
#19786=CARTESIAN_POINT('Origin',(-33.289399,12.010599,3.445));
#19787=CARTESIAN_POINT('',(-44.789399,12.010599,3.745));
#19788=CARTESIAN_POINT('Origin',(-33.289399,12.010599,2.845));
#19789=CARTESIAN_POINT('',(-32.989399,12.010599,2.845));
#19790=CARTESIAN_POINT('',(-32.389399,12.010599,2.845));
#19791=CARTESIAN_POINT('Origin',(-32.689399,12.010599,2.845));
#19792=CARTESIAN_POINT('Origin',(-32.689399,12.010599,2.845));
#19793=CARTESIAN_POINT('Origin',(-33.289399,12.010599,2.845));
#19794=CARTESIAN_POINT('Origin',(-32.689399,12.010599,2.845));
#19795=CARTESIAN_POINT('',(-32.389399,12.010599,-0.905));
#19796=CARTESIAN_POINT('Origin',(-32.689399,12.010599,-0.905));
#19797=CARTESIAN_POINT('',(-32.389399,12.010599,2.845));
#19798=CARTESIAN_POINT('Origin',(-32.989399,12.010599,-0.905));
#19799=CARTESIAN_POINT('Origin',(-14.949999,52.464999,1.595));
#19800=CARTESIAN_POINT('',(-14.949999,52.464999,1.595));
#19801=CARTESIAN_POINT('',(-14.949999,52.464999,2.595));
#19802=CARTESIAN_POINT('',(-14.949999,52.464999,1.595));
#19803=CARTESIAN_POINT('',(-14.849999,52.364999,1.595));
#19804=CARTESIAN_POINT('',(-14.949999,52.464999,1.595));
#19805=CARTESIAN_POINT('',(-14.849999,52.364999,2.595));
#19806=CARTESIAN_POINT('',(-14.849999,52.364999,1.595));
#19807=CARTESIAN_POINT('',(-14.949999,52.464999,2.595));
#19808=CARTESIAN_POINT('Origin',(-14.949999,53.534999,1.595));
#19809=CARTESIAN_POINT('',(-14.949999,53.534999,1.595));
#19810=CARTESIAN_POINT('',(-14.949999,53.534999,2.595));
#19811=CARTESIAN_POINT('',(-14.949999,53.534999,1.595));
#19812=CARTESIAN_POINT('',(-14.949999,53.534999,1.595));
#19813=CARTESIAN_POINT('',(-14.949999,53.534999,2.595));
#19814=CARTESIAN_POINT('Origin',(-14.849999,52.364999,1.595));
#19815=CARTESIAN_POINT('',(-14.049999,52.364999,1.595));
#19816=CARTESIAN_POINT('',(-14.849999,52.364999,1.595));
#19817=CARTESIAN_POINT('',(-14.049999,52.364999,2.595));
#19818=CARTESIAN_POINT('',(-14.049999,52.364999,1.595));
#19819=CARTESIAN_POINT('',(-14.849999,52.364999,2.595));
#19820=CARTESIAN_POINT('Origin',(-13.449999,52.999999,1.595));
#19821=CARTESIAN_POINT('',(-14.849999,53.634999,1.595));
#19822=CARTESIAN_POINT('',(-14.849999,53.634999,1.595));
#19823=CARTESIAN_POINT('',(-14.049999,53.634999,1.595));
#19824=CARTESIAN_POINT('',(-14.049999,53.634999,1.595));
#19825=CARTESIAN_POINT('',(-13.949999,53.534999,1.595));
#19826=CARTESIAN_POINT('',(-13.949999,53.534999,1.595));
#19827=CARTESIAN_POINT('',(-13.849999,53.634999,1.595));
#19828=CARTESIAN_POINT('',(-13.849999,53.634999,1.595));
#19829=CARTESIAN_POINT('',(-13.049999,53.634999,1.595));
#19830=CARTESIAN_POINT('',(-13.049999,53.634999,1.595));
#19831=CARTESIAN_POINT('',(-12.949999,53.534999,1.595));
#19832=CARTESIAN_POINT('',(-12.949999,53.534999,1.595));
#19833=CARTESIAN_POINT('',(-12.849999,53.634999,1.595));
#19834=CARTESIAN_POINT('',(-12.849999,53.634999,1.595));
#19835=CARTESIAN_POINT('',(-12.049999,53.634999,1.595));
#19836=CARTESIAN_POINT('',(-12.049999,53.634999,1.595));
#19837=CARTESIAN_POINT('',(-11.949999,53.534999,1.595));
#19838=CARTESIAN_POINT('',(-11.949999,53.534999,1.595));
#19839=CARTESIAN_POINT('',(-11.949999,52.464999,1.595));
#19840=CARTESIAN_POINT('',(-11.949999,52.464999,1.595));
#19841=CARTESIAN_POINT('',(-12.049999,52.364999,1.595));
#19842=CARTESIAN_POINT('',(-12.049999,52.364999,1.595));
#19843=CARTESIAN_POINT('',(-12.849999,52.364999,1.595));
#19844=CARTESIAN_POINT('',(-12.849999,52.364999,1.595));
#19845=CARTESIAN_POINT('',(-12.949999,52.464999,1.595));
#19846=CARTESIAN_POINT('',(-12.949999,52.464999,1.595));
#19847=CARTESIAN_POINT('',(-13.049999,52.364999,1.595));
#19848=CARTESIAN_POINT('',(-13.049999,52.364999,1.595));
#19849=CARTESIAN_POINT('',(-13.849999,52.364999,1.595));
#19850=CARTESIAN_POINT('',(-13.849999,52.364999,1.595));
#19851=CARTESIAN_POINT('',(-13.949999,52.464999,1.595));
#19852=CARTESIAN_POINT('',(-13.949999,52.464999,1.595));
#19853=CARTESIAN_POINT('',(-14.049999,52.364999,1.595));
#19854=CARTESIAN_POINT('',(-14.299999,53.149999,1.595));
#19855=CARTESIAN_POINT('',(-14.599999,53.149999,1.595));
#19856=CARTESIAN_POINT('',(-13.874999,53.149999,1.595));
#19857=CARTESIAN_POINT('',(-14.599999,52.849999,1.595));
#19858=CARTESIAN_POINT('',(-14.599999,52.924999,1.595));
#19859=CARTESIAN_POINT('',(-14.299999,52.849999,1.595));
#19860=CARTESIAN_POINT('',(-13.874999,52.849999,1.595));
#19861=CARTESIAN_POINT('',(-14.299999,52.924999,1.595));
#19862=CARTESIAN_POINT('',(-13.299999,53.149999,1.595));
#19863=CARTESIAN_POINT('',(-13.299999,52.849999,1.595));
#19864=CARTESIAN_POINT('',(-13.299999,52.924999,1.595));
#19865=CARTESIAN_POINT('',(-13.599999,53.149999,1.595));
#19866=CARTESIAN_POINT('',(-13.374999,53.149999,1.595));
#19867=CARTESIAN_POINT('',(-13.599999,52.849999,1.595));
#19868=CARTESIAN_POINT('',(-13.599999,52.924999,1.595));
#19869=CARTESIAN_POINT('',(-13.374999,52.849999,1.595));
#19870=CARTESIAN_POINT('',(-12.599999,53.149999,1.595));
#19871=CARTESIAN_POINT('',(-12.599999,52.849999,1.595));
#19872=CARTESIAN_POINT('',(-12.599999,52.924999,1.595));
#19873=CARTESIAN_POINT('',(-12.299999,52.849999,1.595));
#19874=CARTESIAN_POINT('',(-12.874999,52.849999,1.595));
#19875=CARTESIAN_POINT('',(-12.299999,53.149999,1.595));
#19876=CARTESIAN_POINT('',(-12.299999,52.924999,1.595));
#19877=CARTESIAN_POINT('',(-12.874999,53.149999,1.595));
#19878=CARTESIAN_POINT('Origin',(-13.449999,52.999999,2.595));
#19879=CARTESIAN_POINT('',(-13.949999,52.464999,2.595));
#19880=CARTESIAN_POINT('',(-14.049999,52.364999,2.595));
#19881=CARTESIAN_POINT('',(-13.849999,52.364999,2.595));
#19882=CARTESIAN_POINT('',(-13.949999,52.464999,2.595));
#19883=CARTESIAN_POINT('',(-13.049999,52.364999,2.595));
#19884=CARTESIAN_POINT('',(-13.849999,52.364999,2.595));
#19885=CARTESIAN_POINT('',(-12.949999,52.464999,2.595));
#19886=CARTESIAN_POINT('',(-13.049999,52.364999,2.595));
#19887=CARTESIAN_POINT('',(-12.849999,52.364999,2.595));
#19888=CARTESIAN_POINT('',(-12.949999,52.464999,2.595));
#19889=CARTESIAN_POINT('',(-12.049999,52.364999,2.595));
#19890=CARTESIAN_POINT('',(-12.849999,52.364999,2.595));
#19891=CARTESIAN_POINT('',(-11.949999,52.464999,2.595));
#19892=CARTESIAN_POINT('',(-12.049999,52.364999,2.595));
#19893=CARTESIAN_POINT('',(-11.949999,53.534999,2.595));
#19894=CARTESIAN_POINT('',(-11.949999,52.464999,2.595));
#19895=CARTESIAN_POINT('',(-12.049999,53.634999,2.595));
#19896=CARTESIAN_POINT('',(-11.949999,53.534999,2.595));
#19897=CARTESIAN_POINT('',(-12.849999,53.634999,2.595));
#19898=CARTESIAN_POINT('',(-12.049999,53.634999,2.595));
#19899=CARTESIAN_POINT('',(-12.949999,53.534999,2.595));
#19900=CARTESIAN_POINT('',(-12.849999,53.634999,2.595));
#19901=CARTESIAN_POINT('',(-13.049999,53.634999,2.595));
#19902=CARTESIAN_POINT('',(-12.949999,53.534999,2.595));
#19903=CARTESIAN_POINT('',(-13.849999,53.634999,2.595));
#19904=CARTESIAN_POINT('',(-13.049999,53.634999,2.595));
#19905=CARTESIAN_POINT('',(-13.949999,53.534999,2.595));
#19906=CARTESIAN_POINT('',(-13.849999,53.634999,2.595));
#19907=CARTESIAN_POINT('',(-14.049999,53.634999,2.595));
#19908=CARTESIAN_POINT('',(-13.949999,53.534999,2.595));
#19909=CARTESIAN_POINT('',(-14.849999,53.634999,2.595));
#19910=CARTESIAN_POINT('',(-14.049999,53.634999,2.595));
#19911=CARTESIAN_POINT('',(-14.849999,53.634999,2.595));
#19912=CARTESIAN_POINT('',(-14.299999,53.149999,2.595));
#19913=CARTESIAN_POINT('',(-14.599999,53.149999,2.595));
#19914=CARTESIAN_POINT('',(-13.874999,53.149999,2.595));
#19915=CARTESIAN_POINT('',(-14.299999,52.849999,2.595));
#19916=CARTESIAN_POINT('',(-14.299999,52.924999,2.595));
#19917=CARTESIAN_POINT('',(-14.599999,52.849999,2.595));
#19918=CARTESIAN_POINT('',(-13.874999,52.849999,2.595));
#19919=CARTESIAN_POINT('',(-14.599999,52.924999,2.595));
#19920=CARTESIAN_POINT('',(-13.299999,53.149999,2.595));
#19921=CARTESIAN_POINT('',(-13.299999,52.849999,2.595));
#19922=CARTESIAN_POINT('',(-13.299999,52.924999,2.595));
#19923=CARTESIAN_POINT('',(-13.599999,52.849999,2.595));
#19924=CARTESIAN_POINT('',(-13.374999,52.849999,2.595));
#19925=CARTESIAN_POINT('',(-13.599999,53.149999,2.595));
#19926=CARTESIAN_POINT('',(-13.599999,52.924999,2.595));
#19927=CARTESIAN_POINT('',(-13.374999,53.149999,2.595));
#19928=CARTESIAN_POINT('',(-12.599999,53.149999,2.595));
#19929=CARTESIAN_POINT('',(-12.599999,52.849999,2.595));
#19930=CARTESIAN_POINT('',(-12.599999,52.924999,2.595));
#19931=CARTESIAN_POINT('',(-12.299999,53.149999,2.595));
#19932=CARTESIAN_POINT('',(-12.874999,53.149999,2.595));
#19933=CARTESIAN_POINT('',(-12.299999,52.849999,2.595));
#19934=CARTESIAN_POINT('',(-12.299999,52.924999,2.595));
#19935=CARTESIAN_POINT('',(-12.874999,52.849999,2.595));
#19936=CARTESIAN_POINT('Origin',(-14.849999,53.634999,1.595));
#19937=CARTESIAN_POINT('',(-14.849999,53.634999,1.595));
#19938=CARTESIAN_POINT('Origin',(-14.049999,52.364999,1.595));
#19939=CARTESIAN_POINT('',(-13.949999,52.464999,1.595));
#19940=CARTESIAN_POINT('Origin',(-14.049999,53.634999,1.595));
#19941=CARTESIAN_POINT('',(-14.049999,53.634999,1.595));
#19942=CARTESIAN_POINT('Origin',(-13.949999,52.464999,1.595));
#19943=CARTESIAN_POINT('',(-13.849999,52.364999,1.595));
#19944=CARTESIAN_POINT('Origin',(-13.949999,53.534999,1.595));
#19945=CARTESIAN_POINT('',(-13.949999,53.534999,1.595));
#19946=CARTESIAN_POINT('Origin',(-13.849999,52.364999,1.595));
#19947=CARTESIAN_POINT('',(-13.049999,52.364999,1.595));
#19948=CARTESIAN_POINT('Origin',(-13.849999,53.634999,1.595));
#19949=CARTESIAN_POINT('',(-13.849999,53.634999,1.595));
#19950=CARTESIAN_POINT('Origin',(-13.049999,52.364999,1.595));
#19951=CARTESIAN_POINT('',(-12.949999,52.464999,1.595));
#19952=CARTESIAN_POINT('Origin',(-13.049999,53.634999,1.595));
#19953=CARTESIAN_POINT('',(-13.049999,53.634999,1.595));
#19954=CARTESIAN_POINT('Origin',(-12.949999,52.464999,1.595));
#19955=CARTESIAN_POINT('',(-12.849999,52.364999,1.595));
#19956=CARTESIAN_POINT('Origin',(-12.949999,53.534999,1.595));
#19957=CARTESIAN_POINT('',(-12.949999,53.534999,1.595));
#19958=CARTESIAN_POINT('Origin',(-12.849999,52.364999,1.595));
#19959=CARTESIAN_POINT('',(-12.049999,52.364999,1.595));
#19960=CARTESIAN_POINT('Origin',(-12.849999,53.634999,1.595));
#19961=CARTESIAN_POINT('',(-12.849999,53.634999,1.595));
#19962=CARTESIAN_POINT('Origin',(-12.049999,52.364999,1.595));
#19963=CARTESIAN_POINT('',(-11.949999,52.464999,1.595));
#19964=CARTESIAN_POINT('Origin',(-12.049999,53.634999,1.595));
#19965=CARTESIAN_POINT('',(-12.049999,53.634999,1.595));
#19966=CARTESIAN_POINT('Origin',(-11.949999,52.464999,1.595));
#19967=CARTESIAN_POINT('',(-11.949999,53.534999,1.595));
#19968=CARTESIAN_POINT('Origin',(-11.949999,53.534999,1.595));
#19969=CARTESIAN_POINT('Origin',(-14.299999,53.149999,-1.405));
#19970=CARTESIAN_POINT('',(-14.299999,53.149999,-1.33));
#19971=CARTESIAN_POINT('',(-14.299999,53.149999,-1.405));
#19972=CARTESIAN_POINT('',(-14.599999,53.149999,-1.33));
#19973=CARTESIAN_POINT('',(-14.299999,53.149999,-1.33));
#19974=CARTESIAN_POINT('',(-14.599999,53.149999,-1.405));
#19975=CARTESIAN_POINT('Origin',(-14.599999,52.849999,-1.405));
#19976=CARTESIAN_POINT('',(-14.599999,52.849999,-1.33));
#19977=CARTESIAN_POINT('',(-14.599999,52.849999,-1.33));
#19978=CARTESIAN_POINT('',(-14.599999,52.849999,-1.405));
#19979=CARTESIAN_POINT('Origin',(-14.299999,52.849999,-1.405));
#19980=CARTESIAN_POINT('',(-14.299999,52.849999,-1.33));
#19981=CARTESIAN_POINT('',(-14.299999,52.849999,-1.405));
#19982=CARTESIAN_POINT('',(-14.299999,52.849999,-1.33));
#19983=CARTESIAN_POINT('Origin',(-14.299999,52.849999,-1.405));
#19984=CARTESIAN_POINT('',(-14.299999,52.849999,-1.33));
#19985=CARTESIAN_POINT('Origin',(-13.299999,52.849999,-1.405));
#19986=CARTESIAN_POINT('',(-13.299999,53.149999,-1.33));
#19987=CARTESIAN_POINT('',(-13.299999,53.149999,-1.405));
#19988=CARTESIAN_POINT('',(-13.299999,52.849999,-1.33));
#19989=CARTESIAN_POINT('',(-13.299999,52.849999,-1.405));
#19990=CARTESIAN_POINT('',(-13.299999,52.849999,-1.33));
#19991=CARTESIAN_POINT('Origin',(-13.299999,53.149999,-1.405));
#19992=CARTESIAN_POINT('',(-13.599999,53.149999,-1.33));
#19993=CARTESIAN_POINT('',(-13.299999,53.149999,-1.33));
#19994=CARTESIAN_POINT('',(-13.599999,53.149999,-1.405));
#19995=CARTESIAN_POINT('Origin',(-13.599999,52.849999,-1.405));
#19996=CARTESIAN_POINT('',(-13.599999,52.849999,-1.33));
#19997=CARTESIAN_POINT('',(-13.599999,52.849999,-1.33));
#19998=CARTESIAN_POINT('',(-13.599999,52.849999,-1.405));
#19999=CARTESIAN_POINT('Origin',(-13.299999,52.849999,-1.405));
#20000=CARTESIAN_POINT('',(-13.299999,52.849999,-1.33));
#20001=CARTESIAN_POINT('Origin',(-12.599999,52.849999,-1.405));
#20002=CARTESIAN_POINT('',(-12.599999,53.149999,-1.33));
#20003=CARTESIAN_POINT('',(-12.599999,53.149999,-1.405));
#20004=CARTESIAN_POINT('',(-12.599999,52.849999,-1.33));
#20005=CARTESIAN_POINT('',(-12.599999,52.849999,-1.33));
#20006=CARTESIAN_POINT('',(-12.599999,52.849999,-1.405));
#20007=CARTESIAN_POINT('Origin',(-12.299999,52.849999,-1.405));
#20008=CARTESIAN_POINT('',(-12.299999,52.849999,-1.33));
#20009=CARTESIAN_POINT('',(-12.299999,52.849999,-1.405));
#20010=CARTESIAN_POINT('',(-12.299999,52.849999,-1.33));
#20011=CARTESIAN_POINT('Origin',(-12.299999,52.849999,-1.405));
#20012=CARTESIAN_POINT('',(-12.299999,53.149999,-1.33));
#20013=CARTESIAN_POINT('',(-12.299999,53.149999,-1.405));
#20014=CARTESIAN_POINT('',(-12.299999,52.849999,-1.33));
#20015=CARTESIAN_POINT('Origin',(-12.299999,53.149999,-1.405));
#20016=CARTESIAN_POINT('',(-12.299999,53.149999,-1.33));
#20017=CARTESIAN_POINT('Origin',(-14.299999,53.149999,-1.405));
#20018=CARTESIAN_POINT('',(-14.299999,53.149999,6.32));
#20019=CARTESIAN_POINT('',(-14.299999,53.149999,-1.405));
#20020=CARTESIAN_POINT('',(-14.599999,53.149999,6.32));
#20021=CARTESIAN_POINT('',(-14.599999,53.149999,-1.405));
#20022=CARTESIAN_POINT('',(-14.299999,53.149999,6.32));
#20023=CARTESIAN_POINT('Origin',(-14.599999,52.849999,-1.405));
#20024=CARTESIAN_POINT('',(-14.599999,52.849999,6.32));
#20025=CARTESIAN_POINT('',(-14.599999,52.849999,-1.405));
#20026=CARTESIAN_POINT('',(-14.599999,52.849999,6.32));
#20027=CARTESIAN_POINT('Origin',(-14.299999,52.849999,-1.405));
#20028=CARTESIAN_POINT('',(-14.299999,52.849999,6.32));
#20029=CARTESIAN_POINT('',(-14.299999,52.849999,-1.405));
#20030=CARTESIAN_POINT('',(-14.299999,52.849999,6.32));
#20031=CARTESIAN_POINT('Origin',(-14.299999,52.849999,-1.405));
#20032=CARTESIAN_POINT('',(-14.299999,52.849999,6.32));
#20033=CARTESIAN_POINT('Origin',(-13.299999,52.849999,-1.405));
#20034=CARTESIAN_POINT('',(-13.299999,53.149999,6.32));
#20035=CARTESIAN_POINT('',(-13.299999,53.149999,-1.405));
#20036=CARTESIAN_POINT('',(-13.299999,52.849999,6.32));
#20037=CARTESIAN_POINT('',(-13.299999,52.849999,6.32));
#20038=CARTESIAN_POINT('',(-13.299999,52.849999,-1.405));
#20039=CARTESIAN_POINT('Origin',(-13.299999,53.149999,-1.405));
#20040=CARTESIAN_POINT('',(-13.599999,53.149999,6.32));
#20041=CARTESIAN_POINT('',(-13.599999,53.149999,-1.405));
#20042=CARTESIAN_POINT('',(-13.299999,53.149999,6.32));
#20043=CARTESIAN_POINT('Origin',(-13.599999,52.849999,-1.405));
#20044=CARTESIAN_POINT('',(-13.599999,52.849999,6.32));
#20045=CARTESIAN_POINT('',(-13.599999,52.849999,-1.405));
#20046=CARTESIAN_POINT('',(-13.599999,52.849999,6.32));
#20047=CARTESIAN_POINT('Origin',(-13.299999,52.849999,-1.405));
#20048=CARTESIAN_POINT('',(-13.299999,52.849999,6.32));
#20049=CARTESIAN_POINT('Origin',(-12.599999,52.849999,-1.405));
#20050=CARTESIAN_POINT('',(-12.599999,53.149999,6.32));
#20051=CARTESIAN_POINT('',(-12.599999,53.149999,-1.405));
#20052=CARTESIAN_POINT('',(-12.599999,52.849999,6.32));
#20053=CARTESIAN_POINT('',(-12.599999,52.849999,-1.405));
#20054=CARTESIAN_POINT('',(-12.599999,52.849999,6.32));
#20055=CARTESIAN_POINT('Origin',(-12.299999,52.849999,-1.405));
#20056=CARTESIAN_POINT('',(-12.299999,52.849999,6.32));
#20057=CARTESIAN_POINT('',(-12.299999,52.849999,-1.405));
#20058=CARTESIAN_POINT('',(-12.299999,52.849999,6.32));
#20059=CARTESIAN_POINT('Origin',(-12.299999,52.849999,-1.405));
#20060=CARTESIAN_POINT('',(-12.299999,53.149999,6.32));
#20061=CARTESIAN_POINT('',(-12.299999,53.149999,-1.405));
#20062=CARTESIAN_POINT('',(-12.299999,52.849999,6.32));
#20063=CARTESIAN_POINT('Origin',(-12.299999,53.149999,-1.405));
#20064=CARTESIAN_POINT('',(-12.299999,53.149999,6.32));
#20065=CARTESIAN_POINT('Origin',(-14.299999,53.112499,-1.3675));
#20066=CARTESIAN_POINT('',(-14.374999,53.074999,-1.405));
#20067=CARTESIAN_POINT('',(-14.374999,53.074999,-1.405));
#20068=CARTESIAN_POINT('',(-14.524999,53.074999,-1.405));
#20069=CARTESIAN_POINT('',(-14.299999,53.074999,-1.405));
#20070=CARTESIAN_POINT('',(-14.474999,53.024999,-1.455));
#20071=CARTESIAN_POINT('Origin',(-14.562499,52.849999,-1.3675));
#20072=CARTESIAN_POINT('',(-14.524999,52.924999,-1.405));
#20073=CARTESIAN_POINT('',(-14.524999,52.924999,-1.405));
#20074=CARTESIAN_POINT('',(-14.524999,52.849999,-1.405));
#20075=CARTESIAN_POINT('Origin',(-14.299999,52.887499,-1.3675));
#20076=CARTESIAN_POINT('',(-14.374999,52.924999,-1.405));
#20077=CARTESIAN_POINT('',(-14.324999,52.874999,-1.355));
#20078=CARTESIAN_POINT('',(-14.299999,52.924999,-1.405));
#20079=CARTESIAN_POINT('Origin',(-14.337499,52.849999,-1.3675));
#20080=CARTESIAN_POINT('',(-14.374999,52.849999,-1.405));
#20081=CARTESIAN_POINT('Origin',(-13.337499,52.849999,-1.3675));
#20082=CARTESIAN_POINT('',(-13.374999,52.924999,-1.405));
#20083=CARTESIAN_POINT('',(-13.324999,52.874999,-1.355));
#20084=CARTESIAN_POINT('',(-13.374999,53.074999,-1.405));
#20085=CARTESIAN_POINT('',(-13.374999,52.849999,-1.405));
#20086=CARTESIAN_POINT('',(-13.374999,53.074999,-1.405));
#20087=CARTESIAN_POINT('Origin',(-13.299999,53.112499,-1.3675));
#20088=CARTESIAN_POINT('',(-13.524999,53.074999,-1.405));
#20089=CARTESIAN_POINT('',(-13.299999,53.074999,-1.405));
#20090=CARTESIAN_POINT('',(-13.474999,53.024999,-1.455));
#20091=CARTESIAN_POINT('Origin',(-13.562499,52.849999,-1.3675));
#20092=CARTESIAN_POINT('',(-13.524999,52.924999,-1.405));
#20093=CARTESIAN_POINT('',(-13.524999,52.924999,-1.405));
#20094=CARTESIAN_POINT('',(-13.524999,52.849999,-1.405));
#20095=CARTESIAN_POINT('Origin',(-13.299999,52.887499,-1.3675));
#20096=CARTESIAN_POINT('',(-13.299999,52.924999,-1.405));
#20097=CARTESIAN_POINT('Origin',(-12.562499,52.849999,-1.3675));
#20098=CARTESIAN_POINT('',(-12.524999,52.924999,-1.405));
#20099=CARTESIAN_POINT('',(-12.524999,52.924999,-1.405));
#20100=CARTESIAN_POINT('',(-12.524999,53.074999,-1.405));
#20101=CARTESIAN_POINT('',(-12.474999,53.024999,-1.455));
#20102=CARTESIAN_POINT('',(-12.524999,52.849999,-1.405));
#20103=CARTESIAN_POINT('Origin',(-12.299999,52.887499,-1.3675));
#20104=CARTESIAN_POINT('',(-12.374999,52.924999,-1.405));
#20105=CARTESIAN_POINT('',(-12.324999,52.874999,-1.355));
#20106=CARTESIAN_POINT('',(-12.299999,52.924999,-1.405));
#20107=CARTESIAN_POINT('Origin',(-12.337499,52.849999,-1.3675));
#20108=CARTESIAN_POINT('',(-12.374999,53.074999,-1.405));
#20109=CARTESIAN_POINT('',(-12.374999,52.849999,-1.405));
#20110=CARTESIAN_POINT('',(-12.374999,53.074999,-1.405));
#20111=CARTESIAN_POINT('Origin',(-12.299999,53.112499,-1.3675));
#20112=CARTESIAN_POINT('',(-12.299999,53.074999,-1.405));
#20113=CARTESIAN_POINT('Origin',(-14.299999,53.112499,6.3575));
#20114=CARTESIAN_POINT('',(-14.374999,53.074999,6.395));
#20115=CARTESIAN_POINT('',(-14.374999,53.074999,6.395));
#20116=CARTESIAN_POINT('',(-14.524999,53.074999,6.395));
#20117=CARTESIAN_POINT('',(-14.474999,53.024999,6.445));
#20118=CARTESIAN_POINT('',(-14.299999,53.074999,6.395));
#20119=CARTESIAN_POINT('Origin',(-14.562499,52.849999,6.3575));
#20120=CARTESIAN_POINT('',(-14.524999,52.924999,6.395));
#20121=CARTESIAN_POINT('',(-14.524999,52.924999,6.395));
#20122=CARTESIAN_POINT('',(-14.524999,52.849999,6.395));
#20123=CARTESIAN_POINT('Origin',(-14.299999,52.887499,6.3575));
#20124=CARTESIAN_POINT('',(-14.374999,52.924999,6.395));
#20125=CARTESIAN_POINT('',(-14.324999,52.874999,6.345));
#20126=CARTESIAN_POINT('',(-14.299999,52.924999,6.395));
#20127=CARTESIAN_POINT('Origin',(-14.337499,52.849999,6.3575));
#20128=CARTESIAN_POINT('',(-14.374999,52.849999,6.395));
#20129=CARTESIAN_POINT('Origin',(-13.337499,52.849999,6.3575));
#20130=CARTESIAN_POINT('',(-13.374999,52.924999,6.395));
#20131=CARTESIAN_POINT('',(-13.324999,52.874999,6.345));
#20132=CARTESIAN_POINT('',(-13.374999,53.074999,6.395));
#20133=CARTESIAN_POINT('',(-13.374999,53.074999,6.395));
#20134=CARTESIAN_POINT('',(-13.374999,52.849999,6.395));
#20135=CARTESIAN_POINT('Origin',(-13.299999,53.112499,6.3575));
#20136=CARTESIAN_POINT('',(-13.524999,53.074999,6.395));
#20137=CARTESIAN_POINT('',(-13.474999,53.024999,6.445));
#20138=CARTESIAN_POINT('',(-13.299999,53.074999,6.395));
#20139=CARTESIAN_POINT('Origin',(-13.562499,52.849999,6.3575));
#20140=CARTESIAN_POINT('',(-13.524999,52.924999,6.395));
#20141=CARTESIAN_POINT('',(-13.524999,52.924999,6.395));
#20142=CARTESIAN_POINT('',(-13.524999,52.849999,6.395));
#20143=CARTESIAN_POINT('Origin',(-13.299999,52.887499,6.3575));
#20144=CARTESIAN_POINT('',(-13.299999,52.924999,6.395));
#20145=CARTESIAN_POINT('Origin',(-12.562499,52.849999,6.3575));
#20146=CARTESIAN_POINT('',(-12.524999,52.924999,6.395));
#20147=CARTESIAN_POINT('',(-12.524999,52.924999,6.395));
#20148=CARTESIAN_POINT('',(-12.524999,53.074999,6.395));
#20149=CARTESIAN_POINT('',(-12.524999,52.849999,6.395));
#20150=CARTESIAN_POINT('',(-12.474999,53.024999,6.445));
#20151=CARTESIAN_POINT('Origin',(-12.299999,52.887499,6.3575));
#20152=CARTESIAN_POINT('',(-12.374999,52.924999,6.395));
#20153=CARTESIAN_POINT('',(-12.324999,52.874999,6.345));
#20154=CARTESIAN_POINT('',(-12.299999,52.924999,6.395));
#20155=CARTESIAN_POINT('Origin',(-12.337499,52.849999,6.3575));
#20156=CARTESIAN_POINT('',(-12.374999,53.074999,6.395));
#20157=CARTESIAN_POINT('',(-12.374999,53.074999,6.395));
#20158=CARTESIAN_POINT('',(-12.374999,52.849999,6.395));
#20159=CARTESIAN_POINT('Origin',(-12.299999,53.112499,6.3575));
#20160=CARTESIAN_POINT('',(-12.299999,53.074999,6.395));
#20161=CARTESIAN_POINT('Origin',(-14.299999,52.849999,-1.405));
#20162=CARTESIAN_POINT('Origin',(-13.299999,52.849999,-1.405));
#20163=CARTESIAN_POINT('Origin',(-12.299999,52.849999,-1.405));
#20164=CARTESIAN_POINT('Origin',(-14.299999,52.849999,6.395));
#20165=CARTESIAN_POINT('Origin',(-13.299999,52.849999,6.395));
#20166=CARTESIAN_POINT('Origin',(-12.299999,52.849999,6.395));
#20167=CARTESIAN_POINT('Origin',(-45.409399,-42.569401,2.845));
#20168=CARTESIAN_POINT('',(-45.109399,-42.569401,2.845));
#20169=CARTESIAN_POINT('',(-45.709399,-42.569401,2.845));
#20170=CARTESIAN_POINT('Origin',(-45.409399,-42.569401,2.845));
#20171=CARTESIAN_POINT('Origin',(-45.409399,-42.569401,2.845));
#20172=CARTESIAN_POINT('',(-45.709399,-42.569401,-0.905));
#20173=CARTESIAN_POINT('',(-45.709399,-42.569401,2.845));
#20174=CARTESIAN_POINT('Origin',(-45.409399,-42.569401,-0.905));
#20175=CARTESIAN_POINT('Origin',(-45.109399,-42.569401,-0.905));
#20176=CARTESIAN_POINT('Origin',(-44.809399,-42.569401,2.845));
#20177=CARTESIAN_POINT('',(-44.809399,-42.569401,3.145));
#20178=CARTESIAN_POINT('',(-44.809399,-42.569401,3.745));
#20179=CARTESIAN_POINT('Origin',(-44.809399,-42.569401,3.445));
#20180=CARTESIAN_POINT('Origin',(-44.809399,-42.569401,3.445));
#20181=CARTESIAN_POINT('Origin',(-44.809399,-42.569401,2.845));
#20182=CARTESIAN_POINT('Origin',(-44.809399,-42.569401,3.445));
#20183=CARTESIAN_POINT('',(-41.659399,-42.569401,3.745));
#20184=CARTESIAN_POINT('Origin',(-41.659399,-42.569401,3.445));
#20185=CARTESIAN_POINT('',(-44.809399,-42.569401,3.745));
#20186=CARTESIAN_POINT('Origin',(-41.659399,-42.569401,3.445));
#20187=CARTESIAN_POINT('',(-41.659399,-42.569401,2.095));
#20188=CARTESIAN_POINT('Origin',(-41.659399,-42.569401,3.445));
#20189=CARTESIAN_POINT('Origin',(-41.659399,-42.569401,3.445));
#20190=CARTESIAN_POINT('',(-40.879399,-42.569401,2.095));
#20191=CARTESIAN_POINT('Origin',(-40.879399,-42.569401,3.445));
#20192=CARTESIAN_POINT('',(-41.659399,-42.569401,2.095));
#20193=CARTESIAN_POINT('Origin',(-40.879399,-42.569401,3.445));
#20194=CARTESIAN_POINT('',(-40.879399,-42.569401,2.085));
#20195=CARTESIAN_POINT('Origin',(-40.879399,-42.569401,3.445));
#20196=CARTESIAN_POINT('Origin',(-40.879399,-42.569401,3.445));
#20197=CARTESIAN_POINT('',(-39.579399,-42.569401,2.085));
#20198=CARTESIAN_POINT('Origin',(-39.579399,-42.569401,3.445));
#20199=CARTESIAN_POINT('',(-40.879399,-42.569401,2.085));
#20200=CARTESIAN_POINT('Origin',(-39.579399,-42.569401,3.445));
#20201=CARTESIAN_POINT('',(-39.579399,-42.569401,2.095));
#20202=CARTESIAN_POINT('Origin',(-39.579399,-42.569401,3.445));
#20203=CARTESIAN_POINT('Origin',(-41.659399,-42.569401,3.445));
#20204=CARTESIAN_POINT('',(-36.459399,-42.569401,2.095));
#20205=CARTESIAN_POINT('Origin',(-36.459399,-42.569401,3.445));
#20206=CARTESIAN_POINT('',(-41.659399,-42.569401,2.095));
#20207=CARTESIAN_POINT('Origin',(-36.459399,-42.569401,3.445));
#20208=CARTESIAN_POINT('',(-36.459399,-42.569401,3.745));
#20209=CARTESIAN_POINT('Origin',(-36.459399,-42.569401,3.445));
#20210=CARTESIAN_POINT('Origin',(-44.809399,-42.569401,3.445));
#20211=CARTESIAN_POINT('',(-33.309399,-42.569401,3.145));
#20212=CARTESIAN_POINT('',(-33.309399,-42.569401,3.745));
#20213=CARTESIAN_POINT('Origin',(-33.309399,-42.569401,3.445));
#20214=CARTESIAN_POINT('Origin',(-33.309399,-42.569401,3.445));
#20215=CARTESIAN_POINT('',(-44.809399,-42.569401,3.745));
#20216=CARTESIAN_POINT('Origin',(-33.309399,-42.569401,2.845));
#20217=CARTESIAN_POINT('',(-33.009399,-42.569401,2.845));
#20218=CARTESIAN_POINT('',(-32.409399,-42.569401,2.845));
#20219=CARTESIAN_POINT('Origin',(-32.709399,-42.569401,2.845));
#20220=CARTESIAN_POINT('Origin',(-32.709399,-42.569401,2.845));
#20221=CARTESIAN_POINT('Origin',(-33.309399,-42.569401,2.845));
#20222=CARTESIAN_POINT('Origin',(-32.709399,-42.569401,2.845));
#20223=CARTESIAN_POINT('',(-32.409399,-42.569401,-0.905));
#20224=CARTESIAN_POINT('Origin',(-32.709399,-42.569401,-0.905));
#20225=CARTESIAN_POINT('',(-32.409399,-42.569401,2.845));
#20226=CARTESIAN_POINT('Origin',(-33.009399,-42.569401,-0.905));
#20227=CARTESIAN_POINT('Origin',(-45.389399,33.260599,2.845));
#20228=CARTESIAN_POINT('',(-45.089399,33.260599,2.845));
#20229=CARTESIAN_POINT('',(-45.689399,33.260599,2.845));
#20230=CARTESIAN_POINT('Origin',(-45.389399,33.260599,2.845));
#20231=CARTESIAN_POINT('Origin',(-45.389399,33.260599,2.845));
#20232=CARTESIAN_POINT('',(-45.689399,33.260599,-0.905));
#20233=CARTESIAN_POINT('',(-45.689399,33.260599,2.845));
#20234=CARTESIAN_POINT('Origin',(-45.389399,33.260599,-0.905));
#20235=CARTESIAN_POINT('Origin',(-45.089399,33.260599,-0.905));
#20236=CARTESIAN_POINT('Origin',(-44.789399,33.260599,2.845));
#20237=CARTESIAN_POINT('',(-44.789399,33.260599,3.145));
#20238=CARTESIAN_POINT('',(-44.789399,33.260599,3.745));
#20239=CARTESIAN_POINT('Origin',(-44.789399,33.260599,3.445));
#20240=CARTESIAN_POINT('Origin',(-44.789399,33.260599,3.445));
#20241=CARTESIAN_POINT('Origin',(-44.789399,33.260599,2.845));
#20242=CARTESIAN_POINT('Origin',(-44.789399,33.260599,3.445));
#20243=CARTESIAN_POINT('',(-41.639399,33.260599,3.745));
#20244=CARTESIAN_POINT('Origin',(-41.639399,33.260599,3.445));
#20245=CARTESIAN_POINT('',(-44.789399,33.260599,3.745));
#20246=CARTESIAN_POINT('Origin',(-41.639399,33.260599,3.445));
#20247=CARTESIAN_POINT('',(-41.639399,33.260599,2.095));
#20248=CARTESIAN_POINT('Origin',(-41.639399,33.260599,3.445));
#20249=CARTESIAN_POINT('Origin',(-41.639399,33.260599,3.445));
#20250=CARTESIAN_POINT('',(-40.859399,33.260599,2.095));
#20251=CARTESIAN_POINT('Origin',(-40.859399,33.260599,3.445));
#20252=CARTESIAN_POINT('',(-41.639399,33.260599,2.095));
#20253=CARTESIAN_POINT('Origin',(-40.859399,33.260599,3.445));
#20254=CARTESIAN_POINT('',(-40.859399,33.260599,2.085));
#20255=CARTESIAN_POINT('Origin',(-40.859399,33.260599,3.445));
#20256=CARTESIAN_POINT('Origin',(-40.859399,33.260599,3.445));
#20257=CARTESIAN_POINT('',(-39.559399,33.260599,2.085));
#20258=CARTESIAN_POINT('Origin',(-39.559399,33.260599,3.445));
#20259=CARTESIAN_POINT('',(-40.859399,33.260599,2.085));
#20260=CARTESIAN_POINT('Origin',(-39.559399,33.260599,3.445));
#20261=CARTESIAN_POINT('',(-39.559399,33.260599,2.095));
#20262=CARTESIAN_POINT('Origin',(-39.559399,33.260599,3.445));
#20263=CARTESIAN_POINT('Origin',(-41.639399,33.260599,3.445));
#20264=CARTESIAN_POINT('',(-36.439399,33.260599,2.095));
#20265=CARTESIAN_POINT('Origin',(-36.439399,33.260599,3.445));
#20266=CARTESIAN_POINT('',(-41.639399,33.260599,2.095));
#20267=CARTESIAN_POINT('Origin',(-36.439399,33.260599,3.445));
#20268=CARTESIAN_POINT('',(-36.439399,33.260599,3.745));
#20269=CARTESIAN_POINT('Origin',(-36.439399,33.260599,3.445));
#20270=CARTESIAN_POINT('Origin',(-44.789399,33.260599,3.445));
#20271=CARTESIAN_POINT('',(-33.289399,33.260599,3.145));
#20272=CARTESIAN_POINT('',(-33.289399,33.260599,3.745));
#20273=CARTESIAN_POINT('Origin',(-33.289399,33.260599,3.445));
#20274=CARTESIAN_POINT('Origin',(-33.289399,33.260599,3.445));
#20275=CARTESIAN_POINT('',(-44.789399,33.260599,3.745));
#20276=CARTESIAN_POINT('Origin',(-33.289399,33.260599,2.845));
#20277=CARTESIAN_POINT('',(-32.989399,33.260599,2.845));
#20278=CARTESIAN_POINT('',(-32.389399,33.260599,2.845));
#20279=CARTESIAN_POINT('Origin',(-32.689399,33.260599,2.845));
#20280=CARTESIAN_POINT('Origin',(-32.689399,33.260599,2.845));
#20281=CARTESIAN_POINT('Origin',(-33.289399,33.260599,2.845));
#20282=CARTESIAN_POINT('Origin',(-32.689399,33.260599,2.845));
#20283=CARTESIAN_POINT('',(-32.389399,33.260599,-0.905));
#20284=CARTESIAN_POINT('Origin',(-32.689399,33.260599,-0.905));
#20285=CARTESIAN_POINT('',(-32.389399,33.260599,2.845));
#20286=CARTESIAN_POINT('Origin',(-32.989399,33.260599,-0.905));
#20287=CARTESIAN_POINT('Origin',(-45.389399,-2.189401,2.845));
#20288=CARTESIAN_POINT('',(-45.089399,-2.189401,2.845));
#20289=CARTESIAN_POINT('',(-45.689399,-2.189401,2.845));
#20290=CARTESIAN_POINT('Origin',(-45.389399,-2.189401,2.845));
#20291=CARTESIAN_POINT('Origin',(-45.389399,-2.189401,2.845));
#20292=CARTESIAN_POINT('',(-45.689399,-2.189401,-0.905));
#20293=CARTESIAN_POINT('',(-45.689399,-2.189401,2.845));
#20294=CARTESIAN_POINT('Origin',(-45.389399,-2.189401,-0.905));
#20295=CARTESIAN_POINT('Origin',(-45.089399,-2.189401,-0.905));
#20296=CARTESIAN_POINT('Origin',(-44.789399,-2.189401,2.845));
#20297=CARTESIAN_POINT('',(-44.789399,-2.189401,3.145));
#20298=CARTESIAN_POINT('',(-44.789399,-2.189401,3.745));
#20299=CARTESIAN_POINT('Origin',(-44.789399,-2.189401,3.445));
#20300=CARTESIAN_POINT('Origin',(-44.789399,-2.189401,3.445));
#20301=CARTESIAN_POINT('Origin',(-44.789399,-2.189401,2.845));
#20302=CARTESIAN_POINT('Origin',(-44.789399,-2.189401,3.445));
#20303=CARTESIAN_POINT('',(-41.639399,-2.189401,3.745));
#20304=CARTESIAN_POINT('Origin',(-41.639399,-2.189401,3.445));
#20305=CARTESIAN_POINT('',(-44.789399,-2.189401,3.745));
#20306=CARTESIAN_POINT('Origin',(-41.639399,-2.189401,3.445));
#20307=CARTESIAN_POINT('',(-41.639399,-2.189401,2.095));
#20308=CARTESIAN_POINT('Origin',(-41.639399,-2.189401,3.445));
#20309=CARTESIAN_POINT('Origin',(-41.639399,-2.189401,3.445));
#20310=CARTESIAN_POINT('',(-40.859399,-2.189401,2.095));
#20311=CARTESIAN_POINT('Origin',(-40.859399,-2.189401,3.445));
#20312=CARTESIAN_POINT('',(-41.639399,-2.189401,2.095));
#20313=CARTESIAN_POINT('Origin',(-40.859399,-2.189401,3.445));
#20314=CARTESIAN_POINT('',(-40.859399,-2.189401,2.085));
#20315=CARTESIAN_POINT('Origin',(-40.859399,-2.189401,3.445));
#20316=CARTESIAN_POINT('Origin',(-40.859399,-2.189401,3.445));
#20317=CARTESIAN_POINT('',(-39.559399,-2.189401,2.085));
#20318=CARTESIAN_POINT('Origin',(-39.559399,-2.189401,3.445));
#20319=CARTESIAN_POINT('',(-40.859399,-2.189401,2.085));
#20320=CARTESIAN_POINT('Origin',(-39.559399,-2.189401,3.445));
#20321=CARTESIAN_POINT('',(-39.559399,-2.189401,2.095));
#20322=CARTESIAN_POINT('Origin',(-39.559399,-2.189401,3.445));
#20323=CARTESIAN_POINT('Origin',(-41.639399,-2.189401,3.445));
#20324=CARTESIAN_POINT('',(-36.439399,-2.189401,2.095));
#20325=CARTESIAN_POINT('Origin',(-36.439399,-2.189401,3.445));
#20326=CARTESIAN_POINT('',(-41.639399,-2.189401,2.095));
#20327=CARTESIAN_POINT('Origin',(-36.439399,-2.189401,3.445));
#20328=CARTESIAN_POINT('',(-36.439399,-2.189401,3.745));
#20329=CARTESIAN_POINT('Origin',(-36.439399,-2.189401,3.445));
#20330=CARTESIAN_POINT('Origin',(-44.789399,-2.189401,3.445));
#20331=CARTESIAN_POINT('',(-33.289399,-2.189401,3.145));
#20332=CARTESIAN_POINT('',(-33.289399,-2.189401,3.745));
#20333=CARTESIAN_POINT('Origin',(-33.289399,-2.189401,3.445));
#20334=CARTESIAN_POINT('Origin',(-33.289399,-2.189401,3.445));
#20335=CARTESIAN_POINT('',(-44.789399,-2.189401,3.745));
#20336=CARTESIAN_POINT('Origin',(-33.289399,-2.189401,2.845));
#20337=CARTESIAN_POINT('',(-32.989399,-2.189401,2.845));
#20338=CARTESIAN_POINT('',(-32.389399,-2.189401,2.845));
#20339=CARTESIAN_POINT('Origin',(-32.689399,-2.189401,2.845));
#20340=CARTESIAN_POINT('Origin',(-32.689399,-2.189401,2.845));
#20341=CARTESIAN_POINT('Origin',(-33.289399,-2.189401,2.845));
#20342=CARTESIAN_POINT('Origin',(-32.689399,-2.189401,2.845));
#20343=CARTESIAN_POINT('',(-32.389399,-2.189401,-0.905));
#20344=CARTESIAN_POINT('Origin',(-32.689399,-2.189401,-0.905));
#20345=CARTESIAN_POINT('',(-32.389399,-2.189401,2.845));
#20346=CARTESIAN_POINT('Origin',(-32.989399,-2.189401,-0.905));
#20347=CARTESIAN_POINT('Origin',(-53.5822978248538,67.7,-2.49));
#20348=CARTESIAN_POINT('',(-51.5822978248538,67.7,-2.49));
#20349=CARTESIAN_POINT('Origin',(-53.5822978248538,67.7,-2.49));
#20350=CARTESIAN_POINT('',(-51.5822978248538,67.7,-10.));
#20351=CARTESIAN_POINT('',(-51.5822978248538,67.7,-2.49));
#20352=CARTESIAN_POINT('Origin',(-53.5822978248538,67.7,-10.));
#20353=CARTESIAN_POINT('Origin',(-53.5822978248538,-67.700001,-2.49));
#20354=CARTESIAN_POINT('',(-51.5822978248538,-67.700001,-2.49));
#20355=CARTESIAN_POINT('Origin',(-53.5822978248538,-67.700001,-2.49));
#20356=CARTESIAN_POINT('',(-51.5822978248538,-67.700001,-10.));
#20357=CARTESIAN_POINT('',(-51.5822978248538,-67.700001,-2.49));
#20358=CARTESIAN_POINT('Origin',(-53.5822978248538,-67.700001,-10.));
#20359=CARTESIAN_POINT('Origin',(53.65,67.7,-2.49));
#20360=CARTESIAN_POINT('',(55.65,67.7,-2.49));
#20361=CARTESIAN_POINT('Origin',(53.65,67.7,-2.49));
#20362=CARTESIAN_POINT('',(55.65,67.7,-10.));
#20363=CARTESIAN_POINT('',(55.65,67.7,-2.49));
#20364=CARTESIAN_POINT('Origin',(53.65,67.7,-10.));
#20365=CARTESIAN_POINT('Origin',(53.65,-67.700001,-2.49));
#20366=CARTESIAN_POINT('',(55.65,-67.700001,-2.49));
#20367=CARTESIAN_POINT('Origin',(53.65,-67.700001,-2.49));
#20368=CARTESIAN_POINT('',(55.65,-67.700001,-10.));
#20369=CARTESIAN_POINT('',(55.65,-67.700001,-2.49));
#20370=CARTESIAN_POINT('Origin',(53.65,-67.700001,-10.));
#20371=CARTESIAN_POINT('Origin',(53.65,67.7,1.51));
#20372=CARTESIAN_POINT('',(56.,67.7,1.51));
#20373=CARTESIAN_POINT('Origin',(53.65,67.7,1.51));
#20374=CARTESIAN_POINT('',(56.,67.7,-2.49));
#20375=CARTESIAN_POINT('',(56.,67.7,1.51));
#20376=CARTESIAN_POINT('Origin',(53.65,67.7,-2.49));
#20377=CARTESIAN_POINT('Origin',(53.65,67.7,-2.49));
#20378=CARTESIAN_POINT('Origin',(53.65,-67.700001,1.51));
#20379=CARTESIAN_POINT('',(56.,-67.700001,1.51));
#20380=CARTESIAN_POINT('Origin',(53.65,-67.700001,1.51));
#20381=CARTESIAN_POINT('',(56.,-67.700001,-2.49));
#20382=CARTESIAN_POINT('',(56.,-67.700001,1.51));
#20383=CARTESIAN_POINT('Origin',(53.65,-67.700001,-2.49));
#20384=CARTESIAN_POINT('Origin',(53.65,-67.700001,-2.49));
#20385=CARTESIAN_POINT('Origin',(-53.5822978248538,67.7,1.51));
#20386=CARTESIAN_POINT('',(-51.2322978248538,67.7,1.51));
#20387=CARTESIAN_POINT('Origin',(-53.5822978248538,67.7,1.51));
#20388=CARTESIAN_POINT('',(-51.2322978248538,67.7,-2.49));
#20389=CARTESIAN_POINT('',(-51.2322978248538,67.7,1.51));
#20390=CARTESIAN_POINT('Origin',(-53.5822978248538,67.7,-2.49));
#20391=CARTESIAN_POINT('Origin',(-53.5822978248538,67.7,-2.49));
#20392=CARTESIAN_POINT('Origin',(-53.5822978248538,-67.700001,1.51));
#20393=CARTESIAN_POINT('',(-51.2322978248538,-67.700001,1.51));
#20394=CARTESIAN_POINT('Origin',(-53.5822978248538,-67.700001,1.51));
#20395=CARTESIAN_POINT('',(-51.2322978248538,-67.700001,-2.49));
#20396=CARTESIAN_POINT('',(-51.2322978248538,-67.700001,1.51));
#20397=CARTESIAN_POINT('Origin',(-53.5822978248538,-67.700001,-2.49));
#20398=CARTESIAN_POINT('Origin',(-53.5822978248538,-67.700001,-2.49));
#20399=CARTESIAN_POINT('Origin',(49.15,63.2,-3.97433538734468));
#20400=CARTESIAN_POINT('',(-35.199999,46.999999,-3.97433538734468));
#20401=CARTESIAN_POINT('Origin',(-35.049999,46.999999,-3.97433538734468));
#20402=CARTESIAN_POINT('Origin',(49.15,63.2,-3.97433538734468));
#20403=CARTESIAN_POINT('',(-49.0822978248538,63.2,-3.97433538734468));
#20404=CARTESIAN_POINT('',(49.15,63.2,-3.97433538734468));
#20405=CARTESIAN_POINT('',(49.15,63.2,-3.97433538734468));
#20406=CARTESIAN_POINT('',(-49.0822978248538,-63.2,-3.97433538734468));
#20407=CARTESIAN_POINT('',(-49.0822978248538,63.2,-3.97433538734468));
#20408=CARTESIAN_POINT('',(49.15,-63.2,-3.97433538734468));
#20409=CARTESIAN_POINT('',(0.033851087573097,-63.200001,-3.97433538734468));
#20410=CARTESIAN_POINT('',(49.15,-5.00000001402157E-7,-3.97433538734468));
#20411=CARTESIAN_POINT('',(-15.9999993443489,-24.0000006407499,-3.97433538734468));
#20412=CARTESIAN_POINT('',(-15.9999993443489,-18.000000551343,-3.97433538734468));
#20413=CARTESIAN_POINT('',(-15.9999993443489,22.5999997243285,-3.97433538734468));
#20414=CARTESIAN_POINT('',(-23.9999994635582,-24.0000006407499,-3.97433538734468));
#20415=CARTESIAN_POINT('',(16.5750003278255,-24.0000006407499,-3.97433538734468));
#20416=CARTESIAN_POINT('',(-23.9999994635582,-18.000000551343,-3.97433538734468));
#20417=CARTESIAN_POINT('',(-23.9999994635582,19.599999679625,-3.97433538734468));
#20418=CARTESIAN_POINT('',(12.5750002682209,-18.000000551343,-3.97433538734468));
#20419=CARTESIAN_POINT('',(-15.9999993443489,-5.00000064074993,-3.97433538734468));
#20420=CARTESIAN_POINT('',(-15.9999993443489,0.999999448657038,-3.97433538734468));
#20421=CARTESIAN_POINT('',(-15.9999993443489,32.0999997243285,-3.97433538734468));
#20422=CARTESIAN_POINT('',(-23.9999994635582,-5.00000064074993,-3.97433538734468));
#20423=CARTESIAN_POINT('',(16.5750003278255,-5.00000064074993,-3.97433538734468));
#20424=CARTESIAN_POINT('',(-23.9999994635582,0.999999448657038,-3.97433538734468));
#20425=CARTESIAN_POINT('',(-23.9999994635582,29.099999679625,-3.97433538734468));
#20426=CARTESIAN_POINT('',(12.5750002682209,0.999999448657038,-3.97433538734468));
#20427=CARTESIAN_POINT('',(-15.9999993443489,13.9999993592501,-3.97433538734468));
#20428=CARTESIAN_POINT('',(-15.9999993443489,19.999999448657,-3.97433538734468));
#20429=CARTESIAN_POINT('',(-15.9999993443489,41.5999997243285,-3.97433538734468));
#20430=CARTESIAN_POINT('',(-23.9999994635582,13.9999993592501,-3.97433538734468));
#20431=CARTESIAN_POINT('',(16.5750003278255,13.9999993592501,-3.97433538734468));
#20432=CARTESIAN_POINT('',(-23.9999994635582,19.999999448657,-3.97433538734468));
#20433=CARTESIAN_POINT('',(-23.9999994635582,38.599999679625,-3.97433538734468));
#20434=CARTESIAN_POINT('',(12.5750002682209,19.999999448657,-3.97433538734468));
#20435=CARTESIAN_POINT('',(4.00000065565109,-5.00000064074993,-3.97433538734468));
#20436=CARTESIAN_POINT('',(4.00000065565109,0.999999448657038,-3.97433538734468));
#20437=CARTESIAN_POINT('',(4.00000065565109,32.0999997243285,-3.97433538734468));
#20438=CARTESIAN_POINT('',(-3.9999994635582,-5.00000064074993,-3.97433538734468));
#20439=CARTESIAN_POINT('',(26.5750003278255,-5.00000064074993,-3.97433538734468));
#20440=CARTESIAN_POINT('',(-3.9999994635582,0.999999448657038,-3.97433538734468));
#20441=CARTESIAN_POINT('',(-3.9999994635582,29.099999679625,-3.97433538734468));
#20442=CARTESIAN_POINT('',(22.5750002682209,0.999999448657038,-3.97433538734468));
#20443=CARTESIAN_POINT('',(-15.9999993443489,-43.0000006407499,-3.97433538734468));
#20444=CARTESIAN_POINT('',(-15.9999993443489,-37.000000551343,-3.97433538734468));
#20445=CARTESIAN_POINT('',(-15.9999993443489,13.0999997243285,-3.97433538734468));
#20446=CARTESIAN_POINT('',(-23.9999994635582,-43.0000006407499,-3.97433538734468));
#20447=CARTESIAN_POINT('',(16.5750003278255,-43.0000006407499,-3.97433538734468));
#20448=CARTESIAN_POINT('',(-23.9999994635582,-37.000000551343,-3.97433538734468));
#20449=CARTESIAN_POINT('',(-23.9999994635582,10.099999679625,-3.97433538734468));
#20450=CARTESIAN_POINT('',(12.5750002682209,-37.000000551343,-3.97433538734468));
#20451=CARTESIAN_POINT('',(4.00000065565109,-24.0000006407499,-3.97433538734468));
#20452=CARTESIAN_POINT('',(4.00000065565109,-18.000000551343,-3.97433538734468));
#20453=CARTESIAN_POINT('',(4.00000065565109,22.5999997243285,-3.97433538734468));
#20454=CARTESIAN_POINT('',(-3.9999994635582,-24.0000006407499,-3.97433538734468));
#20455=CARTESIAN_POINT('',(26.5750003278255,-24.0000006407499,-3.97433538734468));
#20456=CARTESIAN_POINT('',(-3.9999994635582,-18.000000551343,-3.97433538734468));
#20457=CARTESIAN_POINT('',(-3.9999994635582,19.599999679625,-3.97433538734468));
#20458=CARTESIAN_POINT('',(22.5750002682209,-18.000000551343,-3.97433538734468));
#20459=CARTESIAN_POINT('',(-19.0000002831221,41.0000006109476,-3.97433538734468));
#20460=CARTESIAN_POINT('',(-19.0000002831221,59.0000008791685,-3.97433538734468));
#20461=CARTESIAN_POINT('',(-19.0000002831221,61.1000004395843,-3.97433538734468));
#20462=CARTESIAN_POINT('',(-46.0000006854534,41.0000006109476,-3.97433538734468));
#20463=CARTESIAN_POINT('',(15.074999858439,41.0000006109476,-3.97433538734468));
#20464=CARTESIAN_POINT('',(-46.0000006854534,59.0000008791685,-3.97433538734468));
#20465=CARTESIAN_POINT('',(-46.0000006854534,52.1000003054738,-3.97433538734468));
#20466=CARTESIAN_POINT('',(1.57499965727329,59.0000008791685,-3.97433538734468));
#20467=CARTESIAN_POINT('',(24.0000006556511,-5.00000064074993,-3.97433538734468));
#20468=CARTESIAN_POINT('',(24.0000006556511,0.999999448657038,-3.97433538734468));
#20469=CARTESIAN_POINT('',(24.0000006556511,32.0999997243285,-3.97433538734468));
#20470=CARTESIAN_POINT('',(16.0000005364418,-5.00000064074993,-3.97433538734468));
#20471=CARTESIAN_POINT('',(36.5750003278255,-5.00000064074993,-3.97433538734468));
#20472=CARTESIAN_POINT('',(16.0000005364418,0.999999448657038,-3.97433538734468));
#20473=CARTESIAN_POINT('',(16.0000005364418,29.099999679625,-3.97433538734468));
#20474=CARTESIAN_POINT('',(32.5750002682209,0.999999448657038,-3.97433538734468));
#20475=CARTESIAN_POINT('',(3.3619771315571,-43.0000006407499,-3.97433538734468));
#20476=CARTESIAN_POINT('',(3.5852248684429,-43.0000006407499,-3.97433538734468));
#20477=CARTESIAN_POINT('Origin',(3.473601,-43.100201,-3.97433538734468));
#20478=CARTESIAN_POINT('',(-3.9999994635582,-43.0000006407499,-3.97433538734468));
#20479=CARTESIAN_POINT('',(26.2559885657786,-43.0000006407499,-3.97433538734468));
#20480=CARTESIAN_POINT('',(-3.9999994635582,-37.000000551343,-3.97433538734468));
#20481=CARTESIAN_POINT('',(-3.9999994635582,10.099999679625,-3.97433538734468));
#20482=CARTESIAN_POINT('',(4.00000065565109,-37.000000551343,-3.97433538734468));
#20483=CARTESIAN_POINT('',(22.5750002682209,-37.000000551343,-3.97433538734468));
#20484=CARTESIAN_POINT('',(4.00000065565109,-43.0000006407499,-3.97433538734468));
#20485=CARTESIAN_POINT('',(4.00000065565109,13.0999997243285,-3.97433538734468));
#20486=CARTESIAN_POINT('',(26.5750003278255,-43.0000006407499,-3.97433538734468));
#20487=CARTESIAN_POINT('',(24.0000006556511,-24.0000006407499,-3.97433538734468));
#20488=CARTESIAN_POINT('',(24.0000006556511,-18.000000551343,-3.97433538734468));
#20489=CARTESIAN_POINT('',(24.0000006556511,22.5999997243285,-3.97433538734468));
#20490=CARTESIAN_POINT('',(16.0000005364418,-24.0000006407499,-3.97433538734468));
#20491=CARTESIAN_POINT('',(36.5750003278255,-24.0000006407499,-3.97433538734468));
#20492=CARTESIAN_POINT('',(16.0000005364418,-18.000000551343,-3.97433538734468));
#20493=CARTESIAN_POINT('',(16.0000005364418,19.599999679625,-3.97433538734468));
#20494=CARTESIAN_POINT('',(32.5750002682209,-18.000000551343,-3.97433538734468));
#20495=CARTESIAN_POINT('',(4.00000065565109,13.9999993592501,-3.97433538734468));
#20496=CARTESIAN_POINT('',(4.00000065565109,19.999999448657,-3.97433538734468));
#20497=CARTESIAN_POINT('',(4.00000065565109,41.5999997243285,-3.97433538734468));
#20498=CARTESIAN_POINT('',(-3.9999994635582,13.9999993592501,-3.97433538734468));
#20499=CARTESIAN_POINT('',(26.5750003278255,13.9999993592501,-3.97433538734468));
#20500=CARTESIAN_POINT('',(-3.9999994635582,19.999999448657,-3.97433538734468));
#20501=CARTESIAN_POINT('',(-3.9999994635582,38.599999679625,-3.97433538734468));
#20502=CARTESIAN_POINT('',(22.5750002682209,19.999999448657,-3.97433538734468));
#20503=CARTESIAN_POINT('',(44.0000006556511,13.9999993592501,-3.97433538734468));
#20504=CARTESIAN_POINT('',(44.0000006556511,19.999999448657,-3.97433538734468));
#20505=CARTESIAN_POINT('',(44.0000006556511,41.5999997243285,-3.97433538734468));
#20506=CARTESIAN_POINT('',(36.0000005364418,13.9999993592501,-3.97433538734468));
#20507=CARTESIAN_POINT('',(46.5750003278255,13.9999993592501,-3.97433538734468));
#20508=CARTESIAN_POINT('',(36.0000005364418,19.999999448657,-3.97433538734468));
#20509=CARTESIAN_POINT('',(36.0000005364418,38.599999679625,-3.97433538734468));
#20510=CARTESIAN_POINT('',(42.5750002682209,19.999999448657,-3.97433538734468));
#20511=CARTESIAN_POINT('',(24.0000006556511,-43.0000006407499,-3.97433538734468));
#20512=CARTESIAN_POINT('',(24.0000006556511,-37.000000551343,-3.97433538734468));
#20513=CARTESIAN_POINT('',(24.0000006556511,13.0999997243285,-3.97433538734468));
#20514=CARTESIAN_POINT('',(16.0000005364418,-43.0000006407499,-3.97433538734468));
#20515=CARTESIAN_POINT('',(36.5750003278255,-43.0000006407499,-3.97433538734468));
#20516=CARTESIAN_POINT('',(16.0000005364418,-37.000000551343,-3.97433538734468));
#20517=CARTESIAN_POINT('',(16.0000005364418,10.099999679625,-3.97433538734468));
#20518=CARTESIAN_POINT('',(32.5750002682209,-37.000000551343,-3.97433538734468));
#20519=CARTESIAN_POINT('',(44.0000006556511,-24.0000006407499,-3.97433538734468));
#20520=CARTESIAN_POINT('',(44.0000006556511,-18.000000551343,-3.97433538734468));
#20521=CARTESIAN_POINT('',(44.0000006556511,22.5999997243285,-3.97433538734468));
#20522=CARTESIAN_POINT('',(36.0000005364418,-24.0000006407499,-3.97433538734468));
#20523=CARTESIAN_POINT('',(46.5750003278255,-24.0000006407499,-3.97433538734468));
#20524=CARTESIAN_POINT('',(36.0000005364418,-18.000000551343,-3.97433538734468));
#20525=CARTESIAN_POINT('',(36.0000005364418,19.599999679625,-3.97433538734468));
#20526=CARTESIAN_POINT('',(42.5750002682209,-18.000000551343,-3.97433538734468));
#20527=CARTESIAN_POINT('',(24.0000006556511,13.9999993592501,-3.97433538734468));
#20528=CARTESIAN_POINT('',(24.0000006556511,19.999999448657,-3.97433538734468));
#20529=CARTESIAN_POINT('',(24.0000006556511,41.5999997243285,-3.97433538734468));
#20530=CARTESIAN_POINT('',(16.0000005364418,13.9999993592501,-3.97433538734468));
#20531=CARTESIAN_POINT('',(36.5750003278255,13.9999993592501,-3.97433538734468));
#20532=CARTESIAN_POINT('',(16.0000005364418,19.999999448657,-3.97433538734468));
#20533=CARTESIAN_POINT('',(16.0000005364418,38.599999679625,-3.97433538734468));
#20534=CARTESIAN_POINT('',(32.5750002682209,19.999999448657,-3.97433538734468));
#20535=CARTESIAN_POINT('',(44.0000006556511,-5.00000064074993,-3.97433538734468));
#20536=CARTESIAN_POINT('',(44.0000006556511,0.999999448657038,-3.97433538734468));
#20537=CARTESIAN_POINT('',(44.0000006556511,32.0999997243285,-3.97433538734468));
#20538=CARTESIAN_POINT('',(36.0000005364418,-5.00000064074993,-3.97433538734468));
#20539=CARTESIAN_POINT('',(46.5750003278255,-5.00000064074993,-3.97433538734468));
#20540=CARTESIAN_POINT('',(36.0000005364418,0.999999448657038,-3.97433538734468));
#20541=CARTESIAN_POINT('',(36.0000005364418,29.099999679625,-3.97433538734468));
#20542=CARTESIAN_POINT('',(42.5750002682209,0.999999448657038,-3.97433538734468));
#20543=CARTESIAN_POINT('',(36.0000005364418,-43.0000006407499,-3.97433538734468));
#20544=CARTESIAN_POINT('',(44.0000006556511,-43.0000006407499,-3.97433538734468));
#20545=CARTESIAN_POINT('',(46.5750003278255,-43.0000006407499,-3.97433538734468));
#20546=CARTESIAN_POINT('',(36.0000005364418,-37.000000551343,-3.97433538734468));
#20547=CARTESIAN_POINT('',(36.0000005364418,10.099999679625,-3.97433538734468));
#20548=CARTESIAN_POINT('',(44.0000006556511,-37.000000551343,-3.97433538734468));
#20549=CARTESIAN_POINT('',(42.5750002682209,-37.000000551343,-3.97433538734468));
#20550=CARTESIAN_POINT('',(44.0000006556511,13.0999997243285,-3.97433538734468));
#20551=CARTESIAN_POINT('Origin',(-23.9999994635582,-24.0000006407499,0.));
#20552=CARTESIAN_POINT('',(-23.9999994635582,-24.0000006407499,0.));
#20553=CARTESIAN_POINT('',(-23.9999994635582,-24.0000006407499,0.));
#20554=CARTESIAN_POINT('',(-23.9999994635582,-18.000000551343,0.));
#20555=CARTESIAN_POINT('',(-23.9999994635582,-24.0000006407499,0.));
#20556=CARTESIAN_POINT('',(-23.9999994635582,-18.000000551343,0.));
#20557=CARTESIAN_POINT('Origin',(-15.9999993443489,-24.0000006407499,0.));
#20558=CARTESIAN_POINT('',(-15.9999993443489,-24.0000006407499,0.));
#20559=CARTESIAN_POINT('',(-15.9999993443489,-24.0000006407499,0.));
#20560=CARTESIAN_POINT('',(-15.9999993443489,-24.0000006407499,0.));
#20561=CARTESIAN_POINT('Origin',(-15.9999993443489,-18.000000551343,0.));
#20562=CARTESIAN_POINT('',(-15.9999993443489,-18.000000551343,0.));
#20563=CARTESIAN_POINT('',(-15.9999993443489,-18.000000551343,0.));
#20564=CARTESIAN_POINT('',(-15.9999993443489,-18.000000551343,0.));
#20565=CARTESIAN_POINT('Origin',(-23.9999994635582,-18.000000551343,0.));
#20566=CARTESIAN_POINT('',(-23.9999994635582,-18.000000551343,0.));
#20567=CARTESIAN_POINT('Origin',(-19.9999994039536,-21.0000005960464,0.));
#20568=CARTESIAN_POINT('Origin',(-23.9999994635582,-5.00000064074993,0.));
#20569=CARTESIAN_POINT('',(-23.9999994635582,-5.00000064074993,0.));
#20570=CARTESIAN_POINT('',(-23.9999994635582,-5.00000064074993,0.));
#20571=CARTESIAN_POINT('',(-23.9999994635582,0.999999448657038,0.));
#20572=CARTESIAN_POINT('',(-23.9999994635582,-5.00000064074993,0.));
#20573=CARTESIAN_POINT('',(-23.9999994635582,0.999999448657038,0.));
#20574=CARTESIAN_POINT('Origin',(-15.9999993443489,-5.00000064074993,0.));
#20575=CARTESIAN_POINT('',(-15.9999993443489,-5.00000064074993,0.));
#20576=CARTESIAN_POINT('',(-15.9999993443489,-5.00000064074993,0.));
#20577=CARTESIAN_POINT('',(-15.9999993443489,-5.00000064074993,0.));
#20578=CARTESIAN_POINT('Origin',(-15.9999993443489,0.999999448657038,0.));
#20579=CARTESIAN_POINT('',(-15.9999993443489,0.999999448657038,0.));
#20580=CARTESIAN_POINT('',(-15.9999993443489,0.999999448657038,0.));
#20581=CARTESIAN_POINT('',(-15.9999993443489,0.999999448657038,0.));
#20582=CARTESIAN_POINT('Origin',(-23.9999994635582,0.999999448657038,0.));
#20583=CARTESIAN_POINT('',(-23.9999994635582,0.999999448657038,0.));
#20584=CARTESIAN_POINT('Origin',(-19.9999994039536,-2.00000059604645,0.));
#20585=CARTESIAN_POINT('Origin',(-23.9999994635582,13.9999993592501,0.));
#20586=CARTESIAN_POINT('',(-23.9999994635582,13.9999993592501,0.));
#20587=CARTESIAN_POINT('',(-23.9999994635582,13.9999993592501,0.));
#20588=CARTESIAN_POINT('',(-23.9999994635582,19.999999448657,0.));
#20589=CARTESIAN_POINT('',(-23.9999994635582,13.9999993592501,0.));
#20590=CARTESIAN_POINT('',(-23.9999994635582,19.999999448657,0.));
#20591=CARTESIAN_POINT('Origin',(-15.9999993443489,13.9999993592501,0.));
#20592=CARTESIAN_POINT('',(-15.9999993443489,13.9999993592501,0.));
#20593=CARTESIAN_POINT('',(-15.9999993443489,13.9999993592501,0.));
#20594=CARTESIAN_POINT('',(-15.9999993443489,13.9999993592501,0.));
#20595=CARTESIAN_POINT('Origin',(-15.9999993443489,19.999999448657,0.));
#20596=CARTESIAN_POINT('',(-15.9999993443489,19.999999448657,0.));
#20597=CARTESIAN_POINT('',(-15.9999993443489,19.999999448657,0.));
#20598=CARTESIAN_POINT('',(-15.9999993443489,19.999999448657,0.));
#20599=CARTESIAN_POINT('Origin',(-23.9999994635582,19.999999448657,0.));
#20600=CARTESIAN_POINT('',(-23.9999994635582,19.999999448657,0.));
#20601=CARTESIAN_POINT('Origin',(-19.9999994039536,16.9999994039536,0.));
#20602=CARTESIAN_POINT('Origin',(-3.9999994635582,-5.00000064074993,0.));
#20603=CARTESIAN_POINT('',(-3.9999994635582,-5.00000064074993,0.));
#20604=CARTESIAN_POINT('',(-3.9999994635582,-5.00000064074993,0.));
#20605=CARTESIAN_POINT('',(-3.9999994635582,0.999999448657038,0.));
#20606=CARTESIAN_POINT('',(-3.9999994635582,-5.00000064074993,0.));
#20607=CARTESIAN_POINT('',(-3.9999994635582,0.999999448657038,0.));
#20608=CARTESIAN_POINT('Origin',(4.00000065565109,-5.00000064074993,0.));
#20609=CARTESIAN_POINT('',(4.00000065565109,-5.00000064074993,0.));
#20610=CARTESIAN_POINT('',(4.00000065565109,-5.00000064074993,0.));
#20611=CARTESIAN_POINT('',(4.00000065565109,-5.00000064074993,0.));
#20612=CARTESIAN_POINT('Origin',(4.00000065565109,0.999999448657038,0.));
#20613=CARTESIAN_POINT('',(4.00000065565109,0.999999448657038,0.));
#20614=CARTESIAN_POINT('',(4.00000065565109,0.999999448657038,0.));
#20615=CARTESIAN_POINT('',(4.00000065565109,0.999999448657038,0.));
#20616=CARTESIAN_POINT('Origin',(-3.9999994635582,0.999999448657038,0.));
#20617=CARTESIAN_POINT('',(-3.9999994635582,0.999999448657038,0.));
#20618=CARTESIAN_POINT('Origin',(5.96046447753906E-7,-2.00000059604645,
0.));
#20619=CARTESIAN_POINT('Origin',(-23.9999994635582,-43.0000006407499,0.));
#20620=CARTESIAN_POINT('',(-23.9999994635582,-43.0000006407499,0.));
#20621=CARTESIAN_POINT('',(-23.9999994635582,-43.0000006407499,0.));
#20622=CARTESIAN_POINT('',(-23.9999994635582,-37.000000551343,0.));
#20623=CARTESIAN_POINT('',(-23.9999994635582,-43.0000006407499,0.));
#20624=CARTESIAN_POINT('',(-23.9999994635582,-37.000000551343,0.));
#20625=CARTESIAN_POINT('Origin',(-15.9999993443489,-43.0000006407499,0.));
#20626=CARTESIAN_POINT('',(-15.9999993443489,-43.0000006407499,0.));
#20627=CARTESIAN_POINT('',(-15.9999993443489,-43.0000006407499,0.));
#20628=CARTESIAN_POINT('',(-15.9999993443489,-43.0000006407499,0.));
#20629=CARTESIAN_POINT('Origin',(-15.9999993443489,-37.000000551343,0.));
#20630=CARTESIAN_POINT('',(-15.9999993443489,-37.000000551343,0.));
#20631=CARTESIAN_POINT('',(-15.9999993443489,-37.000000551343,0.));
#20632=CARTESIAN_POINT('',(-15.9999993443489,-37.000000551343,0.));
#20633=CARTESIAN_POINT('Origin',(-23.9999994635582,-37.000000551343,0.));
#20634=CARTESIAN_POINT('',(-23.9999994635582,-37.000000551343,0.));
#20635=CARTESIAN_POINT('Origin',(-19.9999994039536,-40.0000005960464,0.));
#20636=CARTESIAN_POINT('Origin',(-3.9999994635582,-24.0000006407499,0.));
#20637=CARTESIAN_POINT('',(-3.9999994635582,-24.0000006407499,0.));
#20638=CARTESIAN_POINT('',(-3.9999994635582,-24.0000006407499,0.));
#20639=CARTESIAN_POINT('',(-3.9999994635582,-18.000000551343,0.));
#20640=CARTESIAN_POINT('',(-3.9999994635582,-24.0000006407499,0.));
#20641=CARTESIAN_POINT('',(-3.9999994635582,-18.000000551343,0.));
#20642=CARTESIAN_POINT('Origin',(4.00000065565109,-24.0000006407499,0.));
#20643=CARTESIAN_POINT('',(4.00000065565109,-24.0000006407499,0.));
#20644=CARTESIAN_POINT('',(4.00000065565109,-24.0000006407499,0.));
#20645=CARTESIAN_POINT('',(4.00000065565109,-24.0000006407499,0.));
#20646=CARTESIAN_POINT('Origin',(4.00000065565109,-18.000000551343,0.));
#20647=CARTESIAN_POINT('',(4.00000065565109,-18.000000551343,0.));
#20648=CARTESIAN_POINT('',(4.00000065565109,-18.000000551343,0.));
#20649=CARTESIAN_POINT('',(4.00000065565109,-18.000000551343,0.));
#20650=CARTESIAN_POINT('Origin',(-3.9999994635582,-18.000000551343,0.));
#20651=CARTESIAN_POINT('',(-3.9999994635582,-18.000000551343,0.));
#20652=CARTESIAN_POINT('Origin',(5.96046447753906E-7,-21.0000005960464,
0.));
#20653=CARTESIAN_POINT('Origin',(-46.0000006854534,41.0000006109476,0.));
#20654=CARTESIAN_POINT('',(-46.0000006854534,41.0000006109476,0.));
#20655=CARTESIAN_POINT('',(-46.0000006854534,41.0000006109476,0.));
#20656=CARTESIAN_POINT('',(-46.0000006854534,59.0000008791685,0.));
#20657=CARTESIAN_POINT('',(-46.0000006854534,59.0000008791685,0.));
#20658=CARTESIAN_POINT('',(-46.0000006854534,59.0000008791685,0.));
#20659=CARTESIAN_POINT('Origin',(-19.0000002831221,41.0000006109476,0.));
#20660=CARTESIAN_POINT('',(-19.0000002831221,41.0000006109476,0.));
#20661=CARTESIAN_POINT('',(-19.0000002831221,41.0000006109476,0.));
#20662=CARTESIAN_POINT('',(-46.0000006854534,41.0000006109476,0.));
#20663=CARTESIAN_POINT('Origin',(-35.049999,46.999999,0.));
#20664=CARTESIAN_POINT('',(-35.199999,46.999999,0.));
#20665=CARTESIAN_POINT('',(-35.199999,46.999999,0.));
#20666=CARTESIAN_POINT('Origin',(-35.049999,46.999999,0.));
#20667=CARTESIAN_POINT('Origin',(-19.0000002831221,59.0000008791685,0.));
#20668=CARTESIAN_POINT('',(-19.0000002831221,59.0000008791685,0.));
#20669=CARTESIAN_POINT('',(-19.0000002831221,59.0000008791685,0.));
#20670=CARTESIAN_POINT('',(-19.0000002831221,41.0000006109476,0.));
#20671=CARTESIAN_POINT('Origin',(-46.0000006854534,59.0000008791685,0.));
#20672=CARTESIAN_POINT('',(-19.0000002831221,59.0000008791685,0.));
#20673=CARTESIAN_POINT('Origin',(-32.5000004842877,50.0000007450581,0.));
#20674=CARTESIAN_POINT('Origin',(16.0000005364418,-5.00000064074993,0.));
#20675=CARTESIAN_POINT('',(16.0000005364418,-5.00000064074993,0.));
#20676=CARTESIAN_POINT('',(16.0000005364418,-5.00000064074993,0.));
#20677=CARTESIAN_POINT('',(16.0000005364418,0.999999448657038,0.));
#20678=CARTESIAN_POINT('',(16.0000005364418,-5.00000064074993,0.));
#20679=CARTESIAN_POINT('',(16.0000005364418,0.999999448657038,0.));
#20680=CARTESIAN_POINT('Origin',(24.0000006556511,-5.00000064074993,0.));
#20681=CARTESIAN_POINT('',(24.0000006556511,-5.00000064074993,0.));
#20682=CARTESIAN_POINT('',(24.0000006556511,-5.00000064074993,0.));
#20683=CARTESIAN_POINT('',(24.0000006556511,-5.00000064074993,0.));
#20684=CARTESIAN_POINT('Origin',(24.0000006556511,0.999999448657038,0.));
#20685=CARTESIAN_POINT('',(24.0000006556511,0.999999448657038,0.));
#20686=CARTESIAN_POINT('',(24.0000006556511,0.999999448657038,0.));
#20687=CARTESIAN_POINT('',(24.0000006556511,0.999999448657038,0.));
#20688=CARTESIAN_POINT('Origin',(16.0000005364418,0.999999448657038,0.));
#20689=CARTESIAN_POINT('',(16.0000005364418,0.999999448657038,0.));
#20690=CARTESIAN_POINT('Origin',(20.0000005960464,-2.00000059604645,0.));
#20691=CARTESIAN_POINT('Origin',(-3.9999994635582,-37.000000551343,0.));
#20692=CARTESIAN_POINT('',(-3.9999994635582,-37.000000551343,0.));
#20693=CARTESIAN_POINT('',(-3.9999994635582,-37.000000551343,0.));
#20694=CARTESIAN_POINT('',(4.00000065565109,-37.000000551343,0.));
#20695=CARTESIAN_POINT('',(-3.9999994635582,-37.000000551343,0.));
#20696=CARTESIAN_POINT('',(4.00000065565109,-37.000000551343,0.));
#20697=CARTESIAN_POINT('Origin',(-3.9999994635582,-43.0000006407499,0.));
#20698=CARTESIAN_POINT('',(-3.9999994635582,-43.0000006407499,0.));
#20699=CARTESIAN_POINT('',(-3.9999994635582,-43.0000006407499,0.));
#20700=CARTESIAN_POINT('',(-3.9999994635582,-43.0000006407499,0.));
#20701=CARTESIAN_POINT('Origin',(3.3619771315571,-43.0000006407499,0.));
#20702=CARTESIAN_POINT('',(3.3619771315571,-43.0000006407499,0.));
#20703=CARTESIAN_POINT('',(3.3619771315571,-43.0000006407499,0.));
#20704=CARTESIAN_POINT('',(4.00000065565109,-43.0000006407499,0.));
#20705=CARTESIAN_POINT('Origin',(3.473601,-43.100201,0.));
#20706=CARTESIAN_POINT('',(3.5852248684429,-43.0000006407499,0.));
#20707=CARTESIAN_POINT('',(3.5852248684429,-43.0000006407499,0.));
#20708=CARTESIAN_POINT('Origin',(3.473601,-43.100201,0.));
#20709=CARTESIAN_POINT('Origin',(4.00000065565109,-43.0000006407499,0.));
#20710=CARTESIAN_POINT('',(4.00000065565109,-43.0000006407499,0.));
#20711=CARTESIAN_POINT('',(4.00000065565109,-43.0000006407499,0.));
#20712=CARTESIAN_POINT('',(4.00000065565109,-43.0000006407499,0.));
#20713=CARTESIAN_POINT('Origin',(4.00000065565109,-37.000000551343,0.));
#20714=CARTESIAN_POINT('',(4.00000065565109,-37.000000551343,0.));
#20715=CARTESIAN_POINT('Origin',(5.96046447753906E-7,-40.0000005960464,
0.));
#20716=CARTESIAN_POINT('Origin',(-49.0822978248538,63.2,0.));
#20717=CARTESIAN_POINT('',(-49.0822978248538,63.2,0.));
#20718=CARTESIAN_POINT('',(-49.0822978248538,63.2,0.));
#20719=CARTESIAN_POINT('',(-49.0822978248538,-63.200001,0.));
#20720=CARTESIAN_POINT('',(-49.0822978248538,63.2,0.));
#20721=CARTESIAN_POINT('',(-49.0822978248538,-63.200001,0.));
#20722=CARTESIAN_POINT('Origin',(49.15,63.2,0.));
#20723=CARTESIAN_POINT('',(49.15,63.2,0.));
#20724=CARTESIAN_POINT('',(49.15,63.2,0.));
#20725=CARTESIAN_POINT('',(49.15,63.2,0.));
#20726=CARTESIAN_POINT('Origin',(0.0338510875730957,-4.99999996961265E-7,
0.));
#20727=CARTESIAN_POINT('',(51.15,65.2,0.));
#20728=CARTESIAN_POINT('',(-51.0822978248538,65.2,0.));
#20729=CARTESIAN_POINT('',(-51.0822978248538,65.2,0.));
#20730=CARTESIAN_POINT('',(-51.0822978248538,-65.200001,0.));
#20731=CARTESIAN_POINT('',(-51.0822978248538,-65.200001,0.));
#20732=CARTESIAN_POINT('',(51.15,-65.200001,0.));
#20733=CARTESIAN_POINT('',(51.15,-65.200001,0.));
#20734=CARTESIAN_POINT('',(51.15,65.2,0.));
#20735=CARTESIAN_POINT('',(49.15,-63.200001,0.));
#20736=CARTESIAN_POINT('',(49.15,-63.200001,0.));
#20737=CARTESIAN_POINT('',(-49.0822978248538,-63.200001,0.));
#20738=CARTESIAN_POINT('Origin',(-49.0822978248538,-63.200001,0.));
#20739=CARTESIAN_POINT('',(49.15,-63.200001,0.));
#20740=CARTESIAN_POINT('Origin',(49.15,-63.200001,0.));
#20741=CARTESIAN_POINT('Origin',(51.15,65.2,1.51));
#20742=CARTESIAN_POINT('',(-51.0822978248538,65.2,1.51));
#20743=CARTESIAN_POINT('',(51.15,65.2,1.51));
#20744=CARTESIAN_POINT('',(-51.0822978248538,65.2,1.51));
#20745=CARTESIAN_POINT('',(-51.0822978248538,65.2,1.51));
#20746=CARTESIAN_POINT('',(51.15,65.2,1.51));
#20747=CARTESIAN_POINT('Origin',(51.15,-65.200001,1.51));
#20748=CARTESIAN_POINT('',(51.15,-65.200001,1.51));
#20749=CARTESIAN_POINT('',(51.15,65.2,1.51));
#20750=CARTESIAN_POINT('',(51.15,-65.200001,1.51));
#20751=CARTESIAN_POINT('Origin',(-51.0822978248538,-65.200001,1.51));
#20752=CARTESIAN_POINT('',(-51.0822978248538,-65.200001,1.51));
#20753=CARTESIAN_POINT('',(51.15,-65.200001,1.51));
#20754=CARTESIAN_POINT('',(-51.0822978248538,-65.200001,1.51));
#20755=CARTESIAN_POINT('Origin',(-51.0822978248538,65.2,1.51));
#20756=CARTESIAN_POINT('',(-51.0822978248538,-65.200001,1.51));
#20757=CARTESIAN_POINT('Origin',(-56.0822978248538,72.2,1.51));
#20758=CARTESIAN_POINT('',(-58.0822978248538,72.2,1.51));
#20759=CARTESIAN_POINT('',(58.15,72.2,1.51));
#20760=CARTESIAN_POINT('',(-28.0242233686404,72.2,1.51));
#20761=CARTESIAN_POINT('',(58.15,72.2,-10.));
#20762=CARTESIAN_POINT('',(58.15,72.2,1.51));
#20763=CARTESIAN_POINT('',(-58.0822978248538,72.2,-10.));
#20764=CARTESIAN_POINT('',(-8.04114861440368,72.2,-10.));
#20765=CARTESIAN_POINT('',(-58.0822978248538,72.2,1.51));
#20766=CARTESIAN_POINT('Origin',(-58.0822978248538,-70.200001,1.51));
#20767=CARTESIAN_POINT('',(-58.0822978248538,-72.200001,1.51));
#20768=CARTESIAN_POINT('',(-58.0822978248538,-35.10000075,1.51));
#20769=CARTESIAN_POINT('',(-58.0822978248538,-72.200001,-10.));
#20770=CARTESIAN_POINT('',(-58.0822978248538,-55.1000007980232,-10.));
#20771=CARTESIAN_POINT('',(-58.0822978248538,-72.200001,1.51));
#20772=CARTESIAN_POINT('Origin',(56.15,-72.200001,1.51));
#20773=CARTESIAN_POINT('',(58.15,-72.200001,1.51));
#20774=CARTESIAN_POINT('',(28.0919255437865,-72.200001,1.51));
#20775=CARTESIAN_POINT('',(58.15,-72.200001,-10.));
#20776=CARTESIAN_POINT('',(48.0750002980232,-72.200001,-10.));
#20777=CARTESIAN_POINT('',(58.15,-72.200001,1.51));
#20778=CARTESIAN_POINT('Origin',(58.15,70.2,1.51));
#20779=CARTESIAN_POINT('',(58.15,35.09999975,1.51));
#20780=CARTESIAN_POINT('',(58.15,15.0999997019768,-10.));
#20781=CARTESIAN_POINT('Origin',(0.0338510875730957,-4.99999996961265E-7,
1.51));
#20782=CARTESIAN_POINT('Origin',(16.0000005364418,-24.0000006407499,0.));
#20783=CARTESIAN_POINT('',(16.0000005364418,-24.0000006407499,0.));
#20784=CARTESIAN_POINT('',(16.0000005364418,-24.0000006407499,0.));
#20785=CARTESIAN_POINT('',(16.0000005364418,-18.000000551343,0.));
#20786=CARTESIAN_POINT('',(16.0000005364418,-24.0000006407499,0.));
#20787=CARTESIAN_POINT('',(16.0000005364418,-18.000000551343,0.));
#20788=CARTESIAN_POINT('Origin',(24.0000006556511,-24.0000006407499,0.));
#20789=CARTESIAN_POINT('',(24.0000006556511,-24.0000006407499,0.));
#20790=CARTESIAN_POINT('',(24.0000006556511,-24.0000006407499,0.));
#20791=CARTESIAN_POINT('',(24.0000006556511,-24.0000006407499,0.));
#20792=CARTESIAN_POINT('Origin',(24.0000006556511,-18.000000551343,0.));
#20793=CARTESIAN_POINT('',(24.0000006556511,-18.000000551343,0.));
#20794=CARTESIAN_POINT('',(24.0000006556511,-18.000000551343,0.));
#20795=CARTESIAN_POINT('',(24.0000006556511,-18.000000551343,0.));
#20796=CARTESIAN_POINT('Origin',(16.0000005364418,-18.000000551343,0.));
#20797=CARTESIAN_POINT('',(16.0000005364418,-18.000000551343,0.));
#20798=CARTESIAN_POINT('Origin',(20.0000005960464,-21.0000005960464,0.));
#20799=CARTESIAN_POINT('Origin',(-3.9999994635582,13.9999993592501,0.));
#20800=CARTESIAN_POINT('',(-3.9999994635582,13.9999993592501,0.));
#20801=CARTESIAN_POINT('',(-3.9999994635582,13.9999993592501,0.));
#20802=CARTESIAN_POINT('',(-3.9999994635582,19.999999448657,0.));
#20803=CARTESIAN_POINT('',(-3.9999994635582,13.9999993592501,0.));
#20804=CARTESIAN_POINT('',(-3.9999994635582,19.999999448657,0.));
#20805=CARTESIAN_POINT('Origin',(4.00000065565109,13.9999993592501,0.));
#20806=CARTESIAN_POINT('',(4.00000065565109,13.9999993592501,0.));
#20807=CARTESIAN_POINT('',(4.00000065565109,13.9999993592501,0.));
#20808=CARTESIAN_POINT('',(4.00000065565109,13.9999993592501,0.));
#20809=CARTESIAN_POINT('Origin',(4.00000065565109,19.999999448657,0.));
#20810=CARTESIAN_POINT('',(4.00000065565109,19.999999448657,0.));
#20811=CARTESIAN_POINT('',(4.00000065565109,19.999999448657,0.));
#20812=CARTESIAN_POINT('',(4.00000065565109,19.999999448657,0.));
#20813=CARTESIAN_POINT('Origin',(-3.9999994635582,19.999999448657,0.));
#20814=CARTESIAN_POINT('',(-3.9999994635582,19.999999448657,0.));
#20815=CARTESIAN_POINT('Origin',(5.96046447753906E-7,16.9999994039536,0.));
#20816=CARTESIAN_POINT('Origin',(36.0000005364418,13.9999993592501,0.));
#20817=CARTESIAN_POINT('',(36.0000005364418,13.9999993592501,0.));
#20818=CARTESIAN_POINT('',(36.0000005364418,13.9999993592501,0.));
#20819=CARTESIAN_POINT('',(36.0000005364418,19.999999448657,0.));
#20820=CARTESIAN_POINT('',(36.0000005364418,13.9999993592501,0.));
#20821=CARTESIAN_POINT('',(36.0000005364418,19.999999448657,0.));
#20822=CARTESIAN_POINT('Origin',(44.0000006556511,13.9999993592501,0.));
#20823=CARTESIAN_POINT('',(44.0000006556511,13.9999993592501,0.));
#20824=CARTESIAN_POINT('',(44.0000006556511,13.9999993592501,0.));
#20825=CARTESIAN_POINT('',(44.0000006556511,13.9999993592501,0.));
#20826=CARTESIAN_POINT('Origin',(44.0000006556511,19.999999448657,0.));
#20827=CARTESIAN_POINT('',(44.0000006556511,19.999999448657,0.));
#20828=CARTESIAN_POINT('',(44.0000006556511,19.999999448657,0.));
#20829=CARTESIAN_POINT('',(44.0000006556511,19.999999448657,0.));
#20830=CARTESIAN_POINT('Origin',(36.0000005364418,19.999999448657,0.));
#20831=CARTESIAN_POINT('',(36.0000005364418,19.999999448657,0.));
#20832=CARTESIAN_POINT('Origin',(40.0000005960464,16.9999994039536,0.));
#20833=CARTESIAN_POINT('Origin',(16.0000005364418,-43.0000006407499,0.));
#20834=CARTESIAN_POINT('',(16.0000005364418,-43.0000006407499,0.));
#20835=CARTESIAN_POINT('',(16.0000005364418,-43.0000006407499,0.));
#20836=CARTESIAN_POINT('',(16.0000005364418,-37.000000551343,0.));
#20837=CARTESIAN_POINT('',(16.0000005364418,-43.0000006407499,0.));
#20838=CARTESIAN_POINT('',(16.0000005364418,-37.000000551343,0.));
#20839=CARTESIAN_POINT('Origin',(24.0000006556511,-43.0000006407499,0.));
#20840=CARTESIAN_POINT('',(24.0000006556511,-43.0000006407499,0.));
#20841=CARTESIAN_POINT('',(24.0000006556511,-43.0000006407499,0.));
#20842=CARTESIAN_POINT('',(24.0000006556511,-43.0000006407499,0.));
#20843=CARTESIAN_POINT('Origin',(24.0000006556511,-37.000000551343,0.));
#20844=CARTESIAN_POINT('',(24.0000006556511,-37.000000551343,0.));
#20845=CARTESIAN_POINT('',(24.0000006556511,-37.000000551343,0.));
#20846=CARTESIAN_POINT('',(24.0000006556511,-37.000000551343,0.));
#20847=CARTESIAN_POINT('Origin',(16.0000005364418,-37.000000551343,0.));
#20848=CARTESIAN_POINT('',(16.0000005364418,-37.000000551343,0.));
#20849=CARTESIAN_POINT('Origin',(20.0000005960464,-40.0000005960464,0.));
#20850=CARTESIAN_POINT('Origin',(36.0000005364418,-24.0000006407499,0.));
#20851=CARTESIAN_POINT('',(36.0000005364418,-24.0000006407499,0.));
#20852=CARTESIAN_POINT('',(36.0000005364418,-24.0000006407499,0.));
#20853=CARTESIAN_POINT('',(36.0000005364418,-18.000000551343,0.));
#20854=CARTESIAN_POINT('',(36.0000005364418,-24.0000006407499,0.));
#20855=CARTESIAN_POINT('',(36.0000005364418,-18.000000551343,0.));
#20856=CARTESIAN_POINT('Origin',(44.0000006556511,-24.0000006407499,0.));
#20857=CARTESIAN_POINT('',(44.0000006556511,-24.0000006407499,0.));
#20858=CARTESIAN_POINT('',(44.0000006556511,-24.0000006407499,0.));
#20859=CARTESIAN_POINT('',(44.0000006556511,-24.0000006407499,0.));
#20860=CARTESIAN_POINT('Origin',(44.0000006556511,-18.000000551343,0.));
#20861=CARTESIAN_POINT('',(44.0000006556511,-18.000000551343,0.));
#20862=CARTESIAN_POINT('',(44.0000006556511,-18.000000551343,0.));
#20863=CARTESIAN_POINT('',(44.0000006556511,-18.000000551343,0.));
#20864=CARTESIAN_POINT('Origin',(36.0000005364418,-18.000000551343,0.));
#20865=CARTESIAN_POINT('',(36.0000005364418,-18.000000551343,0.));
#20866=CARTESIAN_POINT('Origin',(40.0000005960464,-21.0000005960464,0.));
#20867=CARTESIAN_POINT('Origin',(16.0000005364418,13.9999993592501,0.));
#20868=CARTESIAN_POINT('',(16.0000005364418,13.9999993592501,0.));
#20869=CARTESIAN_POINT('',(16.0000005364418,13.9999993592501,0.));
#20870=CARTESIAN_POINT('',(16.0000005364418,19.999999448657,0.));
#20871=CARTESIAN_POINT('',(16.0000005364418,13.9999993592501,0.));
#20872=CARTESIAN_POINT('',(16.0000005364418,19.999999448657,0.));
#20873=CARTESIAN_POINT('Origin',(24.0000006556511,13.9999993592501,0.));
#20874=CARTESIAN_POINT('',(24.0000006556511,13.9999993592501,0.));
#20875=CARTESIAN_POINT('',(24.0000006556511,13.9999993592501,0.));
#20876=CARTESIAN_POINT('',(24.0000006556511,13.9999993592501,0.));
#20877=CARTESIAN_POINT('Origin',(24.0000006556511,19.999999448657,0.));
#20878=CARTESIAN_POINT('',(24.0000006556511,19.999999448657,0.));
#20879=CARTESIAN_POINT('',(24.0000006556511,19.999999448657,0.));
#20880=CARTESIAN_POINT('',(24.0000006556511,19.999999448657,0.));
#20881=CARTESIAN_POINT('Origin',(16.0000005364418,19.999999448657,0.));
#20882=CARTESIAN_POINT('',(16.0000005364418,19.999999448657,0.));
#20883=CARTESIAN_POINT('Origin',(20.0000005960464,16.9999994039536,0.));
#20884=CARTESIAN_POINT('Origin',(36.0000005364418,-5.00000064074993,0.));
#20885=CARTESIAN_POINT('',(36.0000005364418,-5.00000064074993,0.));
#20886=CARTESIAN_POINT('',(36.0000005364418,-5.00000064074993,0.));
#20887=CARTESIAN_POINT('',(36.0000005364418,0.999999448657038,0.));
#20888=CARTESIAN_POINT('',(36.0000005364418,-5.00000064074993,0.));
#20889=CARTESIAN_POINT('',(36.0000005364418,0.999999448657038,0.));
#20890=CARTESIAN_POINT('Origin',(44.0000006556511,-5.00000064074993,0.));
#20891=CARTESIAN_POINT('',(44.0000006556511,-5.00000064074993,0.));
#20892=CARTESIAN_POINT('',(44.0000006556511,-5.00000064074993,0.));
#20893=CARTESIAN_POINT('',(44.0000006556511,-5.00000064074993,0.));
#20894=CARTESIAN_POINT('Origin',(44.0000006556511,0.999999448657038,0.));
#20895=CARTESIAN_POINT('',(44.0000006556511,0.999999448657038,0.));
#20896=CARTESIAN_POINT('',(44.0000006556511,0.999999448657038,0.));
#20897=CARTESIAN_POINT('',(44.0000006556511,0.999999448657038,0.));
#20898=CARTESIAN_POINT('Origin',(36.0000005364418,0.999999448657038,0.));
#20899=CARTESIAN_POINT('',(36.0000005364418,0.999999448657038,0.));
#20900=CARTESIAN_POINT('Origin',(40.0000005960464,-2.00000059604645,0.));
#20901=CARTESIAN_POINT('Origin',(36.0000005364418,-37.000000551343,0.));
#20902=CARTESIAN_POINT('',(36.0000005364418,-37.000000551343,0.));
#20903=CARTESIAN_POINT('',(36.0000005364418,-37.000000551343,0.));
#20904=CARTESIAN_POINT('',(44.0000006556511,-37.000000551343,0.));
#20905=CARTESIAN_POINT('',(36.0000005364418,-37.000000551343,0.));
#20906=CARTESIAN_POINT('',(44.0000006556511,-37.000000551343,0.));
#20907=CARTESIAN_POINT('Origin',(36.0000005364418,-43.0000006407499,0.));
#20908=CARTESIAN_POINT('',(36.0000005364418,-43.0000006407499,0.));
#20909=CARTESIAN_POINT('',(36.0000005364418,-43.0000006407499,0.));
#20910=CARTESIAN_POINT('',(36.0000005364418,-43.0000006407499,0.));
#20911=CARTESIAN_POINT('Origin',(44.0000006556511,-43.0000006407499,0.));
#20912=CARTESIAN_POINT('',(44.0000006556511,-43.0000006407499,0.));
#20913=CARTESIAN_POINT('',(44.0000006556511,-43.0000006407499,0.));
#20914=CARTESIAN_POINT('',(44.0000006556511,-43.0000006407499,0.));
#20915=CARTESIAN_POINT('Origin',(44.0000006556511,-37.000000551343,0.));
#20916=CARTESIAN_POINT('',(44.0000006556511,-37.000000551343,0.));
#20917=CARTESIAN_POINT('Origin',(40.0000005960464,-40.0000005960464,-10.));
#20918=CARTESIAN_POINT('Origin',(40.0000005960464,-40.0000005960464,0.));
#20919=CARTESIAN_POINT('Origin',(49.15,37.4677660377078,6.71));
#20920=CARTESIAN_POINT('',(49.15,37.4677660377078,6.71));
#20921=CARTESIAN_POINT('',(49.15,37.4677660377078,1.71));
#20922=CARTESIAN_POINT('',(49.15,37.4677660377078,4.21));
#20923=CARTESIAN_POINT('',(58.15,37.4677660377078,6.71));
#20924=CARTESIAN_POINT('',(24.5919255437865,37.4677660377078,6.71));
#20925=CARTESIAN_POINT('',(58.15,37.4677660377078,1.71));
#20926=CARTESIAN_POINT('',(58.15,37.4677660377078,4.21));
#20927=CARTESIAN_POINT('',(24.5919255437865,37.4677660377078,1.71));
#20928=CARTESIAN_POINT('Origin',(49.15,59.6075604425113,1.71));
#20929=CARTESIAN_POINT('',(49.15,59.6075604425113,1.71));
#20930=CARTESIAN_POINT('',(49.15,59.6075604425113,6.71));
#20931=CARTESIAN_POINT('',(49.15,59.6075604425113,1.71));
#20932=CARTESIAN_POINT('',(58.15,59.6075604425113,1.71));
#20933=CARTESIAN_POINT('',(24.5919255437865,59.6075604425113,1.71));
#20934=CARTESIAN_POINT('',(58.15,59.6075604425113,6.71));
#20935=CARTESIAN_POINT('',(58.15,59.6075604425113,1.71));
#20936=CARTESIAN_POINT('',(24.5919255437865,59.6075604425113,6.71));
#20937=CARTESIAN_POINT('Origin',(0.0338510875730957,-5.00000005843049E-7,
6.71));
#20938=CARTESIAN_POINT('',(58.15,72.2,6.71));
#20939=CARTESIAN_POINT('',(58.15,-35.10000075,6.71));
#20940=CARTESIAN_POINT('',(-58.0822978248538,72.2,6.71));
#20941=CARTESIAN_POINT('',(28.0919255437866,72.2,6.71));
#20942=CARTESIAN_POINT('',(-58.0822978248538,-72.200001,6.71));
#20943=CARTESIAN_POINT('',(-58.0822978248538,35.09999975,6.71));
#20944=CARTESIAN_POINT('',(58.15,-72.200001,6.71));
#20945=CARTESIAN_POINT('',(-28.0242233686404,-72.200001,6.71));
#20946=CARTESIAN_POINT('',(58.15,-35.10000075,6.71));
#20947=CARTESIAN_POINT('',(49.15,-63.200001,6.71));
#20948=CARTESIAN_POINT('',(49.15,-63.200001,6.71));
#20949=CARTESIAN_POINT('',(-49.0822978248538,-63.200001,6.71));
#20950=CARTESIAN_POINT('',(-49.0822978248538,-63.200001,6.71));
#20951=CARTESIAN_POINT('',(-49.0822978248538,63.2,6.71));
#20952=CARTESIAN_POINT('',(-49.0822978248538,63.2,6.71));
#20953=CARTESIAN_POINT('',(49.15,63.2,6.71));
#20954=CARTESIAN_POINT('',(49.15,63.2,6.71));
#20955=CARTESIAN_POINT('',(49.15,-63.200001,6.71));
#20956=CARTESIAN_POINT('',(-51.2322978248538,67.7,6.71));
#20957=CARTESIAN_POINT('Origin',(-53.5822978248538,67.7,6.71));
#20958=CARTESIAN_POINT('',(56.,67.7,6.71));
#20959=CARTESIAN_POINT('Origin',(53.65,67.7,6.71));
#20960=CARTESIAN_POINT('',(-51.2322978248538,-67.700001,6.71));
#20961=CARTESIAN_POINT('Origin',(-53.5822978248538,-67.700001,6.71));
#20962=CARTESIAN_POINT('',(56.,-67.700001,6.71));
#20963=CARTESIAN_POINT('Origin',(53.65,-67.700001,6.71));
#20964=CARTESIAN_POINT('Origin',(49.15,63.2,1.71));
#20965=CARTESIAN_POINT('',(49.15,-63.200001,1.71));
#20966=CARTESIAN_POINT('',(49.15,-63.200001,1.71));
#20967=CARTESIAN_POINT('',(49.15,-63.200001,1.71));
#20968=CARTESIAN_POINT('Origin',(58.15,-70.200001,1.71));
#20969=CARTESIAN_POINT('',(58.15,-72.200001,1.71));
#20970=CARTESIAN_POINT('',(58.15,-72.200001,1.71));
#20971=CARTESIAN_POINT('',(58.15,-35.10000075,1.71));
#20972=CARTESIAN_POINT('Origin',(-53.5822978248538,-67.700001,2.71));
#20973=CARTESIAN_POINT('',(-51.5822978248538,-67.700001,2.71));
#20974=CARTESIAN_POINT('Origin',(-53.5822978248538,-67.700001,2.71));
#20975=CARTESIAN_POINT('',(-51.5822978248538,-67.700001,1.71));
#20976=CARTESIAN_POINT('',(-51.5822978248538,-67.700001,2.71));
#20977=CARTESIAN_POINT('Origin',(-53.5822978248538,-67.700001,1.71));
#20978=CARTESIAN_POINT('Origin',(-53.5822978248538,67.7,2.71));
#20979=CARTESIAN_POINT('',(-51.5822978248538,67.7,2.71));
#20980=CARTESIAN_POINT('Origin',(-53.5822978248538,67.7,2.71));
#20981=CARTESIAN_POINT('',(-51.5822978248538,67.7,1.71));
#20982=CARTESIAN_POINT('',(-51.5822978248538,67.7,2.71));
#20983=CARTESIAN_POINT('Origin',(-53.5822978248538,67.7,1.71));
#20984=CARTESIAN_POINT('Origin',(53.65,-67.700001,2.71));
#20985=CARTESIAN_POINT('',(55.65,-67.700001,2.71));
#20986=CARTESIAN_POINT('Origin',(53.65,-67.700001,2.71));
#20987=CARTESIAN_POINT('',(55.65,-67.700001,1.71));
#20988=CARTESIAN_POINT('',(55.65,-67.700001,2.71));
#20989=CARTESIAN_POINT('Origin',(53.65,-67.700001,1.71));
#20990=CARTESIAN_POINT('Origin',(53.65,67.7,2.71));
#20991=CARTESIAN_POINT('',(55.65,67.7,2.71));
#20992=CARTESIAN_POINT('Origin',(53.65,67.7,2.71));
#20993=CARTESIAN_POINT('',(55.65,67.7,1.71));
#20994=CARTESIAN_POINT('',(55.65,67.7,2.71));
#20995=CARTESIAN_POINT('Origin',(53.65,67.7,1.71));
#20996=CARTESIAN_POINT('Origin',(-53.5822978248538,67.7,6.71));
#20997=CARTESIAN_POINT('',(-51.2322978248538,67.7,2.71));
#20998=CARTESIAN_POINT('',(-51.2322978248538,67.7,6.71));
#20999=CARTESIAN_POINT('Origin',(-53.5822978248538,67.7,2.71));
#21000=CARTESIAN_POINT('Origin',(-53.5822978248538,67.7,2.71));
#21001=CARTESIAN_POINT('Origin',(53.65,67.7,6.71));
#21002=CARTESIAN_POINT('',(56.,67.7,2.71));
#21003=CARTESIAN_POINT('',(56.,67.7,6.71));
#21004=CARTESIAN_POINT('Origin',(53.65,67.7,2.71));
#21005=CARTESIAN_POINT('Origin',(53.65,67.7,2.71));
#21006=CARTESIAN_POINT('Origin',(-53.5822978248538,-67.700001,6.71));
#21007=CARTESIAN_POINT('',(-51.2322978248538,-67.700001,2.71));
#21008=CARTESIAN_POINT('',(-51.2322978248538,-67.700001,6.71));
#21009=CARTESIAN_POINT('Origin',(-53.5822978248538,-67.700001,2.71));
#21010=CARTESIAN_POINT('Origin',(-53.5822978248538,-67.700001,2.71));
#21011=CARTESIAN_POINT('Origin',(53.65,-67.700001,6.71));
#21012=CARTESIAN_POINT('',(56.,-67.700001,2.71));
#21013=CARTESIAN_POINT('',(56.,-67.700001,6.71));
#21014=CARTESIAN_POINT('Origin',(53.65,-67.700001,2.71));
#21015=CARTESIAN_POINT('Origin',(53.65,-67.700001,2.71));
#21016=CARTESIAN_POINT('Origin',(49.15,63.2,1.71));
#21017=CARTESIAN_POINT('',(49.15,63.2,1.71));
#21018=CARTESIAN_POINT('',(49.15,63.2,1.71));
#21019=CARTESIAN_POINT('',(49.15,-63.200001,1.71));
#21020=CARTESIAN_POINT('Origin',(-49.0822978248538,63.2,1.71));
#21021=CARTESIAN_POINT('',(-49.0822978248538,63.2,1.71));
#21022=CARTESIAN_POINT('',(49.15,63.2,1.71));
#21023=CARTESIAN_POINT('',(-49.0822978248538,63.2,1.71));
#21024=CARTESIAN_POINT('Origin',(-49.0822978248538,-63.200001,1.71));
#21025=CARTESIAN_POINT('',(-49.0822978248538,-63.200001,1.71));
#21026=CARTESIAN_POINT('',(-49.0822978248538,63.2,1.71));
#21027=CARTESIAN_POINT('',(-49.0822978248538,-63.200001,1.71));
#21028=CARTESIAN_POINT('Origin',(49.15,-63.200001,1.71));
#21029=CARTESIAN_POINT('',(-49.0822978248538,-63.200001,1.71));
#21030=CARTESIAN_POINT('Origin',(58.15,-70.200001,1.71));
#21031=CARTESIAN_POINT('',(58.15,72.2,1.71));
#21032=CARTESIAN_POINT('',(58.15,-35.10000075,1.71));
#21033=CARTESIAN_POINT('',(58.15,72.2,1.71));
#21034=CARTESIAN_POINT('Origin',(-56.0822978248538,-72.200001,1.71));
#21035=CARTESIAN_POINT('',(-58.0822978248538,-72.200001,1.71));
#21036=CARTESIAN_POINT('',(-28.0242233686404,-72.200001,1.71));
#21037=CARTESIAN_POINT('',(-58.0822978248538,-72.200001,1.71));
#21038=CARTESIAN_POINT('Origin',(-58.0822978248538,70.2,1.71));
#21039=CARTESIAN_POINT('',(-58.0822978248538,72.2,1.71));
#21040=CARTESIAN_POINT('',(-58.0822978248538,35.09999975,1.71));
#21041=CARTESIAN_POINT('',(-58.0822978248538,72.2,1.71));
#21042=CARTESIAN_POINT('Origin',(56.15,72.2,1.71));
#21043=CARTESIAN_POINT('',(28.0919255437866,72.2,1.71));
#21044=CARTESIAN_POINT('Origin',(0.0338510875730957,-5.00000005843049E-7,
1.71));
#21045=CARTESIAN_POINT('',(0.,0.,0.));
#21046=UNCERTAINTY_MEASURE_WITH_UNIT(LENGTH_MEASURE(0.01),#21052,
'DISTANCE_ACCURACY_VALUE',
'Maximum model space distance between geometric entities at asserted c
onnectivities');
#21047=UNCERTAINTY_MEASURE_WITH_UNIT(LENGTH_MEASURE(0.01),#21052,
'DISTANCE_ACCURACY_VALUE',
'Maximum model space distance between geometric entities at asserted c
onnectivities');
#21048=UNCERTAINTY_MEASURE_WITH_UNIT(LENGTH_MEASURE(0.01),#21052,
'DISTANCE_ACCURACY_VALUE',
'Maximum model space distance between geometric entities at asserted c
onnectivities');
#21049=(
GEOMETRIC_REPRESENTATION_CONTEXT(3)
GLOBAL_UNCERTAINTY_ASSIGNED_CONTEXT((#21046))
GLOBAL_UNIT_ASSIGNED_CONTEXT((#21052,#21054,#21055))
REPRESENTATION_CONTEXT('','3D')
);
#21050=(
GEOMETRIC_REPRESENTATION_CONTEXT(3)
GLOBAL_UNCERTAINTY_ASSIGNED_CONTEXT((#21047))
GLOBAL_UNIT_ASSIGNED_CONTEXT((#21052,#21054,#21055))
REPRESENTATION_CONTEXT('','3D')
);
#21051=(
GEOMETRIC_REPRESENTATION_CONTEXT(3)
GLOBAL_UNCERTAINTY_ASSIGNED_CONTEXT((#21048))
GLOBAL_UNIT_ASSIGNED_CONTEXT((#21052,#21054,#21055))
REPRESENTATION_CONTEXT('','3D')
);
#21052=(
LENGTH_UNIT()
NAMED_UNIT(*)
SI_UNIT(.MILLI.,.METRE.)
);
#21053=(
LENGTH_UNIT()
NAMED_UNIT(*)
SI_UNIT($,.METRE.)
);
#21054=(
NAMED_UNIT(*)
PLANE_ANGLE_UNIT()
SI_UNIT($,.RADIAN.)
);
#21055=(
NAMED_UNIT(*)
SI_UNIT($,.STERADIAN.)
SOLID_ANGLE_UNIT()
);
#21056=SHAPE_DEFINITION_REPRESENTATION(#21058,#21061);
#21057=SHAPE_DEFINITION_REPRESENTATION(#21059,#21062);
#21058=PRODUCT_DEFINITION_SHAPE('',$,#21064);
#21059=PRODUCT_DEFINITION_SHAPE('',$,#21065);
#21060=PRODUCT_DEFINITION_SHAPE($,$,#14);
#21061=SHAPE_REPRESENTATION('',(#12286,#13801),#21049);
#21062=SHAPE_REPRESENTATION('',(#12287),#21050);
#21063=PRODUCT_DEFINITION_CONTEXT('part definition',#21071,'design');
#21064=PRODUCT_DEFINITION('Calc 1','Calc',#21066,#21063);
#21065=PRODUCT_DEFINITION('Calc_PCB','Calc_PCB',#21067,#21063);
#21066=PRODUCT_DEFINITION_FORMATION('',$,#21073);
#21067=PRODUCT_DEFINITION_FORMATION('',$,#21074);
#21068=PRODUCT_RELATED_PRODUCT_CATEGORY('Calc','Calc',(#21073));
#21069=PRODUCT_RELATED_PRODUCT_CATEGORY('Calc_PCB','Calc_PCB',(#21074));
#21070=APPLICATION_PROTOCOL_DEFINITION('international standard',
'automotive_design',2009,#21071);
#21071=APPLICATION_CONTEXT(
'Core Data for Automotive Mechanical Design Process');
#21072=PRODUCT_CONTEXT('part definition',#21071,'mechanical');
#21073=PRODUCT('Calc 1','Calc','KiCad electronic assembly',(#21072));
#21074=PRODUCT('Calc_PCB','Calc_PCB',$,(#21072));
#21075=PRESENTATION_STYLE_ASSIGNMENT((#21077));
#21076=PRESENTATION_STYLE_ASSIGNMENT((#21078));
#21077=SURFACE_STYLE_USAGE(.BOTH.,#21079);
#21078=SURFACE_STYLE_USAGE(.BOTH.,#21080);
#21079=SURFACE_SIDE_STYLE('',(#21081));
#21080=SURFACE_SIDE_STYLE('',(#21082));
#21081=SURFACE_STYLE_FILL_AREA(#21083);
#21082=SURFACE_STYLE_FILL_AREA(#21084);
#21083=FILL_AREA_STYLE('ABS (White)',(#21085));
#21084=FILL_AREA_STYLE('Opaque(80,124,105)',(#21086));
#21085=FILL_AREA_STYLE_COLOUR('ABS (White)',#21087);
#21086=FILL_AREA_STYLE_COLOUR('Opaque(80,124,105)',#21088);
#21087=COLOUR_RGB('ABS (White)',0.964705882352941,0.964705882352941,0.952941176470588);
#21088=COLOUR_RGB('Opaque(80,124,105)',0.313725490196078,0.486274509803922,
0.411764705882353);
ENDSEC;
END-ISO-10303-21;
